ply
format ascii 1.0
element vertex 14636
property float x
property float y
property float z
property uchar red
property uchar green
property uchar blue
end_header
-0.048 -0.192 -0.264 74 65 58
-0.04 -0.192 -0.264 66 61 66
-0.032 -0.192 -0.264 58 57 41
-0.04 -0.184 -0.264 74 77 66
-0.032 -0.184 -0.264 66 57 58
-0.032 -0.176 -0.264 74 73 66
-0.056 -0.08 -0.248 8 12 0
-0.064 -0.072 -0.248 0 4 0
-0.056 -0.072 -0.248 8 8 8
-0.064 -0.08 -0.24 25 24 16
-0.056 -0.08 -0.24 8 20 8
-0.048 -0.08 -0.24 41 49 41
-0.056 -0.072 -0.24 8 0 0
-0.056 -0.08 -0.232 25 24 8
-0.056 -0.128 -0.224 49 49 49
-0.048 -0.128 -0.224 41 53 41
-0.04 -0.128 -0.224 66 69 58
-0.056 -0.12 -0.224 66 57 49
-0.048 -0.12 -0.224 66 69 66
-0.04 -0.12 -0.224 74 73 66
-0.056 -0.112 -0.224 49 53 49
-0.048 -0.112 -0.224 82 77 74
-0.056 -0.104 -0.224 49 57 58
-0.056 -0.096 -0.224 74 65 66
-0.064 -0.088 -0.224 33 45 33
-0.056 -0.088 -0.224 58 89 58
-0.048 -0.088 -0.224 107 125 107
-0.064 -0.128 -0.216 58 57 58
-0.056 -0.128 -0.216 58 61 49
-0.048 -0.128 -0.216 49 49 41
-0.04 -0.128 -0.216 66 65 58
-0.032 -0.128 -0.216 66 65 58
-0.064 -0.12 -0.216 66 65 66
-0.056 -0.12 -0.216 58 61 58
-0.048 -0.12 -0.216 58 53 49
-0.04 -0.12 -0.216 66 73 66
-0.064 -0.112 -0.216 49 57 58
-0.056 -0.112 -0.216 66 65 66
-0.048 -0.112 -0.216 49 57 58
-0.04 -0.112 -0.216 74 73 66
-0.064 -0.104 -0.216 66 69 66
-0.056 -0.104 -0.216 58 61 58
-0.048 -0.104 -0.216 74 77 66
-0.04 -0.104 -0.216 82 81 74
-0.064 -0.096 -0.216 66 65 66
-0.056 -0.096 -0.216 66 57 58
-0.048 -0.096 -0.216 74 73 74
-0.04 -0.096 -0.216 82 81 74
-0.064 -0.088 -0.216 74 85 58
-0.056 -0.088 -0.216 66 73 49
-0.048 -0.088 -0.216 140 146 132
-0.064 -0.128 -0.208 49 53 49
-0.064 -0.12 -0.208 58 57 49
-0.064 -0.112 -0.208 58 61 58
-0.064 -0.104 -0.208 58 65 66
-0.064 -0.096 -0.208 66 65 66
-0.04 -0.096 -0.208 82 81 74
-0.064 -0.088 -0.208 115 121 107
-0.04 -0.088 -0.208 99 97 99
-0.048 -0.032 -0.192 49 40 49
-0.048 -0.024 -0.192 66 61 66
-0.056 -0.008 -0.192 58 57 58
-0.272 0.064 -0.08 181 198 189
-0.264 0.064 -0.08 165 198 197
-0.288 0.064 -0.072 189 182 173
-0.28 0.064 -0.072 189 186 173
-0.272 0.064 -0.072 206 198 181
-0.28 0.072 -0.072 181 158 140
-0.272 0.072 -0.072 181 146 140
-0.272 0.08 -0.072 156 138 132
-0.264 0.08 -0.072 148 142 140
-0.264 0.088 -0.072 148 150 140
-0.264 0.096 -0.072 90 85 74
-0.064 0 -0.192 82 81 82
-0.056 0 -0.192 58 61 58
-0.064 0.008 -0.192 107 105 107
-0.056 0.008 -0.192 74 69 74
-0.064 0.016 -0.192 90 97 90
-0.064 0.024 -0.192 107 101 107
-0.064 0.032 -0.192 99 97 99
-0.064 0 -0.184 90 85 90
-0.064 0.008 -0.184 99 97 99
-0.056 0.008 -0.184 74 81 74
-0.064 0.016 -0.184 99 97 99
-0.056 0.016 -0.184 90 93 90
-0.064 0.024 -0.184 99 97 99
-0.056 0.024 -0.184 90 89 90
-0.064 0.032 -0.184 74 77 74
-0.048 0.032 -0.184 66 73 66
-0.048 0.04 -0.184 74 73 82
-0.048 0.048 -0.184 82 89 82
-0.04 0.048 -0.184 74 73 82
-0.048 0.056 -0.184 90 89 90
-0.04 0.056 -0.184 49 61 66
-0.048 0.016 -0.176 90 85 90
-0.056 0.024 -0.176 90 89 90
-0.048 0.024 -0.176 90 97 90
-0.064 0.032 -0.176 74 77 74
-0.056 0.032 -0.176 99 97 99
-0.048 0.032 -0.176 90 85 82
-0.064 0.04 -0.176 90 93 90
-0.056 0.04 -0.176 82 81 82
-0.048 0.04 -0.176 90 93 99
-0.064 0.048 -0.176 90 89 90
-0.056 0.048 -0.176 66 81 74
-0.048 0.048 -0.176 99 97 99
-0.04 0.048 -0.176 66 65 74
-0.064 0.056 -0.176 58 65 66
-0.056 0.056 -0.176 66 65 66
-0.048 0.056 -0.176 99 97 99
-0.04 0.056 -0.176 90 77 90
-0.064 0.016 -0.168 90 81 90
-0.064 0.024 -0.168 99 93 99
-0.064 0.032 -0.168 99 93 99
-0.056 0.032 -0.168 82 81 82
-0.064 0.04 -0.168 90 97 90
-0.056 0.04 -0.168 82 73 82
-0.064 0.048 -0.168 90 89 90
-0.056 0.048 -0.168 74 77 74
-0.064 0.056 -0.168 58 61 58
-0.056 0.056 -0.168 90 85 90
-0.064 0.048 -0.16 74 73 74
-0.136 0.128 -0.2 8 8 8
-0.136 0.136 -0.2 8 8 8
-0.048 -0.328 -0.192 41 57 16
-0.056 -0.328 -0.184 90 81 58
-0.048 -0.328 -0.184 33 45 8
-0.056 -0.336 -0.176 25 28 0
-0.056 -0.328 -0.176 107 89 33
-0.064 -0.336 -0.168 58 61 8
-0.056 -0.336 -0.168 25 36 0
-0.064 -0.328 -0.168 140 130 107
-0.056 -0.328 -0.168 58 53 16
-0.064 -0.352 -0.16 25 40 25
-0.064 -0.344 -0.16 16 36 25
-0.064 -0.336 -0.16 16 36 16
-0.056 -0.336 -0.16 25 40 0
-0.064 -0.328 -0.16 74 65 25
-0.064 -0.344 -0.152 25 40 25
-0.064 -0.336 -0.152 25 40 33
-0.064 -0.344 -0.144 0 0 0
-0.064 -0.344 -0.136 0 0 0
-0.096 -0.352 0 181 178 181
-0.096 -0.344 0 181 182 181
-0.104 -0.336 0 148 158 156
-0.096 -0.336 0 181 182 181
-0.112 -0.328 0 189 186 189
-0.104 -0.328 0 156 154 156
-0.096 -0.328 0 189 186 189
-0.096 -0.352 0.008 173 174 173
-0.096 -0.344 0.008 181 178 181
-0.104 -0.336 0.008 156 166 165
-0.096 -0.336 0.008 181 178 181
-0.104 -0.328 0.008 140 146 148
-0.096 -0.328 0.008 181 182 181
-0.096 -0.352 0.016 90 89 99
-0.096 -0.344 0.016 107 105 123
-0.104 -0.328 0.016 115 117 123
-0.096 -0.328 0.016 123 125 132
-0.104 -0.352 0.024 74 77 90
-0.096 -0.352 0.024 58 57 82
-0.104 -0.344 0.024 74 73 90
-0.096 -0.344 0.024 74 81 99
-0.104 -0.328 0.024 99 101 115
-0.096 -0.328 0.024 66 77 90
-0.104 -0.352 0.032 66 73 90
-0.104 -0.344 0.032 66 73 90
-0.096 -0.344 0.032 66 69 99
-0.104 -0.336 0.032 74 77 90
-0.104 -0.328 0.032 82 81 99
-0.096 -0.328 0.032 66 73 99
-0.104 -0.352 0.04 66 73 90
-0.104 -0.344 0.04 66 73 82
-0.096 -0.344 0.04 16 20 25
-0.104 -0.336 0.04 66 73 90
-0.104 -0.328 0.04 82 77 99
-0.072 -0.336 -0.16 33 40 25
-0.072 -0.328 -0.16 49 53 16
-0.072 -0.344 -0.152 33 49 33
-0.072 -0.336 -0.152 33 49 16
-0.08 -0.328 -0.152 41 45 41
-0.072 -0.328 -0.152 33 45 16
-0.072 -0.344 -0.144 33 57 41
-0.08 -0.336 -0.144 33 53 41
-0.072 -0.336 -0.144 41 57 41
-0.08 -0.328 -0.144 41 53 49
-0.072 -0.328 -0.144 41 57 41
-0.072 -0.352 -0.136 8 24 16
-0.072 -0.344 -0.136 33 57 49
-0.08 -0.336 -0.136 25 53 49
-0.072 -0.336 -0.136 33 57 41
-0.088 -0.328 -0.136 99 85 107
-0.08 -0.328 -0.136 33 36 25
-0.072 -0.352 -0.128 16 36 25
-0.072 -0.344 -0.128 33 57 49
-0.08 -0.336 -0.128 33 49 41
-0.072 -0.336 -0.128 33 53 49
-0.088 -0.328 -0.128 115 97 115
-0.08 -0.328 -0.128 25 32 25
-0.072 -0.352 -0.12 25 45 41
-0.08 -0.344 -0.12 25 49 41
-0.072 -0.344 -0.12 33 57 49
-0.088 -0.336 -0.12 33 32 33
-0.08 -0.336 -0.12 41 49 41
-0.088 -0.328 -0.12 66 65 74
-0.08 -0.328 -0.12 33 49 49
-0.08 -0.352 -0.112 33 53 49
-0.08 -0.344 -0.112 33 57 58
-0.072 -0.344 -0.112 33 53 49
-0.088 -0.336 -0.112 41 45 41
-0.08 -0.336 -0.112 33 53 49
-0.088 -0.328 -0.112 99 89 107
-0.08 -0.352 -0.104 41 57 49
-0.08 -0.344 -0.104 33 53 41
-0.088 -0.336 -0.104 33 32 25
-0.08 -0.336 -0.104 33 53 49
-0.088 -0.328 -0.104 123 105 132
-0.08 -0.352 -0.096 33 53 41
-0.088 -0.344 -0.096 49 49 41
-0.08 -0.344 -0.096 33 53 41
-0.088 -0.336 -0.096 33 36 33
-0.08 -0.336 -0.096 41 57 49
-0.096 -0.328 -0.096 181 178 181
-0.088 -0.328 -0.096 115 101 123
-0.08 -0.352 -0.088 33 49 41
-0.088 -0.344 -0.088 33 53 49
-0.08 -0.344 -0.088 33 53 49
-0.096 -0.336 -0.088 181 142 181
-0.088 -0.336 -0.088 41 45 41
-0.08 -0.336 -0.088 41 49 49
-0.096 -0.328 -0.088 173 178 181
-0.088 -0.328 -0.088 99 81 99
-0.08 -0.352 -0.08 33 57 41
-0.088 -0.344 -0.08 49 61 58
-0.08 -0.344 -0.08 33 57 41
-0.096 -0.336 -0.08 181 174 181
-0.088 -0.336 -0.08 25 32 25
-0.096 -0.328 -0.08 181 178 181
-0.088 -0.352 -0.072 49 61 49
-0.08 -0.352 -0.072 41 57 41
-0.088 -0.344 -0.072 49 57 58
-0.08 -0.344 -0.072 49 65 49
-0.096 -0.336 -0.072 165 146 165
-0.088 -0.336 -0.072 41 36 33
-0.096 -0.328 -0.072 181 178 181
-0.112 -0.32 0 189 186 189
-0.104 -0.32 0 173 170 181
-0.112 -0.312 0 181 182 189
-0.12 -0.304 0 206 202 206
-0.112 -0.304 0 197 198 197
-0.08 -0.304 0 189 186 189
-0.12 -0.296 0 197 198 197
-0.112 -0.296 0 197 198 197
-0.12 -0.288 0 206 202 206
-0.112 -0.32 0.008 189 186 189
-0.104 -0.32 0.008 140 146 156
-0.112 -0.312 0.008 181 182 189
-0.12 -0.304 0.008 197 198 197
-0.112 -0.304 0.008 197 198 197
-0.08 -0.304 0.008 173 174 181
-0.128 -0.296 0.008 156 162 165
-0.12 -0.296 0.008 197 198 197
-0.112 -0.296 0.008 197 198 197
-0.128 -0.288 0.008 123 150 132
-0.12 -0.288 0.008 214 210 214
-0.112 -0.32 0.016 148 158 165
-0.104 -0.32 0.016 123 130 140
-0.096 -0.32 0.016 123 113 132
-0.112 -0.312 0.016 181 182 189
-0.104 -0.312 0.016 148 146 156
-0.12 -0.304 0.016 206 202 206
-0.112 -0.304 0.016 206 202 206
-0.128 -0.296 0.016 173 158 181
-0.12 -0.296 0.016 197 198 197
-0.128 -0.288 0.016 123 154 140
-0.12 -0.288 0.016 181 190 189
-0.112 -0.32 0.024 140 130 148
-0.104 -0.32 0.024 115 113 132
-0.096 -0.32 0.024 82 85 99
-0.12 -0.312 0.024 206 206 206
-0.112 -0.312 0.024 140 146 156
-0.104 -0.312 0.024 107 113 123
-0.12 -0.304 0.024 206 202 206
-0.112 -0.304 0.024 206 202 206
-0.128 -0.296 0.024 165 162 173
-0.12 -0.296 0.024 197 198 197
-0.112 -0.296 0.024 197 198 197
-0.128 -0.288 0.024 132 154 140
-0.12 -0.288 0.024 165 170 165
-0.112 -0.32 0.032 99 101 115
-0.104 -0.32 0.032 82 85 99
-0.096 -0.32 0.032 74 81 99
-0.12 -0.312 0.032 181 178 181
-0.112 -0.312 0.032 115 113 132
-0.104 -0.312 0.032 82 93 99
-0.12 -0.304 0.032 181 174 181
-0.112 -0.304 0.032 181 162 189
-0.128 -0.296 0.032 181 182 181
-0.12 -0.296 0.032 156 158 156
-0.112 -0.296 0.032 173 166 173
-0.128 -0.288 0.032 132 162 148
-0.12 -0.288 0.032 132 142 140
-0.104 -0.32 0.04 82 85 107
-0.096 -0.32 0.04 66 77 99
-0.112 -0.312 0.04 82 85 99
-0.104 -0.312 0.04 74 89 99
-0.096 -0.312 0.04 82 81 99
-0.112 -0.304 0.04 74 81 82
-0.104 -0.304 0.04 82 93 99
-0.096 -0.304 0.04 99 97 115
-0.08 -0.304 0.04 99 101 107
-0.112 -0.296 0.04 107 97 107
-0.104 -0.296 0.04 82 93 90
-0.096 -0.296 0.04 115 101 115
-0.088 -0.296 0.04 99 105 107
-0.08 -0.296 0.04 99 101 115
-0.072 -0.296 0.04 123 125 123
-0.128 -0.288 0.04 140 158 156
-0.12 -0.288 0.04 140 130 140
-0.112 -0.288 0.04 115 117 107
-0.104 -0.288 0.04 82 85 74
-0.096 -0.288 0.04 123 125 123
-0.072 -0.288 0.04 107 109 115
-0.12 -0.28 0.04 165 182 165
-0.112 -0.28 0.04 140 134 140
-0.104 -0.28 0.04 123 117 115
-0.104 -0.296 0.048 123 125 123
-0.096 -0.296 0.048 123 117 123
-0.088 -0.296 0.048 123 125 123
-0.072 -0.296 0.048 132 130 123
-0.128 -0.288 0.048 140 166 156
-0.112 -0.288 0.048 123 130 123
-0.104 -0.288 0.048 140 142 140
-0.096 -0.288 0.048 132 138 123
-0.088 -0.288 0.048 140 142 132
-0.08 -0.288 0.048 140 142 132
-0.072 -0.288 0.048 123 130 123
-0.12 -0.28 0.048 181 182 181
-0.112 -0.28 0.048 132 134 140
-0.104 -0.28 0.048 148 150 148
-0.072 -0.28 0.048 148 150 148
-0.088 -0.296 0.056 173 162 173
-0.128 -0.288 0.056 140 174 156
-0.112 -0.288 0.056 173 178 181
-0.104 -0.288 0.056 181 182 189
-0.096 -0.288 0.056 173 170 173
-0.088 -0.288 0.056 181 178 181
-0.08 -0.288 0.056 181 182 181
-0.072 -0.288 0.056 181 182 189
-0.12 -0.28 0.056 197 190 197
-0.112 -0.28 0.056 173 174 189
-0.104 -0.28 0.056 173 174 181
-0.096 -0.28 0.056 181 178 181
-0.072 -0.28 0.056 181 182 189
-0.112 -0.272 0.056 165 170 181
-0.072 -0.288 -0.2 148 125 82
-0.08 -0.28 -0.2 165 170 148
-0.072 -0.296 -0.192 189 174 49
-0.08 -0.288 -0.192 181 178 148
-0.072 -0.288 -0.192 140 142 74
-0.08 -0.28 -0.192 173 178 156
-0.072 -0.28 -0.192 181 158 140
-0.088 -0.272 -0.192 123 142 140
-0.08 -0.272 -0.192 165 174 156
-0.072 -0.272 -0.192 165 170 140
-0.088 -0.264 -0.192 123 130 132
-0.08 -0.264 -0.192 123 146 140
-0.072 -0.304 -0.184 181 170 41
-0.08 -0.296 -0.184 189 170 148
-0.072 -0.296 -0.184 197 178 49
-0.08 -0.288 -0.184 181 178 148
-0.072 -0.288 -0.184 132 138 74
-0.088 -0.28 -0.184 181 186 181
-0.08 -0.28 -0.184 181 178 156
-0.088 -0.272 -0.184 140 146 148
-0.08 -0.272 -0.184 181 178 173
-0.088 -0.264 -0.184 132 138 140
-0.072 -0.312 -0.176 181 162 66
-0.072 -0.304 -0.176 189 174 25
-0.08 -0.296 -0.176 181 142 107
-0.072 -0.296 -0.176 197 178 66
-0.088 -0.288 -0.176 181 182 173
-0.08 -0.288 -0.176 181 182 148
-0.088 -0.28 -0.176 173 178 181
-0.08 -0.28 -0.176 181 182 165
-0.088 -0.272 -0.176 148 154 165
-0.104 -0.264 -0.176 66 61 66
-0.096 -0.264 -0.176 107 105 107
-0.088 -0.264 -0.176 132 138 140
-0.072 -0.312 -0.168 173 166 156
-0.08 -0.304 -0.168 165 150 58
-0.072 -0.304 -0.168 181 158 82
-0.088 -0.296 -0.168 181 182 173
-0.08 -0.296 -0.168 189 178 140
-0.072 -0.296 -0.168 189 174 66
-0.088 -0.288 -0.168 181 182 173
-0.08 -0.288 -0.168 181 182 165
-0.088 -0.28 -0.168 173 178 181
-0.096 -0.272 -0.168 140 142 148
-0.088 -0.272 -0.168 140 150 156
-0.112 -0.264 -0.168 58 57 58
-0.104 -0.264 -0.168 58 61 58
-0.096 -0.264 -0.168 90 101 90
-0.088 -0.264 -0.168 148 150 156
-0.072 -0.32 -0.16 99 105 82
-0.08 -0.312 -0.16 132 117 90
-0.072 -0.312 -0.16 165 166 132
-0.08 -0.304 -0.16 173 162 99
-0.072 -0.304 -0.16 148 158 140
-0.088 -0.296 -0.16 181 178 181
-0.08 -0.296 -0.16 181 166 140
-0.088 -0.288 -0.16 173 182 173
-0.088 -0.28 -0.16 181 182 181
-0.096 -0.272 -0.16 148 146 148
-0.112 -0.264 -0.16 58 61 58
-0.104 -0.264 -0.16 58 65 58
-0.096 -0.264 -0.16 90 105 99
-0.08 -0.32 -0.152 33 40 33
-0.072 -0.32 -0.152 33 45 25
-0.08 -0.312 -0.152 148 113 140
-0.072 -0.312 -0.152 66 69 25
-0.088 -0.304 -0.152 173 174 173
-0.08 -0.304 -0.152 173 154 156
-0.088 -0.296 -0.152 173 178 181
-0.096 -0.288 -0.152 173 170 173
-0.088 -0.288 -0.152 173 174 173
-0.096 -0.28 -0.152 156 154 156
-0.112 -0.272 -0.152 58 61 58
-0.104 -0.272 -0.152 82 101 82
-0.096 -0.272 -0.152 132 138 140
-0.112 -0.264 -0.152 66 61 66
-0.104 -0.264 -0.152 49 69 49
-0.096 -0.264 -0.152 99 113 99
-0.088 -0.32 -0.144 165 162 173
-0.08 -0.32 -0.144 66 53 66
-0.088 -0.312 -0.144 165 170 173
-0.08 -0.312 -0.144 90 85 99
-0.088 -0.304 -0.144 173 170 173
-0.096 -0.296 -0.144 173 174 173
-0.088 -0.296 -0.144 173 174 173
-0.096 -0.288 -0.144 165 170 165
-0.088 -0.288 -0.144 173 178 181
-0.096 -0.28 -0.144 156 154 156
-0.112 -0.272 -0.144 49 65 49
-0.104 -0.272 -0.144 99 113 99
-0.096 -0.272 -0.144 148 150 156
-0.12 -0.264 -0.144 66 65 74
-0.112 -0.264 -0.144 74 73 74
-0.088 -0.32 -0.136 165 130 173
-0.08 -0.32 -0.136 25 40 25
-0.088 -0.312 -0.136 165 166 165
-0.088 -0.304 -0.136 165 170 173
-0.096 -0.296 -0.136 165 174 173
-0.088 -0.296 -0.136 165 170 173
-0.096 -0.288 -0.136 156 158 156
-0.104 -0.28 -0.136 148 154 156
-0.096 -0.28 -0.136 156 158 156
-0.12 -0.272 -0.136 66 65 66
-0.112 -0.272 -0.136 49 53 49
-0.104 -0.272 -0.136 99 117 99
-0.096 -0.272 -0.136 148 146 148
-0.12 -0.264 -0.136 74 69 74
-0.112 -0.264 -0.136 74 69 74
-0.056 -0.192 -0.256 82 77 74
-0.048 -0.192 -0.256 66 65 66
-0.048 -0.184 -0.256 82 81 74
-0.04 -0.184 -0.256 74 65 58
-0.032 -0.184 -0.256 66 57 58
-0.04 -0.176 -0.256 74 77 66
-0.032 -0.176 -0.256 66 69 58
-0.032 -0.168 -0.256 66 73 58
-0.064 -0.192 -0.248 115 101 115
-0.064 -0.184 -0.248 58 57 58
-0.056 -0.184 -0.248 107 97 107
-0.056 -0.176 -0.248 58 77 58
-0.048 -0.176 -0.248 82 69 82
-0.048 -0.168 -0.248 74 73 74
-0.04 -0.168 -0.248 82 81 74
-0.048 -0.16 -0.248 99 109 99
-0.04 -0.16 -0.248 82 77 74
-0.064 -0.184 -0.24 123 121 123
-0.064 -0.176 -0.24 99 97 107
-0.056 -0.176 -0.24 74 81 74
-0.064 -0.168 -0.24 66 81 66
-0.056 -0.168 -0.24 58 61 58
-0.048 -0.168 -0.24 74 77 74
-0.064 -0.16 -0.24 107 105 99
-0.056 -0.16 -0.24 49 53 49
-0.048 -0.16 -0.24 82 85 82
-0.04 -0.16 -0.24 74 77 66
-0.032 -0.16 -0.24 66 73 66
-0.04 -0.152 -0.24 58 57 49
-0.064 -0.176 -0.232 99 105 107
-0.064 -0.168 -0.232 41 65 41
-0.064 -0.16 -0.232 90 109 82
-0.056 -0.16 -0.232 66 65 58
-0.064 -0.152 -0.232 74 93 82
-0.056 -0.152 -0.232 49 57 41
-0.048 -0.152 -0.232 41 57 41
-0.032 -0.152 -0.232 74 69 58
-0.04 -0.144 -0.232 58 57 58
-0.064 -0.144 -0.224 41 45 41
-0.056 -0.144 -0.224 41 49 49
-0.048 -0.144 -0.224 41 45 41
-0.04 -0.144 -0.224 58 61 58
-0.032 -0.144 -0.224 49 57 41
-0.056 -0.136 -0.224 49 49 41
-0.048 -0.136 -0.224 49 49 49
-0.04 -0.136 -0.224 74 65 66
-0.064 -0.136 -0.216 58 57 58
-0.056 -0.136 -0.216 58 61 66
-0.048 -0.136 -0.216 49 45 41
-0.032 -0.136 -0.216 58 61 58
-0.056 -0.192 -0.2 90 101 107
-0.328 0.128 -0.024 49 158 230
-0.328 0.136 -0.024 33 158 239
-0.336 0.128 -0.016 49 162 239
-0.328 0.136 -0.016 49 162 239
-0.328 0.144 -0.016 58 162 239
-0.336 0.128 -0.008 41 158 239
-0.336 0.136 -0.008 58 162 230
-0.272 -0.128 0.128 140 142 156
-0.28 -0.12 0.128 148 158 165
-0.288 -0.112 0.128 156 154 165
-0.28 -0.112 0.128 123 134 148
-0.272 -0.112 0.128 123 130 140
-0.296 -0.104 0.128 123 134 140
-0.288 -0.104 0.128 115 130 140
-0.28 -0.104 0.128 132 138 140
-0.304 -0.096 0.128 156 162 173
-0.296 -0.096 0.128 132 134 148
-0.288 -0.096 0.128 123 134 140
-0.304 -0.088 0.128 140 142 156
-0.296 -0.088 0.128 132 134 148
-0.312 -0.08 0.128 156 154 165
-0.304 -0.08 0.128 132 142 140
-0.296 -0.08 0.128 140 150 156
-0.312 -0.072 0.128 115 121 140
-0.304 -0.072 0.128 140 125 156
-0.296 -0.104 0.136 123 130 140
-0.296 -0.096 0.136 123 130 140
-0.304 -0.088 0.136 123 125 140
-0.296 -0.088 0.136 123 125 132
-0.304 -0.08 0.136 132 134 148
-0.312 -0.072 0.136 123 134 132
-0.304 -0.072 0.136 99 113 107
-0.136 -0.264 -0.112 58 65 66
-0.136 -0.272 -0.104 66 65 66
-0.136 -0.264 -0.104 58 65 58
-0.136 -0.28 -0.096 74 77 82
-0.144 -0.272 -0.096 58 65 66
-0.136 -0.272 -0.096 74 69 74
-0.136 -0.264 -0.096 58 61 58
-0.136 -0.288 -0.088 82 89 90
-0.136 -0.28 -0.088 74 77 82
-0.144 -0.272 -0.088 66 65 66
-0.136 -0.272 -0.088 74 73 74
-0.144 -0.264 -0.088 58 57 58
-0.136 -0.264 -0.088 58 61 66
-0.136 -0.288 -0.08 90 97 99
-0.136 -0.28 -0.08 82 89 90
-0.144 -0.272 -0.08 66 69 74
-0.136 -0.272 -0.08 82 85 90
-0.152 -0.264 -0.08 58 61 66
-0.144 -0.264 -0.08 58 65 66
-0.136 -0.288 -0.072 99 101 107
-0.144 -0.28 -0.072 90 97 99
-0.136 -0.28 -0.072 90 93 99
-0.144 -0.272 -0.072 66 73 74
-0.136 -0.272 -0.072 82 89 90
-0.152 -0.264 -0.072 66 69 74
-0.144 -0.264 -0.072 66 69 74
-0.328 0.192 0.136 33 105 165
-0.328 -0.04 0.128 197 178 206
-0.328 -0.032 0.128 189 154 197
-0.336 -0.024 0.128 156 162 165
-0.328 -0.024 0.128 148 162 156
-0.336 -0.016 0.128 82 89 99
-0.328 -0.016 0.128 90 97 99
-0.336 -0.008 0.128 107 109 107
-0.328 -0.008 0.128 107 105 107
-0.328 -0.048 0.136 181 186 197
-0.328 -0.04 0.136 148 134 165
-0.328 -0.032 0.136 99 85 107
-0.328 -0.024 0.136 74 101 82
-0.328 -0.016 0.136 148 158 148
-0.336 -0.008 0.136 189 190 197
-0.328 -0.008 0.136 189 186 189
-0.328 -0.048 0.144 156 158 173
-0.328 -0.04 0.144 82 89 99
-0.336 -0.032 0.144 74 65 82
-0.328 -0.032 0.144 41 53 58
-0.336 -0.024 0.144 99 109 107
-0.328 -0.024 0.144 115 130 115
-0.336 -0.016 0.144 173 174 173
-0.328 -0.016 0.144 165 170 173
-0.336 -0.008 0.144 189 174 189
-0.328 -0.008 0.144 173 170 181
-0.32 0.072 0.128 25 93 156
-0.32 0.08 0.128 25 93 156
-0.32 0.088 0.128 25 93 156
-0.32 0.096 0.128 25 89 148
-0.32 0.104 0.128 33 97 165
-0.32 0.112 0.128 25 89 156
-0.312 0.112 0.128 33 97 156
-0.32 0.12 0.128 33 97 165
-0.312 0.12 0.128 25 97 165
-0.328 0.128 0.136 33 97 156
-0.328 0.136 0.136 16 97 148
-0.336 0.144 0.136 33 101 165
-0.328 0.144 0.136 33 101 156
-0.336 0.152 0.136 33 105 156
-0.336 0.128 0.144 25 93 156
-0.336 0.136 0.144 25 89 156
-0.328 0.136 0.144 25 105 156
-0.336 0.144 0.144 25 93 148
-0.328 0.144 0.144 33 101 156
-0.336 0.152 0.144 25 89 156
-0.328 0.152 0.144 25 97 156
-0.264 -0.08 -0.072 148 158 132
-0.264 -0.072 -0.072 156 150 140
-0.312 0.128 0.128 25 97 156
-0.312 0.136 0.128 16 97 156
-0.304 0.144 0.128 33 105 165
-0.304 0.152 0.128 25 105 156
-0.296 0.168 0.128 41 117 173
-0.32 0.152 0.136 33 97 165
-0.32 0.16 0.136 25 101 165
-0.32 0.168 0.136 25 101 156
-0.32 0.176 0.136 25 105 165
-0.32 0.184 0.136 33 101 156
-0.064 0.272 0 58 45 41
-0.064 0.28 0 58 40 33
-0.064 0.288 0 74 45 41
-0.056 0.288 0 74 49 33
-0.056 0.296 0 74 53 41
-0.056 0.304 0 66 61 49
-0.048 0.304 0 33 57 33
-0.048 0.312 0 33 45 33
-0.064 0.288 0.008 140 85 82
-0.064 0.296 0.008 132 89 74
-0.064 0.304 0.008 132 89 90
-0.056 0.304 0.008 115 77 90
-0.056 0.312 0.008 99 69 82
-0.064 0.312 0.016 33 28 25
-0.064 0.312 0.056 230 223 230
0.04 0.248 -0.24 107 101 107
0.048 0.248 -0.24 90 101 90
0.04 0.24 -0.232 99 101 107
0.048 0.24 -0.232 90 97 90
0.04 0.248 -0.232 90 93 90
0.048 0.248 -0.232 90 97 99
0.048 0.232 -0.224 99 85 90
0.032 0.24 -0.224 99 105 107
0.032 0.248 -0.224 99 101 99
0.032 0.224 -0.216 107 97 99
0.032 0.232 -0.216 82 85 82
0.024 0.24 -0.216 90 97 90
0.024 0.248 -0.216 99 97 99
0.032 0.208 -0.208 82 97 90
0.032 0.216 -0.208 99 97 90
0.048 0.216 -0.208 99 97 107
0.024 0.232 -0.208 99 97 90
0.024 0.24 -0.208 90 97 90
0.024 0.2 -0.2 90 93 90
0.024 0.208 -0.2 99 93 90
0.04 0.208 -0.2 66 69 74
0.024 0.216 -0.2 115 105 107
0.024 0.224 -0.2 99 73 74
0.016 0.232 -0.2 132 89 49
0.016 0.24 -0.2 115 89 49
0.016 0.248 -0.2 66 61 49
0.016 0.192 -0.192 82 85 82
0.024 0.192 -0.192 82 89 99
0.016 0.2 -0.192 74 81 74
0.024 0.2 -0.192 107 93 107
0.016 0.208 -0.192 99 89 82
0.024 0.208 -0.192 99 89 82
0.04 0.208 -0.192 74 77 82
0.016 0.216 -0.192 132 97 41
0 0.224 -0.192 49 28 16
0.008 0.224 -0.192 66 36 16
0.016 0.224 -0.192 107 73 49
0.008 0.232 -0.192 66 40 33
0.016 0.232 -0.192 90 85 33
0.016 0.24 -0.192 41 45 16
0.016 0.248 -0.192 66 53 58
0.008 0.192 -0.184 74 77 74
0.016 0.192 -0.184 74 85 82
0.024 0.192 -0.184 90 89 99
0.032 0.192 -0.184 90 89 90
0.008 0.2 -0.184 82 77 82
0.016 0.2 -0.184 90 85 90
0.024 0.2 -0.184 90 85 82
0.032 0.2 -0.184 99 89 99
0.008 0.208 -0.184 49 57 33
0.016 0.208 -0.184 115 85 66
0.04 0.208 -0.184 90 89 90
0 0.216 -0.184 58 28 16
0.008 0.216 -0.184 41 20 0
0.016 0.216 -0.184 99 77 49
0 0.224 -0.184 33 20 16
0.008 0.224 -0.184 16 8 0
0.016 0.224 -0.184 107 81 41
0 0.232 -0.184 25 20 8
0.008 0.232 -0.184 99 49 25
0.016 0.232 -0.184 49 57 16
0 0.24 -0.184 66 61 66
0.008 0.24 -0.184 41 40 49
0 0.248 -0.184 41 57 41
0 0.192 -0.176 66 69 66
0.008 0.192 -0.176 82 81 82
0.024 0.192 -0.176 82 85 82
0.032 0.192 -0.176 66 77 74
0 0.2 -0.176 49 49 49
0.008 0.2 -0.176 41 49 33
0.016 0.2 -0.176 115 65 58
0.032 0.2 -0.176 90 89 99
0.04 0.2 -0.176 74 81 82
0 0.208 -0.176 41 24 16
0.008 0.208 -0.176 25 24 8
0.016 0.208 -0.176 107 77 41
0 0.216 -0.176 16 12 0
0.008 0.216 -0.176 25 16 16
0.016 0.216 -0.176 123 85 49
0 0.224 -0.176 16 12 8
0.008 0.224 -0.176 49 24 33
0.016 0.224 -0.176 58 45 16
0 0.232 -0.176 41 53 41
0 0.192 -0.168 49 53 41
0.008 0.192 -0.168 41 49 33
0.016 0.192 -0.168 66 45 33
0.032 0.192 -0.168 82 89 82
0.04 0.192 -0.168 74 85 82
0 0.2 -0.168 25 24 0
0.008 0.2 -0.168 41 28 8
0.016 0.2 -0.168 115 77 41
0 0.208 -0.168 16 8 0
0.008 0.208 -0.168 8 4 0
0.016 0.208 -0.168 123 89 58
0.024 0.208 -0.168 107 81 41
0 0.216 -0.168 25 20 0
0.008 0.216 -0.168 16 4 0
0.016 0.216 -0.168 74 57 16
0.024 0.216 -0.168 115 81 41
0 0.192 -0.16 49 24 8
0.008 0.192 -0.16 33 20 0
0.016 0.192 -0.16 41 28 8
0 0.2 -0.16 25 28 0
0.008 0.2 -0.16 0 0 0
0.016 0.2 -0.16 82 61 41
0.008 0.208 -0.16 0 0 0
0.016 0.208 -0.16 99 61 49
0 0.192 -0.152 25 32 0
0.008 0.192 -0.152 25 16 8
0.008 0.2 -0.152 8 8 0
0 0.256 -0.192 49 57 58
0.008 0.256 -0.192 33 49 33
0 0.264 -0.192 25 32 25
0.008 0.264 -0.192 25 32 33
0.016 0.264 -0.192 25 28 25
0.008 0.272 -0.192 16 20 16
0.016 0.272 -0.192 25 24 25
0.024 0.272 -0.192 33 36 33
0.016 0.28 -0.192 16 20 16
0.024 0.28 -0.192 33 36 33
0.032 0.28 -0.192 41 45 41
0.04 0.28 -0.192 58 61 58
0.024 0.288 -0.192 49 49 49
0.032 0.288 -0.192 49 49 49
0.04 0.288 -0.192 66 69 66
0 0.256 -0.184 25 28 25
0 0.264 -0.184 25 28 25
0.008 0.264 -0.184 16 20 16
0 0.272 -0.184 16 24 16
0.008 0.272 -0.184 8 12 8
0.016 0.272 -0.184 33 28 33
0.008 0.28 -0.184 16 16 16
0.016 0.28 -0.184 33 32 33
0.024 0.28 -0.184 49 45 49
0.032 0.28 -0.184 49 53 49
0.016 0.288 -0.184 41 40 41
0.024 0.288 -0.184 58 53 58
0.032 0.288 -0.184 66 65 74
0.04 0.288 -0.184 58 57 58
0.04 0.296 -0.184 58 65 58
0 0.264 -0.176 8 20 8
0 0.272 -0.176 0 4 0
0.008 0.272 -0.176 33 28 25
0 0.28 -0.176 0 4 0
0.008 0.28 -0.176 8 16 8
0.016 0.28 -0.176 41 45 41
0.008 0.288 -0.176 0 0 0
0.016 0.288 -0.176 41 32 33
0.024 0.288 -0.176 58 61 66
0.032 0.288 -0.176 66 73 74
0.04 0.288 -0.176 49 57 49
0.024 0.296 -0.176 33 32 33
0.032 0.296 -0.176 49 57 41
0.04 0.296 -0.176 49 53 41
0 0.272 -0.168 8 16 8
0 0.28 -0.168 16 24 16
0.008 0.28 -0.168 0 8 0
0 0.288 -0.168 82 81 82
0.008 0.288 -0.168 33 45 33
0.016 0.288 -0.168 0 4 0
0.024 0.288 -0.168 33 28 33
0.032 0.288 -0.168 25 49 25
0.016 0.296 -0.168 25 36 25
0.024 0.296 -0.168 0 8 0
0.032 0.296 -0.168 16 36 16
0.04 0.296 -0.168 0 0 0
0 0.288 -0.16 90 93 90
0.008 0.288 -0.16 99 93 99
0.016 0.288 -0.16 58 65 58
0.024 0.288 -0.16 0 4 0
0.032 0.288 -0.16 16 24 8
0 0.296 -0.16 82 93 82
0.008 0.296 -0.16 74 89 74
0.016 0.296 -0.16 66 65 66
0.024 0.296 -0.16 0 12 0
0.032 0.296 -0.16 0 0 0
0 0.288 -0.152 49 69 49
0.032 0.288 -0.152 0 0 0
0 0.296 -0.152 16 40 16
0.008 0.296 -0.152 25 20 25
0.016 0.296 -0.152 0 0 0
0.024 0.296 -0.152 0 0 0
0.032 0.296 -0.152 0 4 0
0.008 0.304 -0.152 49 61 41
0.032 0.288 -0.144 49 45 49
0 0.296 -0.144 58 57 58
0.008 0.296 -0.144 90 89 90
0.024 0.296 -0.144 8 12 8
0.032 0.296 -0.144 58 45 58
0 0.304 -0.144 66 57 33
0.008 0.304 -0.144 82 77 66
0.016 0.304 -0.144 0 0 0
0.032 0.304 -0.144 16 16 16
0 0.296 -0.136 41 40 16
0.016 0.296 -0.136 0 0 0
0.024 0.296 -0.136 0 0 0
0.032 0.296 -0.136 0 0 0
0 0.304 -0.136 0 0 0
0.008 0.304 -0.136 0 0 0
0.016 0.304 -0.136 0 0 0
0.024 0.304 -0.136 0 0 0
0.032 0.304 -0.136 0 0 0
0.016 0.312 -0.136 0 0 0
0.032 0.312 -0.136 0 4 0
0.024 0.296 -0.128 8 16 8
0 0.304 -0.128 0 0 0
0.008 0.304 -0.128 0 0 0
0.016 0.304 -0.128 0 0 0
0.024 0.304 -0.128 16 16 16
0.032 0.304 -0.128 0 0 0
0 0.312 -0.128 0 0 0
0.008 0.312 -0.128 0 0 0
0.016 0.312 -0.128 0 0 0
0.024 0.296 -0.12 8 12 8
0 0.304 -0.12 8 12 8
0.024 0.304 -0.12 8 16 8
0 0.312 -0.12 8 12 0
0.008 0.312 -0.12 0 0 0
0.016 0.312 -0.12 16 12 16
0.024 0.304 -0.112 33 32 33
0 0.312 -0.112 0 0 0
0.008 0.312 -0.112 0 0 0
0.016 0.312 -0.112 16 20 16
0.024 0.312 -0.112 41 32 33
0 0.312 -0.104 0 12 0
0.008 0.312 -0.104 0 0 0
0.016 0.312 -0.104 25 28 25
0.024 0.312 -0.104 41 36 41
0 0.312 -0.096 8 28 8
0.008 0.312 -0.096 0 0 0
0.016 0.312 -0.096 16 20 16
0 0.312 -0.088 0 36 0
0.016 0.312 -0.088 25 28 33
0 0.312 -0.08 0 24 0
0.016 0.312 -0.08 25 32 25
0.016 0.312 -0.072 16 16 8
0.008 0.32 -0.12 0 0 0
0 0.32 -0.112 0 16 0
0.008 0.32 -0.112 0 0 0
0 0.32 -0.104 0 16 0
0.008 0.32 -0.104 0 0 0
0.024 0.32 -0.104 8 8 8
0.024 0.328 -0.104 8 16 16
0 0.32 -0.096 8 28 8
0.008 0.32 -0.096 8 0 0
0.016 0.32 -0.096 16 20 16
0.024 0.32 -0.096 16 16 8
0 0.32 -0.088 25 16 16
0.008 0.32 -0.088 33 20 25
0.016 0.32 -0.088 41 40 41
0 0.32 -0.08 0 0 0
0.008 0.32 -0.08 8 16 8
0.016 0.32 -0.08 25 28 25
0 0.32 -0.072 49 36 41
0.008 0.32 -0.072 41 32 41
0.016 0.32 -0.072 58 49 58
0 0.328 -0.072 49 36 41
0.008 0.328 -0.072 90 73 90
0.016 0.328 -0.072 66 57 58
0 0.336 -0.072 33 28 25
0.016 0.336 -0.072 66 65 66
-0.016 0.32 -0.064 107 101 90
-0.008 0.328 -0.064 140 146 132
-0.008 0.336 -0.064 132 150 123
-0.016 0.32 -0.056 107 105 107
-0.008 0.328 -0.056 156 154 140
-0.008 0.336 -0.056 148 142 132
-0.008 0.32 -0.048 107 130 99
-0.008 0.328 -0.048 107 130 107
-0.016 0.32 -0.04 123 146 115
-0.008 0.32 -0.04 123 146 115
-0.008 0.328 -0.04 99 121 90
-0.008 0.336 -0.04 90 97 82
-0.032 0.32 -0.032 8 36 0
-0.024 0.32 -0.032 25 20 25
-0.024 0.328 -0.032 41 36 41
-0.016 0.328 -0.032 16 28 8
-0.016 0.336 -0.032 0 12 0
-0.008 0.336 -0.032 8 12 8
-0.008 0.344 -0.032 41 24 33
-0.04 0.32 -0.024 107 57 74
-0.032 0.32 -0.024 99 73 74
-0.032 0.328 -0.024 90 81 82
-0.024 0.328 -0.024 107 85 99
-0.024 0.336 -0.024 99 81 99
-0.016 0.336 -0.024 58 57 66
-0.008 0.336 -0.024 58 49 58
-0.016 0.344 -0.024 66 49 58
-0.008 0.344 -0.024 49 57 41
-0.04 0.32 -0.016 90 57 74
-0.032 0.32 -0.016 66 49 33
-0.032 0.328 -0.016 41 53 41
-0.032 0.336 -0.016 58 53 49
-0.024 0.336 -0.016 8 28 8
-0.016 0.336 -0.016 33 32 25
-0.024 0.344 -0.016 25 24 25
-0.016 0.344 -0.016 25 28 16
-0.008 0.344 -0.016 33 36 33
-0.008 0.352 -0.016 33 40 33
-0.048 0.32 -0.008 66 61 58
-0.04 0.32 -0.008 49 57 49
-0.04 0.328 -0.008 49 53 41
-0.032 0.328 -0.008 41 57 33
-0.04 0.336 -0.008 49 65 41
-0.032 0.336 -0.008 58 77 58
-0.024 0.336 -0.008 33 40 25
-0.032 0.344 -0.008 58 69 49
-0.024 0.344 -0.008 33 45 25
-0.016 0.344 -0.008 49 61 49
-0.016 0.352 -0.008 58 61 58
-0.008 0.352 -0.008 58 93 49
-0.008 0.36 -0.008 66 105 58
-0.008 0.368 -0.008 74 97 66
0 0.328 -0.064 25 85 25
0.008 0.328 -0.064 115 81 99
0 0.336 -0.064 16 65 8
0.008 0.336 -0.064 115 85 107
0.016 0.336 -0.064 156 158 156
0.008 0.328 -0.056 90 53 82
0 0.336 -0.056 8 40 8
0.008 0.336 -0.056 74 40 74
0 0.328 -0.048 8 65 8
0 0.336 -0.048 8 32 16
0.008 0.336 -0.048 16 12 8
0 0.328 -0.04 16 69 16
0 0.336 -0.04 16 53 16
0.008 0.336 -0.04 33 16 25
0.008 0.344 -0.04 25 12 25
0 0.336 -0.032 49 49 49
0 0.344 -0.032 41 45 41
0.008 0.344 -0.032 33 32 33
0.008 0.352 -0.032 0 0 0
0 0.344 -0.024 25 28 25
0 0.352 -0.024 25 36 25
0 0.352 -0.016 33 36 25
0 0.36 -0.016 41 28 25
0 0.36 -0.008 49 61 49
0 0.368 -0.008 41 45 41
-0.064 -0.064 -0.24 8 8 8
-0.056 -0.064 -0.232 58 49 66
-0.064 -0.056 -0.232 0 16 0
-0.056 -0.064 -0.224 49 61 66
-0.048 -0.064 -0.224 49 49 49
-0.064 -0.056 -0.224 25 32 25
-0.048 -0.056 -0.224 33 28 33
-0.064 -0.048 -0.224 25 28 25
-0.064 -0.056 -0.216 16 16 16
-0.056 -0.056 -0.216 49 45 49
-0.048 -0.056 -0.216 49 49 49
-0.064 -0.048 -0.216 25 28 25
-0.056 -0.048 -0.216 25 28 33
-0.064 -0.04 -0.216 33 40 33
-0.064 -0.032 -0.216 33 28 33
-0.064 -0.056 -0.208 8 8 8
-0.056 -0.056 -0.208 41 36 41
-0.048 -0.056 -0.208 25 24 25
-0.056 -0.048 -0.208 33 28 33
-0.048 -0.048 -0.208 8 4 8
-0.056 -0.04 -0.208 49 40 49
-0.064 -0.032 -0.208 33 32 33
-0.056 -0.032 -0.208 41 45 41
-0.064 -0.024 -0.208 49 53 58
-0.064 -0.016 -0.208 58 61 58
-0.064 -0.008 -0.208 58 57 66
-0.048 -0.04 -0.2 25 24 33
-0.056 -0.032 -0.2 33 45 41
-0.056 -0.024 -0.2 41 40 49
-0.064 -0.016 -0.2 58 61 58
-0.056 -0.016 -0.2 49 61 49
-0.064 -0.008 -0.2 74 73 74
-0.056 -0.008 -0.2 66 73 66
-0.008 0.384 0 132 105 123
-0.008 0.384 0.008 156 162 148
-0.024 0.384 0.016 82 65 58
-0.016 0.384 0.016 90 57 66
-0.008 0.384 0.016 173 154 181
-0.016 0.392 0.016 123 77 115
-0.008 0.392 0.016 181 162 173
-0.024 0.384 0.024 82 69 82
-0.016 0.384 0.024 82 77 82
-0.008 0.384 0.024 165 158 165
-0.016 0.392 0.024 107 77 107
-0.032 0.384 0.032 74 77 82
-0.024 0.384 0.032 82 89 74
-0.016 0.384 0.032 99 81 99
-0.008 0.384 0.032 41 45 41
-0.016 0.392 0.032 74 73 82
-0.024 0.384 0.04 156 158 148
-0.016 0.384 0.04 173 162 165
-0.016 0.392 0.04 156 146 156
-0.016 0.384 0.048 214 206 206
-0.064 0.096 -0.208 41 40 33
-0.064 0.104 -0.208 8 12 8
-0.064 0.088 -0.2 41 36 33
-0.064 0.112 -0.2 16 20 8
-0.056 0.32 0.064 123 130 123
-0.048 0.32 0.064 123 121 123
-0.04 0.32 0.064 123 125 123
-0.032 0.32 0.064 132 125 123
-0.048 0.328 0.064 107 117 107
-0.04 0.328 0.064 115 121 115
-0.032 0.328 0.064 107 121 107
-0.024 0.328 0.064 123 125 123
-0.032 0.336 0.064 99 101 99
-0.024 0.336 0.064 99 105 99
-0.024 0.344 0.064 90 101 99
-0.016 0.344 0.064 99 113 107
-0.016 0.352 0.064 90 105 107
-0.016 0.36 0.064 99 113 99
-0.04 0.32 0.072 107 117 99
-0.032 0.32 0.072 132 125 132
-0.024 0.32 0.072 123 117 123
-0.032 0.328 0.072 99 101 99
-0.024 0.328 0.072 99 105 99
-0.016 0.328 0.072 123 125 132
-0.024 0.336 0.072 99 97 99
-0.016 0.336 0.072 99 109 107
-0.016 0.344 0.072 90 93 90
-0.016 0.352 0.072 90 93 90
-0.032 0.32 0.08 107 109 99
-0.024 0.32 0.08 132 125 132
-0.008 0.32 0.08 132 130 132
-0.024 0.328 0.08 90 109 90
-0.016 0.328 0.08 132 130 132
-0.016 0.336 0.08 107 113 115
-0.016 0.344 0.08 107 105 99
-0.04 0.32 0.088 90 93 90
-0.032 0.32 0.088 107 109 99
-0.032 0.328 0.088 90 93 90
-0.024 0.328 0.088 99 109 99
-0.024 0.336 0.088 99 97 99
-0.016 0.336 0.088 115 109 107
-0.016 0.344 0.088 99 105 99
-0.064 0.328 0.096 99 93 99
-0.056 0.328 0.096 99 93 90
-0.048 0.328 0.096 90 93 90
-0.064 0.336 0.096 99 93 90
-0.056 0.336 0.096 99 97 99
-0.048 0.336 0.096 90 89 82
-0.04 0.336 0.096 90 93 90
-0.04 0.344 0.096 90 93 90
-0.032 0.344 0.096 107 97 99
-0.024 0.344 0.096 99 97 90
-0.024 0.352 0.096 99 93 90
-0.016 0.352 0.096 99 93 90
-0.064 0.288 0.064 115 121 115
-0.064 0.304 0.064 156 154 156
-0.056 0.304 0.064 140 146 140
-0.064 0.312 0.064 148 154 148
-0.056 0.312 0.064 140 142 140
-0.048 0.312 0.064 148 142 140
-0.064 0.28 0.072 140 125 132
-0.064 0.288 0.072 123 121 123
-0.056 0.288 0.072 132 134 132
-0.064 0.296 0.072 132 117 132
-0.064 0.304 0.072 140 130 132
-0.056 0.304 0.072 132 130 123
-0.048 0.304 0.072 132 125 123
-0.04 0.304 0.072 115 113 115
-0.056 0.312 0.072 140 130 132
-0.048 0.312 0.072 115 117 115
-0.04 0.312 0.072 123 121 123
-0.032 0.312 0.072 140 125 123
-0.064 0.28 0.08 132 134 132
-0.056 0.28 0.08 115 113 115
-0.064 0.296 0.08 123 121 123
-0.056 0.296 0.08 115 113 115
-0.048 0.296 0.08 123 117 123
-0.064 0.304 0.08 140 130 132
-0.056 0.304 0.08 123 121 123
-0.048 0.304 0.08 123 117 115
-0.04 0.304 0.08 123 117 115
-0.048 0.312 0.08 115 117 115
-0.04 0.312 0.08 132 121 132
-0.032 0.312 0.08 123 121 123
-0.064 0.304 0.088 115 121 115
-0.048 0.312 0.088 107 113 107
-0.024 0.144 -0.208 90 89 90
-0.064 0.208 0 222 215 214
-0.064 0.216 0 206 178 197
-0.064 0.208 0.008 230 210 222
-0.064 0.216 0.008 222 174 206
-0.064 0.216 0.016 230 215 214
-0.064 0.216 0.024 230 215 214
-0.16 0.088 -0.248 25 20 33
-0.16 0.088 -0.24 25 16 25
-0.144 0.08 -0.224 25 24 33
-0.16 0.088 -0.224 8 4 8
-0.136 0.064 -0.216 8 8 8
-0.144 0.072 -0.216 0 8 0
-0.152 0.08 -0.216 16 12 16
-0.136 0.064 -0.208 16 12 16
-0.144 0.072 -0.208 8 4 0
-0.136 0.072 -0.208 16 12 16
-0.144 0.064 -0.2 8 4 8
-0.136 0.064 -0.2 16 12 16
-0.144 0.072 -0.2 0 0 8
-0.048 0.256 -0.256 25 20 0
-0.048 0.264 -0.256 16 8 0
-0.04 0.264 -0.256 16 4 0
-0.04 0.272 -0.256 16 8 0
-0.056 0.256 -0.248 107 81 58
-0.048 0.256 -0.248 25 16 0
-0.048 0.264 -0.248 25 12 0
-0.04 0.264 -0.248 16 8 0
-0.048 0.272 -0.248 33 24 8
-0.04 0.272 -0.248 41 16 8
-0.04 0.28 -0.248 49 24 16
-0.048 0.288 -0.248 148 158 140
-0.056 0.256 -0.24 107 113 82
-0.048 0.256 -0.24 58 40 16
-0.048 0.264 -0.24 49 40 8
-0.048 0.272 -0.24 115 93 90
-0.04 0.272 -0.24 90 93 74
-0.048 0.28 -0.24 156 150 148
-0.04 0.28 -0.24 132 130 115
-0.048 0.288 -0.24 173 170 165
-0.056 0.256 -0.232 165 158 148
-0.056 0.264 -0.232 132 138 115
-0.048 0.264 -0.232 132 93 90
-0.048 0.272 -0.232 156 142 148
-0.048 0.28 -0.232 173 158 165
-0.048 0.288 -0.232 173 170 165
-0.056 0.256 -0.224 181 174 165
-0.056 0.264 -0.224 115 134 107
-0.048 0.272 -0.224 173 150 165
-0.048 0.28 -0.224 173 150 156
-0.056 0.256 -0.216 181 170 173
-0.056 0.264 -0.216 140 150 132
-0.048 0.272 -0.216 165 150 165
-0.048 0.28 -0.216 148 150 140
-0.056 0.256 -0.208 181 178 173
-0.056 0.264 -0.208 156 170 148
-0.056 0.272 -0.208 107 117 99
-0.048 0.272 -0.208 148 142 132
-0.048 0.28 -0.208 123 113 107
-0.056 0.256 -0.2 181 178 165
-0.056 0.264 -0.2 132 150 123
-0.056 0.272 -0.2 107 121 82
-0.048 0.272 -0.2 107 101 99
-0.048 0.28 -0.2 107 101 90
-0.112 -0.128 -0.128 123 125 115
-0.112 -0.12 -0.128 181 174 181
-0.112 -0.112 -0.128 181 162 181
-0.112 -0.104 -0.128 181 170 189
-0.112 -0.096 -0.128 156 154 165
-0.104 -0.096 -0.128 107 125 107
-0.112 -0.088 -0.128 156 142 156
-0.104 -0.088 -0.128 107 121 107
-0.112 -0.08 -0.128 165 142 156
-0.104 -0.08 -0.128 115 117 123
-0.112 -0.072 -0.128 156 142 156
-0.104 -0.072 -0.128 123 121 132
-0.112 -0.128 -0.12 115 125 115
-0.104 -0.128 -0.12 140 146 140
-0.112 -0.12 -0.12 123 121 123
-0.104 -0.12 -0.12 132 134 132
-0.112 -0.112 -0.12 132 142 132
-0.112 -0.104 -0.12 132 138 132
-0.112 -0.096 -0.12 132 134 132
-0.104 -0.096 -0.12 148 146 148
-0.112 -0.088 -0.12 132 134 132
-0.104 -0.088 -0.12 173 158 173
-0.112 -0.08 -0.12 115 130 115
-0.104 -0.08 -0.12 165 154 173
-0.112 -0.072 -0.12 123 125 123
-0.104 -0.072 -0.12 214 202 214
-0.096 -0.072 -0.12 115 121 115
-0.112 -0.128 -0.112 41 49 41
-0.12 -0.12 -0.112 49 53 49
-0.112 -0.12 -0.112 58 57 58
-0.12 -0.112 -0.112 49 53 49
-0.112 -0.112 -0.112 49 53 49
-0.12 -0.104 -0.112 49 53 49
-0.112 -0.104 -0.112 49 57 49
-0.12 -0.096 -0.112 49 49 49
-0.112 -0.096 -0.112 58 57 58
-0.12 -0.088 -0.112 58 57 58
-0.112 -0.088 -0.112 49 57 58
-0.12 -0.08 -0.112 58 57 58
-0.112 -0.08 -0.112 58 65 66
-0.12 -0.072 -0.112 49 57 58
-0.112 -0.072 -0.112 58 61 66
-0.128 -0.128 -0.104 41 45 41
-0.12 -0.128 -0.104 41 40 41
-0.112 -0.128 -0.104 33 36 33
-0.128 -0.12 -0.104 49 53 49
-0.12 -0.12 -0.104 49 45 49
-0.112 -0.12 -0.104 41 45 41
-0.128 -0.112 -0.104 41 49 49
-0.12 -0.112 -0.104 58 61 66
-0.112 -0.112 -0.104 49 53 49
-0.128 -0.104 -0.104 41 49 49
-0.12 -0.104 -0.104 41 49 41
-0.112 -0.104 -0.104 49 53 58
-0.128 -0.096 -0.104 49 53 49
-0.12 -0.096 -0.104 58 57 58
-0.112 -0.096 -0.104 49 53 58
-0.128 -0.088 -0.104 49 53 58
-0.12 -0.088 -0.104 41 49 49
-0.112 -0.088 -0.104 58 53 58
-0.128 -0.08 -0.104 41 49 49
-0.12 -0.08 -0.104 49 49 49
-0.112 -0.08 -0.104 49 49 49
-0.128 -0.072 -0.104 49 53 58
-0.12 -0.072 -0.104 58 57 58
-0.112 -0.072 -0.104 58 61 58
-0.128 -0.128 -0.096 25 32 25
-0.128 -0.072 -0.096 49 53 58
-0.056 0.256 -0.192 181 186 173
-0.056 0.264 -0.192 132 142 123
-0.056 0.272 -0.192 115 125 99
-0.048 0.272 -0.192 107 101 90
-0.048 0.28 -0.192 115 109 90
-0.056 0.256 -0.184 181 174 173
-0.016 0.256 -0.184 0 0 0
-0.008 0.256 -0.184 16 24 16
-0.056 0.264 -0.184 156 162 140
-0.008 0.264 -0.184 16 20 16
-0.056 0.272 -0.184 107 125 99
-0.048 0.272 -0.184 107 101 82
-0.064 0.256 -0.176 173 170 156
-0.056 0.256 -0.176 181 174 173
-0.024 0.256 -0.176 16 16 8
-0.016 0.256 -0.176 8 12 8
-0.008 0.256 -0.176 16 12 16
-0.056 0.264 -0.176 156 162 140
-0.024 0.264 -0.176 25 28 33
-0.016 0.264 -0.176 0 8 8
-0.008 0.264 -0.176 8 8 8
-0.056 0.272 -0.176 115 134 99
-0.016 0.272 -0.176 16 20 16
-0.008 0.272 -0.176 8 8 8
-0.056 0.28 -0.176 90 105 74
-0.064 0.256 -0.168 189 182 173
-0.032 0.256 -0.168 33 49 33
-0.024 0.256 -0.168 33 32 33
-0.056 0.264 -0.168 156 158 140
-0.024 0.264 -0.168 25 28 25
-0.016 0.264 -0.168 16 24 16
-0.056 0.272 -0.168 99 121 82
-0.024 0.272 -0.168 25 28 25
-0.016 0.272 -0.168 8 12 8
-0.008 0.272 -0.168 25 24 25
-0.056 0.28 -0.168 90 109 82
-0.016 0.28 -0.168 16 16 16
-0.008 0.28 -0.168 49 40 41
-0.008 0.288 -0.168 49 45 49
-0.064 0.256 -0.16 173 162 165
-0.032 0.256 -0.16 58 69 58
-0.056 0.264 -0.16 148 150 132
-0.032 0.264 -0.16 41 53 41
-0.024 0.264 -0.16 33 28 25
-0.056 0.272 -0.16 123 125 107
-0.032 0.272 -0.16 41 40 41
-0.024 0.272 -0.16 16 20 16
-0.016 0.272 -0.16 8 8 8
-0.056 0.28 -0.16 140 146 123
-0.024 0.28 -0.16 49 45 49
-0.016 0.28 -0.16 8 20 8
-0.008 0.28 -0.16 49 49 49
-0.016 0.288 -0.16 16 32 16
-0.008 0.288 -0.16 16 24 16
-0.064 0.256 -0.152 123 125 115
-0.032 0.256 -0.152 58 77 58
-0.064 0.264 -0.152 123 134 115
-0.056 0.264 -0.152 148 142 132
-0.032 0.264 -0.152 41 57 41
-0.056 0.272 -0.152 132 142 123
-0.032 0.272 -0.152 58 53 58
-0.024 0.272 -0.152 58 53 58
-0.056 0.28 -0.152 123 113 107
-0.032 0.28 -0.152 58 57 58
-0.024 0.28 -0.152 74 73 74
-0.016 0.28 -0.152 58 57 49
-0.024 0.288 -0.152 66 77 66
-0.016 0.288 -0.152 41 53 41
-0.008 0.288 -0.152 8 8 8
-0.008 0.296 -0.152 8 8 8
-0.064 0.256 -0.144 148 170 140
-0.064 0.264 -0.144 156 162 148
-0.032 0.264 -0.144 58 65 58
-0.064 0.272 -0.144 189 186 173
-0.056 0.272 -0.144 173 166 165
-0.032 0.272 -0.144 49 53 49
-0.056 0.28 -0.144 181 178 173
-0.032 0.28 -0.144 49 49 49
-0.024 0.28 -0.144 58 57 58
-0.024 0.288 -0.144 41 45 41
-0.016 0.288 -0.144 66 65 58
-0.008 0.288 -0.144 41 36 41
-0.016 0.296 -0.144 33 53 33
-0.008 0.296 -0.144 41 45 33
-0.064 0.256 -0.136 206 202 189
-0.064 0.264 -0.136 181 186 173
-0.064 0.272 -0.136 197 194 181
-0.056 0.272 -0.136 189 186 173
-0.032 0.28 -0.136 33 28 33
-0.024 0.28 -0.136 16 24 16
-0.032 0.288 -0.136 16 20 16
-0.024 0.288 -0.136 0 4 0
-0.016 0.288 -0.136 8 20 8
-0.024 0.296 -0.136 0 0 0
-0.016 0.296 -0.136 0 0 0
-0.008 0.296 -0.136 0 0 0
-0.016 0.304 -0.136 0 0 0
-0.008 0.304 -0.136 0 0 0
-0.08 0.064 -0.232 49 49 49
-0.104 0.064 -0.224 49 49 58
-0.096 0.064 -0.224 41 45 49
-0.088 0.064 -0.224 41 53 49
-0.08 0.064 -0.224 49 49 58
-0.08 0.096 -0.224 49 53 49
-0.088 0.104 -0.224 16 24 16
-0.08 0.104 -0.224 33 32 33
-0.072 0.104 -0.224 25 24 16
-0.096 0.112 -0.224 16 16 16
-0.088 0.112 -0.224 8 16 8
-0.08 0.112 -0.224 25 16 8
-0.096 0.12 -0.224 25 20 16
-0.088 0.12 -0.224 16 16 16
-0.08 0.12 -0.224 8 12 8
-0.12 0.064 -0.216 8 8 0
-0.112 0.064 -0.216 25 24 25
-0.104 0.064 -0.216 49 53 58
-0.096 0.064 -0.216 49 53 58
-0.088 0.064 -0.216 33 45 41
-0.128 0.072 -0.216 16 16 16
-0.12 0.072 -0.216 16 16 8
-0.112 0.072 -0.216 16 16 8
-0.112 0.096 -0.216 25 24 16
-0.104 0.096 -0.216 49 45 41
-0.096 0.096 -0.216 41 45 33
-0.088 0.096 -0.216 58 53 49
-0.08 0.096 -0.216 49 49 41
-0.072 0.096 -0.216 41 40 33
-0.112 0.104 -0.216 16 16 16
-0.104 0.104 -0.216 25 28 25
-0.096 0.104 -0.216 25 24 16
-0.088 0.104 -0.216 16 16 8
-0.08 0.104 -0.216 16 20 16
-0.072 0.104 -0.216 16 12 16
-0.112 0.112 -0.216 16 16 16
-0.104 0.112 -0.216 16 16 16
-0.096 0.112 -0.216 25 20 16
-0.088 0.112 -0.216 16 20 16
-0.072 0.112 -0.216 8 12 8
-0.112 0.12 -0.216 8 16 8
-0.104 0.12 -0.216 16 16 8
-0.096 0.12 -0.216 16 16 16
-0.088 0.12 -0.216 8 12 8
-0.128 0.064 -0.208 16 24 25
-0.12 0.064 -0.208 8 12 8
-0.128 0.072 -0.208 16 16 16
-0.12 0.072 -0.208 16 16 16
-0.12 0.088 -0.208 16 20 16
-0.112 0.088 -0.208 16 20 16
-0.104 0.088 -0.208 41 45 41
-0.096 0.088 -0.208 58 61 58
-0.088 0.088 -0.208 58 61 58
-0.08 0.088 -0.208 66 65 58
-0.072 0.088 -0.208 41 40 33
-0.12 0.096 -0.208 16 16 8
-0.112 0.096 -0.208 16 16 8
-0.104 0.096 -0.208 33 32 25
-0.096 0.096 -0.208 25 32 25
-0.12 0.104 -0.208 16 20 16
-0.112 0.104 -0.208 8 16 8
-0.104 0.104 -0.208 25 24 25
-0.096 0.104 -0.208 16 20 16
-0.12 0.112 -0.208 16 20 16
-0.112 0.112 -0.208 16 16 16
-0.104 0.112 -0.208 8 12 8
-0.128 0.12 -0.208 16 20 8
-0.12 0.12 -0.208 16 16 16
-0.112 0.12 -0.208 16 16 8
-0.104 0.12 -0.208 8 12 8
-0.128 0.064 -0.2 8 16 16
-0.12 0.08 -0.2 8 12 8
-0.112 0.08 -0.2 16 16 16
-0.12 0.088 -0.2 25 24 25
-0.12 0.096 -0.2 16 16 16
-0.112 0.104 -0.2 25 20 16
-0.112 0.112 -0.2 8 16 8
-0.112 0.12 -0.2 16 16 16
-0.128 -0.12 0.024 239 219 214
-0.128 -0.12 0.032 239 215 206
-0.128 -0.12 0.04 239 215 197
-0.12 -0.12 0.04 230 215 206
-0.088 0.256 0 99 81 90
-0.08 0.256 0 33 36 41
-0.072 0.256 0 49 65 49
-0.096 0.264 0 74 77 74
-0.088 0.264 0 33 53 33
-0.08 0.264 0 41 49 49
-0.072 0.264 0 41 49 41
-0.096 0.272 0 33 36 33
-0.072 0.272 0 49 49 58
-0.088 0.256 0.008 107 97 99
-0.08 0.256 0.008 25 45 33
-0.096 0.264 0.008 156 154 148
-0.088 0.264 0.008 41 57 41
-0.08 0.264 0.008 49 49 49
-0.072 0.264 0.008 41 61 41
-0.104 0.272 0.008 90 85 82
-0.088 0.272 0.008 41 40 49
-0.08 0.272 0.008 66 49 33
-0.072 0.272 0.008 74 65 58
-0.072 0.28 0.008 123 85 66
-0.072 0.288 0.008 132 85 82
-0.088 0.256 0.016 107 105 107
-0.096 0.264 0.016 173 170 165
-0.088 0.264 0.016 33 69 41
-0.096 0.272 0.016 74 61 74
-0.088 0.272 0.016 49 45 49
-0.08 0.272 0.016 90 57 49
-0.08 0.28 0.016 99 77 49
-0.072 0.28 0.016 173 121 99
-0.072 0.288 0.016 165 117 115
-0.072 0.296 0.016 140 101 123
-0.072 0.304 0.016 123 93 74
-0.088 0.256 0.024 132 101 132
-0.096 0.264 0.024 123 125 115
-0.096 0.272 0.024 90 73 99
-0.088 0.272 0.024 74 40 25
-0.104 0.28 0.024 74 77 74
-0.088 0.28 0.024 115 65 66
-0.08 0.28 0.024 156 109 107
-0.08 0.288 0.024 173 121 123
-0.08 0.296 0.024 148 113 99
-0.072 0.304 0.024 58 53 58
-0.072 0.312 0.024 33 36 33
-0.088 0.256 0.032 123 105 115
-0.096 0.264 0.032 123 117 107
-0.096 0.272 0.032 74 61 74
-0.104 0.28 0.032 99 93 90
-0.096 0.28 0.032 41 49 49
-0.088 0.28 0.032 66 65 66
-0.088 0.288 0.032 99 77 66
-0.08 0.288 0.032 82 81 90
-0.08 0.296 0.032 99 89 99
-0.08 0.304 0.032 107 97 123
-0.072 0.312 0.032 58 69 66
-0.088 0.256 0.04 165 125 148
-0.096 0.264 0.04 148 142 140
-0.096 0.272 0.04 123 113 123
-0.104 0.28 0.04 99 105 99
-0.096 0.28 0.04 82 89 107
-0.112 0.288 0.04 115 109 107
-0.104 0.288 0.04 82 77 90
-0.096 0.288 0.04 99 101 107
-0.088 0.288 0.04 123 121 148
-0.088 0.296 0.04 123 117 148
-0.088 0.304 0.04 115 117 140
-0.08 0.304 0.04 173 170 181
-0.08 0.312 0.04 165 166 173
-0.088 0.256 0.048 173 142 165
-0.096 0.264 0.048 206 194 206
-0.104 0.28 0.048 173 150 173
-0.104 0.288 0.048 189 174 197
-0.096 0.288 0.048 165 174 189
-0.096 0.296 0.048 165 174 181
-0.088 0.296 0.048 165 190 206
-0.088 0.304 0.048 181 194 214
-0.08 0.304 0.048 197 202 214
-0.088 0.312 0.048 165 190 181
-0.08 0.312 0.048 214 215 214
-0.072 0.312 0.048 181 190 197
-0.096 0.256 0.056 181 158 165
-0.088 0.256 0.056 206 198 206
-0.096 0.264 0.056 181 166 165
-0.088 0.264 0.056 197 206 206
-0.096 0.272 0.056 156 170 156
-0.096 0.28 0.056 156 150 181
-0.088 0.28 0.056 189 186 197
-0.08 0.28 0.056 156 166 173
-0.104 0.288 0.056 123 138 140
-0.096 0.288 0.056 132 154 148
-0.088 0.288 0.056 156 166 173
-0.08 0.288 0.056 181 178 181
-0.104 0.296 0.056 123 150 148
-0.088 0.296 0.056 156 166 173
-0.08 0.296 0.056 189 190 197
-0.072 0.296 0.056 189 198 197
-0.08 0.304 0.056 206 206 214
-0.072 0.304 0.056 214 215 214
-0.08 0.312 0.056 214 210 222
-0.072 0.312 0.056 222 223 230
-0.104 -0.32 -0.064 173 174 173
-0.096 -0.32 -0.064 173 174 173
-0.104 -0.312 -0.064 181 178 181
-0.112 -0.304 -0.064 189 194 189
-0.104 -0.304 -0.064 181 178 181
-0.12 -0.296 -0.064 189 190 189
-0.112 -0.296 -0.064 189 186 189
-0.128 -0.288 -0.064 99 101 107
-0.12 -0.288 -0.064 140 150 140
-0.112 -0.288 -0.064 189 190 189
-0.104 -0.32 -0.056 181 178 181
-0.112 -0.312 -0.056 181 178 181
-0.104 -0.312 -0.056 181 178 181
-0.112 -0.304 -0.056 189 194 197
-0.104 -0.304 -0.056 181 178 181
-0.12 -0.296 -0.056 189 190 189
-0.112 -0.296 -0.056 189 190 189
-0.128 -0.288 -0.056 90 97 99
-0.12 -0.288 -0.056 156 166 156
-0.112 -0.288 -0.056 189 190 189
-0.104 -0.32 -0.048 173 174 173
-0.112 -0.312 -0.048 181 178 181
-0.104 -0.312 -0.048 181 178 181
-0.112 -0.304 -0.048 197 194 197
-0.12 -0.296 -0.048 197 194 197
-0.112 -0.296 -0.048 197 194 197
-0.128 -0.288 -0.048 90 97 99
-0.12 -0.288 -0.048 148 166 148
-0.112 -0.32 -0.04 181 178 181
-0.104 -0.32 -0.04 173 174 173
-0.112 -0.312 -0.04 181 178 181
-0.104 -0.312 -0.04 173 174 173
-0.112 -0.304 -0.04 197 198 197
-0.128 -0.296 -0.04 132 150 132
-0.12 -0.296 -0.04 197 198 197
-0.112 -0.296 -0.04 197 198 197
-0.128 -0.288 -0.04 99 105 107
-0.12 -0.288 -0.04 132 154 140
-0.112 -0.32 -0.032 181 178 181
-0.104 -0.32 -0.032 173 174 173
-0.112 -0.312 -0.032 181 178 181
-0.112 -0.304 -0.032 197 198 197
-0.128 -0.296 -0.032 148 158 156
-0.12 -0.296 -0.032 197 198 197
-0.112 -0.296 -0.032 197 198 197
-0.12 -0.288 -0.032 115 146 123
-0.112 -0.32 -0.024 181 178 181
-0.104 -0.32 -0.024 181 178 181
-0.112 -0.312 -0.024 181 178 181
-0.112 -0.304 -0.024 206 202 206
-0.128 -0.296 -0.024 140 162 148
-0.12 -0.296 -0.024 197 198 197
-0.112 -0.296 -0.024 197 198 197
-0.12 -0.288 -0.024 115 142 123
-0.112 -0.32 -0.016 181 182 189
-0.104 -0.32 -0.016 181 178 181
-0.112 -0.312 -0.016 181 182 181
-0.12 -0.304 -0.016 197 198 197
-0.112 -0.304 -0.016 206 202 206
-0.128 -0.296 -0.016 148 166 156
-0.12 -0.296 -0.016 206 202 206
-0.12 -0.288 -0.016 115 142 123
-0.112 -0.32 -0.008 181 178 181
-0.104 -0.32 -0.008 189 182 189
-0.112 -0.312 -0.008 181 182 189
-0.12 -0.304 -0.008 197 198 197
-0.112 -0.304 -0.008 206 202 206
-0.128 -0.296 -0.008 148 162 148
-0.12 -0.296 -0.008 197 198 197
-0.112 -0.296 -0.008 197 198 197
-0.12 -0.288 -0.008 123 150 123
-0.096 0.32 0.08 107 105 107
-0.088 0.328 0.08 90 89 90
-0.072 0.336 0.08 99 97 99
-0.096 0.32 0.088 107 101 107
-0.088 0.32 0.088 99 101 99
-0.08 0.328 0.088 90 97 90
-0.12 0.32 0.096 99 105 107
-0.096 0.32 0.096 99 101 99
-0.088 0.32 0.096 90 97 90
-0.08 0.32 0.096 90 93 90
-0.072 0.32 0.096 90 89 90
-0.08 0.328 0.096 90 85 82
-0.072 0.328 0.096 90 93 90
-0.128 0.32 0.104 107 105 107
-0.12 0.32 0.104 99 101 90
-0.128 0.32 0.112 115 113 107
-0.12 0.32 0.112 99 101 107
-0.128 0.328 0.112 99 101 107
-0.12 0.328 0.112 107 105 99
-0.328 0.064 0.128 25 93 148
-0.328 0.072 0.128 33 93 148
-0.328 0.08 0.128 16 85 148
-0.328 0.088 0.128 33 93 148
-0.336 0.064 0.136 25 97 156
-0.328 0.064 0.136 16 89 140
-0.336 0.072 0.136 25 97 156
-0.336 0.08 0.136 25 97 156
-0.336 0.088 0.136 25 97 156
-0.328 0.112 0.136 33 97 156
-0.328 0.12 0.136 33 101 165
-0.336 0.064 0.144 25 89 140
-0.336 0.072 0.144 33 89 148
-0.336 0.08 0.144 25 89 148
-0.336 0.088 0.144 25 89 148
-0.336 0.096 0.144 25 89 156
-0.328 0.096 0.144 25 89 156
-0.336 0.104 0.144 25 85 148
-0.328 0.104 0.144 33 89 148
-0.336 0.112 0.144 25 85 156
-0.328 0.112 0.144 25 85 148
-0.336 0.12 0.144 25 89 148
-0.176 0.072 0 58 142 214
-0.192 0.08 0 49 150 222
-0.184 0.08 0 49 146 222
-0.176 0.08 0 41 138 214
-0.192 0.088 0 49 146 222
-0.184 0.088 0 49 146 222
-0.176 0.088 0 41 138 214
-0.192 0.096 0 49 146 222
-0.184 0.096 0 49 150 222
-0.176 0.096 0 41 142 222
-0.192 0.104 0 66 101 132
-0.184 0.104 0 41 69 115
-0.176 0.104 0 41 81 99
-0.176 0.112 0 74 73 82
-0.136 0.112 0 33 36 33
-0.192 0.12 0 90 85 82
-0.184 0.12 0 74 69 74
-0.176 0.12 0 74 77 82
-0.168 0.12 0 82 81 82
-0.184 0.064 0.008 33 130 206
-0.192 0.072 0.008 49 117 197
-0.176 0.072 0.008 49 142 222
-0.192 0.08 0.008 41 146 222
-0.184 0.08 0.008 41 150 222
-0.176 0.08 0.008 41 138 214
-0.192 0.088 0.008 49 146 222
-0.184 0.088 0.008 49 150 222
-0.176 0.088 0.008 49 142 222
-0.192 0.096 0.008 49 146 222
-0.184 0.096 0.008 58 158 230
-0.176 0.096 0.008 49 142 214
-0.192 0.104 0.008 82 97 115
-0.184 0.104 0.008 49 113 165
-0.176 0.104 0.008 66 81 90
-0.184 0.112 0.008 82 77 90
-0.176 0.112 0.008 107 105 99
-0.144 0.112 0.008 66 89 74
-0.136 0.112 0.008 33 61 33
-0.192 0.12 0.008 123 113 115
-0.184 0.12 0.008 107 97 99
-0.176 0.12 0.008 99 101 99
-0.168 0.12 0.008 99 97 99
-0.136 0.12 0.008 222 174 222
-0.184 0.064 0.016 33 117 197
-0.184 0.072 0.016 33 117 197
-0.192 0.08 0.016 49 150 222
-0.184 0.08 0.016 41 142 222
-0.192 0.088 0.016 49 150 222
-0.184 0.088 0.016 41 138 222
-0.192 0.096 0.016 49 150 222
-0.184 0.096 0.016 49 142 222
-0.176 0.096 0.016 49 146 222
-0.192 0.104 0.016 99 121 156
-0.184 0.104 0.016 66 134 197
-0.184 0.112 0.016 99 93 99
-0.176 0.112 0.016 165 130 148
-0.144 0.112 0.016 66 105 90
-0.192 0.12 0.016 156 130 148
-0.184 0.12 0.016 140 130 132
-0.176 0.12 0.016 140 130 132
-0.144 0.12 0.016 156 130 148
-0.136 0.12 0.016 222 178 214
-0.192 0.064 0.024 90 150 206
-0.192 0.072 0.024 33 117 197
-0.184 0.072 0.024 41 150 222
-0.192 0.08 0.024 49 150 222
-0.184 0.08 0.024 49 142 222
-0.192 0.088 0.024 49 150 222
-0.184 0.088 0.024 49 142 222
-0.184 0.096 0.024 41 142 222
-0.192 0.104 0.024 49 130 189
-0.184 0.104 0.024 74 138 197
-0.152 0.104 0.024 107 117 115
-0.192 0.112 0.024 99 121 115
-0.184 0.112 0.024 115 101 115
-0.152 0.112 0.024 115 117 132
-0.144 0.112 0.024 82 105 107
-0.192 0.12 0.024 156 130 156
-0.184 0.12 0.024 148 146 140
-0.16 0.12 0.024 74 105 90
-0.144 0.12 0.024 148 113 140
-0.136 0.12 0.024 230 186 222
-0.192 0.064 0.032 173 170 148
-0.192 0.072 0.032 156 178 123
-0.184 0.072 0.032 156 194 148
-0.192 0.08 0.032 82 158 214
-0.192 0.088 0.032 49 142 222
-0.184 0.088 0.032 49 146 222
-0.192 0.096 0.032 58 146 222
-0.184 0.096 0.032 58 150 222
-0.192 0.104 0.032 49 150 230
-0.184 0.104 0.032 99 130 173
-0.152 0.104 0.032 41 49 49
-0.192 0.112 0.032 115 109 123
-0.184 0.112 0.032 140 121 140
-0.152 0.112 0.032 49 49 49
-0.144 0.112 0.032 49 53 49
-0.184 0.12 0.032 123 130 132
-0.152 0.12 0.032 25 24 25
-0.144 0.12 0.032 107 113 107
-0.136 0.12 0.032 214 158 206
-0.192 0.064 0.04 156 162 140
-0.192 0.072 0.04 173 182 156
-0.184 0.072 0.04 156 182 189
-0.192 0.08 0.04 115 170 222
-0.192 0.088 0.04 58 146 222
-0.192 0.096 0.04 58 146 222
-0.192 0.104 0.04 58 150 222
-0.184 0.104 0.04 90 109 140
-0.192 0.112 0.04 90 93 90
-0.184 0.112 0.04 99 101 107
-0.152 0.112 0.04 49 57 49
-0.184 0.12 0.04 115 117 115
-0.152 0.12 0.04 90 85 99
-0.144 0.12 0.04 148 134 156
-0.136 0.12 0.04 222 158 206
-0.192 0.064 0.048 58 134 206
-0.192 0.072 0.048 115 170 189
-0.192 0.08 0.048 99 162 222
-0.192 0.088 0.048 66 150 222
-0.192 0.096 0.048 66 154 222
-0.192 0.104 0.048 99 158 197
-0.184 0.104 0.048 99 134 173
-0.192 0.112 0.048 90 97 99
-0.184 0.112 0.048 123 121 123
-0.152 0.112 0.048 82 85 90
-0.192 0.12 0.048 107 109 123
-0.184 0.12 0.048 148 134 140
-0.152 0.12 0.048 115 97 115
-0.144 0.12 0.048 123 142 123
-0.192 0.072 0.056 140 162 173
-0.192 0.08 0.056 148 154 173
-0.192 0.088 0.056 115 138 173
-0.192 0.096 0.056 140 142 148
-0.192 0.104 0.056 115 130 156
-0.192 0.112 0.056 115 121 123
-0.192 0.12 0.056 148 150 140
-0.08 0.192 0 230 215 214
-0.072 0.192 0 230 215 214
-0.072 0.2 0 230 215 214
-0.072 0.208 0 222 215 214
-0.072 0.216 0 222 206 206
-0.072 0.232 0 123 101 107
-0.08 0.248 0 58 77 49
-0.08 0.192 0.008 230 219 214
-0.072 0.192 0.008 239 223 222
-0.08 0.2 0.008 230 215 214
-0.072 0.2 0.008 230 215 214
-0.072 0.208 0.008 222 210 214
-0.072 0.216 0.008 222 206 206
-0.072 0.232 0.008 222 150 206
-0.08 0.248 0.008 107 105 107
-0.08 0.192 0.016 230 219 214
-0.08 0.2 0.016 230 215 214
-0.072 0.2 0.016 230 219 214
-0.08 0.208 0.016 222 215 214
-0.072 0.208 0.016 230 215 214
-0.072 0.216 0.016 222 210 214
-0.072 0.224 0.016 222 206 206
-0.08 0.24 0.016 181 158 173
-0.08 0.248 0.016 115 105 107
-0.088 0.192 0.024 230 215 214
-0.08 0.192 0.024 230 215 214
-0.08 0.2 0.024 230 215 214
-0.08 0.208 0.024 222 210 214
-0.072 0.208 0.024 239 219 222
-0.072 0.216 0.024 222 215 214
-0.072 0.224 0.024 222 206 206
-0.08 0.24 0.024 222 202 206
-0.088 0.192 0.032 230 215 214
-0.08 0.192 0.032 239 219 222
-0.088 0.2 0.032 222 210 206
-0.08 0.2 0.032 230 215 214
-0.08 0.208 0.032 222 215 206
-0.08 0.216 0.032 222 206 206
-0.072 0.216 0.032 230 215 214
-0.072 0.224 0.032 222 210 206
-0.072 0.232 0.032 181 178 165
-0.08 0.24 0.032 206 174 181
-0.096 0.192 0.04 222 210 206
-0.088 0.192 0.04 239 219 214
-0.088 0.2 0.04 222 215 214
-0.088 0.208 0.04 222 206 206
-0.08 0.208 0.04 239 219 214
-0.08 0.216 0.04 222 210 206
-0.08 0.224 0.04 222 202 197
-0.072 0.224 0.04 173 178 156
-0.072 0.232 0.04 173 154 156
-0.08 0.24 0.04 165 174 148
-0.104 0.192 0.048 222 210 206
-0.096 0.192 0.048 222 206 206
-0.096 0.2 0.048 222 206 206
-0.096 0.208 0.048 222 206 206
-0.088 0.216 0.048 222 202 197
-0.088 0.224 0.048 222 202 197
-0.08 0.232 0.048 214 198 197
-0.08 0.24 0.048 206 182 189
-0.128 0.192 0.056 206 158 206
-0.12 0.192 0.056 181 162 173
-0.128 0.2 0.056 189 142 189
-0.12 0.2 0.056 181 154 173
-0.12 0.208 0.056 197 138 189
-0.112 0.208 0.056 173 154 165
-0.12 0.216 0.056 222 150 206
-0.112 0.216 0.056 189 154 181
-0.112 0.224 0.056 222 178 206
-0.104 0.224 0.056 206 182 189
-0.112 0.232 0.056 222 174 206
-0.104 0.232 0.056 214 174 206
-0.112 0.24 0.056 165 142 156
-0.104 0.24 0.056 214 190 197
-0.096 0.24 0.056 173 170 156
-0.104 0.248 0.056 181 166 165
-0.096 0.248 0.056 165 158 156
-0.088 0.248 0.056 189 174 181
-0.256 0 -0.064 74 61 74
-0.248 0 -0.064 74 77 74
-0.24 0 -0.064 123 101 123
-0.232 0 -0.064 82 73 82
-0.224 0 -0.064 82 77 90
-0.24 0.008 -0.064 107 101 107
-0.232 0.008 -0.064 82 81 82
-0.256 0.024 -0.064 99 97 90
-0.256 0.032 -0.064 74 65 74
-0.256 0.04 -0.064 107 105 82
-0.248 0.048 -0.064 197 53 41
-0.256 0 -0.056 41 45 41
-0.248 0 -0.056 49 53 49
-0.24 0 -0.056 58 65 66
-0.232 0 -0.056 90 77 90
-0.224 0 -0.056 107 89 99
-0.248 0.008 -0.056 58 61 58
-0.248 0.016 -0.056 99 73 90
-0.256 0.024 -0.056 90 89 82
-0.256 0.04 -0.056 90 89 82
-0.256 0.048 -0.056 90 113 82
-0.24 0 -0.048 8 32 25
-0.2 0.008 -0.048 90 105 90
-0.24 0.016 -0.048 82 77 74
-0.216 0.016 -0.048 107 121 99
-0.24 0.024 -0.048 74 81 66
-0.216 0.024 -0.048 132 121 115
-0.208 0.024 -0.048 115 117 99
-0.224 0.032 -0.048 107 109 99
-0.216 0.032 -0.048 123 85 66
-0.208 0.032 -0.048 107 89 90
-0.216 0 -0.04 66 36 58
-0.208 0 -0.04 33 61 41
-0.2 0 -0.04 33 36 33
-0.216 0.008 -0.04 74 89 66
-0.208 0.008 -0.04 82 81 82
-0.2 0.008 -0.04 90 77 90
-0.224 0.016 -0.04 74 77 66
-0.208 0.016 -0.04 115 113 107
-0.2 0.016 -0.04 123 117 107
-0.224 0.024 -0.04 74 73 74
-0.208 0.024 -0.04 115 113 107
-0.2 0.024 -0.04 115 121 107
-0.24 0 -0.032 148 142 165
-0.232 0 -0.032 123 125 132
-0.224 0 -0.032 165 134 165
-0.216 0 -0.032 82 77 74
-0.208 0 -0.032 90 65 82
-0.2 0 -0.032 99 81 99
-0.24 0.008 -0.032 148 154 173
-0.232 0.008 -0.032 140 134 140
-0.224 0.008 -0.032 148 134 156
-0.216 0.008 -0.032 41 40 41
-0.208 0.008 -0.032 41 49 41
-0.2 0.008 -0.032 58 77 58
-0.232 0.016 -0.032 123 125 132
-0.224 0.016 -0.032 148 117 148
-0.216 0.016 -0.032 49 45 49
-0.208 0.016 -0.032 74 73 66
-0.2 0.016 -0.032 66 73 66
-0.208 0.024 -0.032 66 85 74
-0.2 0.024 -0.032 74 81 82
-0.208 0.032 -0.032 41 65 49
-0.2 0.032 -0.032 82 77 74
-0.2 0.04 -0.032 33 36 33
-0.256 0 -0.024 66 77 66
-0.248 0 -0.024 82 81 82
-0.232 0 -0.024 115 109 115
-0.256 0.008 -0.024 41 69 82
-0.248 0.008 -0.024 41 69 82
-0.24 0.008 -0.024 49 73 115
-0.232 0.008 -0.024 115 105 132
-0.256 0.016 -0.024 33 93 140
-0.248 0.016 -0.024 33 93 140
-0.24 0.016 -0.024 33 85 123
-0.232 0.016 -0.024 49 101 123
-0.224 0.016 -0.024 33 117 115
-0.216 0.016 -0.024 132 138 140
-0.256 0.024 -0.024 25 93 132
-0.248 0.024 -0.024 33 89 123
-0.24 0.024 -0.024 25 85 115
-0.232 0.024 -0.024 49 109 148
-0.224 0.024 -0.024 33 109 115
-0.216 0.024 -0.024 123 130 148
-0.256 0.032 -0.024 33 97 140
-0.248 0.032 -0.024 41 89 123
-0.24 0.032 -0.024 25 77 115
-0.232 0.032 -0.024 49 109 148
-0.224 0.032 -0.024 33 97 123
-0.216 0.032 -0.024 123 130 148
-0.208 0.032 -0.024 132 130 148
-0.256 0.04 -0.024 33 101 148
-0.248 0.04 -0.024 41 89 140
-0.24 0.04 -0.024 33 105 181
-0.232 0.04 -0.024 49 117 140
-0.224 0.04 -0.024 49 105 132
-0.216 0.04 -0.024 132 134 156
-0.208 0.04 -0.024 140 138 148
-0.248 0.048 -0.024 33 101 140
-0.24 0.048 -0.024 33 117 197
-0.232 0.048 -0.024 49 109 140
-0.224 0.048 -0.024 49 109 140
-0.216 0.048 -0.024 132 146 156
-0.208 0.048 -0.024 140 138 156
-0.2 0.048 -0.024 140 138 148
-0.256 0.056 -0.024 33 101 148
-0.248 0.056 -0.024 41 89 140
-0.24 0.056 -0.024 33 117 197
-0.232 0.056 -0.024 41 117 173
-0.224 0.056 -0.024 49 113 148
-0.216 0.056 -0.024 140 142 156
-0.208 0.056 -0.024 140 138 148
-0.2 0.056 -0.024 132 134 148
-0.256 0 -0.016 16 16 16
-0.232 0 -0.016 25 20 33
-0.256 0.008 -0.016 49 40 49
-0.24 0.008 -0.016 33 45 66
-0.256 0.016 -0.016 49 97 165
-0.248 0.016 -0.016 49 105 181
-0.24 0.016 -0.016 49 117 189
-0.256 0.024 -0.016 33 138 214
-0.248 0.024 -0.016 41 142 214
-0.24 0.024 -0.016 33 142 222
-0.232 0.024 -0.016 49 146 214
-0.256 0.032 -0.016 49 146 214
-0.248 0.032 -0.016 25 138 214
-0.24 0.032 -0.016 33 138 222
-0.232 0.032 -0.016 33 138 222
-0.256 0.04 -0.016 33 138 214
-0.248 0.04 -0.016 33 134 214
-0.24 0.04 -0.016 33 142 222
-0.232 0.04 -0.016 33 138 214
-0.256 0.048 -0.016 33 138 214
-0.248 0.048 -0.016 33 138 214
-0.24 0.048 -0.016 33 138 222
-0.232 0.048 -0.016 33 138 214
-0.256 0.056 -0.016 33 138 214
-0.248 0.056 -0.016 41 134 214
-0.24 0.056 -0.016 33 138 214
-0.232 0.056 -0.016 41 138 214
-0.256 0 -0.008 16 20 25
-0.256 0.008 -0.008 33 28 33
-0.248 0.008 -0.008 25 32 25
-0.24 0.008 -0.008 58 49 66
-0.256 0.016 -0.008 41 69 115
-0.248 0.016 -0.008 58 81 132
-0.24 0.016 -0.008 41 89 148
-0.256 0.024 -0.008 49 146 222
-0.248 0.024 -0.008 25 134 214
-0.24 0.024 -0.008 33 142 214
-0.232 0.024 -0.008 33 142 222
-0.256 0.032 -0.008 41 142 214
-0.248 0.032 -0.008 41 142 206
-0.24 0.032 -0.008 41 142 222
-0.232 0.032 -0.008 33 142 222
-0.256 0.04 -0.008 33 138 214
-0.248 0.04 -0.008 41 142 222
-0.24 0.04 -0.008 33 142 222
-0.232 0.04 -0.008 33 138 214
-0.256 0.048 -0.008 33 134 214
-0.248 0.048 -0.008 41 138 222
-0.24 0.048 -0.008 33 138 214
-0.232 0.048 -0.008 33 138 214
-0.256 0.056 -0.008 33 134 214
-0.248 0.056 -0.008 41 138 214
-0.24 0.056 -0.008 41 138 214
-0.232 0.056 -0.008 41 142 222
-0.208 0.192 -0.08 230 215 214
-0.2 0.192 -0.08 214 194 206
-0.208 0.2 -0.08 206 194 197
-0.232 0.192 -0.072 156 146 148
-0.224 0.192 -0.072 156 138 140
-0.216 0.192 -0.072 148 142 140
-0.224 0.2 -0.072 165 154 148
-0.216 0.2 -0.072 173 158 156
-0.224 0.208 -0.072 173 150 156
-0.216 0.208 -0.072 197 178 197
-0.208 0.208 -0.072 156 150 148
-0.216 0.216 -0.072 156 130 123
-0.208 0.216 -0.072 156 134 132
-0.2 0.216 -0.072 189 178 156
-0.208 0.224 -0.072 156 150 132
-0.2 0.224 -0.072 206 190 165
-0.04 0.256 -0.064 173 166 165
-0.032 0.256 -0.064 123 130 115
-0.032 0.264 -0.064 123 138 123
-0.032 0.272 -0.064 140 134 132
-0.032 0.28 -0.064 123 138 123
-0.024 0.304 -0.064 66 77 41
-0.024 0.312 -0.064 58 81 41
-0.016 0.312 -0.064 74 61 66
-0.048 0.256 -0.056 206 194 206
-0.04 0.256 -0.056 197 206 197
-0.04 0.264 -0.056 197 198 197
-0.032 0.264 -0.056 181 186 181
-0.032 0.272 -0.056 189 194 189
-0.024 0.28 -0.056 173 170 165
-0.024 0.288 -0.056 107 134 99
-0.024 0.296 -0.056 107 117 99
-0.016 0.312 -0.056 90 89 82
-0.056 0.256 -0.048 107 117 107
-0.064 0.264 -0.048 99 113 99
-0.056 0.264 -0.048 90 97 82
-0.048 0.264 -0.048 74 97 66
-0.056 0.272 -0.048 58 65 58
-0.048 0.272 -0.048 33 65 33
-0.04 0.272 -0.048 49 61 49
-0.048 0.28 -0.048 58 65 58
-0.04 0.28 -0.048 33 36 25
-0.032 0.28 -0.048 123 121 115
-0.04 0.288 -0.048 58 61 58
-0.032 0.288 -0.048 99 109 99
-0.024 0.288 -0.048 165 158 165
-0.032 0.296 -0.048 132 109 123
-0.024 0.296 -0.048 165 166 165
-0.024 0.304 -0.048 197 178 197
-0.016 0.304 -0.048 148 142 140
-0.016 0.312 -0.048 156 150 148
-0.064 0.256 -0.04 82 45 49
-0.064 0.264 -0.04 0 12 0
-0.064 0.272 -0.04 0 4 8
-0.056 0.272 -0.04 16 20 25
-0.056 0.28 -0.04 25 28 33
-0.048 0.28 -0.04 49 45 49
-0.048 0.288 -0.04 58 61 58
-0.04 0.288 -0.04 66 69 66
-0.048 0.296 -0.04 66 73 66
-0.04 0.296 -0.04 66 65 66
-0.032 0.296 -0.04 74 69 74
-0.04 0.304 -0.04 58 61 58
-0.032 0.304 -0.04 66 69 66
-0.024 0.304 -0.04 99 109 99
-0.032 0.312 -0.04 74 69 66
-0.024 0.312 -0.04 99 113 99
-0.016 0.312 -0.04 132 158 132
-0.064 0.256 -0.032 74 85 82
-0.064 0.264 -0.032 74 85 74
-0.064 0.272 -0.032 66 77 66
-0.064 0.28 -0.032 90 77 82
-0.056 0.28 -0.032 41 57 49
-0.056 0.288 -0.032 49 49 49
-0.048 0.288 -0.032 58 53 58
-0.056 0.296 -0.032 41 53 49
-0.048 0.296 -0.032 49 53 49
-0.048 0.304 -0.032 41 45 33
-0.04 0.304 -0.032 33 40 33
-0.04 0.312 -0.032 58 57 58
-0.032 0.312 -0.032 25 49 33
-0.064 0.264 -0.024 123 121 107
-0.064 0.272 -0.024 99 113 99
-0.064 0.28 -0.024 123 113 107
-0.056 0.28 -0.024 107 117 107
-0.056 0.288 -0.024 107 117 99
-0.056 0.296 -0.024 82 93 82
-0.048 0.296 -0.024 90 77 90
-0.048 0.304 -0.024 74 69 74
-0.048 0.312 -0.024 58 53 58
-0.04 0.312 -0.024 82 69 49
-0.064 0.256 -0.016 148 117 82
-0.064 0.264 -0.016 99 101 66
-0.064 0.272 -0.016 74 89 74
-0.056 0.272 -0.016 115 105 90
-0.056 0.28 -0.016 82 105 82
-0.056 0.288 -0.016 58 89 58
-0.056 0.296 -0.016 49 69 58
-0.048 0.296 -0.016 58 69 49
-0.048 0.304 -0.016 33 36 25
-0.048 0.312 -0.016 74 53 41
-0.04 0.312 -0.016 90 57 58
-0.064 0.264 -0.008 132 101 82
-0.064 0.272 -0.008 66 77 41
-0.064 0.28 -0.008 41 53 8
-0.056 0.28 -0.008 58 49 16
-0.064 0.288 -0.008 58 53 33
-0.056 0.288 -0.008 41 53 41
-0.056 0.296 -0.008 49 57 58
-0.056 0.304 -0.008 66 65 66
-0.048 0.304 -0.008 41 61 33
-0.048 0.312 -0.008 49 57 41
-0.072 0.2 -0.24 173 174 165
-0.072 0.208 -0.24 148 154 140
-0.072 0.192 -0.232 181 182 173
-0.072 0.2 -0.232 189 190 181
-0.072 0.208 -0.232 148 154 148
-0.072 0.216 -0.232 173 170 165
-0.08 0.192 -0.224 173 178 173
-0.072 0.192 -0.224 173 186 173
-0.072 0.2 -0.224 189 190 181
-0.072 0.208 -0.224 181 178 173
-0.072 0.216 -0.224 197 198 189
-0.072 0.224 -0.224 197 198 189
-0.08 0.192 -0.216 181 178 173
-0.072 0.2 -0.216 181 186 173
-0.072 0.208 -0.216 189 190 173
-0.072 0.216 -0.216 181 186 173
-0.072 0.224 -0.216 189 190 181
-0.072 0.2 -0.208 189 174 181
-0.072 0.208 -0.208 173 166 165
-0.072 0.216 -0.208 173 170 165
-0.072 0.224 -0.208 173 158 165
-0.072 0.192 -0.2 222 186 197
-0.08 0.2 -0.2 214 210 189
-0.072 0.2 -0.2 206 182 181
-0.072 0.208 -0.2 140 138 132
-0.072 0.216 -0.2 148 150 148
-0.072 0.224 -0.2 132 134 132
-0.024 -0.28 -0.224 181 198 206
-0.032 -0.28 -0.216 181 194 197
-0.024 -0.28 -0.216 189 198 206
-0.024 -0.272 -0.216 189 198 197
-0.032 -0.288 -0.208 189 198 206
-0.032 -0.28 -0.208 181 194 197
-0.024 -0.28 -0.208 189 198 197
-0.024 -0.264 -0.208 189 198 197
-0.048 -0.32 -0.2 25 40 0
-0.048 -0.312 -0.2 41 61 33
-0.056 -0.304 -0.2 206 190 99
-0.048 -0.304 -0.2 156 121 99
-0.064 -0.296 -0.2 165 158 41
-0.056 -0.296 -0.2 189 182 74
-0.048 -0.296 -0.2 197 162 90
-0.04 -0.296 -0.2 115 138 123
-0.032 -0.288 -0.2 189 198 197
-0.024 -0.288 -0.2 189 202 206
-0.032 -0.28 -0.2 189 198 206
-0.024 -0.28 -0.2 189 198 206
-0.032 -0.272 -0.2 206 202 197
-0.024 -0.272 -0.2 189 198 206
-0.016 -0.272 -0.2 181 198 206
-0.024 -0.264 -0.2 189 198 206
-0.232 -0.128 -0.064 41 36 49
-0.224 -0.128 -0.064 49 45 49
-0.2 -0.128 -0.064 8 16 16
-0.256 -0.12 -0.064 206 186 197
-0.248 -0.12 -0.064 132 125 132
-0.24 -0.12 -0.064 140 121 140
-0.232 -0.12 -0.064 66 73 74
-0.224 -0.12 -0.064 82 77 82
-0.248 -0.112 -0.064 140 138 140
-0.24 -0.112 -0.064 140 138 140
-0.224 -0.112 -0.064 82 85 82
-0.256 -0.104 -0.064 197 194 189
-0.248 -0.104 -0.064 197 190 189
-0.232 -0.104 -0.064 156 162 156
-0.256 -0.096 -0.064 181 178 173
-0.248 -0.096 -0.064 189 190 181
-0.24 -0.096 -0.064 197 198 189
-0.256 -0.088 -0.064 197 198 189
-0.248 -0.088 -0.064 197 202 189
-0.24 -0.088 -0.064 189 186 181
-0.256 -0.08 -0.064 214 190 214
-0.248 -0.08 -0.064 214 215 214
-0.24 -0.08 -0.064 214 202 206
-0.248 -0.072 -0.064 165 170 140
-0.24 -0.072 -0.064 206 215 206
-0.208 -0.072 -0.064 148 158 156
-0.24 -0.128 -0.056 33 49 33
-0.232 -0.128 -0.056 8 16 8
-0.216 -0.128 -0.056 58 45 58
-0.208 -0.128 -0.056 41 28 41
-0.2 -0.128 -0.056 8 16 16
-0.256 -0.12 -0.056 140 142 132
-0.248 -0.12 -0.056 140 125 140
-0.24 -0.12 -0.056 115 109 115
-0.208 -0.12 -0.056 90 81 99
-0.2 -0.12 -0.056 74 81 74
-0.256 -0.112 -0.056 140 150 132
-0.248 -0.112 -0.056 148 142 140
-0.2 -0.112 -0.056 74 77 74
-0.256 -0.104 -0.056 165 150 148
-0.248 -0.104 -0.056 165 154 156
-0.24 -0.104 -0.056 165 150 165
-0.256 -0.096 -0.056 140 158 140
-0.248 -0.096 -0.056 165 162 156
-0.208 -0.096 -0.056 41 89 41
-0.256 -0.088 -0.056 140 138 140
-0.248 -0.088 -0.056 156 150 140
-0.208 -0.088 -0.056 49 49 49
-0.256 -0.08 -0.056 148 150 148
-0.248 -0.08 -0.056 189 178 181
-0.208 -0.08 -0.056 66 69 74
-0.256 -0.072 -0.056 156 146 90
-0.248 -0.072 -0.056 206 198 197
-0.216 -0.072 -0.056 107 125 115
-0.208 -0.072 -0.056 66 101 82
-0.24 -0.128 -0.048 41 93 41
-0.224 -0.128 -0.048 25 32 25
-0.216 -0.128 -0.048 25 24 25
-0.208 -0.128 -0.048 8 12 8
-0.256 -0.12 -0.048 206 194 197
-0.248 -0.12 -0.048 197 186 189
-0.24 -0.12 -0.048 140 154 148
-0.2 -0.12 -0.048 82 65 82
-0.256 -0.112 -0.048 197 198 197
-0.248 -0.112 -0.048 181 182 181
-0.24 -0.112 -0.048 148 134 148
-0.232 -0.112 -0.048 123 121 123
-0.208 -0.112 -0.048 58 57 58
-0.256 -0.104 -0.048 181 186 189
-0.248 -0.104 -0.048 181 182 181
-0.208 -0.104 -0.048 58 65 58
-0.256 -0.096 -0.048 181 182 181
-0.248 -0.096 -0.048 181 178 181
-0.208 -0.096 -0.048 74 77 82
-0.256 -0.088 -0.048 181 174 181
-0.248 -0.088 -0.048 189 174 181
-0.216 -0.088 -0.048 58 65 66
-0.256 -0.08 -0.048 165 162 156
-0.216 -0.08 -0.048 99 93 99
-0.2 -0.08 -0.048 107 93 107
-0.256 -0.072 -0.048 173 162 173
-0.216 -0.072 -0.048 115 125 123
-0.224 -0.128 -0.04 132 138 148
-0.216 -0.128 -0.04 115 109 140
-0.208 -0.128 -0.04 90 93 107
-0.224 -0.128 -0.032 247 235 247
-0.216 -0.128 -0.032 222 227 247
-0.208 -0.128 -0.032 230 227 247
-0.2 -0.128 -0.032 255 255 255
-0.24 -0.128 -0.024 239 231 230
-0.216 -0.128 -0.024 247 235 239
-0.208 -0.128 -0.024 255 251 255
-0.2 -0.128 -0.024 255 255 255
-0.24 -0.12 -0.024 255 255 255
-0.24 -0.112 -0.024 255 255 255
-0.208 -0.088 -0.024 255 251 255
-0.208 -0.08 -0.024 255 255 255
-0.208 -0.072 -0.024 239 243 247
-0.248 -0.128 -0.016 255 255 255
-0.2 -0.128 -0.016 255 255 255
-0.24 -0.12 -0.016 255 255 255
-0.24 -0.112 -0.016 255 255 255
-0.24 -0.104 -0.016 255 255 255
-0.256 -0.128 -0.008 255 255 255
-0.248 -0.128 -0.008 255 255 255
-0.24 -0.112 -0.008 255 255 247
-0.2 -0.08 -0.008 255 255 247
-0.2 -0.072 -0.008 255 243 239
-0.08 0.192 -0.192 222 210 197
-0.072 0.192 -0.192 214 210 189
-0.08 0.2 -0.192 222 210 206
-0.072 0.2 -0.192 197 162 181
-0.072 0.208 -0.192 156 166 148
-0.072 0.216 -0.192 140 146 132
-0.072 0.224 -0.192 189 186 181
-0.08 0.192 -0.184 222 215 197
-0.072 0.192 -0.184 222 215 197
-0.08 0.2 -0.184 222 215 197
-0.072 0.2 -0.184 189 182 181
-0.072 0.208 -0.184 189 178 173
-0.072 0.216 -0.184 173 174 165
-0.072 0.224 -0.184 173 178 165
-0.072 0.232 -0.184 181 178 165
-0.08 0.192 -0.176 222 202 197
-0.072 0.2 -0.176 181 178 173
-0.072 0.208 -0.176 189 190 173
-0.072 0.216 -0.176 181 182 173
-0.072 0.224 -0.176 181 186 173
-0.072 0.232 -0.176 189 178 173
-0.072 0.2 -0.168 173 174 165
-0.072 0.208 -0.168 189 174 181
-0.072 0.216 -0.168 165 154 165
-0.072 0.224 -0.168 173 162 173
-0.072 0.232 -0.168 173 154 165
-0.072 0.192 -0.16 173 170 165
-0.072 0.208 -0.16 115 138 115
-0.072 0.216 -0.16 132 138 132
-0.072 0.224 -0.16 123 138 123
-0.072 0.232 -0.16 140 142 140
-0.072 0.208 -0.152 156 170 148
-0.072 0.216 -0.152 181 186 173
-0.072 0.224 -0.152 181 186 173
-0.072 0.232 -0.152 181 182 173
-0.072 0.208 -0.144 181 190 173
-0.072 0.216 -0.144 197 206 189
-0.072 0.224 -0.144 197 206 189
-0.072 0.232 -0.144 197 194 197
-0.072 0.2 -0.136 206 210 197
-0.072 0.208 -0.136 214 215 206
-0.072 0.216 -0.136 206 210 197
-0.072 0.224 -0.136 214 215 206
-0.072 0.232 -0.136 206 210 197
-0.072 0.24 -0.136 214 206 197
-0.072 0.256 -0.128 189 194 181
-0.072 0.256 -0.12 140 150 132
-0.072 0.264 -0.12 140 142 132
-0.072 0.272 -0.12 132 138 115
-0.08 0.256 -0.112 123 130 115
-0.072 0.256 -0.112 99 101 82
-0.08 0.264 -0.112 123 138 115
-0.072 0.264 -0.112 82 85 66
-0.072 0.272 -0.112 82 81 82
-0.072 0.28 -0.112 99 89 90
-0.072 0.288 -0.112 107 105 99
-0.08 0.256 -0.104 132 146 123
-0.08 0.264 -0.104 140 134 140
-0.08 0.272 -0.104 123 154 115
-0.072 0.272 -0.104 123 125 115
-0.08 0.28 -0.104 140 158 132
-0.072 0.28 -0.104 123 130 115
-0.072 0.288 -0.104 123 142 115
-0.128 0.256 -0.096 214 206 189
-0.088 0.256 -0.096 214 215 206
-0.08 0.256 -0.096 206 198 197
-0.088 0.264 -0.096 214 215 206
-0.08 0.264 -0.096 214 210 206
-0.08 0.272 -0.096 206 194 189
-0.08 0.28 -0.096 197 206 181
-0.072 0.28 -0.096 140 158 132
-0.08 0.288 -0.096 197 206 189
-0.072 0.288 -0.096 156 174 148
-0.072 0.296 -0.096 189 190 181
-0.088 0.256 -0.088 214 215 206
-0.088 0.264 -0.088 214 215 206
-0.088 0.272 -0.088 222 210 206
-0.08 0.272 -0.088 222 215 206
-0.088 0.28 -0.088 189 178 173
-0.08 0.28 -0.088 214 210 206
-0.08 0.288 -0.088 214 210 197
-0.072 0.288 -0.088 214 210 197
-0.08 0.296 -0.088 222 210 206
-0.072 0.296 -0.088 222 215 206
-0.096 0.256 -0.08 189 182 173
-0.088 0.256 -0.08 173 174 156
-0.096 0.264 -0.08 165 166 140
-0.088 0.264 -0.08 156 134 115
-0.088 0.272 -0.08 165 93 90
-0.072 0.272 -0.08 214 125 123
-0.088 0.28 -0.08 181 61 49
-0.08 0.28 -0.08 181 113 115
-0.072 0.28 -0.08 222 206 206
-0.08 0.288 -0.08 156 117 123
-0.08 0.296 -0.08 189 162 156
-0.08 0.304 -0.08 222 215 214
-0.096 0.256 -0.072 99 93 74
-0.096 0.264 -0.072 115 89 82
-0.088 0.264 -0.072 197 36 33
-0.088 0.272 -0.072 181 32 33
-0.088 0.28 -0.072 107 0 0
-0.08 0.28 -0.072 58 24 25
-0.072 0.28 -0.072 99 81 74
-0.08 0.288 -0.072 123 85 99
-0.08 0.296 -0.072 132 105 115
-0.08 0.304 -0.072 206 210 206
-0.192 0.128 -0.064 115 138 132
-0.184 0.128 -0.064 140 130 132
-0.168 0.128 -0.064 66 69 66
-0.192 0.136 -0.064 90 113 107
-0.184 0.136 -0.064 107 89 107
-0.192 0.144 -0.064 107 109 107
-0.184 0.144 -0.064 115 105 115
-0.192 0.152 -0.064 99 101 90
-0.192 0.176 -0.064 156 154 156
-0.144 0.176 -0.064 173 142 156
-0.192 0.184 -0.064 156 154 156
-0.136 0.184 -0.064 25 40 41
-0.144 0.168 -0.056 230 150 123
-0.136 0.168 -0.056 115 117 74
-0.144 0.176 -0.056 148 101 115
-0.144 0.184 -0.056 33 45 33
-0.136 0.16 -0.048 140 125 115
-0.144 0.168 -0.048 214 138 115
-0.136 0.168 -0.048 74 93 74
-0.152 0.176 -0.048 230 150 132
-0.136 0.176 -0.048 33 36 33
-0.16 0.184 -0.048 222 166 140
-0.144 0.184 -0.048 25 32 25
-0.136 0.184 -0.048 33 32 33
-0.136 0.128 -0.04 123 121 115
-0.136 0.136 -0.04 115 105 99
-0.136 0.144 -0.04 115 109 99
-0.136 0.152 -0.04 115 101 74
-0.144 0.16 -0.04 132 121 99
-0.136 0.16 -0.04 165 154 148
-0.144 0.168 -0.04 165 142 107
-0.136 0.168 -0.04 123 130 115
-0.152 0.176 -0.04 222 182 156
-0.136 0.176 -0.04 107 105 107
-0.16 0.184 -0.04 197 186 156
-0.144 0.184 -0.04 90 109 82
-0.144 0.128 -0.032 115 125 107
-0.136 0.128 -0.032 74 32 25
-0.144 0.136 -0.032 82 73 49
-0.136 0.136 -0.032 90 81 33
-0.144 0.144 -0.032 99 97 49
-0.136 0.144 -0.032 165 146 140
-0.152 0.152 -0.032 181 146 140
-0.144 0.152 -0.032 189 162 148
-0.168 0.16 -0.032 156 154 132
-0.16 0.16 -0.032 247 186 173
-0.152 0.16 -0.032 222 190 165
-0.136 0.16 -0.032 148 142 115
-0.192 0.168 -0.032 115 121 115
-0.176 0.168 -0.032 115 93 82
-0.168 0.168 -0.032 123 117 107
-0.16 0.168 -0.032 214 154 148
-0.152 0.168 -0.032 181 138 107
-0.144 0.168 -0.032 140 138 107
-0.192 0.176 -0.032 132 134 140
-0.184 0.176 -0.032 132 105 140
-0.176 0.176 -0.032 123 109 115
-0.168 0.176 -0.032 107 109 90
-0.16 0.176 -0.032 165 130 140
-0.144 0.176 -0.032 90 89 82
-0.192 0.184 -0.032 132 117 132
-0.184 0.184 -0.032 140 117 140
-0.176 0.184 -0.032 132 109 123
-0.144 0.184 -0.032 66 77 58
-0.192 0.128 -0.024 165 162 165
-0.184 0.128 -0.024 148 154 148
-0.176 0.128 -0.024 148 138 148
-0.168 0.128 -0.024 115 105 115
-0.16 0.128 -0.024 74 105 66
-0.152 0.128 -0.024 107 93 99
-0.192 0.136 -0.024 165 182 165
-0.184 0.136 -0.024 123 138 132
-0.176 0.136 -0.024 107 85 107
-0.168 0.136 -0.024 148 134 148
-0.16 0.136 -0.024 115 121 115
-0.176 0.144 -0.024 173 142 165
-0.168 0.144 -0.024 156 142 156
-0.16 0.144 -0.024 123 146 132
-0.184 0.128 -0.016 123 101 115
-0.168 0.128 -0.016 140 134 132
-0.16 0.128 -0.016 82 125 90
-0.152 0.128 -0.016 189 154 206
-0.144 0.128 -0.016 255 219 247
-0.136 0.128 -0.016 156 154 165
-0.176 0.136 -0.016 99 138 107
-0.168 0.136 -0.016 99 134 90
-0.168 0.144 -0.016 239 194 230
-0.176 0.152 -0.016 255 251 255
-0.168 0.152 -0.016 247 239 239
-0.176 0.16 -0.016 255 251 247
-0.168 0.16 -0.016 255 247 247
-0.152 0.168 -0.016 156 154 156
-0.184 0.128 -0.008 74 73 74
-0.176 0.128 -0.008 82 69 66
-0.168 0.128 -0.008 90 89 74
-0.16 0.128 -0.008 82 61 66
-0.144 0.128 -0.008 247 231 239
-0.136 0.128 -0.008 230 219 230
-0.184 0.136 -0.008 74 65 74
-0.176 0.136 -0.008 41 69 41
-0.168 0.136 -0.008 82 109 74
-0.184 0.144 -0.008 156 130 148
-0.168 0.144 -0.008 255 210 247
-0.184 0.152 -0.008 255 255 255
-0.176 0.152 -0.008 255 251 255
-0.168 0.152 -0.008 255 247 255
-0.184 0.16 -0.008 255 255 255
-0.176 0.16 -0.008 255 255 255
-0.168 0.16 -0.008 255 255 255
-0.16 0.16 -0.008 156 154 156
-0.152 0.192 -0.088 165 150 156
-0.144 0.192 -0.088 90 77 82
-0.144 0.2 -0.088 230 206 214
-0.136 0.2 -0.088 230 231 214
-0.144 0.208 -0.088 230 231 214
-0.136 0.208 -0.088 230 231 214
-0.136 0.216 -0.088 230 227 214
-0.16 0.192 -0.08 222 215 206
-0.152 0.192 -0.08 214 210 197
-0.144 0.192 -0.08 222 219 206
-0.168 0.2 -0.08 148 166 140
-0.16 0.2 -0.08 148 146 140
-0.152 0.2 -0.08 181 178 165
-0.144 0.2 -0.08 222 223 206
-0.136 0.2 -0.08 230 227 214
-0.168 0.208 -0.08 74 97 66
-0.16 0.208 -0.08 140 125 123
-0.144 0.208 -0.08 181 174 165
-0.136 0.208 -0.08 230 227 214
-0.152 0.216 -0.08 132 113 123
-0.144 0.216 -0.08 165 134 156
-0.136 0.216 -0.08 189 186 181
-0.136 0.224 -0.08 156 154 148
-0.144 0.232 -0.08 82 113 90
-0.136 0.232 -0.08 107 105 115
-0.144 0.24 -0.08 66 89 66
-0.136 0.24 -0.08 148 130 140
-0.144 0.248 -0.08 140 142 123
-0.136 0.248 -0.08 140 134 115
-0.176 0.192 -0.072 189 158 107
-0.168 0.192 -0.072 214 194 173
-0.16 0.192 -0.072 156 158 148
-0.192 0.2 -0.072 189 190 181
-0.184 0.2 -0.072 173 154 156
-0.176 0.2 -0.072 189 190 173
-0.168 0.2 -0.072 115 125 99
-0.16 0.2 -0.072 58 65 58
-0.152 0.2 -0.072 66 65 58
-0.192 0.208 -0.072 181 178 148
-0.184 0.208 -0.072 156 150 123
-0.176 0.208 -0.072 115 134 99
-0.168 0.208 -0.072 74 77 66
-0.16 0.208 -0.072 66 69 66
-0.152 0.208 -0.072 49 57 58
-0.144 0.208 -0.072 66 45 74
-0.192 0.216 -0.072 197 182 173
-0.184 0.216 -0.072 107 125 99
-0.16 0.216 -0.072 41 45 41
-0.152 0.216 -0.072 99 93 99
-0.144 0.216 -0.072 132 97 99
-0.192 0.224 -0.072 214 194 173
-0.16 0.224 -0.072 74 65 66
-0.152 0.224 -0.072 99 125 74
-0.144 0.224 -0.072 74 109 41
-0.136 0.224 -0.072 66 89 66
-0.152 0.232 -0.072 90 113 41
-0.144 0.232 -0.072 107 130 41
-0.136 0.232 -0.072 58 97 41
-0.152 0.24 -0.072 140 162 49
-0.144 0.24 -0.072 99 150 49
-0.136 0.24 -0.072 156 174 132
-0.144 0.248 -0.072 165 210 123
-0.136 0.256 -0.08 181 178 156
-0.136 0.264 -0.08 222 219 197
-0.144 0.256 -0.072 230 223 197
-0.136 0.256 -0.072 230 223 197
-0.144 0.264 -0.072 230 223 197
-0.144 0.272 -0.072 230 223 206
-0.12 0.192 -0.064 74 101 66
-0.12 0.2 -0.064 33 45 33
-0.112 0.2 -0.064 58 61 58
-0.112 0.208 -0.064 115 117 123
-0.104 0.208 -0.064 107 105 115
-0.096 0.216 -0.064 156 154 156
-0.088 0.216 -0.064 156 154 156
-0.112 0.224 -0.064 156 170 156
-0.096 0.224 -0.064 74 57 41
-0.088 0.224 -0.064 156 154 156
-0.12 0.232 -0.064 206 202 189
-0.112 0.232 -0.064 156 182 148
-0.104 0.232 -0.064 41 45 33
-0.088 0.232 -0.064 156 154 156
-0.08 0.232 -0.064 156 154 156
-0.128 0.24 -0.064 222 215 197
-0.104 0.24 -0.064 58 53 25
-0.08 0.24 -0.064 156 154 156
-0.104 0.248 -0.064 58 45 33
-0.096 0.248 -0.064 82 61 41
-0.072 0.248 -0.064 156 154 156
-0.12 0.192 -0.056 49 69 25
-0.112 0.192 -0.056 25 65 16
-0.072 0.192 -0.056 123 113 107
-0.112 0.2 -0.056 90 130 82
-0.104 0.2 -0.056 156 154 156
-0.12 0.208 -0.056 66 117 41
-0.104 0.208 -0.056 206 202 189
-0.096 0.208 -0.056 156 154 156
-0.112 0.216 -0.056 206 198 181
-0.096 0.216 -0.056 156 154 156
-0.12 0.224 -0.056 197 198 165
-0.112 0.224 -0.056 206 210 181
-0.104 0.224 -0.056 107 138 90
-0.096 0.224 -0.056 41 45 33
-0.088 0.224 -0.056 156 154 156
-0.112 0.232 -0.056 115 142 99
-0.104 0.232 -0.056 49 40 25
-0.088 0.232 -0.056 156 154 156
-0.08 0.232 -0.056 156 154 156
-0.104 0.24 -0.056 41 36 25
-0.104 0.248 -0.056 82 61 41
-0.096 0.248 -0.056 74 65 41
-0.08 0.248 -0.056 156 154 156
-0.112 0.192 -0.048 132 134 41
-0.072 0.192 -0.048 49 40 33
-0.128 0.2 -0.048 99 105 25
-0.112 0.2 -0.048 156 166 123
-0.104 0.2 -0.048 156 154 156
-0.12 0.208 -0.048 115 154 33
-0.104 0.208 -0.048 181 194 140
-0.096 0.208 -0.048 156 154 156
-0.12 0.216 -0.048 156 178 123
-0.112 0.216 -0.048 181 194 148
-0.096 0.216 -0.048 156 154 156
-0.112 0.224 -0.048 206 210 148
-0.104 0.224 -0.048 115 138 82
-0.096 0.224 -0.048 107 85 82
-0.088 0.224 -0.048 156 154 156
-0.112 0.232 -0.048 123 146 82
-0.104 0.232 -0.048 90 85 74
-0.096 0.232 -0.048 115 97 82
-0.088 0.232 -0.048 156 154 156
-0.08 0.232 -0.048 156 154 156
-0.128 0.24 -0.048 156 154 156
-0.104 0.24 -0.048 123 105 99
-0.088 0.24 -0.048 181 170 156
-0.08 0.24 -0.048 156 154 156
-0.104 0.248 -0.048 82 93 74
-0.096 0.248 -0.048 173 166 148
-0.08 0.248 -0.048 156 154 156
-0.112 0.192 -0.04 90 134 16
-0.072 0.192 -0.04 58 69 49
-0.128 0.2 -0.04 115 146 33
-0.104 0.2 -0.04 156 154 156
-0.128 0.208 -0.04 82 130 25
-0.12 0.208 -0.04 58 130 33
-0.104 0.208 -0.04 156 194 99
-0.12 0.216 -0.04 123 174 90
-0.112 0.216 -0.04 181 206 148
-0.096 0.216 -0.04 156 154 156
-0.112 0.224 -0.04 132 158 66
-0.104 0.224 -0.04 140 150 107
-0.096 0.224 -0.04 115 105 90
-0.088 0.224 -0.04 156 154 156
-0.112 0.232 -0.04 156 134 115
-0.104 0.232 -0.04 99 101 90
-0.096 0.232 -0.04 107 97 90
-0.088 0.232 -0.04 156 154 156
-0.08 0.232 -0.04 156 154 156
-0.104 0.24 -0.04 123 109 115
-0.088 0.24 -0.04 156 154 140
-0.08 0.24 -0.04 156 154 156
-0.104 0.248 -0.04 156 154 140
-0.096 0.248 -0.04 140 146 140
-0.08 0.248 -0.04 156 154 156
-0.112 0.192 -0.032 115 142 58
-0.072 0.192 -0.032 99 109 82
-0.104 0.2 -0.032 197 202 181
-0.096 0.2 -0.032 115 138 74
-0.104 0.216 -0.032 132 101 99
-0.096 0.216 -0.032 156 154 156
-0.112 0.224 -0.032 66 73 33
-0.096 0.224 -0.032 140 130 115
-0.088 0.224 -0.032 156 154 156
-0.112 0.232 -0.032 132 105 123
-0.104 0.232 -0.032 156 154 140
-0.088 0.232 -0.032 156 154 156
-0.08 0.232 -0.032 189 186 189
-0.104 0.24 -0.032 189 174 173
-0.08 0.24 -0.032 25 28 25
-0.104 0.248 -0.032 197 182 197
-0.096 0.248 -0.032 214 206 206
-0.088 0.248 -0.032 222 223 222
-0.072 0.192 -0.024 181 174 173
-0.096 0.2 -0.024 140 117 115
-0.104 0.216 -0.024 115 101 107
-0.096 0.216 -0.024 165 150 156
-0.096 0.224 -0.024 206 174 206
-0.088 0.224 -0.024 148 158 156
-0.08 0.224 -0.024 165 182 173
-0.128 0.232 -0.024 156 154 156
-0.088 0.232 -0.024 165 170 165
-0.088 0.248 -0.024 148 162 148
-0.08 0.192 -0.016 214 194 214
-0.072 0.192 -0.016 222 210 222
-0.072 0.2 -0.016 214 206 214
-0.072 0.24 -0.016 74 57 49
-0.072 0.248 -0.016 115 101 90
-0.08 0.192 -0.008 206 194 206
-0.072 0.192 -0.008 230 210 222
-0.072 0.2 -0.008 230 215 214
-0.072 0.208 -0.008 222 210 214
-0.072 0.232 -0.008 115 113 107
-0.072 0.24 -0.008 99 61 66
-0.072 0.248 -0.008 107 69 49
-0.136 0.04 -0.216 8 4 8
-0.136 0.048 -0.216 0 0 0
-0.136 0.056 -0.216 0 4 8
-0.136 0.032 -0.208 0 0 0
-0.136 0.04 -0.208 0 0 0
-0.136 0.048 -0.208 0 4 0
-0.136 0.056 -0.208 8 8 8
-0.136 0.032 -0.2 0 0 0
-0.136 0.048 -0.2 0 0 0
-0.136 0.056 -0.2 8 0 8
-0.232 0.192 0 255 255 255
-0.224 0.192 0 255 255 255
-0.232 0.2 0 255 255 255
-0.224 0.2 0 255 255 255
-0.232 0.208 0 255 255 255
-0.224 0.208 0 255 255 255
-0.232 0.216 0 255 255 255
-0.224 0.216 0 255 255 255
-0.232 0.224 0 255 255 255
-0.224 0.224 0 255 251 255
-0.232 0.232 0 255 255 255
-0.224 0.232 0 255 255 255
-0.24 0.192 0.008 255 239 239
-0.232 0.192 0.008 247 243 239
-0.232 0.2 0.008 255 247 247
-0.232 0.208 0.008 255 255 255
-0.224 0.208 0.008 255 251 255
-0.2 0.208 0.008 255 255 255
-0.232 0.216 0.008 255 255 255
-0.224 0.216 0.008 255 251 255
-0.208 0.216 0.008 255 251 247
-0.232 0.224 0.008 255 255 255
-0.224 0.224 0.008 255 251 255
-0.216 0.224 0.008 255 251 255
-0.232 0.232 0.008 255 255 255
-0.24 0.192 0.016 239 219 222
-0.232 0.192 0.016 247 235 230
-0.24 0.2 0.016 247 239 230
-0.232 0.2 0.016 255 247 247
-0.232 0.208 0.016 255 247 239
-0.2 0.208 0.016 255 255 255
-0.232 0.216 0.016 255 251 255
-0.208 0.216 0.016 255 251 247
-0.232 0.224 0.016 255 251 255
-0.216 0.224 0.016 255 247 247
-0.232 0.232 0.016 255 255 255
-0.24 0.192 0.024 230 227 222
-0.232 0.192 0.024 247 239 230
-0.24 0.2 0.024 239 227 230
-0.232 0.2 0.024 239 239 222
-0.24 0.208 0.024 255 239 239
-0.232 0.208 0.024 255 243 239
-0.2 0.208 0.024 255 255 255
-0.24 0.216 0.024 255 243 239
-0.232 0.216 0.024 255 251 247
-0.208 0.216 0.024 255 255 255
-0.2 0.216 0.024 255 255 255
-0.24 0.224 0.024 255 255 255
-0.232 0.224 0.024 255 251 255
-0.224 0.224 0.024 255 251 247
-0.216 0.224 0.024 255 247 247
-0.24 0.232 0.024 255 255 255
-0.232 0.232 0.024 255 251 247
-0.24 0.192 0.032 255 239 230
-0.24 0.2 0.032 255 247 239
-0.232 0.2 0.032 255 247 239
-0.2 0.2 0.032 255 251 247
-0.24 0.208 0.032 255 247 239
-0.232 0.208 0.032 255 247 239
-0.2 0.208 0.032 255 251 247
-0.24 0.216 0.032 255 251 247
-0.232 0.216 0.032 255 247 247
-0.2 0.216 0.032 255 251 247
-0.24 0.224 0.032 255 255 255
-0.232 0.224 0.032 255 247 247
-0.224 0.224 0.032 255 247 247
-0.24 0.232 0.032 255 255 255
-0.232 0.232 0.032 255 247 247
-0.248 0.192 0.04 181 178 165
-0.24 0.192 0.04 255 239 230
-0.24 0.2 0.04 255 243 239
-0.24 0.208 0.04 255 243 239
-0.2 0.208 0.04 255 247 239
-0.24 0.216 0.04 255 243 239
-0.232 0.216 0.04 255 247 247
-0.2 0.216 0.04 255 247 247
-0.24 0.224 0.04 255 243 247
-0.224 0.224 0.04 255 243 239
-0.24 0.232 0.04 255 251 247
-0.232 0.232 0.04 255 243 239
-0.248 0.192 0.048 181 162 165
-0.24 0.192 0.048 247 215 222
-0.248 0.2 0.048 255 227 230
-0.24 0.2 0.048 255 239 230
-0.24 0.208 0.048 255 239 230
-0.2 0.208 0.048 255 243 239
-0.24 0.216 0.048 255 239 239
-0.208 0.216 0.048 255 243 239
-0.2 0.216 0.048 255 243 239
-0.24 0.224 0.048 255 239 239
-0.224 0.224 0.048 255 239 230
-0.24 0.232 0.048 255 243 239
-0.232 0.232 0.048 255 243 239
-0.248 0.192 0.056 189 150 165
-0.2 0.192 0.056 255 239 230
-0.248 0.2 0.056 247 219 214
-0.24 0.2 0.056 247 223 214
-0.208 0.2 0.056 255 239 230
-0.2 0.2 0.056 255 235 230
-0.248 0.208 0.056 247 223 222
-0.24 0.208 0.056 247 219 222
-0.248 0.216 0.056 255 239 230
-0.24 0.216 0.056 255 239 230
-0.216 0.216 0.056 255 243 230
-0.208 0.216 0.056 255 239 230
-0.2 0.216 0.056 255 239 230
-0.248 0.224 0.056 255 235 230
-0.24 0.224 0.056 255 235 230
-0.224 0.224 0.056 255 239 230
-0.248 0.232 0.056 255 243 239
-0.24 0.232 0.056 255 239 230
-0.048 -0.232 -0.272 222 219 222
-0.048 -0.224 -0.272 206 210 214
-0.04 -0.224 -0.272 214 210 214
-0.04 -0.216 -0.272 140 150 140
-0.032 -0.216 -0.272 132 130 123
-0.04 -0.208 -0.272 115 113 99
-0.032 -0.208 -0.272 132 121 115
-0.04 -0.2 -0.272 66 69 49
-0.032 -0.2 -0.272 66 73 58
-0.056 -0.232 -0.264 222 219 222
-0.056 -0.224 -0.264 214 215 214
-0.048 -0.224 -0.264 214 215 214
-0.04 -0.224 -0.264 214 215 222
-0.056 -0.216 -0.264 214 210 214
-0.048 -0.216 -0.264 189 198 189
-0.04 -0.216 -0.264 181 198 181
-0.032 -0.216 -0.264 173 174 165
-0.056 -0.208 -0.264 140 138 132
-0.048 -0.208 -0.264 123 125 123
-0.04 -0.208 -0.264 123 121 123
-0.032 -0.208 -0.264 123 121 115
-0.048 -0.2 -0.264 115 97 99
-0.04 -0.2 -0.264 123 109 115
-0.032 -0.2 -0.264 99 97 90
-0.064 0.112 -0.064 41 45 41
-0.032 -0.256 -0.192 206 198 197
-0.024 -0.256 -0.192 189 198 197
-0.032 -0.248 -0.192 189 186 181
-0.024 -0.248 -0.192 189 198 197
-0.04 -0.24 -0.192 181 182 173
-0.032 -0.24 -0.192 173 186 181
-0.04 -0.232 -0.192 197 198 189
-0.032 -0.232 -0.192 165 174 165
-0.048 -0.224 -0.192 197 194 197
-0.04 -0.224 -0.192 189 186 181
-0.032 -0.224 -0.192 173 174 173
-0.056 -0.216 -0.192 107 113 123
-0.048 -0.216 -0.192 148 150 140
-0.04 -0.216 -0.192 181 178 173
-0.064 -0.208 -0.192 99 113 115
-0.056 -0.208 -0.192 123 142 140
-0.048 -0.208 -0.192 123 134 132
-0.064 -0.2 -0.192 90 101 115
-0.056 -0.2 -0.192 90 125 123
-0.048 -0.2 -0.192 156 158 165
-0.04 -0.256 -0.184 189 186 156
-0.032 -0.256 -0.184 189 194 189
-0.04 -0.248 -0.184 156 170 165
-0.032 -0.248 -0.184 197 190 189
-0.024 -0.248 -0.184 189 198 197
-0.04 -0.24 -0.184 181 186 181
-0.032 -0.24 -0.184 173 178 173
-0.04 -0.232 -0.184 189 186 181
-0.032 -0.232 -0.184 181 182 181
-0.048 -0.224 -0.184 197 194 189
-0.04 -0.224 -0.184 189 194 189
-0.024 -0.224 -0.184 173 182 181
-0.064 -0.216 -0.184 107 113 115
-0.056 -0.216 -0.184 115 138 123
-0.048 -0.216 -0.184 173 174 173
-0.04 -0.216 -0.184 173 174 165
-0.032 -0.216 -0.184 173 178 165
-0.064 -0.208 -0.184 99 113 123
-0.056 -0.208 -0.184 123 142 148
-0.048 -0.208 -0.184 99 113 107
-0.064 -0.2 -0.184 107 125 132
-0.056 -0.2 -0.184 99 113 123
-0.056 -0.256 -0.176 189 194 181
-0.048 -0.256 -0.176 206 190 132
-0.04 -0.256 -0.176 181 174 107
-0.032 -0.256 -0.176 197 190 173
-0.048 -0.248 -0.176 197 194 197
-0.04 -0.248 -0.176 181 178 173
-0.048 -0.24 -0.176 206 206 197
-0.04 -0.24 -0.176 197 194 189
-0.048 -0.232 -0.176 181 186 173
-0.04 -0.232 -0.176 206 202 197
-0.056 -0.224 -0.176 156 170 156
-0.048 -0.224 -0.176 189 190 189
-0.04 -0.224 -0.176 189 190 181
-0.064 -0.216 -0.176 99 121 107
-0.056 -0.216 -0.176 115 130 115
-0.048 -0.216 -0.176 189 190 189
-0.064 -0.208 -0.176 99 109 115
-0.056 -0.208 -0.176 123 130 140
-0.064 -0.2 -0.176 107 117 123
-0.048 -0.256 -0.168 206 198 181
-0.056 -0.248 -0.168 189 198 181
-0.048 -0.248 -0.168 197 202 197
-0.064 -0.24 -0.168 165 182 173
-0.056 -0.24 -0.168 206 206 206
-0.048 -0.24 -0.168 181 178 165
-0.04 -0.24 -0.168 206 198 189
-0.064 -0.232 -0.168 165 170 165
-0.056 -0.232 -0.168 206 202 197
-0.048 -0.232 -0.168 214 206 197
-0.04 -0.232 -0.168 197 198 189
-0.064 -0.224 -0.168 173 178 165
-0.056 -0.224 -0.168 140 154 132
-0.048 -0.224 -0.168 189 186 181
-0.064 -0.216 -0.168 189 186 181
-0.056 -0.216 -0.168 140 146 148
-0.064 -0.208 -0.168 90 109 99
-0.064 -0.2 -0.168 99 117 123
-0.048 -0.24 -0.16 206 206 206
-0.056 -0.232 -0.16 181 190 181
-0.048 -0.232 -0.16 206 202 197
-0.064 -0.224 -0.16 197 194 189
-0.056 -0.224 -0.16 197 190 189
-0.064 -0.216 -0.16 197 194 189
-0.096 0.128 -0.128 123 117 123
-0.08 0.128 -0.128 33 36 33
-0.096 0.136 -0.128 99 121 99
-0.088 0.136 -0.128 49 49 49
-0.096 0.144 -0.128 90 117 90
-0.088 0.144 -0.128 49 49 33
-0.088 0.152 -0.128 58 53 41
-0.08 0.152 -0.128 41 40 25
-0.088 0.16 -0.128 123 109 107
-0.08 0.16 -0.128 115 105 107
-0.088 0.168 -0.128 206 182 181
-0.08 0.168 -0.128 214 190 189
-0.08 0.176 -0.128 206 198 173
-0.08 0.184 -0.128 206 206 181
-0.072 0.184 -0.128 222 215 197
-0.096 0.128 -0.12 115 101 123
-0.088 0.128 -0.12 123 117 115
-0.096 0.136 -0.12 115 146 115
-0.088 0.136 -0.12 132 113 132
-0.088 0.144 -0.12 123 121 115
-0.088 0.152 -0.12 132 130 115
-0.088 0.16 -0.12 197 170 189
-0.08 0.168 -0.12 206 194 181
-0.08 0.176 -0.12 206 194 173
-0.08 0.184 -0.12 197 194 181
-0.096 0.128 -0.112 140 134 140
-0.088 0.128 -0.112 173 130 165
-0.072 0.128 -0.112 156 154 156
-0.096 0.136 -0.112 156 158 148
-0.088 0.136 -0.112 148 113 140
-0.096 0.144 -0.112 132 130 132
-0.088 0.144 -0.112 181 146 173
-0.096 0.152 -0.112 132 125 132
-0.088 0.152 -0.112 197 150 181
-0.08 0.16 -0.112 230 219 222
-0.08 0.168 -0.112 206 202 181
-0.08 0.176 -0.112 197 194 173
-0.104 0.128 -0.104 132 130 123
-0.096 0.128 -0.104 148 146 148
-0.088 0.128 -0.104 165 154 156
-0.112 0.136 -0.104 165 158 156
-0.104 0.136 -0.104 165 162 165
-0.096 0.136 -0.104 156 162 156
-0.088 0.136 -0.104 148 130 132
-0.072 0.136 -0.104 214 190 206
-0.112 0.144 -0.104 165 158 156
-0.104 0.144 -0.104 165 162 165
-0.096 0.144 -0.104 181 178 181
-0.088 0.144 -0.104 148 130 140
-0.112 0.152 -0.104 148 154 140
-0.104 0.152 -0.104 165 162 165
-0.096 0.152 -0.104 165 166 165
-0.088 0.152 -0.104 156 158 148
-0.112 0.16 -0.104 156 158 156
-0.104 0.16 -0.104 156 162 156
-0.096 0.16 -0.104 165 166 156
-0.112 0.168 -0.104 148 154 148
-0.072 0.168 -0.104 206 198 189
-0.072 0.176 -0.104 197 198 181
-0.112 0.128 -0.096 107 105 107
-0.104 0.128 -0.096 132 138 123
-0.096 0.128 -0.096 173 166 165
-0.088 0.128 -0.096 148 150 140
-0.072 0.128 -0.096 156 150 140
-0.112 0.136 -0.096 140 142 140
-0.104 0.136 -0.096 156 154 156
-0.096 0.136 -0.096 173 170 173
-0.072 0.136 -0.096 165 154 148
-0.12 0.144 -0.096 148 146 148
-0.112 0.144 -0.096 156 150 148
-0.104 0.144 -0.096 165 162 156
-0.096 0.144 -0.096 173 162 156
-0.088 0.144 -0.096 165 162 165
-0.08 0.144 -0.096 148 154 140
-0.072 0.144 -0.096 148 158 148
-0.128 0.152 -0.096 148 146 140
-0.12 0.152 -0.096 148 146 148
-0.112 0.152 -0.096 140 138 140
-0.104 0.152 -0.096 165 162 156
-0.096 0.152 -0.096 165 166 165
-0.128 0.16 -0.096 132 134 123
-0.12 0.16 -0.096 140 138 132
-0.112 0.16 -0.096 123 130 115
-0.104 0.16 -0.096 140 142 132
-0.128 0.168 -0.096 66 69 58
-0.12 0.168 -0.096 107 85 99
-0.112 0.168 -0.096 66 77 58
-0.128 0.176 -0.096 8 28 8
-0.12 0.176 -0.096 25 32 16
-0.128 0.128 -0.088 99 105 99
-0.12 0.128 -0.088 99 93 90
-0.112 0.128 -0.088 99 97 90
-0.104 0.128 -0.088 41 77 33
-0.096 0.128 -0.088 90 93 90
-0.088 0.128 -0.088 90 93 90
-0.072 0.128 -0.088 148 146 140
-0.128 0.136 -0.088 58 65 58
-0.12 0.136 -0.088 82 89 74
-0.112 0.136 -0.088 148 146 140
-0.104 0.136 -0.088 33 69 33
-0.096 0.136 -0.088 49 61 49
-0.088 0.136 -0.088 90 97 90
-0.08 0.136 -0.088 90 89 90
-0.128 0.144 -0.088 132 134 132
-0.12 0.144 -0.088 140 142 132
-0.112 0.144 -0.088 140 142 132
-0.104 0.144 -0.088 16 53 16
-0.096 0.144 -0.088 41 65 41
-0.088 0.144 -0.088 99 101 99
-0.08 0.144 -0.088 74 81 74
-0.128 0.152 -0.088 123 117 115
-0.12 0.152 -0.088 123 125 123
-0.112 0.152 -0.088 107 113 99
-0.104 0.152 -0.088 132 93 123
-0.096 0.152 -0.088 74 73 74
-0.128 0.16 -0.088 58 69 58
-0.12 0.16 -0.088 58 57 49
-0.112 0.16 -0.088 41 57 33
-0.104 0.16 -0.088 90 73 90
-0.128 0.168 -0.088 16 16 16
-0.12 0.168 -0.088 8 12 8
-0.128 0.176 -0.088 33 32 33
-0.128 0.128 -0.08 74 81 74
-0.12 0.128 -0.08 41 57 41
-0.112 0.128 -0.08 74 77 66
-0.096 0.128 -0.08 41 36 41
-0.08 0.128 -0.08 99 93 99
-0.128 0.136 -0.08 33 32 25
-0.12 0.136 -0.08 33 24 33
-0.096 0.136 -0.08 49 36 49
-0.08 0.136 -0.08 90 93 90
-0.072 0.136 -0.08 74 77 74
-0.128 0.144 -0.08 74 93 66
-0.12 0.144 -0.08 25 61 25
-0.104 0.144 -0.08 99 81 99
-0.096 0.144 -0.08 123 117 123
-0.088 0.144 -0.08 82 89 82
-0.128 0.152 -0.08 132 134 123
-0.12 0.152 -0.08 25 40 25
-0.104 0.152 -0.08 140 134 140
-0.096 0.152 -0.08 82 89 82
-0.128 0.16 -0.08 107 113 107
-0.12 0.16 -0.08 74 65 66
-0.112 0.16 -0.08 90 93 74
-0.128 0.168 -0.08 90 89 82
-0.12 0.168 -0.08 74 65 66
-0.128 0.176 -0.08 99 73 82
-0.128 0.184 -0.08 181 150 173
-0.072 0.16 -0.072 99 97 90
-0.128 0.168 -0.072 115 101 107
-0.12 0.168 -0.072 90 85 90
-0.08 0.168 -0.072 90 77 90
-0.072 0.168 -0.072 82 101 82
-0.096 0.176 -0.072 82 105 82
-0.08 0.176 -0.072 107 101 107
-0.072 0.176 -0.072 206 210 206
-0.112 0.184 -0.072 197 198 189
-0.28 0.256 -0.048 206 219 197
-0.272 0.256 -0.048 165 162 165
-0.264 0.256 -0.048 165 158 165
-0.28 0.264 -0.048 197 223 197
-0.272 0.264 -0.048 189 174 181
-0.264 0.264 -0.048 173 162 173
-0.28 0.272 -0.048 222 227 222
-0.272 0.272 -0.048 222 190 206
-0.264 0.272 -0.048 173 166 165
-0.272 0.28 -0.048 230 210 230
-0.264 0.28 -0.048 189 202 189
-0.272 0.288 -0.048 239 235 239
-0.264 0.288 -0.048 206 198 189
-0.288 0.256 -0.04 222 223 222
-0.296 0.264 -0.04 239 251 247
-0.288 0.264 -0.04 255 251 247
-0.288 0.272 -0.04 255 255 255
-0.28 0.272 -0.04 255 255 255
-0.288 0.28 -0.04 255 255 255
-0.28 0.28 -0.04 255 255 255
-0.288 0.288 -0.04 255 255 255
-0.28 0.288 -0.04 255 255 255
-0.288 0.296 -0.04 255 255 255
-0.28 0.296 -0.04 255 255 255
-0.296 0.264 -0.032 239 239 230
-0.304 0.272 -0.032 255 255 255
-0.296 0.272 -0.032 255 251 255
-0.288 0.272 -0.032 255 255 255
-0.296 0.28 -0.032 255 255 255
-0.288 0.28 -0.032 255 255 255
-0.296 0.288 -0.032 255 255 255
-0.288 0.288 -0.032 255 255 255
-0.296 0.296 -0.032 255 255 255
-0.288 0.296 -0.032 255 255 255
-0.28 0.296 -0.032 255 255 255
-0.288 0.304 -0.032 255 255 255
-0.304 0.272 -0.024 255 255 255
-0.296 0.272 -0.024 255 255 255
-0.304 0.28 -0.024 255 255 255
-0.296 0.28 -0.024 255 255 255
-0.304 0.288 -0.024 255 255 255
-0.296 0.288 -0.024 255 255 255
-0.296 0.296 -0.024 255 255 255
-0.288 0.296 -0.024 255 255 255
-0.296 0.304 -0.024 255 255 255
-0.296 0.256 -0.016 156 142 140
-0.304 0.264 -0.016 197 190 189
-0.304 0.272 -0.016 255 255 255
-0.312 0.28 -0.016 255 255 255
-0.304 0.28 -0.016 255 255 255
-0.312 0.288 -0.016 255 255 255
-0.304 0.288 -0.016 255 255 255
-0.296 0.288 -0.016 255 255 255
-0.304 0.296 -0.016 255 255 255
-0.296 0.296 -0.016 255 255 255
-0.304 0.304 -0.016 255 255 255
-0.304 0.312 -0.016 255 255 255
-0.136 0.128 -0.192 8 8 8
-0.136 0.136 -0.192 0 4 0
-0.136 0.144 -0.192 58 49 49
-0.136 0.128 -0.184 8 12 0
-0.136 0.136 -0.184 16 20 16
-0.136 0.144 -0.184 66 61 49
-0.136 0.152 -0.184 74 81 66
-0.136 0.136 -0.176 41 40 41
-0.136 0.144 -0.176 90 85 82
-0.136 0.16 -0.096 115 117 107
-0.136 0.168 -0.096 82 69 82
-0.136 0.176 -0.096 8 20 8
-0.136 0.152 -0.088 132 130 132
-0.144 0.16 -0.088 140 142 140
-0.136 0.16 -0.088 115 117 115
-0.152 0.168 -0.088 140 142 140
-0.144 0.168 -0.088 132 134 132
-0.136 0.168 -0.088 66 77 66
-0.152 0.176 -0.088 140 138 132
-0.144 0.176 -0.088 99 113 99
-0.136 0.176 -0.088 66 69 66
-0.152 0.184 -0.088 140 142 132
-0.144 0.184 -0.088 90 89 90
-0.136 0.184 -0.088 58 53 58
-0.168 0.128 -0.08 82 93 82
-0.16 0.128 -0.08 74 65 74
-0.144 0.128 -0.08 82 77 82
-0.136 0.128 -0.08 90 85 82
-0.168 0.136 -0.08 49 73 58
-0.16 0.136 -0.08 74 81 74
-0.144 0.136 -0.08 90 85 74
-0.136 0.136 -0.08 33 45 33
-0.168 0.144 -0.08 49 81 49
-0.16 0.144 -0.08 99 89 99
-0.136 0.144 -0.08 82 81 82
-0.168 0.152 -0.08 99 85 99
-0.16 0.152 -0.08 99 77 99
-0.144 0.152 -0.08 148 125 140
-0.136 0.152 -0.08 148 146 140
-0.176 0.16 -0.08 123 97 123
-0.168 0.16 -0.08 115 109 99
-0.16 0.16 -0.08 132 121 123
-0.152 0.16 -0.08 148 138 140
-0.144 0.16 -0.08 148 142 140
-0.176 0.168 -0.08 140 142 140
-0.168 0.168 -0.08 140 134 132
-0.16 0.168 -0.08 140 138 140
-0.144 0.168 -0.08 140 142 140
-0.176 0.176 -0.08 132 134 132
-0.168 0.176 -0.08 148 142 140
-0.16 0.176 -0.08 148 138 132
-0.144 0.176 -0.08 165 150 148
-0.176 0.184 -0.08 156 142 140
-0.168 0.184 -0.08 189 162 132
-0.16 0.184 -0.08 189 170 173
-0.152 0.184 -0.08 197 186 181
-0.136 0.184 -0.08 206 186 197
-0.176 0.128 -0.072 99 101 107
-0.168 0.128 -0.072 90 97 99
-0.16 0.128 -0.072 107 101 107
-0.152 0.128 -0.072 74 85 74
-0.144 0.128 -0.072 90 97 90
-0.176 0.136 -0.072 99 89 90
-0.168 0.136 -0.072 99 93 90
-0.152 0.136 -0.072 82 69 82
-0.144 0.136 -0.072 90 89 90
-0.184 0.144 -0.072 66 69 66
-0.176 0.144 -0.072 115 93 115
-0.168 0.144 -0.072 99 93 99
-0.16 0.144 -0.072 107 105 107
-0.152 0.144 -0.072 90 85 90
-0.144 0.144 -0.072 82 89 90
-0.184 0.152 -0.072 74 85 74
-0.176 0.152 -0.072 90 85 82
-0.168 0.152 -0.072 115 113 107
-0.16 0.152 -0.072 123 125 115
-0.144 0.152 -0.072 123 121 115
-0.192 0.16 -0.072 123 101 115
-0.184 0.16 -0.072 107 101 107
-0.16 0.16 -0.072 140 142 132
-0.152 0.16 -0.072 140 138 132
-0.144 0.16 -0.072 148 146 140
-0.168 0.168 -0.072 165 158 156
-0.152 0.168 -0.072 197 182 165
-0.144 0.168 -0.072 181 182 148
-0.176 0.176 -0.072 189 170 156
-0.168 0.176 -0.072 230 190 197
-0.16 0.176 -0.072 181 190 132
-0.152 0.176 -0.072 206 190 156
-0.136 0.176 -0.072 214 215 206
-0.176 0.184 -0.072 206 186 173
-0.16 0.184 -0.072 230 202 156
-0.064 0.256 -0.128 206 206 197
-0.032 0.256 -0.128 115 109 115
-0.064 0.264 -0.128 214 210 206
-0.064 0.272 -0.128 206 210 189
-0.056 0.272 -0.128 206 202 189
-0.04 0.28 -0.128 82 73 82
-0.032 0.28 -0.128 25 32 25
-0.032 0.288 -0.128 8 12 8
-0.024 0.288 -0.128 0 0 0
-0.032 0.296 -0.128 0 0 0
-0.024 0.296 -0.128 0 0 0
-0.016 0.296 -0.128 0 0 0
-0.008 0.296 -0.128 0 0 0
-0.016 0.304 -0.128 0 0 0
-0.008 0.304 -0.128 0 0 0
-0.008 0.312 -0.128 0 0 0
-0.032 0.256 -0.12 132 134 132
-0.064 0.264 -0.12 189 178 181
-0.064 0.272 -0.12 173 178 156
-0.056 0.272 -0.12 206 198 189
-0.064 0.28 -0.12 156 154 140
-0.04 0.28 -0.12 66 73 66
-0.04 0.288 -0.12 58 81 58
-0.032 0.288 -0.12 8 8 8
-0.032 0.296 -0.12 8 16 8
-0.024 0.296 -0.12 0 0 0
-0.016 0.296 -0.12 0 0 0
-0.024 0.304 -0.12 16 12 16
-0.016 0.304 -0.12 0 0 0
-0.008 0.304 -0.12 8 8 8
-0.016 0.312 -0.12 8 12 8
-0.008 0.312 -0.12 25 16 25
-0.032 0.256 -0.112 173 182 173
-0.064 0.272 -0.112 132 130 115
-0.064 0.28 -0.112 123 121 107
-0.04 0.28 -0.112 99 89 99
-0.064 0.288 -0.112 132 130 115
-0.04 0.288 -0.112 74 81 74
-0.032 0.288 -0.112 49 45 49
-0.04 0.296 -0.112 25 45 25
-0.032 0.296 -0.112 41 45 41
-0.024 0.296 -0.112 8 20 16
-0.032 0.304 -0.112 49 45 41
-0.024 0.304 -0.112 33 28 33
-0.016 0.304 -0.112 41 28 33
-0.024 0.312 -0.112 58 53 58
-0.016 0.312 -0.112 49 45 41
-0.008 0.312 -0.112 25 28 25
-0.032 0.256 -0.104 165 178 156
-0.04 0.28 -0.104 99 97 99
-0.04 0.288 -0.104 66 73 66
-0.04 0.296 -0.104 58 69 58
-0.032 0.296 -0.104 66 69 66
-0.032 0.304 -0.104 82 85 82
-0.024 0.304 -0.104 90 85 90
-0.032 0.312 -0.104 99 89 99
-0.024 0.312 -0.104 90 93 90
-0.016 0.312 -0.104 82 81 74
-0.008 0.312 -0.104 74 73 74
-0.032 0.256 -0.096 173 178 165
-0.04 0.288 -0.096 74 77 66
-0.04 0.296 -0.096 41 45 41
-0.04 0.304 -0.096 25 20 16
-0.032 0.304 -0.096 74 73 74
-0.024 0.304 -0.096 140 125 132
-0.032 0.312 -0.096 90 77 82
-0.024 0.312 -0.096 140 142 132
-0.016 0.312 -0.096 148 142 148
-0.032 0.256 -0.088 156 162 156
-0.04 0.28 -0.088 165 166 165
-0.04 0.288 -0.088 58 93 58
-0.04 0.296 -0.088 33 53 25
-0.04 0.304 -0.088 16 16 8
-0.032 0.304 -0.088 41 40 41
-0.032 0.312 -0.088 25 36 25
-0.024 0.312 -0.088 90 89 82
-0.064 0.256 -0.08 214 210 214
-0.032 0.256 -0.08 156 170 156
-0.04 0.28 -0.08 132 125 132
-0.04 0.288 -0.08 41 73 41
-0.04 0.296 -0.08 49 53 41
-0.04 0.304 -0.08 41 45 41
-0.04 0.312 -0.08 33 45 33
-0.032 0.312 -0.08 33 45 33
-0.032 0.256 -0.072 115 113 115
-0.032 0.304 -0.072 74 97 74
-0.032 0.312 -0.072 58 57 58
-0.024 0.312 -0.072 25 24 8
-0.016 0.312 -0.072 8 12 8
-0.008 0.312 -0.072 8 20 8
-0.104 0 -0.128 156 154 165
-0.104 0.008 -0.128 165 162 165
-0.104 0.016 -0.128 140 150 148
-0.088 0.016 -0.128 0 0 0
-0.104 0.024 -0.128 165 142 165
-0.104 0.032 -0.128 156 142 165
-0.096 0.04 -0.128 107 105 107
-0.08 0.04 -0.128 8 12 16
-0.096 0.056 -0.128 222 219 206
-0.104 0 -0.12 181 166 173
-0.088 0 -0.12 107 85 107
-0.104 0.008 -0.12 132 138 123
-0.088 0.008 -0.12 25 32 16
-0.104 0.016 -0.12 99 113 107
-0.088 0.016 -0.12 8 12 8
-0.08 0.016 -0.12 0 0 0
-0.104 0.024 -0.12 115 125 115
-0.088 0.024 -0.12 8 28 8
-0.08 0.024 -0.12 8 0 0
-0.104 0.032 -0.12 140 138 132
-0.096 0.032 -0.12 181 166 189
-0.088 0.032 -0.12 66 89 66
-0.08 0.032 -0.12 8 8 0
-0.096 0.04 -0.12 132 142 132
-0.088 0.04 -0.12 107 105 99
-0.08 0.04 -0.12 8 8 8
-0.072 0.04 -0.12 16 16 25
-0.096 0.048 -0.12 148 138 148
-0.088 0.048 -0.12 115 117 115
-0.08 0.048 -0.12 16 16 16
-0.072 0.048 -0.12 16 12 25
-0.096 0.056 -0.12 148 158 140
-0.088 0.056 -0.12 115 109 107
-0.08 0.056 -0.12 16 16 16
-0.072 0.056 -0.12 33 32 33
-0.112 0 -0.112 49 53 49
-0.104 0 -0.112 123 125 115
-0.08 0 -0.112 16 20 16
-0.112 0.008 -0.112 58 65 66
-0.104 0.008 -0.112 115 117 107
-0.08 0.008 -0.112 82 49 82
-0.072 0.008 -0.112 8 4 0
-0.112 0.016 -0.112 66 69 66
-0.104 0.016 -0.112 74 105 74
-0.08 0.016 -0.112 99 81 99
-0.112 0.024 -0.112 66 69 66
-0.104 0.024 -0.112 107 113 107
-0.08 0.024 -0.112 99 89 99
-0.112 0.032 -0.112 66 73 74
-0.104 0.032 -0.112 107 125 107
-0.08 0.032 -0.112 90 93 90
-0.104 0.04 -0.112 82 97 82
-0.096 0.04 -0.112 156 162 148
-0.104 0.048 -0.112 33 45 41
-0.096 0.048 -0.112 123 121 123
-0.096 0.056 -0.112 197 174 181
-0.12 0 -0.104 66 69 66
-0.112 0 -0.104 66 69 66
-0.12 0.008 -0.104 66 65 66
-0.112 0.008 -0.104 66 69 66
-0.12 0.016 -0.104 66 69 66
-0.112 0.016 -0.104 74 69 74
-0.12 0.024 -0.104 66 73 74
-0.12 0.032 -0.104 66 73 74
-0.112 0.032 -0.104 66 69 74
-0.104 0.032 -0.104 74 73 74
-0.112 0.04 -0.104 74 69 74
-0.104 0.04 -0.104 66 73 66
-0.112 0.048 -0.104 74 73 74
-0.104 0.048 -0.104 41 49 49
-0.104 0.056 -0.104 90 89 90
-0.128 0 -0.096 58 65 66
-0.12 0 -0.096 58 65 66
-0.128 0.008 -0.096 66 65 66
-0.12 0.008 -0.096 66 65 66
-0.128 0.016 -0.096 66 65 66
-0.12 0.016 -0.096 66 69 66
-0.128 0.024 -0.096 66 65 66
-0.12 0.024 -0.096 66 69 66
-0.128 0.032 -0.096 66 69 66
-0.12 0.032 -0.096 66 69 66
-0.112 0.032 -0.096 74 73 74
-0.12 0.04 -0.096 74 73 74
-0.112 0.04 -0.096 74 73 74
-0.104 0.04 -0.096 66 69 74
-0.12 0.048 -0.096 74 73 74
-0.112 0.048 -0.096 66 73 74
-0.104 0.048 -0.096 49 53 49
-0.12 0.056 -0.096 58 61 58
-0.112 0.056 -0.096 66 65 66
-0.104 0.056 -0.096 74 77 74
-0.128 0 -0.088 66 69 66
-0.128 0.008 -0.088 66 61 66
-0.128 0.016 -0.088 66 69 66
-0.128 0.032 -0.088 66 69 66
-0.128 0.04 -0.088 66 65 66
-0.12 0.04 -0.088 66 73 74
-0.128 0.048 -0.088 66 65 74
-0.12 0.048 -0.088 74 69 74
-0.128 0.056 -0.088 49 49 49
-0.12 0.056 -0.088 41 45 41
-0.128 0.04 -0.08 58 65 66
-0.128 0.048 -0.08 66 69 66
-0.128 0.056 -0.08 49 45 41
-0.24 0.128 0 58 101 148
-0.232 0.128 0 58 77 107
-0.24 0.136 0 82 89 107
-0.248 0.144 0 74 85 107
-0.24 0.144 0 90 73 82
-0.232 0.144 0 82 89 74
-0.24 0.152 0 90 81 90
-0.232 0.152 0 107 85 99
-0.24 0.16 0 90 81 82
-0.232 0.16 0 99 81 82
-0.24 0.168 0 82 77 74
-0.232 0.168 0 66 77 66
-0.232 0.176 0 115 93 115
-0.232 0.184 0 230 202 222
-0.248 0.128 0.008 58 134 222
-0.24 0.128 0.008 82 113 156
-0.248 0.136 0.008 74 89 107
-0.24 0.136 0.008 90 97 107
-0.248 0.144 0.008 140 134 165
-0.24 0.144 0.008 165 150 156
-0.248 0.152 0.008 140 138 140
-0.24 0.152 0.008 165 142 156
-0.24 0.16 0.008 148 150 140
-0.232 0.16 0.008 148 150 148
-0.24 0.168 0.008 148 150 148
-0.232 0.168 0.008 140 142 140
-0.24 0.176 0.008 90 81 90
-0.232 0.176 0.008 140 101 123
-0.24 0.184 0.008 115 138 107
-0.232 0.184 0.008 206 194 189
-0.248 0.128 0.016 58 142 222
-0.24 0.128 0.016 74 109 148
-0.248 0.136 0.016 90 93 99
-0.24 0.136 0.016 107 89 99
-0.248 0.144 0.016 132 121 115
-0.24 0.144 0.016 148 142 140
-0.248 0.152 0.016 123 125 123
-0.24 0.152 0.016 165 142 148
-0.24 0.16 0.016 140 134 132
-0.24 0.168 0.016 140 130 140
-0.24 0.176 0.016 66 81 58
-0.232 0.176 0.016 115 101 115
-0.24 0.184 0.016 165 142 156
-0.232 0.184 0.016 247 235 230
-0.248 0.128 0.024 66 146 222
-0.24 0.128 0.024 115 109 132
-0.248 0.136 0.024 107 105 107
-0.256 0.144 0.024 115 121 107
-0.248 0.144 0.024 140 138 132
-0.248 0.152 0.024 140 134 132
-0.24 0.152 0.024 156 138 148
-0.248 0.16 0.024 140 134 140
-0.24 0.16 0.024 148 142 148
-0.248 0.168 0.024 148 134 140
-0.24 0.168 0.024 156 154 148
-0.24 0.176 0.024 90 105 82
-0.24 0.184 0.024 165 142 148
-0.256 0.128 0.032 58 142 214
-0.248 0.128 0.032 74 158 239
-0.2 0.128 0.032 140 142 148
-0.256 0.136 0.032 107 113 132
-0.248 0.136 0.032 115 105 115
-0.2 0.136 0.032 132 142 132
-0.256 0.144 0.032 107 113 99
-0.248 0.144 0.032 132 130 132
-0.2 0.144 0.032 115 121 107
-0.256 0.152 0.032 140 142 140
-0.248 0.152 0.032 115 130 115
-0.248 0.16 0.032 140 130 132
-0.24 0.16 0.032 123 121 123
-0.248 0.168 0.032 140 130 123
-0.24 0.168 0.032 148 125 132
-0.248 0.176 0.032 140 138 140
-0.24 0.176 0.032 123 117 115
-0.24 0.184 0.032 156 138 132
-0.256 0.128 0.04 58 154 222
-0.248 0.128 0.04 66 162 230
-0.2 0.128 0.04 107 109 107
-0.256 0.136 0.04 90 117 156
-0.2 0.136 0.04 123 117 123
-0.256 0.144 0.04 123 109 123
-0.248 0.144 0.04 132 121 140
-0.2 0.144 0.04 115 105 107
-0.256 0.152 0.04 132 121 132
-0.248 0.152 0.04 107 113 107
-0.2 0.152 0.04 132 142 123
-0.256 0.16 0.04 99 101 99
-0.248 0.16 0.04 123 109 115
-0.2 0.16 0.04 247 219 230
-0.248 0.168 0.04 115 113 115
-0.24 0.168 0.04 115 113 115
-0.2 0.168 0.04 255 243 239
-0.248 0.176 0.04 123 113 115
-0.24 0.176 0.04 123 130 123
-0.248 0.184 0.04 123 113 123
-0.24 0.184 0.04 140 125 132
-0.256 0.128 0.048 58 154 222
-0.248 0.128 0.048 82 142 197
-0.208 0.128 0.048 132 134 132
-0.2 0.128 0.048 107 101 115
-0.256 0.136 0.048 99 121 156
-0.208 0.136 0.048 148 150 140
-0.2 0.136 0.048 123 113 123
-0.256 0.144 0.048 123 109 123
-0.248 0.144 0.048 115 109 107
-0.2 0.144 0.048 140 134 132
-0.256 0.152 0.048 107 105 107
-0.248 0.152 0.048 123 109 123
-0.2 0.152 0.048 132 142 115
-0.256 0.16 0.048 132 117 132
-0.248 0.16 0.048 132 125 132
-0.2 0.16 0.048 247 190 222
-0.248 0.168 0.048 132 121 123
-0.2 0.168 0.048 247 231 222
-0.248 0.176 0.048 140 121 115
-0.248 0.184 0.048 132 121 132
-0.24 0.184 0.048 165 146 148
-0.2 0.184 0.048 255 243 239
-0.256 0.128 0.056 74 154 222
-0.208 0.128 0.056 165 142 165
-0.2 0.128 0.056 148 142 148
-0.256 0.136 0.056 99 113 123
-0.208 0.136 0.056 173 162 173
-0.2 0.136 0.056 173 150 173
-0.256 0.144 0.056 99 89 99
-0.208 0.144 0.056 181 170 181
-0.2 0.144 0.056 165 154 156
-0.256 0.152 0.056 115 101 107
-0.256 0.16 0.056 148 130 123
-0.248 0.16 0.056 148 134 115
-0.2 0.16 0.056 173 170 181
-0.256 0.168 0.056 148 130 132
-0.248 0.168 0.056 148 146 132
-0.2 0.168 0.056 247 227 222
-0.256 0.176 0.056 148 142 123
-0.248 0.176 0.056 140 134 115
-0.248 0.184 0.056 173 150 165
-0.064 0.192 -0.064 214 215 206
-0.056 0.192 -0.064 214 210 214
-0.064 0.2 -0.064 214 215 214
-0.056 0.2 -0.064 214 210 206
-0.056 0.208 -0.064 222 210 214
-0.056 0.216 -0.064 189 178 181
-0.048 0.216 -0.064 214 215 206
-0.048 0.224 -0.064 206 194 189
-0.048 0.232 -0.064 206 206 206
-0.048 0.24 -0.064 214 210 206
-0.04 0.24 -0.064 156 158 156
-0.048 0.248 -0.064 206 210 206
-0.04 0.248 -0.064 156 166 156
-0.032 0.248 -0.064 123 125 115
-0.064 0.192 -0.056 156 130 132
-0.064 0.2 -0.056 140 134 132
-0.056 0.2 -0.056 181 174 165
-0.056 0.208 -0.056 148 109 90
-0.056 0.216 -0.056 107 40 8
-0.048 0.216 -0.056 115 97 90
-0.056 0.24 -0.056 156 142 140
-0.056 0.248 -0.056 197 194 197
-0.048 0.248 -0.056 189 194 189
-0.064 0.192 -0.048 66 57 41
-0.064 0.2 -0.048 74 69 58
-0.056 0.2 -0.048 148 146 132
-0.056 0.208 -0.048 107 4 0
-0.056 0.216 -0.048 74 4 8
-0.048 0.216 -0.048 58 28 25
-0.056 0.24 -0.048 148 138 132
-0.056 0.248 -0.048 165 146 165
-0.064 0.192 -0.04 82 81 74
-0.064 0.2 -0.04 107 101 90
-0.056 0.2 -0.04 148 105 82
-0.056 0.208 -0.04 82 16 0
-0.056 0.216 -0.04 41 4 8
-0.048 0.216 -0.04 90 53 58
-0.056 0.24 -0.04 115 69 66
-0.064 0.192 -0.032 140 130 123
-0.064 0.2 -0.032 173 178 156
-0.056 0.208 -0.032 140 105 49
-0.056 0.216 -0.032 132 45 25
-0.056 0.224 -0.032 156 77 49
-0.056 0.232 -0.032 181 81 74
-0.064 0.248 -0.032 107 109 107
-0.064 0.192 -0.024 197 194 197
-0.064 0.2 -0.024 214 215 214
-0.064 0.208 -0.024 156 170 156
-0.064 0.216 -0.024 115 130 115
-0.064 0.224 -0.024 90 89 74
-0.064 0.232 -0.024 74 16 0
-0.064 0.192 -0.016 230 215 222
-0.064 0.2 -0.016 222 206 214
-0.064 0.208 -0.016 156 150 156
-0.064 0.216 -0.016 115 138 115
-0.064 0.248 -0.016 132 125 107
-0.064 0.192 -0.008 239 223 230
-0.064 0.2 -0.008 239 223 222
-0.064 0.208 -0.008 222 210 214
-0.064 0.216 -0.008 173 158 156
-0.288 0.128 0.064 58 150 222
-0.28 0.128 0.064 58 142 214
-0.264 0.128 0.064 74 158 222
-0.264 0.136 0.064 115 146 197
-0.264 0.144 0.064 115 113 123
-0.264 0.152 0.064 140 121 132
-0.264 0.16 0.064 140 130 132
-0.288 0.128 0.072 140 138 148
-0.28 0.128 0.072 107 130 156
-0.272 0.128 0.072 140 150 140
-0.264 0.128 0.072 140 146 148
-0.288 0.136 0.072 123 134 156
-0.272 0.136 0.072 148 142 173
-0.264 0.136 0.072 148 150 173
-0.272 0.144 0.072 132 142 140
-0.264 0.144 0.072 140 142 140
-0.264 0.152 0.072 148 134 148
-0.264 0.16 0.072 165 162 165
-0.296 0.128 0.08 107 105 115
-0.288 0.128 0.08 107 105 115
-0.28 0.128 0.08 123 125 123
-0.272 0.128 0.08 123 125 123
-0.264 0.128 0.08 123 121 123
-0.272 0.136 0.08 123 117 123
-0.264 0.136 0.08 123 121 123
-0.272 0.144 0.08 132 125 123
-0.264 0.144 0.08 132 125 132
-0.272 0.152 0.08 140 134 140
-0.264 0.152 0.08 148 138 140
-0.264 0.16 0.08 156 146 156
-0.264 0.168 0.08 165 162 165
-0.264 0.176 0.08 173 174 173
-0.296 0.128 0.088 123 138 140
-0.288 0.128 0.088 82 125 99
-0.28 0.128 0.088 90 101 115
-0.272 0.128 0.088 82 105 140
-0.296 0.136 0.088 82 117 115
-0.28 0.136 0.088 90 117 140
-0.272 0.136 0.088 74 109 132
-0.272 0.144 0.088 74 93 123
-0.264 0.144 0.088 66 97 140
-0.272 0.152 0.088 90 109 148
-0.264 0.152 0.088 66 121 165
-0.272 0.16 0.088 82 113 140
-0.264 0.16 0.088 58 105 132
-0.264 0.168 0.088 82 109 148
-0.264 0.176 0.088 90 134 181
-0.264 0.184 0.088 115 154 181
-0.304 0.128 0.096 99 121 140
-0.296 0.128 0.096 66 121 173
-0.28 0.128 0.096 41 117 173
-0.296 0.136 0.096 33 109 173
-0.28 0.136 0.096 49 125 173
-0.272 0.136 0.096 41 121 173
-0.28 0.144 0.096 41 117 173
-0.272 0.144 0.096 41 121 181
-0.28 0.152 0.096 33 121 181
-0.272 0.152 0.096 49 125 181
-0.28 0.16 0.096 49 125 181
-0.272 0.16 0.096 41 117 173
-0.264 0.16 0.096 49 121 181
-0.272 0.168 0.096 58 125 173
-0.264 0.168 0.096 49 121 173
-0.272 0.176 0.096 58 125 181
-0.264 0.176 0.096 58 125 173
-0.264 0.184 0.096 115 150 197
-0.304 0.128 0.104 33 105 156
-0.296 0.128 0.104 41 113 173
-0.288 0.128 0.104 33 113 165
-0.28 0.128 0.104 33 109 173
-0.304 0.136 0.104 41 109 173
-0.296 0.136 0.104 41 109 173
-0.288 0.136 0.104 41 117 173
-0.28 0.136 0.104 33 113 173
-0.288 0.144 0.104 33 117 173
-0.28 0.144 0.104 49 121 181
-0.272 0.144 0.104 41 117 173
-0.288 0.152 0.104 49 125 181
-0.28 0.152 0.104 41 113 173
-0.272 0.152 0.104 41 121 181
-0.28 0.16 0.104 49 121 173
-0.272 0.16 0.104 49 117 181
-0.28 0.168 0.104 49 121 181
-0.272 0.168 0.104 49 125 181
-0.272 0.176 0.104 58 125 173
-0.264 0.176 0.104 66 121 173
-0.272 0.184 0.104 58 125 173
-0.264 0.184 0.104 123 162 189
-0.312 0.128 0.112 33 105 165
-0.304 0.128 0.112 25 101 165
-0.296 0.128 0.112 33 117 173
-0.288 0.128 0.112 49 113 165
-0.312 0.136 0.112 25 101 165
-0.304 0.136 0.112 33 105 165
-0.296 0.136 0.112 49 113 173
-0.288 0.136 0.112 41 117 165
-0.28 0.136 0.112 49 113 173
-0.288 0.144 0.112 33 109 165
-0.28 0.144 0.112 41 121 181
-0.288 0.152 0.112 41 117 173
-0.28 0.152 0.112 41 113 165
-0.288 0.16 0.112 41 117 173
-0.28 0.16 0.112 49 117 181
-0.272 0.16 0.112 49 121 173
-0.28 0.168 0.112 41 113 173
-0.272 0.168 0.112 49 117 173
-0.28 0.176 0.112 49 117 173
-0.272 0.176 0.112 41 117 165
-0.264 0.176 0.112 49 121 181
-0.272 0.184 0.112 66 130 173
-0.264 0.184 0.112 41 113 173
-0.312 0.128 0.12 33 101 165
-0.304 0.128 0.12 16 97 156
-0.296 0.128 0.12 25 93 148
-0.288 0.128 0.12 41 105 165
-0.28 0.128 0.12 25 105 165
-0.312 0.136 0.12 33 105 165
-0.304 0.136 0.12 25 97 148
-0.296 0.136 0.12 33 101 156
-0.288 0.136 0.12 25 101 165
-0.28 0.136 0.12 33 105 165
-0.296 0.144 0.12 25 97 156
-0.288 0.144 0.12 33 101 165
-0.28 0.144 0.12 33 109 165
-0.296 0.152 0.12 33 101 156
-0.288 0.152 0.12 33 105 165
-0.28 0.152 0.12 41 105 165
-0.288 0.16 0.12 33 105 165
-0.28 0.16 0.12 33 105 165
-0.288 0.168 0.12 33 105 165
-0.28 0.168 0.12 33 105 165
-0.28 0.176 0.12 41 105 165
-0.28 0.184 0.12 41 109 165
-0.136 -0.168 -0.096 0 0 0
-0.136 -0.16 -0.096 0 0 0
-0.136 -0.152 -0.096 0 0 0
-0.136 -0.144 -0.096 0 0 0
-0.144 -0.136 -0.096 0 0 0
-0.136 -0.136 -0.096 0 8 0
-0.144 -0.176 -0.088 66 73 66
-0.136 -0.176 -0.088 8 16 8
-0.136 -0.168 -0.088 0 0 0
-0.136 -0.16 -0.088 0 0 0
-0.136 -0.152 -0.088 0 0 0
-0.144 -0.144 -0.088 49 49 49
-0.136 -0.144 -0.088 0 4 0
-0.152 -0.136 -0.088 0 0 0
-0.144 -0.136 -0.088 0 0 0
-0.192 -0.192 -0.08 197 198 197
-0.184 -0.192 -0.08 197 198 197
-0.136 -0.192 -0.08 0 0 0
-0.192 -0.184 -0.08 189 194 189
-0.184 -0.184 -0.08 197 198 197
-0.136 -0.184 -0.08 33 24 33
-0.184 -0.176 -0.08 181 182 173
-0.168 -0.176 -0.08 115 101 107
-0.152 -0.176 -0.08 41 45 41
-0.144 -0.176 -0.08 33 28 33
-0.136 -0.176 -0.08 49 49 58
-0.168 -0.168 -0.08 90 85 74
-0.16 -0.168 -0.08 0 16 0
-0.152 -0.168 -0.08 33 36 33
-0.144 -0.168 -0.08 25 28 33
-0.16 -0.16 -0.08 8 12 8
-0.152 -0.16 -0.08 8 12 8
-0.144 -0.16 -0.08 8 12 8
-0.16 -0.152 -0.08 25 28 25
-0.152 -0.152 -0.08 16 16 16
-0.144 -0.152 -0.08 33 40 33
-0.16 -0.144 -0.08 41 36 41
-0.152 -0.144 -0.08 49 57 49
-0.144 -0.144 -0.08 90 93 90
-0.168 -0.136 -0.08 16 20 8
-0.16 -0.136 -0.08 33 36 33
-0.152 -0.136 -0.08 33 36 33
-0.144 -0.136 -0.08 66 61 58
-0.192 -0.192 -0.072 165 162 156
-0.184 -0.192 -0.072 173 154 165
-0.176 -0.192 -0.072 165 150 165
-0.152 -0.192 -0.072 41 32 49
-0.144 -0.192 -0.072 0 0 0
-0.192 -0.184 -0.072 156 162 148
-0.184 -0.184 -0.072 181 186 189
-0.176 -0.184 -0.072 197 198 197
-0.168 -0.184 -0.072 197 186 197
-0.152 -0.184 -0.072 74 77 82
-0.144 -0.184 -0.072 25 24 33
-0.192 -0.176 -0.072 140 154 140
-0.184 -0.176 -0.072 165 154 165
-0.176 -0.176 -0.072 165 150 156
-0.168 -0.176 -0.072 173 146 173
-0.144 -0.176 -0.072 74 121 74
-0.192 -0.168 -0.072 66 109 58
-0.184 -0.168 -0.072 41 40 41
-0.176 -0.168 -0.072 74 57 74
-0.168 -0.168 -0.072 132 97 132
-0.144 -0.168 -0.072 25 89 25
-0.136 -0.168 -0.072 25 32 25
-0.192 -0.16 -0.072 16 20 16
-0.184 -0.16 -0.072 16 20 16
-0.176 -0.16 -0.072 8 20 16
-0.168 -0.16 -0.072 148 130 156
-0.16 -0.16 -0.072 123 105 123
-0.152 -0.16 -0.072 74 53 74
-0.144 -0.16 -0.072 25 24 25
-0.136 -0.16 -0.072 41 40 33
-0.192 -0.152 -0.072 16 20 16
-0.184 -0.152 -0.072 16 20 16
-0.176 -0.152 -0.072 8 16 16
-0.168 -0.152 -0.072 33 28 33
-0.16 -0.152 -0.072 58 45 58
-0.144 -0.152 -0.072 33 28 33
-0.136 -0.152 -0.072 16 24 25
-0.192 -0.144 -0.072 16 16 25
-0.184 -0.144 -0.072 16 20 16
-0.176 -0.144 -0.072 25 24 33
-0.168 -0.144 -0.072 33 28 33
-0.16 -0.144 -0.072 25 32 25
-0.192 -0.136 -0.072 16 16 16
-0.184 -0.136 -0.072 16 16 16
-0.176 -0.136 -0.072 33 32 33
-0.168 -0.136 -0.072 16 36 16
-0.136 -0.136 -0.072 74 77 74
-0.192 0.128 0.064 165 150 165
-0.192 0.136 0.064 173 166 173
-0.192 0.144 0.064 173 170 173
-0.176 0.152 0.064 74 101 140
-0.168 0.152 0.064 41 69 99
-0.16 0.152 0.064 49 93 115
-0.168 0.16 0.064 132 154 189
-0.16 0.16 0.064 90 109 148
-0.16 0.168 0.064 132 138 156
-0.152 0.168 0.064 165 190 189
-0.184 0.176 0.064 41 101 132
-0.16 0.176 0.064 165 162 148
-0.152 0.176 0.064 165 206 230
-0.144 0.176 0.064 197 206 197
-0.192 0.184 0.064 239 215 214
-0.184 0.184 0.064 49 85 123
-0.152 0.184 0.064 140 158 148
-0.192 0.136 0.072 8 57 99
-0.192 0.144 0.072 8 61 107
-0.184 0.144 0.072 16 57 99
-0.192 0.152 0.072 8 61 107
-0.184 0.152 0.072 8 57 99
-0.192 0.16 0.072 90 109 165
-0.184 0.16 0.072 74 97 123
-0.176 0.16 0.072 99 117 148
-0.168 0.168 0.072 140 170 181
-0.168 0.176 0.072 173 198 206
-0.16 0.176 0.072 181 178 197
-0.136 0.176 0.072 156 158 165
-0.192 0.184 0.072 148 190 181
-0.16 0.184 0.072 148 162 165
-0.152 0.184 0.072 123 146 156
-0.136 0.184 0.072 197 194 214
-0.192 0.128 0.08 16 53 99
-0.192 0.136 0.08 8 57 99
-0.192 0.144 0.08 16 53 107
-0.192 0.152 0.08 8 57 99
-0.192 0.16 0.08 41 81 123
-0.184 0.16 0.08 132 150 165
-0.192 0.168 0.08 123 150 173
-0.184 0.168 0.08 132 154 181
-0.192 0.176 0.08 107 142 173
-0.184 0.176 0.08 140 162 181
-0.176 0.176 0.08 140 154 173
-0.184 0.184 0.08 140 158 173
-0.176 0.184 0.08 132 146 165
-0.192 0.136 0.088 8 53 90
-0.192 0.144 0.088 8 49 90
-0.192 0.152 0.088 16 53 99
-0.192 0.16 0.088 41 69 107
-0.192 0.168 0.088 148 150 165
-0.184 0.168 0.088 165 178 173
-0.192 0.176 0.088 156 158 173
-0.184 0.176 0.088 140 150 156
-0.192 0.184 0.088 140 158 173
-0.184 0.184 0.088 140 146 156
-0.176 0.184 0.088 132 142 148
-0.192 0.168 0.096 214 223 230
-0.192 0.176 0.096 173 174 173
-0.184 0.176 0.096 148 154 156
-0.184 0.184 0.096 140 150 156
-0.264 -0.184 -0.008 255 255 255
-0.112 -0.064 -0.128 173 146 165
-0.104 -0.064 -0.128 140 138 132
-0.112 -0.056 -0.128 173 170 173
-0.104 -0.056 -0.128 140 134 148
-0.112 -0.048 -0.128 181 162 189
-0.104 -0.048 -0.128 132 146 140
-0.112 -0.04 -0.128 165 166 173
-0.104 -0.04 -0.128 123 130 123
-0.096 -0.04 -0.128 58 49 66
-0.112 -0.032 -0.128 156 154 148
-0.096 -0.032 -0.128 90 65 90
-0.112 -0.024 -0.128 156 146 156
-0.096 -0.024 -0.128 156 109 156
-0.112 -0.016 -0.128 173 162 173
-0.104 -0.016 -0.128 189 158 189
-0.096 -0.016 -0.128 99 69 99
-0.088 -0.016 -0.128 0 0 0
-0.112 -0.008 -0.128 156 158 156
-0.104 -0.008 -0.128 173 154 173
-0.112 -0.064 -0.12 123 117 115
-0.104 -0.064 -0.12 222 219 222
-0.096 -0.064 -0.12 115 105 115
-0.112 -0.056 -0.12 115 125 115
-0.096 -0.056 -0.12 123 121 132
-0.112 -0.048 -0.12 107 125 115
-0.096 -0.048 -0.12 132 142 132
-0.112 -0.04 -0.12 123 130 123
-0.104 -0.04 -0.12 140 146 148
-0.096 -0.04 -0.12 148 150 148
-0.104 -0.032 -0.12 140 142 148
-0.096 -0.032 -0.12 173 162 173
-0.112 -0.024 -0.12 115 121 115
-0.104 -0.024 -0.12 148 150 148
-0.096 -0.024 -0.12 115 146 115
-0.112 -0.016 -0.12 132 125 123
-0.104 -0.016 -0.12 148 158 148
-0.096 -0.016 -0.12 82 105 82
-0.112 -0.008 -0.12 123 125 123
-0.104 -0.008 -0.12 165 150 165
-0.096 -0.008 -0.12 107 101 107
-0.088 -0.008 -0.12 90 69 90
-0.12 -0.064 -0.112 49 53 58
-0.112 -0.064 -0.112 58 61 66
-0.12 -0.056 -0.112 58 61 66
-0.112 -0.056 -0.112 66 61 66
-0.12 -0.048 -0.112 66 65 66
-0.112 -0.048 -0.112 58 53 58
-0.088 -0.048 -0.112 197 166 206
-0.112 -0.04 -0.112 49 53 49
-0.112 -0.032 -0.112 58 57 58
-0.112 -0.024 -0.112 49 53 58
-0.096 -0.024 -0.112 148 142 148
-0.12 -0.016 -0.112 66 69 66
-0.112 -0.016 -0.112 58 53 58
-0.112 -0.008 -0.112 49 53 58
-0.104 -0.008 -0.112 123 125 115
-0.128 -0.064 -0.104 58 61 58
-0.12 -0.064 -0.104 58 57 58
-0.112 -0.064 -0.104 66 61 66
-0.128 -0.056 -0.104 66 61 66
-0.12 -0.056 -0.104 58 61 58
-0.112 -0.056 -0.104 58 57 58
-0.128 -0.048 -0.104 66 65 66
-0.12 -0.048 -0.104 66 65 66
-0.112 -0.048 -0.104 66 65 66
-0.12 -0.04 -0.104 58 61 66
-0.112 -0.04 -0.104 58 65 66
-0.12 -0.032 -0.104 66 65 66
-0.12 -0.024 -0.104 66 73 66
-0.096 -0.024 -0.104 90 105 90
-0.128 -0.016 -0.104 66 69 66
-0.12 -0.016 -0.104 66 69 66
-0.096 -0.016 -0.104 82 89 74
-0.112 -0.008 -0.104 66 65 66
-0.104 -0.008 -0.104 58 65 66
-0.096 -0.008 -0.104 107 113 107
-0.128 -0.064 -0.096 49 57 58
-0.128 -0.056 -0.096 66 61 66
-0.128 -0.048 -0.096 58 61 58
-0.128 -0.04 -0.096 66 69 66
-0.12 -0.04 -0.096 66 69 66
-0.096 -0.04 -0.096 49 53 58
-0.128 -0.032 -0.096 58 65 58
-0.096 -0.032 -0.096 58 57 58
-0.128 -0.024 -0.096 66 69 66
-0.096 -0.024 -0.096 58 57 58
-0.128 -0.016 -0.096 66 73 74
-0.12 -0.016 -0.096 66 69 66
-0.096 -0.016 -0.096 58 57 58
-0.12 -0.008 -0.096 66 65 66
-0.112 -0.008 -0.096 58 65 66
-0.104 -0.008 -0.096 58 61 66
-0.096 -0.008 -0.096 33 45 41
-0.104 -0.048 -0.088 49 57 58
-0.104 -0.04 -0.088 58 57 58
-0.112 -0.032 -0.088 58 61 58
-0.104 -0.032 -0.088 49 61 58
-0.112 -0.024 -0.088 66 65 66
-0.104 -0.024 -0.088 66 65 66
-0.128 -0.016 -0.088 66 65 66
-0.112 -0.016 -0.088 66 69 66
-0.104 -0.016 -0.088 58 61 58
-0.128 -0.008 -0.088 66 69 66
-0.12 -0.008 -0.088 66 69 66
-0.112 -0.008 -0.088 58 65 58
-0.104 -0.008 -0.088 58 61 58
-0.128 -0.048 -0.08 58 61 58
-0.128 -0.04 -0.08 58 61 58
-0.128 -0.032 -0.08 66 69 66
-0.128 -0.024 -0.08 66 65 66
-0.12 -0.024 -0.08 58 61 58
-0.128 -0.016 -0.08 58 61 58
-0.12 -0.016 -0.08 66 65 66
-0.128 -0.008 -0.08 66 65 66
-0.12 -0.008 -0.08 58 65 66
-0.16 -0.256 0 132 134 132
-0.168 -0.248 0 132 138 140
-0.16 -0.248 0 115 125 132
-0.168 -0.24 0 132 138 140
-0.16 -0.24 0 107 113 115
-0.176 -0.232 0 140 138 140
-0.168 -0.232 0 140 138 140
-0.176 -0.224 0 181 130 181
-0.168 -0.224 0 99 109 107
-0.184 -0.216 0 247 223 222
-0.176 -0.216 0 222 215 206
-0.184 -0.208 0 247 231 230
-0.176 -0.208 0 247 227 222
-0.192 -0.2 0 247 231 230
-0.184 -0.2 0 239 223 214
-0.16 -0.256 0.008 140 142 140
-0.168 -0.248 0.008 140 150 148
-0.16 -0.248 0.008 107 113 115
-0.168 -0.24 0.008 140 150 148
-0.176 -0.232 0.008 140 146 148
-0.168 -0.232 0.008 107 117 123
-0.176 -0.224 0.008 181 154 173
-0.168 -0.224 0.008 90 101 99
-0.184 -0.216 0.008 239 223 222
-0.176 -0.216 0.008 247 223 222
-0.184 -0.208 0.008 239 223 222
-0.176 -0.208 0.008 239 227 222
-0.152 -0.208 0.008 115 125 132
-0.192 -0.2 0.008 247 227 222
-0.184 -0.2 0.008 230 215 206
-0.16 -0.256 0.016 140 146 148
-0.168 -0.248 0.016 148 154 165
-0.168 -0.24 0.016 107 117 115
-0.176 -0.232 0.016 156 158 156
-0.168 -0.232 0.016 115 125 132
-0.184 -0.224 0.016 239 215 214
-0.176 -0.224 0.016 148 142 148
-0.184 -0.216 0.016 239 223 214
-0.176 -0.216 0.016 173 178 156
-0.192 -0.208 0.016 239 223 214
-0.184 -0.208 0.016 239 223 214
-0.192 -0.2 0.016 230 215 206
-0.184 -0.2 0.016 239 223 214
-0.16 -0.256 0.024 123 138 132
-0.168 -0.248 0.024 107 121 123
-0.176 -0.24 0.024 148 162 165
-0.168 -0.24 0.024 115 130 140
-0.176 -0.232 0.024 156 162 165
-0.168 -0.232 0.024 115 125 132
-0.184 -0.224 0.024 222 202 197
-0.176 -0.224 0.024 99 134 115
-0.184 -0.216 0.024 239 215 206
-0.176 -0.216 0.024 165 166 140
-0.192 -0.208 0.024 239 219 214
-0.184 -0.208 0.024 239 219 214
-0.192 -0.2 0.024 239 219 214
-0.184 -0.2 0.024 239 223 214
-0.16 -0.2 0.024 214 198 189
-0.168 -0.256 0.032 107 125 132
-0.16 -0.256 0.032 156 166 173
-0.168 -0.248 0.032 115 134 140
-0.176 -0.24 0.032 156 158 165
-0.168 -0.24 0.032 115 134 140
-0.176 -0.232 0.032 123 134 148
-0.184 -0.224 0.032 222 198 189
-0.176 -0.224 0.032 90 101 82
-0.184 -0.216 0.032 230 206 197
-0.176 -0.216 0.032 206 186 189
-0.192 -0.208 0.032 239 215 206
-0.184 -0.208 0.032 239 219 206
-0.192 -0.2 0.032 239 219 214
-0.16 -0.2 0.032 206 186 189
-0.168 -0.256 0.04 123 134 140
-0.16 -0.256 0.04 156 166 173
-0.176 -0.248 0.04 156 162 173
-0.168 -0.248 0.04 123 134 148
-0.176 -0.24 0.04 115 134 148
-0.168 -0.24 0.04 123 134 148
-0.184 -0.232 0.04 66 101 74
-0.176 -0.232 0.04 115 134 140
-0.184 -0.224 0.04 222 198 189
-0.176 -0.224 0.04 107 109 107
-0.192 -0.216 0.04 230 210 197
-0.184 -0.216 0.04 222 202 189
-0.192 -0.208 0.04 230 210 197
-0.184 -0.208 0.04 230 210 206
-0.192 -0.2 0.04 239 219 206
-0.176 -0.256 0.048 156 166 173
-0.168 -0.256 0.048 115 134 140
-0.176 -0.248 0.048 115 134 140
-0.168 -0.248 0.048 123 138 148
-0.176 -0.24 0.048 123 142 148
-0.184 -0.232 0.048 90 113 99
-0.176 -0.232 0.048 123 138 148
-0.184 -0.224 0.048 189 182 165
-0.176 -0.224 0.048 132 113 132
-0.192 -0.216 0.048 230 210 197
-0.184 -0.216 0.048 197 182 173
-0.192 -0.208 0.048 230 215 197
-0.192 -0.2 0.048 239 215 206
-0.176 -0.256 0.056 123 138 148
-0.168 -0.256 0.056 140 154 156
-0.176 -0.248 0.056 123 138 148
-0.168 -0.248 0.056 123 138 156
-0.184 -0.24 0.056 156 162 173
-0.176 -0.24 0.056 123 142 156
-0.184 -0.232 0.056 115 138 148
-0.176 -0.232 0.056 123 142 156
-0.192 -0.224 0.056 222 202 189
-0.184 -0.224 0.056 148 113 132
-0.192 -0.216 0.056 230 202 189
-0.184 -0.216 0.056 189 166 165
-0.192 -0.208 0.056 230 210 197
-0.264 0.192 0.088 156 174 206
-0.264 0.2 0.088 181 198 197
-0.264 0.192 0.096 197 206 222
-0.264 0.2 0.096 197 206 214
-0.264 0.208 0.096 197 202 214
-0.264 0.216 0.096 197 206 214
-0.272 0.192 0.104 165 178 214
-0.264 0.192 0.104 206 206 206
-0.264 0.2 0.104 206 206 206
-0.264 0.208 0.104 214 206 206
-0.264 0.216 0.104 197 198 206
-0.264 0.224 0.104 206 202 206
-0.264 0.24 0.104 197 210 214
-0.272 0.192 0.112 148 170 197
-0.264 0.192 0.112 58 121 173
-0.272 0.2 0.112 197 194 214
-0.264 0.2 0.112 140 162 206
-0.272 0.208 0.112 206 206 206
-0.264 0.208 0.112 206 206 206
-0.264 0.216 0.112 206 206 206
-0.264 0.224 0.112 197 202 206
-0.264 0.232 0.112 197 202 206
-0.264 0.24 0.112 197 198 197
-0.272 0.192 0.12 49 121 181
-0.272 0.2 0.12 58 121 181
-0.272 0.216 0.12 206 202 206
-0.264 0.232 0.12 197 202 214
-0.264 0.24 0.12 189 198 206
-0.264 0.248 0.12 206 202 206
-0.144 0.256 -0.064 230 227 181
-0.136 0.256 -0.064 222 219 189
-0.144 0.264 -0.064 222 227 173
-0.152 0.256 -0.056 123 198 74
-0.144 0.256 -0.056 165 219 123
-0.144 0.264 -0.056 181 219 132
-0.152 0.256 -0.048 165 206 99
-0.144 0.256 -0.048 189 231 132
-0.152 0.264 -0.048 206 231 165
-0.144 0.264 -0.048 189 231 115
-0.152 0.256 -0.04 230 223 189
-0.152 0.264 -0.04 230 219 197
-0.152 0.272 -0.04 222 215 197
-0.16 0.256 -0.032 222 215 197
-0.152 0.256 -0.032 230 223 206
-0.152 0.264 -0.032 230 223 206
-0.152 0.272 -0.032 222 219 197
-0.16 0.256 -0.024 247 227 222
-0.152 0.256 -0.024 239 223 214
-0.152 0.264 -0.024 239 231 214
-0.16 0.256 -0.016 255 243 239
-0.152 0.256 -0.016 255 243 239
-0.152 0.264 -0.016 255 243 239
-0.16 0.256 -0.008 247 235 239
-0.152 0.256 -0.008 255 243 239
-0.152 0.264 -0.008 255 243 239
-0.12 -0.152 0.056 214 194 181
-0.272 0.128 0 41 138 214
-0.264 0.128 0 33 138 214
-0.288 0.136 0 33 125 206
-0.288 0.144 0 41 125 206
-0.296 0.128 0.008 41 130 206
-0.288 0.128 0.008 33 125 206
-0.272 0.128 0.008 41 138 214
-0.296 0.136 0.008 41 125 206
-0.288 0.136 0.008 33 125 206
-0.296 0.144 0.008 41 130 206
-0.288 0.144 0.008 41 130 206
-0.296 0.128 0.016 41 125 206
-0.272 0.128 0.016 49 142 214
-0.296 0.136 0.016 41 125 206
-0.288 0.136 0.016 49 142 222
-0.296 0.144 0.016 41 130 206
-0.272 0.128 0.024 49 142 222
-0.296 0.136 0.024 41 130 214
-0.296 0.144 0.024 33 130 206
-0.296 0.128 0.032 49 134 214
-0.272 0.128 0.032 41 134 214
-0.296 0.144 0.032 41 130 206
-0.28 0.128 0.04 41 142 222
-0.272 0.128 0.04 41 138 214
-0.296 0.136 0.04 41 142 222
-0.304 0.144 0.04 41 130 206
-0.28 0.128 0.048 49 146 222
-0.272 0.128 0.048 49 138 214
-0.264 0.128 0.048 66 154 230
-0.28 0.136 0.048 49 150 222
-0.304 0.144 0.048 49 134 214
-0.264 0.144 0.048 123 117 123
-0.288 0.128 0.056 49 146 222
-0.28 0.128 0.056 49 138 214
-0.264 0.128 0.056 74 158 222
-0.288 0.136 0.056 49 146 222
-0.264 0.136 0.056 58 134 197
-0.264 0.144 0.056 90 89 82
-0.264 0.152 0.056 99 93 99
-0.072 0.32 0.024 16 20 25
-0.072 0.32 0.032 33 32 41
-0.08 0.32 0.04 123 138 123
-0.072 0.32 0.04 173 170 181
-0.072 0.328 0.04 156 158 156
-0.072 0.336 0.04 148 158 156
-0.08 0.32 0.048 189 206 206
-0.072 0.32 0.048 189 202 214
-0.072 0.328 0.048 214 210 222
-0.072 0.32 0.056 230 231 239
-0.2 0.176 -0.08 206 186 189
-0.2 0.184 -0.08 197 190 189
-0.208 0.168 -0.072 156 130 156
-0.2 0.168 -0.072 189 154 181
-0.224 0.176 -0.072 148 150 140
-0.216 0.176 -0.072 156 166 148
-0.232 0.184 -0.072 156 150 148
-0.224 0.184 -0.072 165 154 156
-0.216 0.184 -0.072 156 138 148
-0.272 -0.088 -0.064 197 202 189
-0.272 -0.08 -0.064 197 158 99
-0.264 -0.08 -0.064 156 150 99
-0.272 -0.072 -0.064 189 174 132
-0.264 -0.072 -0.064 181 154 140
-0.264 -0.12 -0.056 132 125 123
-0.272 -0.104 -0.056 115 125 115
-0.264 -0.104 -0.056 132 134 123
-0.272 -0.096 -0.056 123 125 115
-0.264 -0.096 -0.056 123 130 123
-0.272 -0.088 -0.056 132 130 123
-0.264 -0.088 -0.056 165 150 156
-0.272 -0.08 -0.056 132 121 99
-0.264 -0.08 -0.056 165 150 165
-0.272 -0.072 -0.056 140 125 90
-0.264 -0.072 -0.056 148 142 82
-0.264 -0.096 -0.048 189 194 189
-0.264 -0.088 -0.048 181 182 181
-0.264 -0.08 -0.048 165 166 165
-0.28 -0.072 -0.048 115 121 107
-0.272 -0.072 -0.048 165 154 165
-0.264 -0.072 -0.048 173 162 165
-0.08 -0.056 -0.264 16 12 16
-0.072 -0.056 -0.264 16 16 8
-0.072 -0.048 -0.264 25 20 25
-0.136 -0.288 -0.064 99 101 107
-0.144 -0.28 -0.064 99 105 107
-0.136 -0.28 -0.064 99 101 107
-0.152 -0.272 -0.064 90 89 90
-0.144 -0.272 -0.064 90 93 99
-0.152 -0.264 -0.064 82 89 90
-0.144 -0.264 -0.064 82 81 82
-0.136 -0.288 -0.056 99 97 99
-0.144 -0.28 -0.056 99 105 107
-0.136 -0.28 -0.056 99 97 99
-0.152 -0.272 -0.056 90 93 99
-0.144 -0.272 -0.056 99 101 99
-0.152 -0.264 -0.056 99 101 99
-0.144 -0.264 -0.056 90 93 90
-0.136 -0.296 -0.048 99 105 107
-0.144 -0.288 -0.048 99 97 99
-0.136 -0.288 -0.048 99 101 99
-0.144 -0.28 -0.048 99 101 107
-0.136 -0.28 -0.048 99 101 107
-0.152 -0.272 -0.048 90 97 99
-0.144 -0.272 -0.048 90 97 99
-0.152 -0.264 -0.048 99 97 99
-0.136 -0.296 -0.04 99 109 115
-0.144 -0.288 -0.04 99 101 107
-0.136 -0.288 -0.04 107 105 107
-0.144 -0.28 -0.04 107 105 107
-0.136 -0.28 -0.04 99 105 107
-0.152 -0.272 -0.04 99 101 107
-0.144 -0.272 -0.04 99 105 107
-0.152 -0.264 -0.04 99 109 107
-0.136 -0.296 -0.032 107 113 115
-0.144 -0.288 -0.032 99 105 107
-0.136 -0.288 -0.032 107 109 115
-0.144 -0.28 -0.032 107 109 115
-0.136 -0.28 -0.032 107 109 115
-0.152 -0.272 -0.032 99 105 107
-0.144 -0.272 -0.032 107 109 107
-0.152 -0.264 -0.032 107 113 115
-0.136 -0.296 -0.024 115 121 123
-0.144 -0.288 -0.024 107 109 115
-0.136 -0.288 -0.024 115 117 115
-0.152 -0.28 -0.024 107 113 115
-0.144 -0.28 -0.024 107 113 115
-0.136 -0.28 -0.024 107 109 115
-0.152 -0.272 -0.024 99 105 107
-0.144 -0.272 -0.024 107 109 115
-0.152 -0.264 -0.024 107 109 115
-0.136 -0.296 -0.016 123 121 123
-0.144 -0.288 -0.016 115 117 115
-0.136 -0.288 -0.016 115 121 123
-0.152 -0.28 -0.016 115 117 115
-0.144 -0.28 -0.016 107 113 115
-0.152 -0.272 -0.016 107 109 115
-0.144 -0.272 -0.016 107 113 115
-0.16 -0.264 -0.016 123 125 123
-0.152 -0.264 -0.016 107 109 107
-0.136 -0.296 -0.008 115 125 132
-0.144 -0.288 -0.008 107 113 123
-0.136 -0.288 -0.008 115 121 123
-0.152 -0.28 -0.008 115 117 123
-0.144 -0.28 -0.008 107 117 115
-0.152 -0.272 -0.008 115 117 123
-0.16 -0.264 -0.008 123 130 132
-0.152 -0.264 -0.008 123 121 132
-0.136 0.32 0.112 99 105 115
-0.312 -0.064 0.128 148 166 165
-0.32 -0.056 0.128 197 198 206
-0.312 -0.056 0.128 197 194 197
-0.32 -0.048 0.128 189 190 197
-0.32 -0.04 0.128 173 166 189
-0.32 -0.032 0.128 132 101 132
-0.32 -0.064 0.136 173 178 181
-0.312 -0.064 0.136 165 154 181
-0.296 -0.064 0.136 148 154 156
-0.32 -0.056 0.136 189 190 206
-0.312 -0.056 0.136 165 166 173
-0.32 -0.048 0.136 189 178 197
-0.32 -0.04 0.136 132 138 148
-0.32 -0.064 0.144 140 146 148
-0.32 -0.056 0.144 156 162 173
-0.32 -0.048 0.144 123 138 148
-0.32 -0.032 0.144 25 24 25
-0.32 -0.024 0.144 115 121 123
-0.096 0.128 -0.224 16 12 16
-0.088 0.128 -0.224 8 12 8
-0.08 0.128 -0.224 16 16 16
-0.096 0.136 -0.224 8 12 8
-0.088 0.136 -0.224 8 12 8
-0.096 0.144 -0.224 8 4 0
-0.08 0.176 -0.224 181 182 181
-0.08 0.184 -0.224 181 182 173
-0.072 0.184 -0.224 197 194 189
-0.112 0.128 -0.216 8 12 8
-0.104 0.128 -0.216 8 12 8
-0.096 0.128 -0.216 16 16 16
-0.088 0.128 -0.216 16 16 8
-0.12 0.136 -0.216 8 12 8
-0.112 0.136 -0.216 8 12 8
-0.104 0.136 -0.216 16 16 16
-0.096 0.136 -0.216 8 12 8
-0.088 0.136 -0.216 8 8 8
-0.112 0.144 -0.216 33 28 33
-0.104 0.144 -0.216 33 28 33
-0.096 0.144 -0.216 49 32 41
-0.088 0.144 -0.216 49 40 49
-0.096 0.152 -0.216 58 61 49
-0.072 0.168 -0.216 189 186 181
-0.08 0.176 -0.216 173 174 173
-0.08 0.184 -0.216 181 178 173
-0.128 0.128 -0.208 8 12 8
-0.12 0.128 -0.208 8 12 8
-0.112 0.128 -0.208 8 12 8
-0.128 0.136 -0.208 8 8 0
-0.12 0.136 -0.208 0 4 0
-0.112 0.136 -0.208 8 12 8
-0.08 0.136 -0.208 0 4 0
-0.12 0.144 -0.208 49 40 49
-0.112 0.144 -0.208 49 45 49
-0.104 0.144 -0.208 58 57 49
-0.096 0.144 -0.208 58 57 58
-0.112 0.152 -0.208 58 57 58
-0.104 0.152 -0.208 58 57 58
-0.096 0.152 -0.208 58 57 49
-0.088 0.152 -0.208 58 61 58
-0.08 0.176 -0.208 156 154 156
-0.08 0.184 -0.208 181 182 173
-0.112 0.128 -0.2 16 16 16
-0.072 0.128 -0.2 8 8 8
-0.128 0.144 -0.2 49 49 41
-0.112 0.144 -0.2 49 53 41
-0.08 0.144 -0.2 58 57 58
-0.12 0.152 -0.2 58 61 58
-0.112 0.152 -0.2 66 61 58
-0.104 0.152 -0.2 58 65 58
-0.096 0.152 -0.2 58 61 58
-0.088 0.152 -0.2 66 65 58
-0.104 0.16 -0.2 66 69 58
-0.2 0.128 0.064 148 146 148
-0.256 0.136 0.064 132 142 165
-0.208 0.136 0.064 148 142 148
-0.2 0.136 0.064 156 154 156
-0.256 0.144 0.064 123 121 115
-0.2 0.144 0.064 165 162 165
-0.256 0.152 0.064 148 146 148
-0.208 0.152 0.064 156 150 165
-0.256 0.16 0.064 148 146 140
-0.256 0.168 0.064 140 142 132
-0.248 0.168 0.064 148 150 140
-0.208 0.168 0.064 247 215 214
-0.256 0.176 0.064 156 150 148
-0.248 0.176 0.064 173 166 165
-0.256 0.184 0.064 165 154 148
-0.248 0.184 0.064 165 158 156
-0.256 0.136 0.072 140 142 140
-0.216 0.136 0.072 99 109 123
-0.256 0.144 0.072 132 130 132
-0.256 0.152 0.072 181 162 173
-0.256 0.16 0.072 181 158 181
-0.256 0.168 0.072 173 178 173
-0.216 0.168 0.072 173 166 197
-0.256 0.176 0.072 181 162 165
-0.256 0.184 0.072 156 154 148
-0.248 0.184 0.072 173 186 206
-0.208 0.184 0.072 181 170 206
-0.2 0.184 0.072 239 215 206
-0.224 0.128 0.08 41 121 173
-0.224 0.136 0.08 49 113 173
-0.224 0.144 0.08 49 117 181
-0.224 0.152 0.08 49 117 173
-0.2 0.152 0.08 8 57 107
-0.256 0.16 0.08 123 105 115
-0.256 0.168 0.08 148 146 156
-0.256 0.176 0.08 165 166 173
-0.256 0.184 0.08 181 174 181
-0.208 0.184 0.08 156 154 156
-0.232 0.128 0.088 33 109 173
-0.232 0.136 0.088 33 109 165
-0.2 0.136 0.088 8 53 90
-0.232 0.144 0.088 41 113 173
-0.224 0.144 0.088 49 121 181
-0.2 0.144 0.088 8 53 90
-0.224 0.152 0.088 41 117 173
-0.224 0.16 0.088 49 117 173
-0.2 0.168 0.088 123 117 156
-0.256 0.176 0.088 66 130 181
-0.256 0.184 0.088 173 182 197
-0.216 0.184 0.088 197 202 206
-0.24 0.136 0.096 41 109 173
-0.232 0.136 0.096 41 113 173
-0.232 0.144 0.096 41 113 181
-0.2 0.152 0.096 8 53 99
-0.224 0.16 0.096 66 130 181
-0.224 0.168 0.096 74 130 181
-0.248 0.128 0.112 16 81 132
-0.248 0.136 0.112 25 81 140
-0.248 0.144 0.112 25 85 140
-0.248 0.152 0.112 25 97 156
-0.24 0.152 0.112 25 85 140
-0.248 0.16 0.112 33 101 156
-0.24 0.16 0.112 25 93 148
-0.248 0.168 0.112 41 113 165
-0.24 0.168 0.112 33 105 165
-0.248 0.176 0.112 49 113 173
-0.24 0.176 0.112 58 113 165
-0.256 0.184 0.112 58 130 173
-0.248 0.184 0.112 99 146 189
-0.24 0.184 0.112 206 190 230
-0.08 0.2 -0.128 156 154 140
-0.08 0.208 -0.128 148 150 132
-0.072 0.208 -0.128 197 198 189
-0.08 0.216 -0.128 156 158 140
-0.072 0.216 -0.128 197 202 189
-0.072 0.224 -0.128 197 190 189
-0.072 0.232 -0.128 197 194 189
-0.072 0.24 -0.128 197 198 189
-0.072 0.248 -0.128 189 190 181
-0.08 0.2 -0.12 140 138 123
-0.08 0.208 -0.12 132 134 123
-0.08 0.216 -0.12 140 142 132
-0.08 0.224 -0.12 140 138 123
-0.072 0.224 -0.12 173 162 156
-0.08 0.232 -0.12 132 138 123
-0.072 0.232 -0.12 156 158 140
-0.08 0.24 -0.12 140 138 123
-0.072 0.24 -0.12 156 162 148
-0.072 0.248 -0.12 165 162 156
-0.08 0.192 -0.112 173 158 156
-0.08 0.2 -0.112 140 134 123
-0.08 0.208 -0.112 132 138 123
-0.08 0.216 -0.112 132 146 132
-0.08 0.224 -0.112 148 154 140
-0.08 0.232 -0.112 140 146 132
-0.08 0.24 -0.112 140 138 132
-0.08 0.248 -0.112 115 142 107
-0.072 0.248 -0.112 123 121 107
-0.08 0.192 -0.104 115 138 115
-0.088 0.208 -0.104 156 166 148
-0.088 0.216 -0.104 156 170 148
-0.088 0.224 -0.104 189 186 181
-0.088 0.232 -0.104 189 198 189
-0.08 0.232 -0.104 132 121 132
-0.088 0.24 -0.104 197 202 189
-0.08 0.24 -0.104 123 142 123
-0.08 0.248 -0.104 123 154 123
-0.088 0.2 -0.096 181 121 173
-0.12 0.208 -0.096 222 219 206
-0.128 0.216 -0.096 230 231 214
-0.12 0.216 -0.096 239 235 222
-0.112 0.216 -0.096 239 231 222
-0.096 0.216 -0.096 214 210 206
-0.12 0.224 -0.096 239 235 222
-0.112 0.224 -0.096 230 227 214
-0.096 0.224 -0.096 214 215 206
-0.12 0.232 -0.096 239 231 214
-0.096 0.232 -0.096 214 215 206
-0.088 0.232 -0.096 214 215 206
-0.096 0.24 -0.096 214 215 206
-0.088 0.24 -0.096 214 215 206
-0.088 0.248 -0.096 214 215 206
-0.128 0.2 -0.088 206 202 197
-0.12 0.2 -0.088 206 210 197
-0.112 0.2 -0.088 206 210 197
-0.128 0.208 -0.088 230 227 214
-0.096 0.208 -0.088 230 223 222
-0.088 0.208 -0.088 214 210 206
-0.08 0.208 -0.088 156 154 156
-0.128 0.216 -0.088 214 215 197
-0.12 0.216 -0.088 230 231 214
-0.104 0.216 -0.088 230 227 214
-0.088 0.216 -0.088 214 215 206
-0.08 0.216 -0.088 156 154 156
-0.128 0.224 -0.088 222 223 206
-0.12 0.224 -0.088 206 206 189
-0.112 0.224 -0.088 214 215 197
-0.104 0.224 -0.088 197 202 189
-0.096 0.224 -0.088 214 215 206
-0.08 0.224 -0.088 156 154 156
-0.072 0.224 -0.088 156 154 156
-0.128 0.232 -0.088 214 210 197
-0.12 0.232 -0.088 206 206 189
-0.104 0.232 -0.088 165 166 148
-0.096 0.232 -0.088 197 190 181
-0.08 0.232 -0.088 214 215 206
-0.072 0.232 -0.088 156 154 156
-0.096 0.24 -0.088 222 219 214
-0.072 0.24 -0.088 156 154 156
-0.096 0.248 -0.088 222 223 214
-0.088 0.248 -0.088 222 219 206
-0.128 0.192 -0.08 230 227 214
-0.12 0.192 -0.08 197 202 189
-0.104 0.192 -0.08 189 198 189
-0.096 0.192 -0.08 197 194 181
-0.112 0.2 -0.08 189 190 181
-0.096 0.2 -0.08 156 154 156
-0.104 0.208 -0.08 189 190 181
-0.096 0.208 -0.08 214 215 206
-0.088 0.208 -0.08 156 154 156
-0.128 0.216 -0.08 189 194 173
-0.096 0.216 -0.08 148 162 132
-0.088 0.216 -0.08 156 154 156
-0.128 0.224 -0.08 148 162 132
-0.104 0.224 -0.08 132 150 115
-0.088 0.224 -0.08 206 206 197
-0.08 0.224 -0.08 156 154 156
-0.128 0.232 -0.08 99 109 99
-0.12 0.232 -0.08 140 150 123
-0.104 0.232 -0.08 181 158 165
-0.08 0.232 -0.08 156 154 156
-0.128 0.24 -0.08 99 117 99
-0.104 0.24 -0.08 189 186 173
-0.096 0.24 -0.08 206 202 189
-0.08 0.24 -0.08 156 154 156
-0.096 0.248 -0.08 214 210 197
-0.072 0.248 -0.08 156 154 156
-0.128 0.192 -0.072 140 162 132
-0.12 0.2 -0.072 123 138 123
-0.096 0.2 -0.072 156 154 156
-0.104 0.216 -0.072 156 130 148
-0.096 0.216 -0.072 173 166 156
-0.088 0.216 -0.072 156 154 156
-0.112 0.224 -0.072 123 113 115
-0.104 0.224 -0.072 148 170 140
-0.096 0.224 -0.072 156 162 132
-0.088 0.224 -0.072 156 154 156
-0.08 0.224 -0.072 156 154 156
-0.112 0.232 -0.072 123 154 115
-0.104 0.232 -0.072 107 146 99
-0.088 0.232 -0.072 156 154 156
-0.128 0.24 -0.072 222 210 197
-0.104 0.24 -0.072 82 85 58
-0.096 0.24 -0.072 107 117 90
-0.08 0.24 -0.072 156 154 156
-0.072 0.24 -0.072 156 154 156
-0.096 0.248 -0.072 82 73 66
-0.072 0.248 -0.072 156 154 156
-0.08 -0.064 -0.256 8 4 8
-0.072 -0.064 -0.256 8 4 8
-0.08 -0.056 -0.256 16 8 8
-0.08 -0.048 -0.256 8 8 8
-0.072 -0.048 -0.256 33 24 25
-0.072 -0.04 -0.256 25 32 41
-0.088 -0.064 -0.248 16 8 8
-0.08 -0.064 -0.248 8 8 8
-0.072 -0.064 -0.248 16 4 8
-0.088 -0.056 -0.248 25 28 25
-0.08 -0.056 -0.248 25 16 25
-0.072 -0.056 -0.248 8 0 0
-0.088 -0.048 -0.248 25 20 25
-0.08 -0.048 -0.248 16 12 16
-0.08 -0.04 -0.248 49 40 49
-0.096 -0.064 -0.24 8 8 8
-0.088 -0.064 -0.24 16 4 8
-0.096 -0.056 -0.24 25 24 25
-0.088 -0.056 -0.24 25 20 16
-0.096 -0.048 -0.24 25 24 25
-0.088 -0.048 -0.24 25 32 33
-0.08 -0.048 -0.24 33 16 25
-0.072 -0.048 -0.24 16 16 16
-0.096 -0.04 -0.24 33 20 16
-0.08 -0.04 -0.24 41 45 41
-0.088 -0.032 -0.24 16 12 16
-0.08 -0.032 -0.24 58 57 58
-0.08 -0.024 -0.24 49 61 58
-0.088 -0.016 -0.24 58 53 58
-0.104 -0.064 -0.232 8 8 8
-0.096 -0.064 -0.232 8 8 8
-0.088 -0.064 -0.232 16 12 16
-0.104 -0.056 -0.232 16 20 16
-0.096 -0.056 -0.232 16 20 16
-0.104 -0.048 -0.232 25 24 25
-0.096 -0.048 -0.232 33 24 25
-0.104 -0.04 -0.232 25 28 25
-0.096 -0.04 -0.232 25 28 25
-0.088 -0.04 -0.232 33 24 25
-0.08 -0.04 -0.232 33 32 33
-0.072 -0.04 -0.232 49 45 49
-0.104 -0.032 -0.232 25 20 16
-0.096 -0.032 -0.232 25 20 16
-0.088 -0.032 -0.232 25 24 25
-0.08 -0.032 -0.232 58 53 58
-0.104 -0.024 -0.232 16 12 16
-0.096 -0.024 -0.232 25 12 8
-0.088 -0.024 -0.232 33 28 25
-0.08 -0.024 -0.232 41 40 41
-0.104 -0.016 -0.232 8 4 8
-0.096 -0.016 -0.232 0 4 0
-0.088 -0.016 -0.232 33 32 25
-0.08 -0.016 -0.232 66 61 66
-0.112 -0.064 -0.224 8 4 8
-0.104 -0.064 -0.224 8 12 8
-0.104 -0.056 -0.224 8 12 8
-0.096 -0.056 -0.224 16 20 8
-0.104 -0.048 -0.224 16 20 16
-0.104 -0.04 -0.224 33 24 25
-0.096 -0.04 -0.224 33 24 25
-0.112 -0.032 -0.224 16 16 16
-0.104 -0.032 -0.224 25 24 25
-0.096 -0.032 -0.224 25 20 16
-0.088 -0.032 -0.224 25 20 16
-0.08 -0.032 -0.224 25 20 8
-0.072 -0.032 -0.224 49 49 49
-0.112 -0.024 -0.224 16 8 8
-0.104 -0.024 -0.224 16 16 16
-0.096 -0.024 -0.224 16 16 8
-0.08 -0.024 -0.224 33 28 25
-0.072 -0.024 -0.224 49 53 58
-0.112 -0.016 -0.224 8 4 8
-0.104 -0.016 -0.224 16 4 8
-0.096 -0.016 -0.224 8 8 8
-0.088 -0.016 -0.224 16 24 16
-0.08 -0.016 -0.224 41 32 41
-0.104 -0.008 -0.224 16 8 16
-0.12 -0.064 -0.216 8 8 8
-0.112 -0.064 -0.216 0 8 0
-0.12 -0.056 -0.216 0 0 0
-0.112 -0.056 -0.216 0 0 0
-0.104 -0.056 -0.216 8 12 8
-0.112 -0.048 -0.216 8 16 8
-0.104 -0.048 -0.216 8 16 16
-0.112 -0.04 -0.216 16 16 8
-0.072 -0.04 -0.216 25 32 33
-0.12 -0.032 -0.216 8 8 8
-0.112 -0.032 -0.216 16 12 16
-0.104 -0.032 -0.216 25 20 16
-0.072 -0.032 -0.216 58 57 58
-0.12 -0.024 -0.216 8 0 0
-0.112 -0.024 -0.216 16 8 8
-0.104 -0.024 -0.216 16 12 16
-0.096 -0.024 -0.216 16 16 16
-0.08 -0.024 -0.216 25 16 16
-0.072 -0.024 -0.216 58 61 58
-0.12 -0.016 -0.216 8 8 8
-0.112 -0.016 -0.216 8 8 8
-0.104 -0.016 -0.216 8 8 8
-0.096 -0.016 -0.216 16 12 8
-0.088 -0.016 -0.216 25 24 16
-0.08 -0.016 -0.216 41 40 49
-0.072 -0.016 -0.216 49 53 58
-0.096 -0.008 -0.216 8 4 0
-0.128 -0.064 -0.208 0 0 0
-0.12 -0.064 -0.208 0 0 0
-0.112 -0.064 -0.208 0 0 0
-0.128 -0.056 -0.208 0 0 0
-0.12 -0.056 -0.208 0 0 0
-0.112 -0.056 -0.208 0 0 0
-0.12 -0.048 -0.208 8 8 8
-0.112 -0.048 -0.208 8 4 0
-0.072 -0.048 -0.208 25 32 33
-0.12 -0.04 -0.208 0 8 8
-0.112 -0.04 -0.208 16 12 16
-0.08 -0.04 -0.208 25 24 25
-0.128 -0.032 -0.208 8 0 0
-0.12 -0.032 -0.208 8 8 8
-0.112 -0.032 -0.208 25 8 8
-0.08 -0.032 -0.208 33 28 25
-0.072 -0.032 -0.208 49 57 58
-0.128 -0.024 -0.208 0 4 0
-0.12 -0.024 -0.208 8 0 0
-0.112 -0.024 -0.208 8 8 8
-0.088 -0.024 -0.208 25 24 25
-0.072 -0.024 -0.208 66 65 66
-0.128 -0.016 -0.208 8 4 8
-0.12 -0.016 -0.208 8 4 0
-0.112 -0.016 -0.208 8 4 0
-0.104 -0.016 -0.208 16 8 0
-0.088 -0.016 -0.208 16 12 8
-0.08 -0.016 -0.208 49 32 33
-0.072 -0.016 -0.208 58 53 58
-0.12 -0.008 -0.208 8 4 0
-0.112 -0.008 -0.208 8 0 0
-0.104 -0.008 -0.208 8 0 0
-0.096 -0.008 -0.208 8 4 8
-0.088 -0.008 -0.208 25 24 25
-0.128 -0.064 -0.2 0 0 0
-0.12 -0.064 -0.2 0 0 0
-0.128 -0.056 -0.2 0 0 0
-0.12 -0.056 -0.2 0 0 0
-0.128 -0.048 -0.2 0 0 0
-0.12 -0.048 -0.2 0 0 0
-0.072 -0.048 -0.2 8 24 8
-0.128 -0.04 -0.2 8 4 8
-0.12 -0.04 -0.2 0 0 0
-0.128 -0.032 -0.2 0 0 0
-0.12 -0.032 -0.2 0 0 0
-0.128 -0.024 -0.2 8 4 8
-0.128 -0.016 -0.2 0 4 0
-0.12 -0.016 -0.2 0 0 0
-0.112 -0.016 -0.2 8 4 0
-0.128 -0.008 -0.2 8 12 8
-0.12 -0.008 -0.2 0 0 8
-0.112 -0.008 -0.2 8 4 8
-0.104 -0.008 -0.2 8 0 0
-0.096 -0.008 -0.2 33 40 33
-0.08 -0.008 -0.2 49 45 49
-0.072 -0.008 -0.2 74 73 74
-0.144 -0.296 0 115 121 123
-0.136 -0.296 0 123 130 132
-0.144 -0.288 0 115 125 123
-0.136 -0.288 0 123 121 123
-0.152 -0.28 0 132 130 140
-0.144 -0.28 0 123 125 132
-0.152 -0.272 0 123 134 140
-0.16 -0.264 0 132 138 140
-0.152 -0.264 0 132 134 140
-0.144 -0.296 0.008 132 130 132
-0.136 -0.296 0.008 115 130 132
-0.152 -0.288 0.008 132 138 140
-0.144 -0.288 0.008 123 134 140
-0.136 -0.288 0.008 123 125 132
-0.152 -0.28 0.008 132 138 148
-0.144 -0.28 0.008 132 134 140
-0.152 -0.272 0.008 132 138 140
-0.16 -0.264 0.008 140 146 148
-0.152 -0.264 0.008 132 138 140
-0.144 -0.296 0.016 115 125 132
-0.136 -0.296 0.016 123 130 132
-0.152 -0.288 0.016 140 138 148
-0.144 -0.288 0.016 123 134 140
-0.136 -0.288 0.016 123 130 140
-0.152 -0.28 0.016 132 142 140
-0.144 -0.28 0.016 132 138 140
-0.152 -0.272 0.016 132 142 148
-0.16 -0.264 0.016 148 154 156
-0.152 -0.264 0.016 140 142 148
-0.144 -0.296 0.024 123 138 140
-0.136 -0.296 0.024 123 138 148
-0.152 -0.288 0.024 140 142 148
-0.144 -0.288 0.024 132 138 140
-0.136 -0.288 0.024 132 138 148
-0.16 -0.28 0.024 140 146 156
-0.152 -0.28 0.024 140 150 156
-0.144 -0.28 0.024 132 142 148
-0.152 -0.272 0.024 140 146 148
-0.168 -0.264 0.024 156 158 165
-0.16 -0.264 0.024 148 158 165
-0.144 -0.296 0.032 140 146 156
-0.136 -0.296 0.032 132 158 148
-0.152 -0.288 0.032 148 158 165
-0.144 -0.288 0.032 140 150 156
-0.16 -0.28 0.032 148 150 156
-0.152 -0.28 0.032 140 150 156
-0.144 -0.28 0.032 156 154 156
-0.152 -0.272 0.032 148 150 156
-0.168 -0.264 0.032 156 162 165
-0.16 -0.264 0.032 156 162 165
-0.144 -0.296 0.04 140 150 156
-0.136 -0.296 0.04 140 154 156
-0.152 -0.288 0.04 148 154 165
-0.144 -0.288 0.04 148 154 156
-0.16 -0.28 0.04 156 154 165
-0.152 -0.28 0.04 156 158 165
-0.16 -0.272 0.04 156 154 165
-0.152 -0.272 0.04 148 158 165
-0.168 -0.264 0.04 165 162 165
-0.16 -0.264 0.04 156 166 173
-0.152 -0.296 0.048 148 154 156
-0.144 -0.296 0.048 148 154 156
-0.152 -0.288 0.048 156 158 165
-0.144 -0.288 0.048 156 158 156
-0.16 -0.28 0.048 148 162 165
-0.152 -0.28 0.048 156 162 165
-0.168 -0.272 0.048 156 166 173
-0.16 -0.272 0.048 156 162 165
-0.168 -0.264 0.048 165 166 173
-0.16 -0.264 0.048 165 166 173
-0.152 -0.296 0.056 148 154 165
-0.144 -0.296 0.056 148 154 165
-0.16 -0.288 0.056 156 162 165
-0.152 -0.288 0.056 156 162 165
-0.144 -0.288 0.056 156 158 165
-0.136 -0.288 0.056 148 154 156
-0.16 -0.28 0.056 165 162 173
-0.152 -0.28 0.056 156 158 165
-0.168 -0.272 0.056 156 170 173
-0.16 -0.272 0.056 165 162 165
-0.168 -0.264 0.056 165 166 173
-0.104 0.064 -0.064 82 77 82
-0.128 0.072 -0.064 58 53 58
-0.12 0.072 -0.064 74 73 74
-0.112 0.072 -0.064 74 77 74
-0.104 0.072 -0.064 74 77 74
-0.128 0.08 -0.064 41 40 41
-0.12 0.08 -0.064 82 81 82
-0.112 0.08 -0.064 82 81 82
-0.104 0.08 -0.064 74 77 74
-0.096 0.08 -0.064 82 85 82
-0.088 0.08 -0.064 74 85 82
-0.128 0.088 -0.064 33 36 33
-0.12 0.088 -0.064 82 81 82
-0.112 0.088 -0.064 82 81 82
-0.104 0.088 -0.064 90 89 90
-0.096 0.088 -0.064 99 97 99
-0.088 0.088 -0.064 90 93 90
-0.128 0.096 -0.064 49 36 25
-0.12 0.096 -0.064 90 77 90
-0.112 0.096 -0.064 82 89 82
-0.104 0.096 -0.064 90 85 82
-0.096 0.096 -0.064 90 93 90
-0.088 0.096 -0.064 99 101 99
-0.12 0.104 -0.064 82 65 82
-0.096 0.104 -0.064 74 81 74
-0.088 0.104 -0.064 82 85 82
-0.08 0.104 -0.064 58 61 58
-0.072 0.104 -0.064 82 81 82
-0.12 0.112 -0.064 99 97 99
-0.096 0.112 -0.064 58 61 58
-0.088 0.112 -0.064 16 12 16
-0.08 0.112 -0.064 16 20 16
-0.072 0.112 -0.064 74 77 74
-0.088 0.12 -0.064 8 12 8
-0.08 0.12 -0.064 16 16 16
-0.112 0.072 -0.056 33 40 33
-0.128 0.08 -0.056 25 36 25
-0.12 0.08 -0.056 33 36 33
-0.112 0.08 -0.056 66 57 66
-0.128 0.088 -0.056 25 40 25
-0.12 0.088 -0.056 33 36 41
-0.112 0.088 -0.056 58 53 49
-0.104 0.088 -0.056 58 57 66
-0.128 0.096 -0.056 58 57 58
-0.12 0.096 -0.056 58 57 41
-0.112 0.096 -0.056 58 53 49
-0.104 0.096 -0.056 90 93 90
-0.128 0.104 -0.056 58 49 58
-0.112 0.104 -0.056 99 97 99
-0.104 0.104 -0.056 82 85 82
-0.096 0.104 -0.056 74 73 82
-0.104 0.112 -0.056 82 85 82
-0.096 0.112 -0.056 41 28 41
-0.088 0.112 -0.056 0 0 0
-0.104 0.12 -0.056 33 40 33
-0.096 0.12 -0.056 0 4 0
-0.088 0.12 -0.056 33 28 33
-0.12 0.072 -0.048 58 65 58
-0.128 0.08 -0.048 49 57 58
-0.12 0.08 -0.048 66 61 66
-0.128 0.088 -0.048 33 40 33
-0.12 0.088 -0.048 58 57 66
-0.112 0.088 -0.048 58 65 66
-0.128 0.096 -0.048 66 57 74
-0.12 0.096 -0.048 49 40 49
-0.112 0.096 -0.048 82 81 82
-0.12 0.104 -0.048 90 89 90
-0.112 0.104 -0.048 82 85 82
-0.12 0.112 -0.048 66 73 74
-0.112 0.112 -0.048 74 77 74
-0.104 0.112 -0.048 66 77 66
-0.12 0.12 -0.048 66 65 58
-0.112 0.12 -0.048 58 65 58
-0.104 0.12 -0.048 16 20 16
-0.128 0.08 -0.04 41 45 41
-0.128 0.088 -0.04 90 89 99
-0.128 0.096 -0.04 156 113 156
-0.128 0.104 -0.04 156 166 156
-0.128 0.112 -0.04 165 154 173
-0.128 0.12 -0.04 189 154 173
-0.2 -0.2 0.024 239 219 214
-0.2 -0.2 0.032 239 219 206
-0.2 -0.2 0.04 239 215 206
-0.2 -0.208 0.048 230 210 197
-0.208 -0.2 0.048 239 215 206
-0.2 -0.2 0.048 239 215 206
-0.2 -0.208 0.056 230 210 197
-0.208 -0.2 0.056 230 215 206
-0.2 -0.2 0.056 230 215 206
-0.128 -0.232 -0.064 58 61 58
-0.112 -0.224 -0.064 58 73 58
-0.104 -0.216 -0.064 49 65 49
-0.096 -0.216 -0.064 74 101 74
-0.104 -0.208 -0.064 25 53 25
-0.096 -0.208 -0.064 49 77 49
-0.104 -0.2 -0.064 25 36 25
-0.104 -0.208 -0.056 33 53 33
-0.104 -0.2 -0.056 25 40 25
-0.104 -0.216 -0.048 58 65 49
-0.104 -0.208 -0.048 49 65 41
-0.112 -0.2 -0.048 33 61 33
-0.104 -0.2 -0.048 25 45 16
-0.128 -0.232 -0.04 82 97 90
-0.112 -0.216 -0.04 58 61 58
-0.104 -0.216 -0.04 49 65 41
-0.112 -0.208 -0.04 49 61 41
-0.104 -0.208 -0.04 49 65 49
-0.112 -0.2 -0.04 25 49 25
-0.104 -0.2 -0.04 33 49 41
-0.128 -0.232 -0.032 90 97 90
-0.112 -0.216 -0.032 74 73 74
-0.112 -0.208 -0.032 33 45 33
-0.104 -0.208 -0.032 58 65 49
-0.112 -0.2 -0.032 41 61 41
-0.104 -0.2 -0.032 58 49 25
-0.128 -0.232 -0.024 82 77 90
-0.12 -0.224 -0.024 74 77 74
-0.112 -0.216 -0.024 66 81 74
-0.112 -0.208 -0.024 148 105 82
-0.12 -0.2 -0.024 16 36 16
-0.112 -0.2 -0.024 33 57 33
-0.12 -0.224 -0.016 74 77 82
-0.112 -0.216 -0.016 58 69 58
-0.12 -0.208 -0.016 49 73 49
-0.112 -0.208 -0.016 115 101 82
-0.12 -0.2 -0.016 33 53 33
-0.112 -0.2 -0.016 25 53 25
-0.128 -0.208 -0.008 58 53 41
-0.12 -0.208 -0.008 74 77 49
-0.128 -0.2 -0.008 66 69 58
-0.12 -0.2 -0.008 58 53 41
-0.064 -0.128 -0.16 66 69 74
-0.064 -0.12 -0.152 90 117 123
-0.112 0.256 0.064 181 182 181
-0.096 0.256 0.064 173 182 165
-0.112 0.264 0.064 132 138 132
-0.104 0.264 0.064 165 162 165
-0.096 0.264 0.064 197 190 197
-0.088 0.264 0.064 181 178 173
-0.104 0.272 0.064 181 178 181
-0.096 0.272 0.064 197 198 189
-0.088 0.272 0.064 214 210 206
-0.08 0.272 0.064 181 186 181
-0.104 0.28 0.064 189 186 189
-0.096 0.28 0.064 214 215 206
-0.088 0.28 0.064 197 210 197
-0.08 0.28 0.064 165 174 165
-0.072 0.28 0.064 156 150 156
-0.096 0.288 0.064 206 210 197
-0.088 0.288 0.064 214 219 214
-0.08 0.288 0.064 165 166 165
-0.072 0.288 0.064 156 146 148
-0.08 0.296 0.064 165 166 165
-0.072 0.296 0.064 156 150 156
-0.072 0.304 0.064 165 162 156
-0.072 0.312 0.064 156 170 156
-0.12 0.256 0.072 214 202 206
-0.112 0.256 0.072 222 223 214
-0.104 0.256 0.072 189 194 181
-0.096 0.256 0.072 156 158 148
-0.128 0.264 0.072 206 194 206
-0.112 0.264 0.072 222 223 214
-0.104 0.264 0.072 173 178 165
-0.096 0.264 0.072 148 150 148
-0.088 0.264 0.072 156 150 156
-0.112 0.272 0.072 197 210 197
-0.104 0.272 0.072 173 170 165
-0.096 0.272 0.072 156 154 156
-0.088 0.272 0.072 156 154 156
-0.08 0.272 0.072 148 146 148
-0.12 0.28 0.072 140 146 140
-0.104 0.28 0.072 165 166 165
-0.096 0.28 0.072 156 154 156
-0.088 0.28 0.072 156 150 148
-0.08 0.28 0.072 148 150 140
-0.072 0.28 0.072 132 134 132
-0.128 0.288 0.072 148 150 140
-0.112 0.288 0.072 181 178 173
-0.08 0.288 0.072 148 146 148
-0.072 0.288 0.072 148 130 140
-0.12 0.296 0.072 189 194 197
-0.072 0.296 0.072 123 121 123
-0.072 0.304 0.072 123 113 115
-0.112 0.312 0.072 173 186 165
-0.12 0.256 0.08 165 146 165
-0.112 0.256 0.08 173 166 165
-0.104 0.256 0.08 156 154 156
-0.096 0.256 0.08 140 138 140
-0.088 0.256 0.08 148 142 140
-0.12 0.264 0.08 173 170 156
-0.112 0.264 0.08 148 154 148
-0.104 0.264 0.08 140 142 140
-0.088 0.264 0.08 148 142 140
-0.08 0.264 0.08 140 138 140
-0.128 0.272 0.08 165 170 165
-0.12 0.272 0.08 148 162 148
-0.112 0.272 0.08 165 162 156
-0.104 0.272 0.08 156 146 148
-0.096 0.272 0.08 148 146 148
-0.088 0.272 0.08 140 142 132
-0.08 0.272 0.08 123 125 123
-0.072 0.272 0.08 123 125 123
-0.12 0.28 0.08 123 134 123
-0.104 0.28 0.08 148 150 148
-0.088 0.28 0.08 140 142 132
-0.08 0.28 0.08 132 130 132
-0.128 0.288 0.08 148 146 148
-0.112 0.288 0.08 107 117 107
-0.08 0.288 0.08 132 130 132
-0.072 0.288 0.08 140 134 132
-0.128 0.296 0.08 140 142 140
-0.12 0.296 0.08 132 130 132
-0.08 0.296 0.08 140 130 140
-0.072 0.296 0.08 140 130 132
-0.12 0.304 0.08 115 125 132
-0.112 0.304 0.08 123 125 123
-0.112 0.312 0.08 132 130 132
-0.104 0.312 0.08 115 117 115
-0.104 0.264 0.088 165 154 148
-0.128 0.272 0.088 140 138 140
-0.112 0.272 0.088 140 146 140
-0.128 0.28 0.088 123 121 123
-0.12 0.28 0.088 115 113 115
-0.104 0.28 0.088 148 142 148
-0.128 0.288 0.088 123 117 123
-0.12 0.288 0.088 115 117 115
-0.112 0.288 0.088 99 109 99
-0.104 0.288 0.088 107 105 107
-0.088 0.288 0.088 132 130 123
-0.08 0.288 0.088 148 138 140
-0.128 0.296 0.088 123 121 132
-0.12 0.296 0.088 132 125 132
-0.112 0.296 0.088 115 109 115
-0.104 0.296 0.088 90 97 90
-0.072 0.296 0.088 140 134 132
-0.128 0.304 0.088 123 125 123
-0.12 0.304 0.088 115 113 115
-0.112 0.304 0.088 99 113 107
-0.12 0.312 0.088 123 121 115
-0.112 0.312 0.088 115 117 115
-0.104 0.312 0.088 99 101 99
-0.128 0.296 0.096 115 109 115
-0.128 0.304 0.096 115 117 115
-0.104 0.304 0.096 99 93 99
-0.096 0.304 0.096 99 101 99
-0.128 0.312 0.096 115 113 115
-0.12 0.312 0.096 107 101 107
-0.112 0.312 0.096 99 109 107
-0.104 0.312 0.096 99 101 99
-0.096 0.312 0.096 99 101 99
-0.088 0.312 0.096 90 97 90
-0.128 0.312 0.104 115 109 107
-0.128 0.312 0.112 107 109 107
-0.048 0.32 0 66 69 58
-0.048 0.328 0 58 65 58
-0.04 0.328 0 49 81 49
-0.04 0.336 0 66 73 58
-0.032 0.336 0 66 89 58
-0.032 0.344 0 99 93 99
-0.024 0.344 0 66 69 58
-0.032 0.352 0 82 93 90
-0.024 0.352 0 82 97 74
-0.016 0.352 0 66 69 66
-0.024 0.36 0 107 101 107
-0.016 0.36 0 82 77 82
-0.008 0.376 0 123 97 115
-0.056 0.32 0.008 107 85 107
-0.048 0.32 0.008 66 65 74
-0.056 0.328 0.008 99 69 90
-0.048 0.328 0.008 82 85 82
-0.048 0.336 0.008 82 77 82
-0.04 0.336 0.008 58 85 58
-0.04 0.344 0.008 74 77 74
-0.032 0.352 0.008 90 97 107
-0.024 0.352 0.008 107 121 99
-0.024 0.36 0.008 74 89 74
-0.016 0.36 0.008 99 93 99
-0.016 0.368 0.008 107 89 107
-0.016 0.376 0.008 99 77 107
-0.008 0.376 0.008 140 138 132
-0.064 0.32 0.016 49 65 41
-0.064 0.328 0.016 16 45 33
-0.064 0.336 0.016 25 32 41
-0.056 0.336 0.016 41 40 41
-0.056 0.344 0.016 49 53 41
-0.048 0.352 0.016 90 77 99
-0.048 0.36 0.016 99 85 90
-0.04 0.36 0.016 49 69 58
-0.04 0.368 0.016 49 65 58
-0.032 0.368 0.016 82 69 82
-0.032 0.376 0.016 90 81 90
-0.024 0.376 0.016 90 77 58
-0.016 0.376 0.016 74 53 25
-0.064 0.32 0.024 41 61 41
-0.064 0.328 0.024 25 45 33
-0.064 0.336 0.024 25 28 33
-0.056 0.336 0.024 16 28 25
-0.064 0.344 0.024 16 24 25
-0.056 0.344 0.024 41 32 33
-0.056 0.352 0.024 58 45 49
-0.048 0.352 0.024 58 49 58
-0.048 0.36 0.024 58 69 66
-0.04 0.36 0.024 74 53 66
-0.048 0.368 0.024 74 77 74
-0.04 0.368 0.024 58 45 41
-0.032 0.368 0.024 66 69 74
-0.04 0.376 0.024 33 40 33
-0.032 0.376 0.024 66 73 58
-0.024 0.376 0.024 90 73 99
-0.064 0.328 0.032 99 105 115
-0.064 0.336 0.032 115 105 123
-0.064 0.344 0.032 99 93 107
-0.056 0.344 0.032 41 36 33
-0.056 0.352 0.032 41 45 41
-0.056 0.36 0.032 33 36 33
-0.048 0.36 0.032 82 77 90
-0.048 0.368 0.032 90 85 99
-0.04 0.368 0.032 82 97 74
-0.032 0.368 0.032 90 97 99
-0.04 0.376 0.032 49 65 41
-0.032 0.376 0.032 66 77 82
-0.024 0.376 0.032 82 89 74
-0.064 0.336 0.04 156 154 156
-0.064 0.344 0.04 156 154 156
-0.056 0.344 0.04 123 142 123
-0.056 0.352 0.04 123 121 132
-0.048 0.352 0.04 197 178 197
-0.056 0.36 0.04 140 134 140
-0.048 0.36 0.04 173 158 181
-0.04 0.36 0.04 189 174 189
-0.04 0.368 0.04 197 170 197
-0.032 0.368 0.04 206 194 197
-0.032 0.376 0.04 206 194 197
-0.024 0.376 0.04 148 154 148
-0.064 0.328 0.048 206 215 222
-0.064 0.336 0.048 189 186 197
-0.056 0.336 0.048 197 210 206
-0.056 0.344 0.048 206 202 206
-0.048 0.344 0.048 181 198 181
-0.048 0.352 0.048 165 194 165
-0.04 0.352 0.048 156 170 156
-0.032 0.352 0.048 156 170 173
-0.048 0.36 0.048 173 198 165
-0.04 0.36 0.048 156 174 156
-0.032 0.36 0.048 156 154 165
-0.024 0.36 0.048 206 202 197
-0.032 0.368 0.048 148 154 156
-0.024 0.368 0.048 197 202 206
-0.024 0.376 0.048 197 186 206
-0.016 0.376 0.048 214 210 206
-0.064 0.32 0.056 222 227 222
-0.056 0.32 0.056 156 182 173
-0.064 0.328 0.056 214 215 214
-0.056 0.328 0.056 132 162 140
-0.048 0.328 0.056 140 142 140
-0.056 0.336 0.056 107 130 123
-0.048 0.336 0.056 132 142 132
-0.04 0.336 0.056 132 146 140
-0.032 0.336 0.056 189 182 189
-0.048 0.344 0.056 148 150 156
-0.04 0.344 0.056 115 125 123
-0.032 0.344 0.056 165 178 165
-0.024 0.344 0.056 165 182 165
-0.04 0.352 0.056 148 146 148
-0.032 0.352 0.056 197 194 197
-0.024 0.352 0.056 181 202 181
-0.024 0.36 0.056 173 190 173
-0.016 0.36 0.056 123 146 123
-0.016 0.368 0.056 132 146 132
-0.016 0.376 0.056 156 174 156
-0.328 0 0.104 99 93 115
-0.328 0.008 0.104 90 138 148
-0.328 0.016 0.104 16 93 148
-0.328 0.024 0.104 25 93 156
-0.328 0 0.112 148 125 140
-0.328 0.008 0.112 99 130 148
-0.328 0.016 0.112 25 89 148
-0.328 0.024 0.112 25 89 148
-0.328 0.032 0.112 33 81 140
-0.328 0.04 0.112 16 81 148
-0.328 0.048 0.112 16 89 148
-0.336 0 0.12 181 170 181
-0.328 0 0.12 181 170 181
-0.336 0.008 0.12 107 142 148
-0.328 0.008 0.12 140 150 189
-0.336 0.016 0.12 25 89 148
-0.328 0.016 0.12 25 85 148
-0.336 0.024 0.12 25 89 148
-0.328 0.024 0.12 25 85 148
-0.328 0.032 0.12 16 77 123
-0.328 0.04 0.12 16 73 123
-0.328 0.048 0.12 16 73 132
-0.328 0.056 0.12 16 81 132
-0.2 -0.2 0.064 230 215 197
-0.088 0.128 -0.064 99 65 99
-0.08 0.128 -0.064 123 97 123
-0.072 0.128 -0.064 25 32 25
-0.096 0.136 -0.064 90 81 90
-0.088 0.136 -0.064 74 85 66
-0.08 0.136 -0.064 74 93 74
-0.072 0.136 -0.064 82 73 74
-0.088 0.144 -0.064 49 57 49
-0.08 0.144 -0.064 66 69 66
-0.072 0.144 -0.064 66 65 74
-0.096 0.152 -0.064 66 61 66
-0.088 0.152 -0.064 41 45 49
-0.08 0.152 -0.064 49 53 49
-0.072 0.152 -0.064 66 89 66
-0.096 0.16 -0.064 58 105 58
-0.088 0.16 -0.064 41 117 41
-0.08 0.16 -0.064 82 138 74
-0.104 0.168 -0.064 197 202 189
-0.088 0.168 -0.064 197 198 189
-0.08 0.168 -0.064 197 202 189
-0.08 0.176 -0.064 197 190 189
-0.072 0.176 -0.064 165 182 165
-0.072 0.184 -0.064 156 154 148
-0.096 0.128 -0.056 25 24 25
-0.104 0.136 -0.056 41 49 41
-0.096 0.136 -0.056 58 61 58
-0.112 0.144 -0.056 49 49 49
-0.104 0.144 -0.056 33 57 33
-0.096 0.144 -0.056 49 113 49
-0.12 0.152 -0.056 123 125 123
-0.112 0.152 -0.056 99 125 90
-0.104 0.152 -0.056 132 134 123
-0.096 0.152 -0.056 165 166 156
-0.128 0.16 -0.056 165 158 156
-0.112 0.16 -0.056 82 101 74
-0.104 0.16 -0.056 123 109 123
-0.096 0.16 -0.056 123 125 123
-0.088 0.16 -0.056 165 170 156
-0.104 0.168 -0.056 107 101 107
-0.096 0.168 -0.056 115 113 107
-0.088 0.168 -0.056 99 113 99
-0.08 0.168 -0.056 140 130 132
-0.088 0.176 -0.056 90 97 90
-0.08 0.176 -0.056 82 93 82
-0.072 0.176 -0.056 181 166 181
-0.128 0.184 -0.056 49 36 49
-0.08 0.184 -0.056 156 109 148
-0.072 0.184 -0.056 140 142 123
-0.12 0.128 -0.048 49 57 49
-0.112 0.128 -0.048 8 12 8
-0.104 0.128 -0.048 41 45 25
-0.128 0.136 -0.048 58 53 58
-0.12 0.136 -0.048 41 53 41
-0.128 0.144 -0.048 148 154 123
-0.112 0.144 -0.048 156 146 123
-0.104 0.144 -0.048 148 166 132
-0.128 0.152 -0.048 181 130 99
-0.12 0.152 -0.048 181 178 156
-0.112 0.152 -0.048 66 109 58
-0.104 0.152 -0.048 49 53 41
-0.128 0.16 -0.048 148 113 123
-0.112 0.16 -0.048 25 28 25
-0.104 0.16 -0.048 16 24 16
-0.096 0.16 -0.048 58 57 58
-0.088 0.16 -0.048 99 97 90
-0.088 0.168 -0.048 41 65 49
-0.08 0.168 -0.048 66 89 66
-0.08 0.176 -0.048 132 125 123
-0.072 0.176 -0.048 132 130 123
-0.072 0.184 -0.048 74 93 33
-0.128 0.128 -0.04 140 154 140
-0.128 0.136 -0.04 115 109 99
-0.128 0.144 -0.04 107 101 82
-0.112 0.144 -0.04 197 166 148
-0.104 0.144 -0.04 115 117 107
-0.128 0.152 -0.04 173 109 90
-0.12 0.152 -0.04 123 146 115
-0.112 0.152 -0.04 25 81 25
-0.104 0.152 -0.04 99 77 99
-0.104 0.16 -0.04 25 32 16
-0.096 0.16 -0.04 66 73 16
-0.088 0.16 -0.04 82 93 16
-0.088 0.168 -0.04 99 113 33
-0.08 0.168 -0.04 123 158 66
-0.08 0.176 -0.04 189 198 156
-0.072 0.176 -0.04 222 198 197
-0.072 0.184 -0.04 99 105 74
-0.128 0.136 -0.032 140 130 107
-0.112 0.144 -0.032 206 178 181
-0.128 0.152 -0.032 156 138 115
-0.12 0.152 -0.032 132 142 107
-0.112 0.152 -0.032 140 125 132
-0.104 0.152 -0.032 132 142 115
-0.104 0.16 -0.032 82 89 74
-0.096 0.16 -0.032 66 57 33
-0.088 0.16 -0.032 148 138 41
-0.088 0.168 -0.032 90 130 25
-0.08 0.168 -0.032 107 158 58
-0.08 0.176 -0.032 140 190 99
-0.072 0.176 -0.032 197 206 148
-0.128 0.184 -0.032 0 4 0
-0.072 0.184 -0.032 140 166 99
-0.12 0.144 -0.024 25 53 16
-0.112 0.144 -0.024 74 85 49
-0.104 0.144 -0.024 123 109 115
-0.112 0.152 -0.024 58 77 41
-0.104 0.152 -0.024 66 73 49
-0.104 0.16 -0.024 0 24 0
-0.096 0.16 -0.024 49 45 16
-0.088 0.168 -0.024 140 142 99
-0.08 0.168 -0.024 148 178 115
-0.08 0.176 -0.024 181 182 173
-0.072 0.184 -0.024 156 125 140
-0.128 0.128 -0.016 132 134 132
-0.12 0.128 -0.016 140 125 148
-0.128 0.136 -0.016 156 150 173
-0.12 0.136 -0.016 132 117 132
-0.112 0.136 -0.016 156 146 173
-0.112 0.144 -0.016 156 146 165
-0.104 0.144 -0.016 214 190 214
-0.112 0.152 -0.016 181 158 189
-0.104 0.152 -0.016 222 194 222
-0.096 0.152 -0.016 165 142 165
-0.104 0.16 -0.016 214 198 222
-0.096 0.16 -0.016 181 174 189
-0.088 0.16 -0.016 156 142 148
-0.096 0.168 -0.016 214 190 206
-0.088 0.168 -0.016 222 186 206
-0.08 0.168 -0.016 206 194 189
-0.088 0.176 -0.016 189 182 181
-0.08 0.176 -0.016 173 182 165
-0.088 0.184 -0.016 206 194 197
-0.08 0.184 -0.016 132 162 132
-0.072 0.184 -0.016 197 186 197
-0.128 0.128 -0.008 230 219 222
-0.12 0.128 -0.008 230 223 230
-0.128 0.136 -0.008 230 219 230
-0.12 0.136 -0.008 230 223 230
-0.112 0.136 -0.008 230 223 222
-0.112 0.144 -0.008 230 223 230
-0.104 0.144 -0.008 230 210 222
-0.104 0.152 -0.008 230 223 230
-0.096 0.152 -0.008 239 227 230
-0.096 0.16 -0.008 230 219 222
-0.088 0.16 -0.008 239 223 230
-0.096 0.168 -0.008 230 219 222
-0.088 0.168 -0.008 230 219 222
-0.08 0.168 -0.008 230 215 214
-0.088 0.176 -0.008 214 202 206
-0.08 0.184 -0.008 230 219 222
-0.072 0.184 -0.008 239 223 230
-0.12 -0.256 -0.128 90 85 99
-0.12 -0.248 -0.128 115 97 115
-0.112 -0.232 -0.128 58 57 58
-0.096 -0.224 -0.128 99 113 99
-0.088 -0.216 -0.128 148 142 148
-0.08 -0.208 -0.128 173 154 173
-0.072 -0.2 -0.128 156 138 148
-0.128 -0.256 -0.12 132 125 132
-0.12 -0.256 -0.12 107 101 115
-0.088 -0.216 -0.12 148 166 148
-0.08 -0.208 -0.12 148 158 148
-0.072 -0.2 -0.12 148 162 148
-0.128 -0.256 -0.112 66 61 66
-0.12 -0.248 -0.112 132 125 140
-0.088 -0.216 -0.112 107 113 107
-0.08 -0.208 -0.112 173 174 173
-0.08 -0.2 -0.112 173 170 173
-0.128 -0.256 -0.104 66 69 66
-0.128 -0.248 -0.104 66 69 66
-0.104 -0.24 -0.104 140 138 140
-0.096 -0.232 -0.104 99 130 107
-0.088 -0.208 -0.104 107 97 115
-0.08 -0.2 -0.104 115 130 115
-0.128 -0.248 -0.096 66 65 66
-0.096 -0.232 -0.096 173 178 173
-0.088 -0.224 -0.096 107 125 107
-0.088 -0.216 -0.096 115 130 115
-0.088 -0.208 -0.096 148 130 148
-0.088 -0.2 -0.096 132 121 132
-0.128 -0.248 -0.088 49 69 58
-0.104 -0.232 -0.088 58 73 58
-0.096 -0.224 -0.088 148 142 156
-0.088 -0.216 -0.088 189 182 189
-0.088 -0.208 -0.088 156 150 165
-0.128 -0.2 -0.088 16 28 16
-0.12 -0.2 -0.088 58 61 49
-0.088 -0.2 -0.088 156 154 156
-0.112 -0.24 -0.08 58 69 58
-0.104 -0.232 -0.08 58 73 58
-0.096 -0.224 -0.08 58 73 49
-0.096 -0.216 -0.08 74 89 74
-0.096 -0.208 -0.08 58 81 58
-0.088 -0.208 -0.08 132 142 132
-0.096 -0.2 -0.08 41 57 33
-0.088 -0.2 -0.08 115 138 107
-0.104 -0.232 -0.072 82 101 82
-0.096 -0.224 -0.072 74 93 74
-0.096 -0.216 -0.072 74 97 74
-0.096 -0.208 -0.072 74 93 74
-0.104 -0.2 -0.072 66 81 58
-0.096 -0.2 -0.072 66 81 66
-0.336 0 0.128 181 178 189
-0.328 0 0.128 181 178 181
-0.336 0.008 0.128 99 134 148
-0.328 0.008 0.128 115 146 156
-0.336 0.016 0.128 25 85 132
-0.336 0.024 0.128 8 81 140
-0.328 0.024 0.128 33 89 148
-0.336 0.032 0.128 25 89 148
-0.328 0.032 0.128 25 93 156
-0.336 0.04 0.128 16 85 148
-0.328 0.04 0.128 25 93 156
-0.336 0.048 0.128 25 85 140
-0.328 0.048 0.128 25 85 140
-0.328 0.056 0.128 25 85 148
-0.336 0 0.136 123 130 181
-0.328 0 0.136 115 125 173
-0.336 0.008 0.136 25 85 140
-0.328 0.008 0.136 25 81 140
-0.336 0.016 0.136 25 89 148
-0.328 0.016 0.136 25 85 148
-0.336 0.024 0.136 33 89 148
-0.328 0.024 0.136 16 85 140
-0.336 0.032 0.136 25 89 148
-0.328 0.032 0.136 25 85 140
-0.336 0.04 0.136 25 89 148
-0.328 0.04 0.136 16 85 140
-0.336 0.048 0.136 25 89 156
-0.328 0.048 0.136 25 85 140
-0.336 0.056 0.136 25 93 156
-0.328 0.056 0.136 25 89 148
-0.336 0 0.144 90 105 140
-0.336 0.008 0.144 25 81 132
-0.336 0.016 0.144 33 77 132
-0.336 0.024 0.144 25 81 140
-0.336 0.032 0.144 25 81 140
-0.336 0.04 0.144 16 85 148
-0.336 0.048 0.144 25 85 140
-0.336 0.056 0.144 16 89 148
-0.056 -0.192 -0.192 82 101 107
-0.064 -0.168 -0.176 49 49 49
-0.064 -0.16 -0.176 8 16 16
-0.064 -0.192 -0.168 132 134 132
-0.056 -0.184 -0.168 123 130 132
-0.048 -0.176 -0.168 132 134 132
-0.064 -0.168 -0.168 107 113 123
-0.056 -0.168 -0.168 99 81 107
-0.048 -0.168 -0.168 123 125 123
-0.064 -0.16 -0.168 132 97 140
-0.056 -0.16 -0.168 8 12 16
-0.064 -0.152 -0.168 74 61 82
-0.064 -0.192 -0.16 132 117 123
-0.056 -0.184 -0.16 123 134 132
-0.056 -0.176 -0.16 49 65 58
-0.048 -0.176 -0.16 123 125 123
-0.064 -0.168 -0.16 123 130 123
-0.056 -0.168 -0.16 107 117 123
-0.048 -0.168 -0.16 123 121 123
-0.064 -0.16 -0.16 140 146 148
-0.056 -0.16 -0.16 99 117 115
-0.048 -0.16 -0.16 82 89 82
-0.064 -0.152 -0.16 132 130 140
-0.056 -0.152 -0.16 74 61 82
-0.064 -0.144 -0.16 25 49 25
-0.064 -0.136 -0.16 0 8 16
-0.064 -0.192 -0.152 148 134 148
-0.064 -0.184 -0.152 107 109 99
-0.064 -0.176 -0.152 123 130 132
-0.056 -0.176 -0.152 148 146 148
-0.056 -0.136 -0.152 33 32 41
-0.064 -0.192 -0.144 123 117 115
-0.064 -0.184 -0.144 115 130 123
-0.064 -0.176 -0.144 123 138 132
-0.056 -0.176 -0.144 140 138 140
-0.064 -0.16 -0.144 140 146 140
-0.064 -0.192 -0.136 156 138 156
-0.064 -0.184 -0.136 148 146 140
-0.064 -0.176 -0.136 132 138 132
-0.28 -0.12 0.08 239 215 206
-0.264 -0.08 0.08 206 170 206
-0.264 -0.112 0.088 165 178 165
-0.272 -0.104 0.088 132 134 132
-0.264 -0.104 0.088 132 130 140
-0.28 -0.096 0.088 140 142 148
-0.272 -0.096 0.088 115 125 132
-0.264 -0.096 0.088 115 117 123
-0.28 -0.088 0.088 140 130 148
-0.272 -0.088 0.088 140 121 156
-0.264 -0.088 0.088 132 142 148
-0.288 -0.08 0.088 107 105 123
-0.28 -0.08 0.088 123 113 123
-0.272 -0.08 0.088 115 121 123
-0.264 -0.08 0.088 140 142 156
-0.288 -0.072 0.088 123 113 132
-0.272 -0.072 0.088 99 109 115
-0.264 -0.072 0.088 99 113 115
-0.264 -0.128 0.096 156 162 173
-0.28 -0.112 0.096 140 146 156
-0.264 -0.112 0.096 148 158 156
-0.28 -0.104 0.096 132 150 148
-0.272 -0.104 0.096 148 154 156
-0.264 -0.104 0.096 148 154 165
-0.288 -0.096 0.096 156 162 173
-0.28 -0.096 0.096 156 158 173
-0.272 -0.096 0.096 140 146 156
-0.264 -0.096 0.096 132 142 156
-0.288 -0.088 0.096 148 154 165
-0.28 -0.088 0.096 156 162 173
-0.272 -0.088 0.096 156 158 165
-0.264 -0.088 0.096 148 154 165
-0.296 -0.08 0.096 156 158 173
-0.288 -0.08 0.096 132 142 148
-0.272 -0.08 0.096 140 146 156
-0.264 -0.08 0.096 148 150 165
-0.296 -0.072 0.096 132 150 148
-0.288 -0.072 0.096 140 138 165
-0.28 -0.072 0.096 107 121 123
-0.272 -0.072 0.096 99 105 115
-0.264 -0.072 0.096 148 154 165
-0.264 -0.128 0.104 156 158 173
-0.272 -0.12 0.104 189 186 197
-0.264 -0.12 0.104 181 174 181
-0.28 -0.112 0.104 140 146 156
-0.272 -0.112 0.104 140 150 156
-0.264 -0.112 0.104 156 166 165
-0.288 -0.104 0.104 132 142 148
-0.28 -0.104 0.104 132 146 148
-0.272 -0.104 0.104 148 154 165
-0.288 -0.096 0.104 156 158 165
-0.28 -0.096 0.104 148 154 165
-0.272 -0.096 0.104 132 142 148
-0.296 -0.088 0.104 173 174 181
-0.288 -0.088 0.104 156 158 165
-0.296 -0.08 0.104 115 130 132
-0.288 -0.08 0.104 148 154 156
-0.304 -0.072 0.104 140 142 148
-0.296 -0.072 0.104 140 130 165
-0.28 -0.072 0.104 82 101 107
-0.272 -0.128 0.112 140 146 156
-0.264 -0.128 0.112 148 154 165
-0.272 -0.12 0.112 173 178 189
-0.264 -0.12 0.112 181 170 181
-0.288 -0.112 0.112 132 142 148
-0.28 -0.112 0.112 132 138 148
-0.272 -0.112 0.112 123 138 148
-0.264 -0.112 0.112 156 154 173
-0.288 -0.104 0.112 132 142 156
-0.28 -0.104 0.112 132 142 156
-0.272 -0.104 0.112 148 146 156
-0.296 -0.096 0.112 156 154 165
-0.288 -0.096 0.112 140 150 165
-0.28 -0.096 0.112 140 146 156
-0.296 -0.088 0.112 148 154 165
-0.288 -0.088 0.112 156 154 165
-0.304 -0.08 0.112 173 158 173
-0.296 -0.08 0.112 132 146 140
-0.304 -0.072 0.112 123 138 140
-0.296 -0.072 0.112 132 130 148
-0.272 -0.128 0.12 148 150 156
-0.264 -0.128 0.12 148 154 165
-0.272 -0.12 0.12 173 174 181
-0.264 -0.12 0.12 148 154 165
-0.288 -0.112 0.12 140 146 156
-0.28 -0.112 0.12 132 138 148
-0.272 -0.112 0.12 132 134 140
-0.296 -0.104 0.12 132 134 148
-0.288 -0.104 0.12 123 134 140
-0.28 -0.104 0.12 123 138 148
-0.272 -0.104 0.12 132 138 140
-0.296 -0.096 0.12 140 150 156
-0.288 -0.096 0.12 132 142 156
-0.28 -0.096 0.12 123 130 140
-0.296 -0.088 0.12 148 150 156
-0.304 -0.08 0.12 173 162 181
-0.296 -0.08 0.12 140 150 156
-0.304 -0.072 0.12 156 142 173
-0.144 0 -0.088 58 61 58
-0.136 0 -0.088 58 65 58
-0.144 0.008 -0.088 66 65 66
-0.136 0.008 -0.088 58 61 58
-0.136 0.016 -0.088 58 61 58
-0.136 0.024 -0.088 58 61 58
-0.136 0.032 -0.088 66 65 66
-0.136 0.04 -0.088 66 65 66
-0.136 0.048 -0.088 66 69 66
-0.152 0 -0.08 58 57 58
-0.144 0 -0.08 58 61 58
-0.136 0 -0.08 58 61 58
-0.152 0.008 -0.08 49 57 49
-0.144 0.008 -0.08 49 53 49
-0.152 0.016 -0.08 58 57 58
-0.144 0.016 -0.08 58 57 58
-0.136 0.016 -0.08 58 57 58
-0.152 0.024 -0.08 58 61 58
-0.144 0.024 -0.08 66 61 58
-0.152 0.032 -0.08 58 61 66
-0.144 0.032 -0.08 58 57 58
-0.136 0.032 -0.08 66 65 66
-0.144 0.04 -0.08 66 65 66
-0.136 0.04 -0.08 66 65 66
-0.144 0.048 -0.08 74 73 74
-0.136 0.048 -0.08 66 69 66
-0.144 0.056 -0.08 66 69 66
-0.136 0.056 -0.08 66 57 66
-0.16 0 -0.072 25 28 33
-0.152 0 -0.072 49 53 49
-0.144 0 -0.072 49 53 58
-0.168 0.008 -0.072 25 24 25
-0.16 0.008 -0.072 25 28 25
-0.152 0.008 -0.072 58 57 58
-0.16 0.016 -0.072 16 24 16
-0.152 0.016 -0.072 58 61 58
-0.16 0.024 -0.072 33 32 33
-0.152 0.024 -0.072 41 36 41
-0.16 0.032 -0.072 41 40 41
-0.152 0.032 -0.072 41 40 41
-0.144 0.032 -0.072 58 61 58
-0.152 0.04 -0.072 41 45 41
-0.144 0.04 -0.072 66 65 66
-0.152 0.048 -0.072 41 36 41
-0.144 0.048 -0.072 66 69 66
-0.136 0.048 -0.072 58 69 58
-0.144 0.056 -0.072 41 49 41
-0.136 0.056 -0.072 41 45 41
-0.256 0.008 -0.088 214 219 197
-0.24 0.008 -0.088 222 223 206
-0.232 0.016 -0.088 123 113 115
-0.256 0.024 -0.088 165 158 148
-0.248 0.024 -0.088 107 101 90
-0.232 0.024 -0.088 132 130 115
-0.24 0 -0.08 189 190 197
-0.232 0 -0.08 165 178 165
-0.224 0 -0.08 156 178 165
-0.224 0.016 -0.08 74 73 74
-0.232 0.024 -0.08 82 89 74
-0.248 0 -0.072 90 93 90
-0.24 0 -0.072 99 105 99
-0.232 0 -0.072 156 146 156
-0.224 0 -0.072 140 142 148
-0.256 0.008 -0.072 99 85 99
-0.248 0.008 -0.072 90 105 99
-0.24 0.008 -0.072 90 93 99
-0.232 0.008 -0.072 90 89 90
-0.248 0.024 -0.072 66 65 58
-0.24 0.032 -0.072 90 81 90
-0.24 0.04 -0.072 140 134 123
-0.24 0.048 -0.072 140 138 132
-0.232 0.048 -0.072 123 125 132
-0.24 0.056 -0.072 214 215 206
-0.2 -0.064 0 255 247 239
-0.208 -0.056 0 255 239 230
-0.2 -0.056 0 255 243 239
-0.208 -0.048 0 255 243 239
-0.2 -0.048 0 255 243 239
-0.224 -0.04 0 247 231 222
-0.216 -0.04 0 255 235 230
-0.224 -0.032 0 239 223 214
-0.216 -0.032 0 239 223 214
-0.224 -0.024 0 49 97 49
-0.216 -0.024 0 25 53 25
-0.24 -0.016 0 123 130 107
-0.232 -0.016 0 123 130 107
-0.224 -0.016 0 123 130 107
-0.256 -0.008 0 25 28 25
-0.248 -0.008 0 25 24 25
-0.208 -0.008 0 0 4 8
-0.208 -0.064 0.008 255 239 230
-0.2 -0.064 0.008 255 239 230
-0.208 -0.056 0.008 255 235 222
-0.2 -0.056 0.008 255 239 230
-0.208 -0.048 0.008 255 231 222
-0.2 -0.048 0.008 255 235 222
-0.224 -0.04 0.008 247 227 214
-0.216 -0.04 0.008 247 227 214
-0.232 -0.032 0.008 206 190 181
-0.224 -0.032 0.008 239 219 214
-0.232 -0.024 0.008 58 69 58
-0.224 -0.024 0.008 58 89 66
-0.24 -0.016 0.008 99 89 90
-0.232 -0.016 0.008 99 89 90
-0.224 -0.016 0.008 90 89 82
-0.256 -0.008 0.008 25 24 25
-0.248 -0.008 0.008 16 20 16
-0.208 -0.064 0.016 255 235 222
-0.2 -0.064 0.016 255 235 222
-0.208 -0.056 0.016 247 231 222
-0.2 -0.056 0.016 255 235 222
-0.208 -0.048 0.016 247 231 214
-0.2 -0.048 0.016 255 235 222
-0.232 -0.04 0.016 255 231 214
-0.224 -0.04 0.016 239 223 214
-0.232 -0.032 0.016 206 182 181
-0.224 -0.032 0.016 230 206 197
-0.232 -0.024 0.016 66 93 82
-0.224 -0.024 0.016 41 65 49
-0.248 -0.016 0.016 58 65 66
-0.24 -0.016 0.016 58 65 66
-0.232 -0.016 0.016 58 57 58
-0.224 -0.016 0.016 58 65 58
-0.256 -0.008 0.016 41 40 41
-0.208 -0.064 0.024 247 231 222
-0.2 -0.064 0.024 255 231 222
-0.208 -0.056 0.024 247 231 222
-0.2 -0.056 0.024 255 231 222
-0.216 -0.048 0.024 247 231 214
-0.208 -0.048 0.024 247 231 214
-0.2 -0.048 0.024 247 231 214
-0.232 -0.04 0.024 239 223 206
-0.224 -0.04 0.024 239 223 206
-0.232 -0.032 0.024 230 206 189
-0.224 -0.032 0.024 230 202 189
-0.24 -0.024 0.024 25 61 90
-0.232 -0.024 0.024 74 89 82
-0.248 -0.016 0.024 58 53 58
-0.24 -0.016 0.024 66 53 66
-0.232 -0.016 0.024 66 57 74
-0.256 -0.008 0.024 74 57 74
-0.2 -0.008 0.024 25 20 25
-0.208 -0.064 0.032 247 231 222
-0.2 -0.064 0.032 247 231 214
-0.216 -0.056 0.032 247 231 214
-0.208 -0.056 0.032 247 231 222
-0.2 -0.056 0.032 247 231 214
-0.216 -0.048 0.032 247 227 214
-0.208 -0.048 0.032 247 231 214
-0.2 -0.048 0.032 247 231 214
-0.232 -0.04 0.032 239 223 206
-0.224 -0.04 0.032 239 223 206
-0.24 -0.032 0.032 222 206 197
-0.232 -0.032 0.032 230 202 181
-0.24 -0.024 0.032 33 57 74
-0.232 -0.024 0.032 66 97 74
-0.248 -0.016 0.032 66 57 66
-0.24 -0.016 0.032 49 57 74
-0.232 -0.016 0.032 49 61 90
-0.224 -0.008 0.032 66 73 99
-0.208 -0.008 0.032 41 85 156
-0.2 -0.008 0.032 16 61 99
-0.216 -0.064 0.04 247 231 214
-0.208 -0.064 0.04 247 231 214
-0.2 -0.064 0.04 239 223 214
-0.216 -0.056 0.04 247 227 214
-0.208 -0.056 0.04 247 231 214
-0.2 -0.056 0.04 247 231 214
-0.216 -0.048 0.04 247 227 214
-0.208 -0.048 0.04 247 227 214
-0.24 -0.04 0.04 239 219 197
-0.232 -0.04 0.04 239 219 206
-0.224 -0.04 0.04 239 223 206
-0.216 -0.04 0.04 239 223 206
-0.24 -0.032 0.04 230 194 173
-0.232 -0.032 0.04 230 194 173
-0.24 -0.024 0.04 107 117 107
-0.256 -0.016 0.04 41 85 107
-0.248 -0.016 0.04 25 85 132
-0.224 -0.016 0.04 33 101 140
-0.216 -0.016 0.04 41 89 132
-0.208 -0.016 0.04 33 125 189
-0.2 -0.016 0.04 16 73 115
-0.224 -0.008 0.04 58 134 206
-0.216 -0.008 0.04 41 125 197
-0.208 -0.008 0.04 41 125 189
-0.2 -0.008 0.04 33 101 181
-0.208 -0.064 0.048 247 227 206
-0.2 -0.064 0.048 239 223 214
-0.216 -0.056 0.048 247 227 214
-0.208 -0.056 0.048 247 227 214
-0.224 -0.048 0.048 247 223 206
-0.216 -0.048 0.048 247 223 206
-0.208 -0.048 0.048 247 227 206
-0.24 -0.04 0.048 239 215 197
-0.232 -0.04 0.048 230 215 197
-0.224 -0.04 0.048 239 219 197
-0.216 -0.04 0.048 239 215 197
-0.248 -0.032 0.048 222 206 189
-0.24 -0.032 0.048 222 190 173
-0.248 -0.024 0.048 82 81 99
-0.24 -0.024 0.048 74 113 74
-0.2 -0.024 0.048 123 134 90
-0.256 -0.016 0.048 41 121 189
-0.224 -0.016 0.048 41 134 214
-0.216 -0.016 0.048 49 134 206
-0.208 -0.016 0.048 33 121 206
-0.2 -0.016 0.048 16 89 156
-0.224 -0.008 0.048 49 138 214
-0.216 -0.008 0.048 41 125 206
-0.2 -0.008 0.048 33 105 181
-0.224 -0.064 0.056 239 223 206
-0.216 -0.064 0.056 247 227 206
-0.208 -0.064 0.056 239 223 206
-0.2 -0.064 0.056 239 215 197
-0.224 -0.056 0.056 247 223 214
-0.216 -0.056 0.056 247 223 214
-0.208 -0.056 0.056 239 219 197
-0.224 -0.048 0.056 239 219 197
-0.216 -0.048 0.056 230 219 197
-0.248 -0.04 0.056 222 202 189
-0.24 -0.04 0.056 230 210 189
-0.232 -0.04 0.056 230 210 189
-0.224 -0.04 0.056 230 210 197
-0.248 -0.032 0.056 222 190 165
-0.24 -0.032 0.056 214 186 156
-0.248 -0.024 0.056 74 113 82
-0.2 -0.024 0.056 82 101 74
-0.216 -0.016 0.056 66 109 165
-0.208 -0.016 0.056 74 101 140
-0.2 -0.016 0.056 82 69 90
-0.224 -0.008 0.056 58 101 173
-0.2 -0.008 0.056 41 65 107
-0.184 0.128 0 82 85 82
-0.176 0.128 0 74 69 66
-0.168 0.128 0 82 77 74
-0.144 0.128 0 230 215 222
-0.136 0.128 0 230 223 230
-0.192 0.136 0 99 85 90
-0.184 0.136 0 90 77 82
-0.176 0.136 0 99 113 90
-0.168 0.136 0 123 117 115
-0.16 0.136 0 255 182 239
-0.152 0.136 0 255 251 255
-0.176 0.144 0 148 130 132
-0.16 0.144 0 255 251 247
-0.176 0.152 0 255 235 247
-0.168 0.152 0 255 251 247
-0.184 0.16 0 255 255 255
-0.192 0.128 0.008 115 105 115
-0.184 0.128 0.008 115 101 115
-0.176 0.128 0.008 132 113 140
-0.144 0.128 0.008 222 210 214
-0.136 0.128 0.008 214 215 206
-0.192 0.136 0.008 99 117 107
-0.184 0.136 0.008 107 97 107
-0.176 0.136 0.008 66 97 66
-0.16 0.136 0.008 222 170 214
-0.192 0.144 0.008 115 93 107
-0.176 0.144 0.008 148 134 140
-0.16 0.144 0.008 247 235 230
-0.192 0.152 0.008 222 178 214
-0.168 0.152 0.008 247 235 230
-0.192 0.16 0.008 255 243 247
-0.184 0.16 0.008 247 247 239
-0.176 0.16 0.008 247 235 230
-0.192 0.168 0.008 247 247 247
-0.16 0.168 0.008 156 154 156
-0.192 0.128 0.016 132 121 123
-0.184 0.128 0.016 140 125 140
-0.176 0.128 0.016 132 125 123
-0.152 0.128 0.016 49 49 49
-0.136 0.128 0.016 230 223 222
-0.192 0.136 0.016 140 130 140
-0.184 0.136 0.016 140 121 140
-0.16 0.136 0.016 247 194 230
-0.192 0.144 0.016 148 138 148
-0.184 0.144 0.016 74 109 74
-0.176 0.144 0.016 156 125 156
-0.16 0.144 0.016 247 239 230
-0.168 0.152 0.016 247 239 230
-0.192 0.16 0.016 255 239 247
-0.176 0.16 0.016 247 239 239
-0.168 0.16 0.016 156 154 156
-0.192 0.168 0.016 255 251 247
-0.152 0.184 0.016 156 154 156
-0.192 0.128 0.024 132 138 140
-0.144 0.128 0.024 230 215 222
-0.136 0.128 0.024 230 219 222
-0.192 0.136 0.024 148 138 148
-0.184 0.136 0.024 148 138 140
-0.16 0.136 0.024 247 235 230
-0.136 0.136 0.024 230 223 222
-0.184 0.144 0.024 82 117 82
-0.16 0.144 0.024 255 235 239
-0.168 0.152 0.024 255 235 239
-0.192 0.16 0.024 255 239 247
-0.192 0.168 0.024 255 243 247
-0.16 0.176 0.024 156 154 156
-0.192 0.128 0.032 140 138 148
-0.144 0.128 0.032 230 215 222
-0.136 0.128 0.032 230 219 214
-0.192 0.136 0.032 123 121 123
-0.184 0.136 0.032 99 101 99
-0.16 0.136 0.032 156 154 156
-0.136 0.136 0.032 230 219 222
-0.192 0.144 0.032 107 117 99
-0.184 0.144 0.032 107 134 107
-0.192 0.16 0.032 206 190 189
-0.192 0.168 0.032 255 247 239
-0.176 0.168 0.032 156 154 156
-0.16 0.176 0.032 156 154 156
-0.192 0.128 0.04 107 109 107
-0.184 0.128 0.04 115 113 115
-0.176 0.128 0.04 123 117 115
-0.136 0.128 0.04 222 210 206
-0.192 0.136 0.04 123 117 115
-0.184 0.136 0.04 115 113 115
-0.16 0.136 0.04 156 154 156
-0.136 0.136 0.04 230 219 214
-0.192 0.144 0.04 115 125 107
-0.184 0.144 0.04 115 130 115
-0.136 0.144 0.04 230 219 214
-0.176 0.168 0.04 156 154 156
-0.192 0.128 0.048 132 130 132
-0.184 0.128 0.048 132 134 132
-0.152 0.128 0.048 214 162 197
-0.144 0.128 0.048 214 198 197
-0.136 0.128 0.048 214 190 197
-0.192 0.136 0.048 132 125 123
-0.184 0.136 0.048 132 134 132
-0.16 0.136 0.048 156 154 156
-0.152 0.136 0.048 222 206 206
-0.144 0.136 0.048 222 202 197
-0.136 0.136 0.048 214 178 197
-0.192 0.144 0.048 140 134 123
-0.168 0.144 0.048 230 186 214
-0.144 0.144 0.048 230 210 214
-0.136 0.144 0.048 222 206 214
-0.176 0.16 0.048 222 206 206
-0.192 0.128 0.056 165 146 165
-0.184 0.128 0.056 181 174 181
-0.192 0.136 0.056 165 162 165
-0.184 0.136 0.056 156 154 156
-0.192 0.144 0.056 156 146 148
-0.152 0.144 0.056 123 130 165
-0.176 0.152 0.056 222 202 197
-0.152 0.152 0.056 206 162 189
-0.144 0.152 0.056 165 170 197
-0.144 0.16 0.056 197 166 189
-0.176 0.168 0.056 214 194 189
-0.144 0.168 0.056 189 158 173
-0.136 0.168 0.056 197 158 181
-0.192 0.176 0.056 247 223 222
-0.176 0.176 0.056 156 154 156
-0.168 0.176 0.056 214 194 197
-0.136 0.176 0.056 173 146 165
-0.136 0.184 0.056 140 130 123
-0.264 -0.008 0.008 25 32 25
-0.264 -0.008 0.016 41 36 41
-0.264 -0.008 0.024 66 57 66
-0.272 -0.008 0.032 33 49 41
-0.264 -0.008 0.032 41 45 41
-0.272 -0.008 0.04 66 81 132
-0.264 -0.008 0.04 58 93 140
-0.264 -0.016 0.048 33 117 173
-0.272 -0.008 0.048 33 117 197
-0.272 -0.016 0.056 33 130 206
-0.264 -0.016 0.056 33 134 206
-0.28 -0.008 0.056 49 130 189
-0.272 -0.008 0.056 49 130 197
-0.088 -0.256 -0.192 99 101 99
-0.096 -0.216 -0.192 173 174 165
-0.088 -0.216 -0.192 49 45 33
-0.096 -0.208 -0.192 222 215 206
-0.096 -0.256 -0.184 66 69 41
-0.088 -0.256 -0.184 90 105 90
-0.08 -0.256 -0.184 123 130 132
-0.072 -0.256 -0.184 148 162 148
-0.104 -0.248 -0.184 16 28 16
-0.096 -0.248 -0.184 41 49 41
-0.088 -0.248 -0.184 41 57 25
-0.08 -0.248 -0.184 90 101 99
-0.096 -0.24 -0.184 49 40 41
-0.104 -0.232 -0.184 33 28 16
-0.104 -0.224 -0.184 107 138 90
-0.096 -0.224 -0.184 49 40 33
-0.104 -0.216 -0.184 222 210 206
-0.096 -0.216 -0.184 123 109 107
-0.088 -0.216 -0.184 49 53 33
-0.072 -0.208 -0.184 115 117 123
-0.104 -0.256 -0.176 58 61 66
-0.096 -0.256 -0.176 25 40 16
-0.088 -0.256 -0.176 90 105 99
-0.112 -0.248 -0.176 33 32 33
-0.104 -0.248 -0.176 49 45 49
-0.096 -0.248 -0.176 41 40 41
-0.104 -0.24 -0.176 16 24 25
-0.096 -0.24 -0.176 25 28 16
-0.08 -0.24 -0.176 74 105 66
-0.072 -0.24 -0.176 140 142 156
-0.104 -0.232 -0.176 25 20 8
-0.096 -0.232 -0.176 33 32 16
-0.088 -0.232 -0.176 58 65 33
-0.104 -0.224 -0.176 33 89 16
-0.096 -0.224 -0.176 41 36 25
-0.104 -0.216 -0.176 222 210 206
-0.096 -0.216 -0.176 90 85 82
-0.088 -0.216 -0.176 58 61 33
-0.08 -0.216 -0.176 74 89 74
-0.072 -0.216 -0.176 66 97 66
-0.096 -0.208 -0.176 222 210 206
-0.072 -0.208 -0.176 49 65 49
-0.112 -0.256 -0.168 49 53 49
-0.104 -0.256 -0.168 58 61 58
-0.112 -0.248 -0.168 41 40 41
-0.104 -0.248 -0.168 41 45 41
-0.112 -0.24 -0.168 25 32 33
-0.104 -0.232 -0.168 16 16 8
-0.08 -0.232 -0.168 115 109 115
-0.104 -0.224 -0.168 25 65 0
-0.08 -0.224 -0.168 123 130 107
-0.104 -0.216 -0.168 222 206 206
-0.096 -0.216 -0.168 82 57 66
-0.088 -0.216 -0.168 49 36 33
-0.08 -0.216 -0.168 82 109 82
-0.072 -0.216 -0.168 156 174 156
-0.104 -0.208 -0.168 222 215 197
-0.08 -0.208 -0.168 49 53 25
-0.128 -0.2 -0.168 25 24 8
-0.104 -0.2 -0.168 222 223 206
-0.072 -0.2 -0.168 123 97 115
-0.112 -0.256 -0.16 58 61 58
-0.12 -0.248 -0.16 33 36 33
-0.112 -0.248 -0.16 33 40 41
-0.112 -0.24 -0.16 33 36 41
-0.112 -0.232 -0.16 33 36 41
-0.104 -0.224 -0.16 33 73 33
-0.072 -0.224 -0.16 132 138 123
-0.104 -0.216 -0.16 222 206 206
-0.072 -0.216 -0.16 148 162 148
-0.104 -0.208 -0.16 222 215 197
-0.08 -0.208 -0.16 66 85 58
-0.128 -0.2 -0.16 16 24 25
-0.072 -0.2 -0.16 148 117 148
-0.12 -0.256 -0.152 41 45 41
-0.112 -0.256 -0.152 58 57 58
-0.12 -0.248 -0.152 33 40 41
-0.112 -0.248 -0.152 41 45 41
-0.112 -0.232 -0.152 33 45 41
-0.104 -0.224 -0.152 82 85 74
-0.08 -0.208 -0.152 107 105 90
-0.128 -0.2 -0.152 25 36 33
-0.072 -0.2 -0.152 115 101 99
-0.12 -0.256 -0.144 49 45 49
-0.112 -0.256 -0.144 58 57 58
-0.12 -0.248 -0.144 41 49 41
-0.12 -0.24 -0.144 41 53 49
-0.112 -0.232 -0.144 33 53 33
-0.112 -0.216 -0.144 222 215 197
-0.088 -0.216 -0.144 74 101 82
-0.112 -0.208 -0.144 230 227 214
-0.128 -0.2 -0.144 74 77 74
-0.072 -0.2 -0.144 140 117 132
-0.12 -0.256 -0.136 49 53 49
-0.12 -0.248 -0.136 49 45 49
-0.12 -0.24 -0.136 58 53 58
-0.112 -0.232 -0.136 58 65 58
-0.112 -0.216 -0.136 197 198 181
-0.08 -0.208 -0.136 115 138 115
-0.072 -0.2 -0.136 132 142 123
-0.072 -0.224 -0.256 206 198 189
-0.072 -0.216 -0.256 206 198 197
-0.072 -0.208 -0.256 173 170 173
-0.072 -0.232 -0.248 214 210 189
-0.072 -0.224 -0.248 214 206 189
-0.08 -0.216 -0.248 206 190 197
-0.072 -0.216 -0.248 197 186 181
-0.08 -0.208 -0.248 214 202 206
-0.072 -0.208 -0.248 206 198 197
-0.072 -0.2 -0.248 140 146 140
-0.072 -0.224 -0.24 214 206 189
-0.088 -0.208 -0.24 197 194 189
-0.08 -0.208 -0.24 214 206 206
-0.08 -0.2 -0.24 165 174 165
-0.072 -0.216 -0.232 148 162 140
-0.088 -0.208 -0.232 206 198 197
-0.08 -0.208 -0.232 165 178 165
-0.072 -0.208 -0.232 197 182 181
-0.088 -0.208 -0.224 206 202 206
-0.088 -0.2 -0.224 206 206 197
-0.096 -0.216 -0.216 214 206 206
-0.072 -0.208 -0.216 90 101 99
-0.088 -0.2 -0.216 206 202 197
-0.072 -0.2 -0.216 82 97 99
-0.096 -0.216 -0.208 189 194 181
-0.096 -0.208 -0.208 214 210 197
-0.08 -0.2 -0.208 156 154 156
-0.096 -0.216 -0.2 173 170 156
-0.096 -0.208 -0.2 214 210 206
-0.088 -0.208 -0.2 214 210 206
-0.2 -0.192 -0.072 66 93 66
-0.2 -0.184 -0.072 140 142 123
-0.2 -0.176 -0.072 140 146 140
-0.2 -0.168 -0.072 173 174 148
-0.2 -0.16 -0.072 181 158 165
-0.2 -0.152 -0.072 66 77 74
-0.2 -0.144 -0.072 33 36 25
-0.2 -0.136 -0.072 16 24 16
-0.208 0 0.064 33 65 49
-0.2 0 0.064 66 61 74
-0.232 0.008 0.064 58 81 90
-0.208 0.008 0.064 90 73 82
-0.2 0.008 0.064 58 65 82
-0.232 0.016 0.064 66 105 148
-0.208 0.016 0.064 82 77 90
-0.24 0.024 0.064 66 101 115
-0.232 0.024 0.064 74 97 107
-0.216 0.024 0.064 90 85 90
-0.208 0.024 0.064 115 105 115
-0.24 0.032 0.064 99 121 148
-0.232 0.032 0.064 107 125 148
-0.216 0.032 0.064 123 113 123
-0.208 0.032 0.064 99 101 99
-0.216 0.04 0.064 123 117 123
-0.208 0.04 0.064 132 130 140
-0.232 0.048 0.064 115 121 132
-0.216 0.048 0.064 107 101 115
-0.208 0.048 0.064 123 113 123
-0.232 0.056 0.064 132 125 148
-0.224 0.056 0.064 107 113 115
-0.216 0.056 0.064 115 121 115
-0.208 0.056 0.064 99 105 107
-0.24 0 0.072 82 89 82
-0.232 0 0.072 82 89 82
-0.216 0 0.072 16 57 90
-0.208 0 0.072 8 61 107
-0.24 0.008 0.072 82 73 90
-0.216 0.008 0.072 33 65 90
-0.208 0.008 0.072 8 57 99
-0.24 0.016 0.072 90 81 90
-0.216 0.016 0.072 25 45 74
-0.208 0.016 0.072 8 57 90
-0.248 0.024 0.072 90 97 90
-0.24 0.024 0.072 90 97 90
-0.216 0.024 0.072 49 73 90
-0.208 0.024 0.072 8 61 107
-0.248 0.032 0.072 99 105 90
-0.24 0.032 0.072 107 101 90
-0.232 0.032 0.072 66 69 66
-0.216 0.032 0.072 41 69 90
-0.208 0.032 0.072 16 65 107
-0.24 0.04 0.072 132 117 132
-0.232 0.04 0.072 107 109 115
-0.224 0.04 0.072 58 73 82
-0.216 0.04 0.072 58 69 82
-0.208 0.04 0.072 25 65 99
-0.24 0.048 0.072 132 134 132
-0.232 0.048 0.072 115 117 115
-0.224 0.048 0.072 82 89 107
-0.216 0.048 0.072 58 85 115
-0.24 0.056 0.072 140 130 140
-0.232 0.056 0.072 107 109 107
-0.224 0.056 0.072 148 142 148
-0.216 0.056 0.072 74 101 123
-0.248 0 0.08 58 89 74
-0.24 0 0.08 0 53 82
-0.232 0 0.08 8 57 99
-0.224 0 0.08 8 61 107
-0.216 0 0.08 8 61 99
-0.208 0 0.08 8 61 99
-0.248 0.008 0.08 58 69 99
-0.24 0.008 0.08 8 53 82
-0.224 0.008 0.08 16 61 107
-0.248 0.016 0.08 25 53 74
-0.24 0.016 0.08 8 53 99
-0.224 0.016 0.08 8 61 107
-0.248 0.024 0.08 66 81 107
-0.24 0.024 0.08 8 57 82
-0.224 0.024 0.08 8 61 107
-0.216 0.024 0.08 8 61 107
-0.248 0.032 0.08 49 77 90
-0.24 0.032 0.08 49 65 82
-0.224 0.032 0.08 8 61 115
-0.248 0.04 0.08 49 69 90
-0.24 0.04 0.08 25 65 107
-0.224 0.04 0.08 8 61 107
-0.216 0.04 0.08 8 61 107
-0.248 0.048 0.08 66 85 107
-0.24 0.048 0.08 33 73 107
-0.224 0.048 0.08 8 65 107
-0.216 0.048 0.08 8 65 115
-0.248 0.056 0.08 66 77 82
-0.24 0.056 0.08 58 81 115
-0.232 0.056 0.08 66 89 140
-0.224 0.056 0.08 8 65 115
-0.216 0.056 0.08 8 61 115
-0.256 0 0.088 33 93 107
-0.248 0 0.088 16 85 107
-0.24 0 0.088 8 57 107
-0.232 0 0.088 16 81 107
-0.224 0 0.088 0 57 107
-0.248 0.008 0.088 8 57 107
-0.24 0.008 0.088 8 57 107
-0.232 0.008 0.088 8 57 107
-0.224 0.008 0.088 8 61 99
-0.248 0.016 0.088 8 57 107
-0.24 0.016 0.088 0 61 107
-0.232 0.016 0.088 8 57 107
-0.224 0.016 0.088 16 81 132
-0.248 0.024 0.088 0 57 99
-0.24 0.024 0.088 16 61 107
-0.232 0.024 0.088 8 57 99
-0.224 0.024 0.088 25 93 156
-0.248 0.032 0.088 8 61 107
-0.232 0.032 0.088 8 57 99
-0.224 0.032 0.088 25 89 148
-0.248 0.04 0.088 8 61 107
-0.232 0.04 0.088 16 81 132
-0.224 0.04 0.088 25 93 156
-0.256 0.048 0.088 8 61 107
-0.248 0.048 0.088 16 61 115
-0.232 0.048 0.088 8 73 115
-0.224 0.048 0.088 16 97 156
-0.256 0.056 0.088 8 61 115
-0.248 0.056 0.088 8 61 107
-0.232 0.056 0.088 8 65 115
-0.224 0.056 0.088 16 93 156
-0.256 0 0.096 8 57 99
-0.248 0 0.096 0 57 99
-0.256 0.008 0.096 16 65 99
-0.256 0.016 0.096 8 61 115
-0.256 0.024 0.096 8 65 107
-0.256 0.032 0.096 8 57 107
-0.256 0.04 0.096 8 57 107
-0.256 0.048 0.096 8 61 107
-0.256 0.056 0.096 0 61 107
-0.248 0.056 0.096 33 97 156
-0.064 0.184 -0.064 214 206 214
-0.064 0.184 -0.056 206 202 189
-0.064 0.184 -0.048 74 69 41
-0.064 0.184 -0.04 99 73 49
-0.128 0.12 0 230 219 222
-0.128 0.12 0.008 214 210 214
-0.128 0.12 0.016 214 202 206
-0.128 0.12 0.024 230 219 222
-0.168 -0.128 0 255 247 247
-0.16 -0.128 0 255 243 239
-0.152 -0.128 0 255 239 239
-0.144 -0.128 0 255 239 239
-0.136 -0.128 0 255 239 239
-0.16 -0.12 0 255 251 247
-0.152 -0.12 0 255 239 239
-0.144 -0.12 0 255 239 239
-0.136 -0.12 0 255 239 239
-0.184 -0.112 0 255 255 255
-0.176 -0.112 0 255 255 255
-0.168 -0.112 0 255 255 255
-0.152 -0.112 0 255 243 239
-0.144 -0.112 0 255 243 239
-0.184 -0.104 0 255 255 247
-0.176 -0.104 0 255 255 255
-0.16 -0.104 0 255 239 230
-0.152 -0.104 0 255 239 239
-0.144 -0.104 0 255 243 239
-0.192 -0.096 0 255 251 239
-0.184 -0.096 0 255 251 247
-0.16 -0.096 0 255 243 239
-0.152 -0.096 0 255 243 239
-0.192 -0.088 0 255 251 247
-0.184 -0.088 0 255 251 247
-0.168 -0.088 0 255 255 247
-0.144 -0.088 0 255 239 230
-0.192 -0.08 0 255 251 247
-0.184 -0.08 0 255 251 247
-0.168 -0.08 0 255 255 255
-0.16 -0.08 0 255 239 239
-0.152 -0.08 0 255 239 239
-0.144 -0.08 0 255 239 230
-0.192 -0.072 0 255 251 239
-0.184 -0.072 0 255 251 247
-0.168 -0.072 0 255 255 255
-0.152 -0.072 0 247 235 230
-0.168 -0.128 0.008 255 243 239
-0.16 -0.128 0.008 255 235 230
-0.152 -0.128 0.008 247 235 230
-0.144 -0.128 0.008 247 235 230
-0.136 -0.128 0.008 247 231 222
-0.168 -0.12 0.008 255 243 239
-0.16 -0.12 0.008 255 235 230
-0.152 -0.12 0.008 247 235 230
-0.144 -0.12 0.008 255 239 230
-0.136 -0.12 0.008 247 235 230
-0.184 -0.112 0.008 255 247 239
-0.168 -0.112 0.008 255 247 239
-0.152 -0.112 0.008 255 239 230
-0.144 -0.112 0.008 247 235 230
-0.192 -0.104 0.008 255 251 239
-0.184 -0.104 0.008 255 251 247
-0.168 -0.104 0.008 255 247 239
-0.16 -0.104 0.008 247 235 222
-0.152 -0.104 0.008 255 235 230
-0.144 -0.104 0.008 255 235 230
-0.136 -0.104 0.008 247 235 230
-0.192 -0.096 0.008 255 251 239
-0.184 -0.096 0.008 255 243 239
-0.16 -0.096 0.008 247 235 222
-0.152 -0.096 0.008 255 239 230
-0.144 -0.096 0.008 255 235 230
-0.192 -0.088 0.008 255 243 239
-0.184 -0.088 0.008 255 243 239
-0.168 -0.088 0.008 255 243 239
-0.144 -0.088 0.008 247 235 222
-0.192 -0.08 0.008 255 243 230
-0.184 -0.08 0.008 255 243 230
-0.168 -0.08 0.008 255 243 230
-0.16 -0.08 0.008 247 235 222
-0.152 -0.08 0.008 255 235 222
-0.144 -0.08 0.008 247 235 222
-0.192 -0.072 0.008 255 243 230
-0.168 -0.072 0.008 255 243 230
-0.16 -0.072 0.008 247 235 230
-0.152 -0.072 0.008 247 235 222
-0.168 -0.128 0.016 255 235 230
-0.16 -0.128 0.016 247 231 222
-0.152 -0.128 0.016 247 227 214
-0.144 -0.128 0.016 239 227 214
-0.136 -0.128 0.016 239 223 214
-0.168 -0.12 0.016 255 239 230
-0.16 -0.12 0.016 247 231 222
-0.152 -0.12 0.016 247 231 222
-0.144 -0.12 0.016 247 231 222
-0.136 -0.12 0.016 247 231 222
-0.184 -0.112 0.016 255 239 230
-0.168 -0.112 0.016 255 235 230
-0.16 -0.112 0.016 247 235 222
-0.152 -0.112 0.016 247 231 222
-0.192 -0.104 0.016 255 239 230
-0.184 -0.104 0.016 255 239 230
-0.168 -0.104 0.016 247 235 222
-0.16 -0.104 0.016 247 231 222
-0.152 -0.104 0.016 247 231 222
-0.144 -0.104 0.016 247 231 222
-0.136 -0.104 0.016 247 231 222
-0.192 -0.096 0.016 255 239 230
-0.184 -0.096 0.016 255 239 230
-0.16 -0.096 0.016 247 231 222
-0.152 -0.096 0.016 247 231 222
-0.144 -0.096 0.016 247 231 222
-0.192 -0.088 0.016 255 239 230
-0.184 -0.088 0.016 255 239 230
-0.168 -0.088 0.016 255 239 230
-0.144 -0.088 0.016 247 231 222
-0.192 -0.08 0.016 255 239 230
-0.168 -0.08 0.016 255 239 230
-0.16 -0.08 0.016 247 227 214
-0.152 -0.08 0.016 239 227 214
-0.144 -0.08 0.016 247 227 214
-0.192 -0.072 0.016 255 239 230
-0.168 -0.072 0.016 255 239 230
-0.16 -0.072 0.016 247 227 214
-0.152 -0.072 0.016 247 227 214
-0.144 -0.072 0.016 247 227 214
-0.176 -0.128 0.024 255 231 222
-0.168 -0.128 0.024 239 227 222
-0.16 -0.128 0.024 247 227 214
-0.152 -0.128 0.024 247 227 214
-0.144 -0.128 0.024 247 223 214
-0.136 -0.128 0.024 239 223 214
-0.168 -0.12 0.024 239 227 214
-0.16 -0.12 0.024 247 227 214
-0.152 -0.12 0.024 247 231 222
-0.144 -0.12 0.024 247 223 214
-0.136 -0.12 0.024 239 223 206
-0.192 -0.112 0.024 255 239 230
-0.16 -0.112 0.024 247 227 214
-0.152 -0.112 0.024 247 227 214
-0.192 -0.104 0.024 255 235 222
-0.184 -0.104 0.024 255 239 230
-0.168 -0.104 0.024 247 227 222
-0.16 -0.104 0.024 247 227 214
-0.152 -0.104 0.024 247 227 214
-0.144 -0.104 0.024 239 227 214
-0.136 -0.104 0.024 247 223 214
-0.192 -0.096 0.024 255 239 230
-0.184 -0.096 0.024 255 239 230
-0.16 -0.096 0.024 239 223 214
-0.152 -0.096 0.024 247 227 214
-0.144 -0.096 0.024 247 227 214
-0.136 -0.096 0.024 239 219 214
-0.192 -0.088 0.024 255 239 230
-0.16 -0.088 0.024 247 227 214
-0.152 -0.088 0.024 247 227 214
-0.144 -0.088 0.024 239 223 214
-0.192 -0.08 0.024 255 239 230
-0.168 -0.08 0.024 239 227 214
-0.16 -0.08 0.024 239 223 214
-0.152 -0.08 0.024 239 227 214
-0.144 -0.08 0.024 239 223 214
-0.192 -0.072 0.024 255 235 222
-0.168 -0.072 0.024 247 223 214
-0.16 -0.072 0.024 247 223 214
-0.152 -0.072 0.024 239 223 214
-0.144 -0.072 0.024 239 223 214
-0.176 -0.128 0.032 247 227 214
-0.168 -0.128 0.032 239 223 214
-0.16 -0.128 0.032 247 223 214
-0.152 -0.128 0.032 239 223 214
-0.144 -0.128 0.032 239 223 214
-0.136 -0.128 0.032 239 219 206
-0.168 -0.12 0.032 239 219 214
-0.16 -0.12 0.032 247 227 214
-0.152 -0.12 0.032 239 223 214
-0.144 -0.12 0.032 239 223 206
-0.136 -0.12 0.032 239 223 206
-0.192 -0.112 0.032 247 231 222
-0.16 -0.112 0.032 247 223 214
-0.152 -0.112 0.032 230 219 206
-0.144 -0.112 0.032 239 223 214
-0.192 -0.104 0.032 247 231 214
-0.184 -0.104 0.032 247 231 214
-0.176 -0.104 0.032 247 227 214
-0.168 -0.104 0.032 239 223 214
-0.16 -0.104 0.032 247 227 214
-0.152 -0.104 0.032 239 223 214
-0.144 -0.104 0.032 239 223 206
-0.136 -0.104 0.032 230 215 206
-0.192 -0.096 0.032 247 231 222
-0.184 -0.096 0.032 255 231 222
-0.168 -0.096 0.032 239 223 214
-0.16 -0.096 0.032 230 219 206
-0.152 -0.096 0.032 239 215 206
-0.144 -0.096 0.032 230 219 206
-0.192 -0.088 0.032 255 235 222
-0.176 -0.088 0.032 247 231 214
-0.168 -0.088 0.032 222 210 197
-0.16 -0.088 0.032 239 210 206
-0.152 -0.088 0.032 239 223 214
-0.144 -0.088 0.032 230 210 206
-0.192 -0.08 0.032 255 235 222
-0.176 -0.08 0.032 255 235 222
-0.168 -0.08 0.032 239 219 206
-0.16 -0.08 0.032 230 215 206
-0.152 -0.08 0.032 239 219 206
-0.144 -0.08 0.032 222 210 197
-0.192 -0.072 0.032 247 231 214
-0.168 -0.072 0.032 239 219 206
-0.16 -0.072 0.032 230 219 206
-0.152 -0.072 0.032 230 215 206
-0.144 -0.072 0.032 239 219 206
-0.176 -0.128 0.04 247 227 214
-0.168 -0.128 0.04 239 223 206
-0.16 -0.128 0.04 239 223 206
-0.152 -0.128 0.04 239 219 206
-0.144 -0.128 0.04 239 219 206
-0.136 -0.128 0.04 239 215 206
-0.168 -0.12 0.04 230 215 206
-0.16 -0.12 0.04 239 223 206
-0.152 -0.12 0.04 239 219 206
-0.144 -0.12 0.04 239 219 206
-0.136 -0.12 0.04 239 219 206
-0.192 -0.112 0.04 255 231 222
-0.176 -0.112 0.04 239 219 206
-0.16 -0.112 0.04 239 219 206
-0.152 -0.112 0.04 230 210 197
-0.144 -0.112 0.04 239 223 206
-0.192 -0.104 0.04 239 223 206
-0.176 -0.104 0.04 222 210 197
-0.16 -0.104 0.04 230 210 197
-0.152 -0.104 0.04 239 219 206
-0.144 -0.104 0.04 239 223 214
-0.192 -0.096 0.04 247 223 214
-0.168 -0.096 0.04 239 219 206
-0.16 -0.096 0.04 230 215 206
-0.152 -0.096 0.04 230 215 197
-0.144 -0.096 0.04 230 215 197
-0.192 -0.088 0.04 239 223 214
-0.176 -0.088 0.04 230 219 214
-0.168 -0.088 0.04 230 215 197
-0.16 -0.088 0.04 239 219 206
-0.152 -0.088 0.04 239 219 206
-0.144 -0.088 0.04 239 210 206
-0.192 -0.08 0.04 247 227 214
-0.184 -0.08 0.04 247 227 214
-0.176 -0.08 0.04 239 219 206
-0.168 -0.08 0.04 222 215 197
-0.16 -0.08 0.04 239 219 206
-0.152 -0.08 0.04 230 210 206
-0.144 -0.08 0.04 239 219 206
-0.176 -0.072 0.04 255 231 214
-0.168 -0.072 0.04 230 219 197
-0.16 -0.072 0.04 239 219 206
-0.152 -0.072 0.04 239 219 214
-0.176 -0.128 0.048 230 215 197
-0.168 -0.128 0.048 239 223 206
-0.16 -0.128 0.048 239 219 206
-0.152 -0.128 0.048 239 219 206
-0.144 -0.128 0.048 230 215 197
-0.176 -0.12 0.048 230 219 197
-0.168 -0.12 0.048 239 223 206
-0.16 -0.12 0.048 239 219 206
-0.152 -0.12 0.048 239 219 197
-0.144 -0.12 0.048 239 219 206
-0.192 -0.112 0.048 239 223 206
-0.176 -0.112 0.048 230 210 197
-0.168 -0.112 0.048 230 210 197
-0.16 -0.112 0.048 230 215 197
-0.144 -0.112 0.048 239 223 206
-0.192 -0.104 0.048 239 219 206
-0.184 -0.104 0.048 239 219 206
-0.176 -0.104 0.048 239 219 206
-0.168 -0.104 0.048 230 215 197
-0.16 -0.104 0.048 239 219 206
-0.152 -0.104 0.048 239 219 206
-0.144 -0.104 0.048 239 223 206
-0.192 -0.096 0.048 247 227 214
-0.184 -0.096 0.048 239 219 206
-0.168 -0.096 0.048 230 206 197
-0.16 -0.096 0.048 239 219 206
-0.152 -0.096 0.048 239 215 197
-0.144 -0.096 0.048 239 215 197
-0.184 -0.088 0.048 230 223 206
-0.176 -0.088 0.048 239 215 206
-0.168 -0.088 0.048 230 210 197
-0.16 -0.088 0.048 230 219 206
-0.152 -0.088 0.048 222 215 189
-0.176 -0.08 0.048 222 210 197
-0.168 -0.08 0.048 230 210 197
-0.16 -0.08 0.048 222 210 197
-0.152 -0.08 0.048 239 219 206
-0.176 -0.072 0.048 239 219 206
-0.168 -0.072 0.048 230 215 206
-0.16 -0.072 0.048 239 215 206
-0.152 -0.072 0.048 239 215 206
-0.176 -0.128 0.056 239 219 206
-0.168 -0.128 0.056 239 219 197
-0.176 -0.12 0.056 239 219 206
-0.168 -0.12 0.056 239 219 206
-0.16 -0.12 0.056 239 219 197
-0.192 -0.112 0.056 239 219 206
-0.176 -0.112 0.056 239 219 197
-0.168 -0.112 0.056 239 215 197
-0.16 -0.112 0.056 239 219 206
-0.192 -0.104 0.056 230 210 197
-0.176 -0.104 0.056 230 210 189
-0.168 -0.104 0.056 239 219 206
-0.16 -0.104 0.056 239 215 197
-0.192 -0.096 0.056 222 210 197
-0.176 -0.096 0.056 222 210 189
-0.168 -0.096 0.056 239 223 206
-0.16 -0.096 0.056 230 215 197
-0.192 -0.088 0.056 239 215 197
-0.176 -0.088 0.056 239 215 206
-0.168 -0.088 0.056 239 219 206
-0.16 -0.088 0.056 230 215 206
-0.176 -0.08 0.056 239 219 206
-0.168 -0.08 0.056 239 215 206
-0.16 -0.08 0.056 206 198 197
-0.176 -0.072 0.056 230 215 197
-0.168 -0.072 0.056 230 206 206
-0.16 -0.072 0.056 206 190 181
-0.144 -0.2 -0.208 0 0 0
-0.136 -0.2 -0.16 33 24 16
-0.136 -0.2 -0.152 41 32 33
-0.136 -0.2 -0.144 90 81 82
-0.256 0 0 16 20 25
-0.248 0 0 16 20 16
-0.256 0.008 0 16 20 16
-0.248 0.008 0 25 24 33
-0.24 0.008 0 49 36 49
-0.256 0.016 0 49 49 49
-0.248 0.016 0 33 49 66
-0.232 0.016 0 33 73 123
-0.256 0.024 0 33 117 189
-0.248 0.024 0 41 125 197
-0.256 0.032 0 49 138 214
-0.248 0.032 0 33 142 222
-0.24 0.032 0 41 142 222
-0.256 0.04 0 25 134 214
-0.248 0.04 0 41 142 222
-0.24 0.04 0 33 142 214
-0.256 0.048 0 41 138 214
-0.248 0.048 0 41 142 222
-0.24 0.048 0 41 142 222
-0.256 0.056 0 41 134 206
-0.248 0.056 0 41 142 222
-0.24 0.056 0 49 142 214
-0.256 0 0.008 16 20 25
-0.256 0.008 0.008 25 24 25
-0.256 0.016 0.008 58 45 66
-0.256 0.024 0.008 74 73 99
-0.248 0.024 0.008 58 101 173
-0.256 0.032 0.008 49 138 214
-0.248 0.032 0.008 33 138 222
-0.24 0.032 0.008 33 142 214
-0.256 0.04 0.008 49 146 222
-0.248 0.04 0.008 49 146 214
-0.24 0.04 0.008 74 154 206
-0.256 0.048 0.008 90 162 206
-0.248 0.048 0.008 123 170 206
-0.24 0.048 0.008 123 174 214
-0.256 0.056 0.008 132 174 189
-0.248 0.056 0.008 123 170 173
-0.256 0 0.016 25 24 25
-0.216 0 0.016 49 53 58
-0.256 0.008 0.016 41 40 49
-0.256 0.016 0.016 49 40 58
-0.256 0.024 0.016 107 89 107
-0.248 0.024 0.016 107 93 115
-0.24 0.024 0.016 140 130 156
-0.256 0.032 0.016 90 162 206
-0.248 0.032 0.016 82 146 214
-0.24 0.032 0.016 90 162 222
-0.256 0.04 0.016 74 146 206
-0.248 0.04 0.016 58 146 222
-0.256 0.048 0.016 74 150 214
-0.248 0.048 0.016 41 138 222
-0.256 0.056 0.016 49 142 222
-0.248 0.056 0.016 49 142 222
-0.2 0 0.024 16 16 16
-0.2 0.008 0.024 25 28 33
-0.248 0.032 0.024 148 190 165
-0.256 0.04 0.024 74 158 222
-0.248 0.04 0.024 99 162 214
-0.256 0.048 0.024 58 146 214
-0.248 0.048 0.024 58 146 214
-0.256 0.056 0.024 74 154 222
-0.224 0 0.032 49 49 58
-0.208 0 0.032 33 28 41
-0.2 0 0.032 33 36 33
-0.224 0.008 0.032 49 53 58
-0.208 0.008 0.032 58 57 66
-0.2 0.008 0.032 74 77 90
-0.224 0.016 0.032 58 53 58
-0.2 0.016 0.032 49 40 49
-0.2 0.024 0.032 82 73 74
-0.248 0.032 0.032 181 162 148
-0.2 0.032 0.032 99 150 189
-0.256 0.04 0.032 90 158 214
-0.248 0.04 0.032 74 154 222
-0.2 0.04 0.032 115 162 165
-0.256 0.048 0.032 74 150 222
-0.208 0.048 0.032 123 162 173
-0.2 0.048 0.032 123 158 173
-0.256 0.056 0.032 58 142 214
-0.2 0.056 0.032 132 158 165
-0.232 0 0.04 49 93 132
-0.224 0 0.04 33 97 148
-0.216 0 0.04 41 85 132
-0.208 0 0.04 25 73 123
-0.2 0 0.04 16 93 148
-0.232 0.008 0.04 74 81 99
-0.208 0.008 0.04 99 93 99
-0.2 0.008 0.04 58 89 66
-0.232 0.016 0.04 90 113 82
-0.208 0.016 0.04 41 61 58
-0.2 0.016 0.04 49 49 58
-0.208 0.024 0.04 33 40 33
-0.2 0.024 0.04 33 36 41
-0.208 0.032 0.04 140 117 115
-0.2 0.032 0.04 165 138 140
-0.248 0.04 0.04 132 170 181
-0.208 0.04 0.04 189 182 189
-0.2 0.04 0.04 140 166 132
-0.208 0.048 0.04 140 138 148
-0.2 0.048 0.04 173 162 181
-0.208 0.056 0.04 173 182 214
-0.2 0.056 0.04 189 182 197
-0.232 0 0.048 49 138 214
-0.224 0 0.048 49 134 214
-0.216 0 0.048 58 134 214
-0.208 0 0.048 25 109 189
-0.2 0 0.048 33 109 189
-0.232 0.008 0.048 49 113 165
-0.224 0.008 0.048 49 113 165
-0.216 0.008 0.048 58 97 140
-0.208 0.008 0.048 41 89 148
-0.2 0.008 0.048 49 85 140
-0.232 0.016 0.048 74 77 82
-0.224 0.016 0.048 74 69 82
-0.216 0.016 0.048 58 69 66
-0.208 0.016 0.048 41 49 49
-0.2 0.016 0.048 33 65 90
-0.232 0.024 0.048 90 77 90
-0.216 0.024 0.048 74 61 82
-0.208 0.024 0.048 66 57 66
-0.2 0.024 0.048 49 53 49
-0.208 0.032 0.048 82 69 74
-0.2 0.032 0.048 74 93 99
-0.208 0.04 0.048 148 162 156
-0.2 0.04 0.048 132 170 189
-0.216 0.048 0.048 165 162 165
-0.208 0.048 0.048 123 150 173
-0.2 0.048 0.048 123 146 165
-0.216 0.056 0.048 173 166 165
-0.208 0.056 0.048 123 162 173
-0.2 0.056 0.048 99 142 181
-0.224 0 0.056 41 109 165
-0.208 0 0.056 41 49 66
-0.2 0 0.056 58 69 82
-0.232 0.008 0.056 58 142 214
-0.224 0.008 0.056 58 121 197
-0.208 0.008 0.056 41 85 123
-0.2 0.008 0.056 49 85 107
-0.24 0.016 0.056 58 101 140
-0.232 0.016 0.056 74 101 132
-0.224 0.016 0.056 74 101 148
-0.216 0.016 0.056 74 117 173
-0.208 0.016 0.056 58 81 115
-0.2 0.016 0.056 74 85 107
-0.24 0.024 0.056 99 85 99
-0.232 0.024 0.056 74 73 82
-0.224 0.024 0.056 107 85 107
-0.216 0.024 0.056 90 85 99
-0.208 0.024 0.056 82 81 90
-0.2 0.024 0.056 123 109 123
-0.216 0.032 0.056 74 97 123
-0.208 0.032 0.056 107 109 140
-0.2 0.032 0.056 99 117 132
-0.216 0.04 0.056 74 109 140
-0.208 0.04 0.056 99 117 148
-0.2 0.04 0.056 123 125 140
-0.216 0.048 0.056 82 117 148
-0.208 0.048 0.056 90 109 140
-0.2 0.048 0.056 107 113 140
-0.216 0.056 0.056 74 109 140
-0.208 0.056 0.056 82 105 140
-0.2 0.056 0.056 99 101 132
-0.088 -0.32 -0.128 156 117 148
-0.088 -0.312 -0.128 165 170 173
-0.096 -0.304 -0.128 165 174 173
-0.088 -0.304 -0.128 173 170 173
-0.096 -0.296 -0.128 173 174 173
-0.096 -0.288 -0.128 173 170 173
-0.12 -0.28 -0.128 66 65 66
-0.104 -0.28 -0.128 156 158 156
-0.096 -0.28 -0.128 165 162 165
-0.128 -0.272 -0.128 74 69 74
-0.12 -0.272 -0.128 66 69 66
-0.112 -0.272 -0.128 58 73 58
-0.104 -0.272 -0.128 90 109 90
-0.128 -0.264 -0.128 107 97 107
-0.12 -0.264 -0.128 74 69 74
-0.088 -0.32 -0.12 165 158 173
-0.096 -0.312 -0.12 173 170 173
-0.088 -0.312 -0.12 173 170 173
-0.096 -0.304 -0.12 165 174 173
-0.096 -0.296 -0.12 173 174 173
-0.104 -0.288 -0.12 165 166 165
-0.096 -0.288 -0.12 173 174 181
-0.12 -0.28 -0.12 74 85 82
-0.112 -0.28 -0.12 90 109 90
-0.104 -0.28 -0.12 156 158 156
-0.128 -0.272 -0.12 66 69 66
-0.12 -0.272 -0.12 74 65 74
-0.104 -0.272 -0.12 123 138 132
-0.128 -0.264 -0.12 99 93 99
-0.12 -0.264 -0.12 74 77 74
-0.096 -0.32 -0.112 165 170 173
-0.088 -0.32 -0.112 173 130 173
-0.096 -0.312 -0.112 165 170 173
-0.088 -0.312 -0.112 173 170 173
-0.096 -0.304 -0.112 173 170 173
-0.104 -0.296 -0.112 173 178 181
-0.096 -0.296 -0.112 173 170 173
-0.104 -0.288 -0.112 165 162 165
-0.128 -0.28 -0.112 74 65 74
-0.12 -0.28 -0.112 58 61 66
-0.112 -0.28 -0.112 115 130 115
-0.104 -0.28 -0.112 165 162 165
-0.128 -0.272 -0.112 66 65 66
-0.12 -0.272 -0.112 66 61 66
-0.104 -0.272 -0.112 156 162 156
-0.128 -0.264 -0.112 66 73 74
-0.096 -0.32 -0.104 173 174 173
-0.088 -0.32 -0.104 165 130 165
-0.096 -0.312 -0.104 165 170 173
-0.104 -0.304 -0.104 173 170 173
-0.096 -0.304 -0.104 165 170 173
-0.104 -0.296 -0.104 173 170 173
-0.096 -0.296 -0.104 165 170 173
-0.128 -0.288 -0.104 82 81 90
-0.112 -0.288 -0.104 165 162 165
-0.104 -0.288 -0.104 165 166 165
-0.128 -0.28 -0.104 74 77 74
-0.12 -0.28 -0.104 74 81 82
-0.112 -0.28 -0.104 132 138 123
-0.104 -0.28 -0.104 156 162 165
-0.128 -0.272 -0.104 66 65 66
-0.128 -0.264 -0.104 74 73 74
-0.096 -0.32 -0.096 173 174 173
-0.096 -0.312 -0.096 165 170 173
-0.104 -0.304 -0.096 165 166 173
-0.096 -0.304 -0.096 165 170 173
-0.104 -0.296 -0.096 173 170 173
-0.128 -0.288 -0.096 82 85 90
-0.12 -0.288 -0.096 107 121 107
-0.112 -0.288 -0.096 173 170 173
-0.104 -0.288 -0.096 165 166 165
-0.128 -0.28 -0.096 82 85 90
-0.112 -0.28 -0.096 99 121 99
-0.128 -0.272 -0.096 74 81 74
-0.096 -0.32 -0.088 173 174 181
-0.104 -0.312 -0.088 173 170 173
-0.096 -0.312 -0.088 165 174 173
-0.104 -0.304 -0.088 173 170 173
-0.104 -0.296 -0.088 181 178 181
-0.128 -0.288 -0.088 90 89 99
-0.12 -0.288 -0.088 82 109 90
-0.112 -0.288 -0.088 173 170 173
-0.104 -0.288 -0.088 173 174 173
-0.128 -0.28 -0.088 82 81 82
-0.112 -0.28 -0.088 99 125 99
-0.104 -0.32 -0.08 173 174 173
-0.096 -0.32 -0.08 181 178 181
-0.104 -0.312 -0.08 173 174 173
-0.096 -0.312 -0.08 173 178 181
-0.104 -0.304 -0.08 173 178 181
-0.112 -0.296 -0.08 181 178 181
-0.104 -0.296 -0.08 181 182 181
-0.128 -0.288 -0.08 90 93 99
-0.12 -0.288 -0.08 82 125 99
-0.112 -0.288 -0.08 181 178 181
-0.128 -0.28 -0.08 82 85 90
-0.104 -0.32 -0.072 173 174 173
-0.096 -0.32 -0.072 181 178 181
-0.104 -0.312 -0.072 173 174 181
-0.112 -0.304 -0.072 189 186 189
-0.104 -0.304 -0.072 181 178 181
-0.112 -0.296 -0.072 189 186 189
-0.104 -0.296 -0.072 189 190 189
-0.128 -0.288 -0.072 99 101 99
-0.12 -0.288 -0.072 115 142 115
-0.112 -0.288 -0.072 189 182 189
-0.08 -0.072 -0.256 8 8 0
-0.072 -0.072 -0.256 0 8 8
-0.072 -0.08 -0.248 16 8 8
-0.088 -0.072 -0.248 16 12 8
-0.08 -0.072 -0.248 16 8 8
-0.072 -0.072 -0.248 8 12 8
-0.08 -0.08 -0.24 16 12 8
-0.072 -0.08 -0.24 8 8 8
-0.088 -0.072 -0.24 16 16 16
-0.08 -0.072 -0.24 16 12 8
-0.096 -0.088 -0.232 16 16 8
-0.104 -0.08 -0.232 33 28 25
-0.096 -0.08 -0.232 33 28 25
-0.088 -0.08 -0.232 16 20 16
-0.08 -0.08 -0.232 16 16 8
-0.072 -0.08 -0.232 8 8 8
-0.104 -0.072 -0.232 25 24 25
-0.096 -0.072 -0.232 25 24 25
-0.088 -0.072 -0.232 16 16 16
-0.096 -0.096 -0.224 107 105 107
-0.104 -0.088 -0.224 25 28 25
-0.096 -0.088 -0.224 8 28 8
-0.088 -0.088 -0.224 16 16 16
-0.112 -0.08 -0.224 25 24 25
-0.104 -0.08 -0.224 25 28 25
-0.096 -0.08 -0.224 25 32 25
-0.088 -0.08 -0.224 25 24 25
-0.08 -0.08 -0.224 16 16 16
-0.112 -0.072 -0.224 16 16 16
-0.104 -0.072 -0.224 25 20 16
-0.096 -0.072 -0.224 25 24 25
-0.08 -0.128 -0.216 25 36 25
-0.072 -0.128 -0.216 41 49 41
-0.072 -0.12 -0.216 49 53 49
-0.096 -0.112 -0.216 90 73 74
-0.088 -0.112 -0.216 107 81 107
-0.072 -0.112 -0.216 49 49 49
-0.096 -0.104 -0.216 82 81 74
-0.088 -0.104 -0.216 107 93 99
-0.08 -0.104 -0.216 33 40 33
-0.072 -0.104 -0.216 49 45 49
-0.104 -0.096 -0.216 41 40 41
-0.096 -0.096 -0.216 82 77 66
-0.088 -0.096 -0.216 99 81 99
-0.08 -0.096 -0.216 25 24 25
-0.072 -0.096 -0.216 41 49 41
-0.112 -0.088 -0.216 25 32 33
-0.104 -0.088 -0.216 33 36 33
-0.096 -0.088 -0.216 16 24 16
-0.08 -0.088 -0.216 8 16 8
-0.072 -0.088 -0.216 66 61 58
-0.112 -0.08 -0.216 25 24 25
-0.104 -0.08 -0.216 25 28 25
-0.12 -0.072 -0.216 0 12 8
-0.112 -0.072 -0.216 16 16 16
-0.104 -0.072 -0.216 16 24 16
-0.088 -0.128 -0.208 74 61 66
-0.08 -0.128 -0.208 49 40 41
-0.072 -0.128 -0.208 58 57 49
-0.096 -0.12 -0.208 115 69 58
-0.088 -0.12 -0.208 148 49 66
-0.08 -0.12 -0.208 58 36 41
-0.072 -0.12 -0.208 58 57 58
-0.096 -0.112 -0.208 58 57 41
-0.088 -0.112 -0.208 90 73 82
-0.08 -0.112 -0.208 41 28 33
-0.072 -0.112 -0.208 58 57 58
-0.104 -0.104 -0.208 33 36 33
-0.096 -0.104 -0.208 74 57 58
-0.08 -0.104 -0.208 41 40 33
-0.072 -0.104 -0.208 58 57 58
-0.112 -0.096 -0.208 33 28 25
-0.104 -0.096 -0.208 33 36 33
-0.08 -0.096 -0.208 16 24 16
-0.072 -0.096 -0.208 58 61 58
-0.12 -0.088 -0.208 41 28 41
-0.112 -0.088 -0.208 90 77 82
-0.104 -0.088 -0.208 25 32 25
-0.072 -0.088 -0.208 82 101 66
-0.12 -0.08 -0.208 16 12 16
-0.112 -0.08 -0.208 25 28 16
-0.12 -0.072 -0.208 8 0 0
-0.112 -0.072 -0.208 16 20 16
-0.088 -0.128 -0.2 90 77 82
-0.096 -0.12 -0.2 156 146 156
-0.088 -0.12 -0.2 132 69 66
-0.096 -0.112 -0.2 107 36 16
-0.104 -0.104 -0.2 25 28 33
-0.096 -0.104 -0.2 41 49 41
-0.112 -0.096 -0.2 0 0 0
-0.104 -0.096 -0.2 33 40 33
-0.12 -0.088 -0.2 25 36 66
-0.112 -0.088 -0.2 74 73 66
-0.12 -0.08 -0.2 8 4 0
-0.128 -0.072 -0.2 0 0 0
-0.12 -0.072 -0.2 8 0 0
-0.096 0.256 -0.064 82 77 66
-0.096 0.264 -0.064 107 77 41
-0.096 0.272 -0.064 99 45 16
-0.088 0.272 -0.064 99 20 16
-0.072 0.272 -0.064 189 194 189
-0.088 0.28 -0.064 41 0 0
-0.08 0.28 -0.064 90 49 66
-0.088 0.288 -0.064 41 8 0
-0.08 0.288 -0.064 148 89 123
-0.08 0.304 -0.064 206 210 206
-0.096 0.256 -0.056 90 85 82
-0.072 0.256 -0.056 156 154 156
-0.096 0.264 -0.056 115 105 66
-0.096 0.272 -0.056 107 57 41
-0.088 0.272 -0.056 49 0 0
-0.096 0.28 -0.056 99 0 0
-0.088 0.28 -0.056 33 12 16
-0.088 0.288 -0.056 74 40 49
-0.096 0.256 -0.048 189 182 173
-0.072 0.256 -0.048 156 154 156
-0.096 0.264 -0.048 197 194 181
-0.096 0.272 -0.048 115 97 49
-0.096 0.28 -0.048 115 24 33
-0.088 0.28 -0.048 107 8 8
-0.088 0.288 -0.048 173 45 58
-0.088 0.296 -0.048 181 57 74
-0.096 0.256 -0.04 181 178 173
-0.072 0.256 -0.04 156 154 156
-0.096 0.264 -0.04 214 206 206
-0.072 0.264 -0.04 107 65 66
-0.096 0.272 -0.04 156 150 123
-0.072 0.272 -0.04 49 32 33
-0.096 0.28 -0.04 115 130 90
-0.088 0.28 -0.04 132 85 82
-0.08 0.28 -0.04 156 89 90
-0.096 0.288 -0.04 132 105 107
-0.088 0.288 -0.04 99 77 90
-0.088 0.296 -0.04 99 97 82
-0.096 0.256 -0.032 222 215 214
-0.088 0.256 -0.032 148 166 140
-0.08 0.256 -0.032 82 36 41
-0.096 0.264 -0.032 173 190 165
-0.088 0.264 -0.032 107 65 74
-0.08 0.264 -0.032 148 138 132
-0.096 0.272 -0.032 115 85 82
-0.088 0.272 -0.032 123 57 74
-0.096 0.28 -0.032 74 16 16
-0.088 0.28 -0.032 115 154 132
-0.096 0.288 -0.032 140 93 123
-0.096 0.296 -0.032 156 166 165
-0.096 0.304 -0.032 99 142 107
-0.088 0.256 -0.024 99 93 90
-0.088 0.264 -0.024 74 20 16
-0.096 0.272 -0.024 132 36 49
-0.096 0.28 -0.024 165 81 99
-0.088 0.28 -0.024 173 150 156
-0.088 0.288 -0.024 173 166 165
-0.096 0.304 -0.024 181 166 173
-0.088 0.256 -0.016 99 93 90
-0.072 0.256 -0.016 123 130 115
-0.088 0.264 -0.016 58 49 66
-0.096 0.272 -0.016 66 61 58
-0.096 0.28 -0.016 74 65 82
-0.088 0.28 -0.016 74 65 82
-0.088 0.288 -0.016 82 81 90
-0.096 0.304 -0.016 49 45 58
-0.088 0.256 -0.008 82 69 74
-0.072 0.256 -0.008 74 61 49
-0.096 0.264 -0.008 49 57 49
-0.08 0.264 -0.008 25 24 33
-0.072 0.264 -0.008 66 69 33
-0.096 0.272 -0.008 33 28 41
-0.088 0.28 -0.008 33 28 25
-0.096 0.304 -0.008 33 28 33
-0.328 0 -0.048 132 154 132
-0.328 0.008 -0.048 189 202 181
-0.328 0.016 -0.048 181 202 189
-0.336 0 -0.04 123 130 115
-0.328 0 -0.04 132 142 123
-0.344 0.008 -0.04 115 105 99
-0.336 0.008 -0.04 132 113 115
-0.344 0.016 -0.04 132 105 107
-0.336 0.016 -0.04 132 105 107
-0.328 0.016 -0.04 148 109 132
-0.336 0.024 -0.04 115 109 115
-0.328 0.024 -0.04 132 121 123
-0.336 0.032 -0.04 115 105 107
-0.328 0.032 -0.04 123 121 115
-0.336 0.04 -0.04 107 113 123
-0.328 0.04 -0.04 115 117 123
-0.336 0.048 -0.04 82 121 156
-0.328 0.048 -0.04 99 121 156
-0.352 0 -0.032 140 117 115
-0.344 0 -0.032 132 113 107
-0.336 0 -0.032 123 130 107
-0.352 0.008 -0.032 123 101 107
-0.344 0.008 -0.032 132 109 115
-0.352 0.016 -0.032 107 81 90
-0.344 0.016 -0.032 107 81 90
-0.336 0.016 -0.032 123 81 90
-0.344 0.024 -0.032 74 69 74
-0.336 0.024 -0.032 74 65 74
-0.328 0.024 -0.032 82 69 74
-0.344 0.032 -0.032 49 45 49
-0.336 0.032 -0.032 41 45 41
-0.328 0.032 -0.032 66 45 58
-0.344 0.04 -0.032 74 65 66
-0.336 0.04 -0.032 74 65 66
-0.344 0.048 -0.032 58 105 148
-0.352 0 -0.024 107 105 90
-0.344 0 -0.024 90 121 99
-0.36 0.008 -0.024 132 109 115
-0.352 0.008 -0.024 123 109 115
-0.36 0.016 -0.024 99 117 90
-0.352 0.016 -0.024 115 113 90
-0.344 0.016 -0.024 107 117 90
-0.352 0.024 -0.024 33 45 41
-0.344 0.024 -0.024 33 45 41
-0.328 0.024 -0.024 49 45 49
-0.352 0.032 -0.024 82 61 74
-0.344 0.032 -0.024 82 61 74
-0.328 0.032 -0.024 82 61 74
-0.352 0.04 -0.024 82 65 82
-0.344 0.04 -0.024 74 65 74
-0.336 0.04 -0.024 82 61 74
-0.352 0.048 -0.024 49 65 49
-0.352 0.056 -0.024 66 138 197
-0.36 0 -0.016 148 138 140
-0.352 0 -0.016 132 138 123
-0.368 0.008 -0.016 214 202 189
-0.36 0.008 -0.016 214 198 181
-0.352 0.008 -0.016 222 198 197
-0.368 0.016 -0.016 132 125 123
-0.36 0.016 -0.016 140 130 132
-0.352 0.016 -0.016 156 138 140
-0.36 0.024 -0.016 49 49 58
-0.352 0.024 -0.016 49 45 58
-0.328 0.024 -0.016 156 154 156
-0.36 0.032 -0.016 49 40 41
-0.352 0.032 -0.016 49 40 41
-0.36 0.04 -0.016 82 65 82
-0.352 0.04 -0.016 82 65 82
-0.344 0.04 -0.016 82 61 74
-0.336 0.04 -0.016 74 61 74
-0.352 0.048 -0.016 107 77 99
-0.328 0.048 -0.016 99 73 99
-0.36 0.056 -0.016 49 113 156
-0.352 0.056 -0.016 49 113 156
-0.328 0.056 -0.016 41 109 173
-0.36 0 -0.008 148 130 132
-0.352 0 -0.008 140 117 123
-0.328 0 -0.008 156 154 156
-0.36 0.008 -0.008 165 158 148
-0.352 0.008 -0.008 173 166 156
-0.328 0.008 -0.008 156 154 156
-0.36 0.016 -0.008 107 89 82
-0.352 0.016 -0.008 107 85 90
-0.36 0.024 -0.008 49 45 49
-0.352 0.024 -0.008 49 45 49
-0.36 0.032 -0.008 49 45 49
-0.352 0.032 -0.008 49 40 49
-0.352 0.04 -0.008 49 45 41
-0.352 0.048 -0.008 90 65 90
-0.24 -0.24 -0.064 132 125 123
-0.232 -0.24 -0.064 132 130 132
-0.224 -0.24 -0.064 132 134 132
-0.232 -0.232 -0.064 132 134 132
-0.208 -0.224 -0.064 156 154 156
-0.208 -0.208 -0.064 181 190 189
-0.2 -0.208 -0.064 74 73 74
-0.208 -0.2 -0.064 156 162 156
-0.2 -0.2 -0.064 58 61 58
-0.248 -0.248 -0.056 189 182 189
-0.24 -0.248 -0.056 181 174 181
-0.248 -0.24 -0.056 189 186 189
-0.24 -0.24 -0.056 181 174 181
-0.24 -0.232 -0.056 181 178 181
-0.208 -0.232 -0.056 132 130 99
-0.24 -0.224 -0.056 181 174 181
-0.232 -0.224 -0.056 148 166 148
-0.216 -0.224 -0.056 156 154 156
-0.24 -0.216 -0.056 181 178 173
-0.232 -0.216 -0.056 173 178 173
-0.232 -0.208 -0.056 173 158 165
-0.216 -0.2 -0.056 132 121 123
-0.256 -0.248 -0.048 255 255 255
-0.248 -0.248 -0.048 255 255 255
-0.24 -0.248 -0.048 255 255 255
-0.248 -0.24 -0.048 255 255 255
-0.248 -0.232 -0.048 255 255 255
-0.208 -0.232 -0.048 222 206 197
-0.2 -0.232 -0.048 165 162 132
-0.248 -0.224 -0.048 255 255 255
-0.24 -0.224 -0.048 239 251 247
-0.2 -0.224 -0.048 206 174 173
-0.248 -0.216 -0.048 255 255 255
-0.24 -0.216 -0.048 239 255 255
-0.24 -0.208 -0.048 247 251 247
-0.24 -0.2 -0.048 255 247 255
-0.2 -0.24 -0.04 173 174 140
-0.2 -0.232 -0.04 197 206 165
-0.2 -0.224 -0.04 165 166 123
-0.248 -0.2 -0.024 255 255 255
-0.248 -0.2 -0.016 255 255 255
-0.256 -0.208 -0.008 255 255 255
-0.256 -0.2 -0.008 255 255 255
-0.248 -0.2 -0.008 255 255 255
-0.184 0.192 -0.064 156 154 156
-0.16 0.192 -0.064 140 138 123
-0.168 0.2 -0.064 115 117 99
-0.184 0.208 -0.064 181 166 140
-0.176 0.208 -0.064 99 101 82
-0.168 0.208 -0.064 66 73 58
-0.16 0.208 -0.064 58 57 58
-0.152 0.208 -0.064 33 40 33
-0.192 0.216 -0.064 206 190 173
-0.184 0.216 -0.064 99 117 82
-0.176 0.216 -0.064 107 130 82
-0.16 0.216 -0.064 49 57 33
-0.152 0.216 -0.064 90 109 41
-0.192 0.224 -0.064 206 202 173
-0.16 0.224 -0.064 107 89 58
-0.152 0.224 -0.064 132 138 41
-0.144 0.224 -0.064 156 150 41
-0.16 0.232 -0.064 165 162 49
-0.152 0.232 -0.064 148 142 41
-0.144 0.232 -0.064 189 186 49
-0.136 0.232 -0.064 123 174 49
-0.152 0.24 -0.064 181 170 49
-0.144 0.24 -0.064 189 198 49
-0.136 0.24 -0.064 197 215 140
-0.152 0.248 -0.064 197 206 58
-0.144 0.248 -0.064 189 219 107
-0.16 0.192 -0.056 90 101 74
-0.136 0.192 -0.056 33 36 16
-0.192 0.2 -0.056 156 154 156
-0.168 0.2 -0.056 140 142 123
-0.16 0.2 -0.056 66 69 58
-0.176 0.208 -0.056 173 162 156
-0.168 0.208 -0.056 90 105 74
-0.16 0.208 -0.056 58 53 58
-0.152 0.208 -0.056 41 40 41
-0.192 0.216 -0.056 206 174 173
-0.168 0.216 -0.056 49 57 49
-0.16 0.216 -0.056 74 65 74
-0.152 0.216 -0.056 148 121 49
-0.192 0.224 -0.056 222 202 181
-0.168 0.224 -0.056 49 45 41
-0.16 0.224 -0.056 123 105 49
-0.152 0.224 -0.056 197 166 58
-0.144 0.224 -0.056 140 142 33
-0.16 0.232 -0.056 189 182 58
-0.152 0.232 -0.056 189 170 58
-0.144 0.232 -0.056 206 206 58
-0.152 0.24 -0.056 197 194 58
-0.136 0.24 -0.056 197 210 132
-0.152 0.248 -0.056 181 206 41
-0.144 0.248 -0.056 181 223 123
-0.16 0.192 -0.048 189 170 165
-0.16 0.2 -0.048 132 134 123
-0.176 0.208 -0.048 214 210 197
-0.168 0.208 -0.048 173 174 156
-0.16 0.208 -0.048 49 77 41
-0.168 0.216 -0.048 33 77 25
-0.16 0.216 -0.048 33 32 33
-0.152 0.216 -0.048 140 117 66
-0.168 0.224 -0.048 25 24 16
-0.16 0.224 -0.048 165 121 58
-0.152 0.224 -0.048 181 202 58
-0.144 0.224 -0.048 173 190 49
-0.16 0.232 -0.048 181 190 58
-0.152 0.232 -0.048 173 206 49
-0.144 0.232 -0.048 173 206 58
-0.16 0.24 -0.048 156 202 58
-0.152 0.24 -0.048 148 202 58
-0.136 0.24 -0.048 132 198 82
-0.152 0.248 -0.048 148 194 49
-0.168 0.192 -0.04 181 166 132
-0.16 0.192 -0.04 181 178 165
-0.176 0.2 -0.04 140 142 132
-0.168 0.2 -0.04 148 130 132
-0.16 0.2 -0.04 181 174 148
-0.176 0.208 -0.04 115 109 99
-0.168 0.208 -0.04 123 130 99
-0.16 0.208 -0.04 33 49 16
-0.168 0.216 -0.04 33 53 16
-0.16 0.216 -0.04 41 45 25
-0.152 0.216 -0.04 82 69 41
-0.168 0.224 -0.04 16 24 16
-0.16 0.224 -0.04 90 93 41
-0.152 0.224 -0.04 123 134 82
-0.168 0.232 -0.04 74 69 33
-0.16 0.232 -0.04 99 105 82
-0.16 0.24 -0.04 132 130 82
-0.152 0.24 -0.04 197 190 132
-0.16 0.248 -0.04 206 166 148
-0.152 0.248 -0.04 222 227 156
-0.192 0.192 -0.032 156 134 165
-0.184 0.192 -0.032 123 117 123
-0.176 0.192 -0.032 123 109 140
-0.192 0.2 -0.032 173 158 173
-0.184 0.2 -0.032 132 125 140
-0.176 0.2 -0.032 132 117 140
-0.192 0.208 -0.032 181 154 181
-0.184 0.208 -0.032 148 130 156
-0.176 0.208 -0.032 140 130 148
-0.168 0.208 -0.032 132 117 132
-0.16 0.208 -0.032 99 89 107
-0.176 0.216 -0.032 148 130 148
-0.168 0.216 -0.032 140 130 156
-0.168 0.224 -0.032 148 134 156
-0.16 0.224 -0.032 148 130 140
-0.168 0.232 -0.032 148 138 156
-0.16 0.232 -0.032 197 158 189
-0.16 0.24 -0.032 165 142 165
-0.16 0.248 -0.032 189 154 173
-0.152 0.248 -0.032 222 206 197
-0.184 0.2 -0.024 255 251 255
-0.192 0.208 -0.024 255 251 255
-0.184 0.208 -0.024 255 251 255
-0.176 0.208 -0.024 255 243 247
-0.168 0.208 -0.024 247 243 247
-0.176 0.216 -0.024 247 239 239
-0.168 0.216 -0.024 255 247 247
-0.176 0.224 -0.024 255 247 247
-0.168 0.224 -0.024 255 247 247
-0.168 0.232 -0.024 255 243 247
-0.16 0.232 -0.024 255 247 247
-0.168 0.24 -0.024 255 243 247
-0.16 0.24 -0.024 255 243 247
-0.16 0.248 -0.024 255 243 239
-0.152 0.248 -0.024 247 227 222
-0.184 0.2 -0.016 255 255 255
-0.192 0.208 -0.016 255 255 255
-0.184 0.208 -0.016 255 255 255
-0.176 0.208 -0.016 247 239 247
-0.176 0.216 -0.016 255 247 247
-0.168 0.216 -0.016 255 251 247
-0.176 0.224 -0.016 247 243 239
-0.168 0.224 -0.016 255 243 247
-0.168 0.232 -0.016 247 239 239
-0.16 0.232 -0.016 247 235 239
-0.168 0.24 -0.016 255 239 247
-0.16 0.24 -0.016 255 247 247
-0.16 0.248 -0.016 255 243 239
-0.152 0.248 -0.016 255 243 239
-0.184 0.2 -0.008 255 255 255
-0.192 0.208 -0.008 255 255 255
-0.184 0.208 -0.008 255 255 255
-0.176 0.208 -0.008 230 231 230
-0.176 0.216 -0.008 230 223 230
-0.168 0.216 -0.008 230 231 230
-0.176 0.224 -0.008 239 231 222
-0.168 0.224 -0.008 255 235 239
-0.168 0.232 -0.008 255 239 247
-0.16 0.232 -0.008 255 239 247
-0.168 0.24 -0.008 255 239 247
-0.16 0.24 -0.008 255 247 239
-0.16 0.248 -0.008 255 243 247
-0.152 0.248 -0.008 255 235 239
-0.192 -0.192 0.064 222 206 197
-0.184 -0.192 0.064 214 202 189
-0.176 -0.192 0.064 214 198 189
-0.168 -0.192 0.064 214 198 189
-0.192 -0.184 0.064 222 206 197
-0.184 -0.184 0.064 206 194 189
-0.176 -0.184 0.064 222 202 189
-0.168 -0.184 0.064 206 186 173
-0.192 -0.176 0.064 222 202 189
-0.176 -0.176 0.064 214 194 181
-0.168 -0.176 0.064 222 194 189
-0.176 -0.168 0.064 222 198 197
-0.168 -0.168 0.064 206 186 173
-0.176 -0.16 0.064 206 186 181
-0.168 -0.16 0.064 222 190 181
-0.176 -0.152 0.064 214 202 189
-0.168 -0.152 0.064 222 194 189
-0.176 -0.144 0.064 222 206 197
-0.184 -0.136 0.064 206 198 189
-0.176 -0.136 0.064 230 215 197
-0.176 -0.192 0.072 214 194 181
-0.168 -0.192 0.072 214 194 181
-0.176 -0.184 0.072 197 190 173
-0.168 -0.184 0.072 197 186 165
-0.176 -0.176 0.072 197 186 181
-0.168 -0.176 0.072 189 182 165
-0.176 -0.168 0.072 214 190 181
-0.168 -0.168 0.072 197 182 173
-0.176 -0.16 0.072 189 186 173
-0.176 -0.152 0.072 206 190 181
-0.184 -0.144 0.072 197 182 165
-0.176 -0.144 0.072 214 198 189
-0.184 -0.136 0.072 214 202 197
-0.176 -0.136 0.072 214 198 189
-0.176 -0.192 0.08 197 186 181
-0.176 -0.184 0.08 197 186 181
-0.184 -0.176 0.08 189 182 181
-0.176 -0.176 0.08 181 178 181
-0.184 -0.168 0.08 197 182 189
-0.176 -0.168 0.08 189 174 181
-0.184 -0.16 0.08 197 174 181
-0.176 -0.16 0.08 173 166 165
-0.184 -0.152 0.08 148 134 140
-0.184 -0.144 0.08 66 69 66
-0.192 -0.136 0.08 165 146 148
-0.184 -0.136 0.08 33 32 33
-0.168 -0.256 0.064 165 166 173
-0.16 -0.256 0.064 165 170 181
-0.152 -0.256 0.064 165 166 165
-0.144 -0.256 0.064 165 170 173
-0.168 -0.248 0.064 115 138 140
-0.16 -0.248 0.064 148 158 165
-0.152 -0.248 0.064 156 166 173
-0.176 -0.24 0.064 123 142 156
-0.168 -0.24 0.064 123 138 148
-0.16 -0.24 0.064 123 134 148
-0.168 -0.232 0.064 123 142 148
-0.16 -0.232 0.064 123 138 148
-0.176 -0.224 0.064 82 97 90
-0.168 -0.224 0.064 132 142 156
-0.176 -0.216 0.064 189 174 165
-0.168 -0.216 0.064 107 101 115
-0.192 -0.208 0.064 230 206 189
-0.184 -0.208 0.064 214 190 181
-0.176 -0.208 0.064 206 178 181
-0.168 -0.208 0.064 206 186 181
-0.184 -0.2 0.064 214 198 181
-0.176 -0.2 0.064 214 194 181
-0.168 -0.2 0.064 214 194 181
-0.168 -0.248 0.072 115 134 148
-0.168 -0.24 0.072 123 138 148
-0.176 -0.232 0.072 115 138 148
-0.168 -0.232 0.072 123 142 148
-0.176 -0.224 0.072 107 113 115
-0.176 -0.216 0.072 181 158 156
-0.168 -0.216 0.072 148 121 148
-0.176 -0.208 0.072 197 190 173
-0.168 -0.208 0.072 206 190 173
-0.176 -0.2 0.072 214 194 181
-0.168 -0.2 0.072 214 194 181
-0.176 -0.256 0.08 115 142 140
-0.176 -0.248 0.08 123 142 148
-0.168 -0.248 0.08 123 138 148
-0.176 -0.24 0.08 123 138 148
-0.176 -0.232 0.08 123 138 148
-0.176 -0.224 0.08 107 105 123
-0.176 -0.216 0.08 214 182 181
-0.176 -0.208 0.08 206 186 173
-0.176 -0.2 0.08 197 186 173
-0.176 -0.256 0.088 123 138 148
-0.176 -0.248 0.088 123 142 148
-0.176 -0.24 0.088 123 142 148
-0.216 -0.112 0.064 230 206 197
-0.208 -0.112 0.064 230 210 197
-0.2 -0.112 0.064 239 219 206
-0.216 -0.104 0.064 239 210 206
-0.208 -0.104 0.064 230 219 206
-0.2 -0.104 0.064 230 210 206
-0.216 -0.096 0.064 222 202 189
-0.208 -0.096 0.064 214 202 189
-0.2 -0.096 0.064 214 198 189
-0.216 -0.088 0.064 239 215 197
-0.208 -0.088 0.064 239 210 206
-0.2 -0.088 0.064 197 190 189
-0.216 -0.08 0.064 239 223 206
-0.208 -0.08 0.064 214 194 189
-0.2 -0.08 0.064 197 186 181
-0.216 -0.072 0.064 239 219 206
-0.208 -0.072 0.064 197 186 189
-0.2 -0.072 0.064 222 206 189
-0.216 -0.112 0.072 214 202 197
-0.208 -0.112 0.072 206 198 206
-0.216 -0.104 0.072 197 190 189
-0.208 -0.104 0.072 181 174 173
-0.2 -0.104 0.072 181 170 181
-0.224 -0.096 0.072 222 210 197
-0.216 -0.096 0.072 197 190 189
-0.2 -0.096 0.072 132 134 140
-0.224 -0.088 0.072 230 206 197
-0.216 -0.088 0.072 132 138 132
-0.2 -0.088 0.072 123 121 123
-0.2 -0.08 0.072 90 97 90
-0.2 -0.072 0.072 66 77 82
-0.232 -0.12 0.08 189 162 197
-0.232 -0.112 0.08 189 154 181
-0.224 -0.112 0.08 189 186 189
-0.216 -0.112 0.08 165 170 173
-0.248 -0.104 0.08 206 194 197
-0.224 -0.104 0.08 189 170 181
-0.256 -0.096 0.08 189 182 189
-0.248 -0.096 0.08 197 190 189
-0.232 -0.096 0.08 181 170 165
-0.224 -0.096 0.08 156 154 156
-0.2 -0.096 0.08 90 101 99
-0.24 -0.088 0.08 173 178 173
-0.232 -0.088 0.08 165 158 173
-0.2 -0.088 0.08 123 130 140
-0.256 -0.08 0.08 173 154 181
-0.24 -0.08 0.08 148 146 132
-0.2 -0.08 0.08 132 134 140
-0.2 -0.072 0.08 74 89 99
-0.256 -0.128 0.088 148 134 148
-0.248 -0.128 0.088 123 125 132
-0.24 -0.128 0.088 156 162 173
-0.256 -0.12 0.088 107 125 123
-0.248 -0.12 0.088 132 138 148
-0.24 -0.12 0.088 156 158 173
-0.232 -0.12 0.088 165 154 173
-0.224 -0.12 0.088 132 130 140
-0.216 -0.12 0.088 107 125 123
-0.256 -0.112 0.088 189 170 197
-0.248 -0.112 0.088 206 198 206
-0.24 -0.112 0.088 140 142 148
-0.232 -0.112 0.088 115 121 123
-0.224 -0.112 0.088 99 134 115
-0.256 -0.104 0.088 140 146 156
-0.248 -0.104 0.088 132 146 156
-0.24 -0.104 0.088 115 125 132
-0.224 -0.104 0.088 140 113 140
-0.256 -0.096 0.088 132 138 148
-0.248 -0.096 0.088 140 146 148
-0.24 -0.096 0.088 115 125 123
-0.256 -0.088 0.088 156 158 165
-0.248 -0.088 0.088 123 134 132
-0.256 -0.08 0.088 156 154 165
-0.248 -0.08 0.088 115 93 123
-0.232 -0.08 0.088 82 85 99
-0.256 -0.072 0.088 156 166 165
-0.24 -0.072 0.088 156 154 173
-0.232 -0.072 0.088 148 146 156
-0.248 -0.128 0.096 148 158 165
-0.256 -0.12 0.096 140 146 156
-0.248 -0.12 0.096 140 150 156
-0.256 -0.112 0.096 165 170 173
-0.256 -0.104 0.096 140 142 156
-0.256 -0.088 0.096 156 158 165
-0.256 -0.08 0.096 156 154 173
-0.24 -0.072 0.096 132 134 148
-0.256 -0.128 0.104 156 162 173
-0.256 -0.128 0.112 148 158 165
-0.216 0.072 -0.064 82 105 123
-0.208 0.08 -0.064 107 125 132
-0.216 0.088 -0.064 107 125 148
-0.208 0.088 -0.064 115 125 132
-0.256 0.096 -0.064 49 77 33
-0.208 0.096 -0.064 115 138 132
-0.2 0.096 -0.064 99 121 123
-0.256 0.104 -0.064 140 65 66
-0.216 0.104 -0.064 148 190 189
-0.208 0.104 -0.064 140 190 181
-0.2 0.104 -0.064 123 134 156
-0.256 0.112 -0.064 74 65 58
-0.2 0.112 -0.064 115 125 148
-0.256 0.12 -0.064 132 134 107
-0.248 0.12 -0.064 156 142 148
-0.208 0.12 -0.064 140 174 165
-0.2 0.12 -0.064 115 142 156
-0.224 0.088 -0.056 156 154 156
-0.224 0.096 -0.056 156 154 156
-0.216 0.096 -0.056 156 154 156
-0.256 0.064 -0.048 156 154 156
-0.248 0.088 -0.048 156 154 156
-0.256 0.064 -0.024 49 109 165
-0.248 0.064 -0.024 49 97 140
-0.24 0.064 -0.024 41 105 173
-0.232 0.064 -0.024 58 109 189
-0.224 0.064 -0.024 66 125 140
-0.216 0.064 -0.024 140 142 156
-0.208 0.064 -0.024 140 142 148
-0.2 0.064 -0.024 140 138 148
-0.256 0.072 -0.024 33 134 214
-0.248 0.072 -0.024 58 97 140
-0.24 0.072 -0.024 41 105 173
-0.232 0.072 -0.024 49 117 189
-0.224 0.072 -0.024 66 125 140
-0.216 0.072 -0.024 132 142 165
-0.208 0.072 -0.024 148 146 156
-0.2 0.072 -0.024 123 125 140
-0.256 0.08 -0.024 41 130 197
-0.248 0.08 -0.024 58 93 132
-0.24 0.08 -0.024 33 101 173
-0.216 0.08 -0.024 115 121 140
-0.208 0.08 -0.024 123 117 140
-0.2 0.08 -0.024 123 134 140
-0.224 0.088 -0.024 99 89 123
-0.208 0.088 -0.024 123 117 140
-0.2 0.088 -0.024 123 134 123
-0.224 0.096 -0.024 99 101 140
-0.208 0.096 -0.024 99 105 115
-0.2 0.096 -0.024 99 105 115
-0.232 0.104 -0.024 66 89 140
-0.224 0.104 -0.024 107 97 132
-0.216 0.104 -0.024 115 113 140
-0.208 0.104 -0.024 107 105 123
-0.2 0.104 -0.024 115 125 123
-0.24 0.112 -0.024 82 101 140
-0.232 0.112 -0.024 115 113 148
-0.224 0.112 -0.024 82 105 115
-0.216 0.112 -0.024 58 85 107
-0.208 0.112 -0.024 99 105 115
-0.2 0.112 -0.024 123 134 140
-0.256 0.12 -0.024 115 134 173
-0.248 0.12 -0.024 82 138 132
-0.24 0.12 -0.024 66 93 132
-0.232 0.12 -0.024 49 97 115
-0.224 0.12 -0.024 49 81 82
-0.216 0.12 -0.024 90 81 90
-0.208 0.12 -0.024 132 113 123
-0.2 0.12 -0.024 148 150 148
-0.256 0.064 -0.016 33 138 214
-0.248 0.064 -0.016 33 138 214
-0.24 0.064 -0.016 41 138 214
-0.232 0.064 -0.016 41 134 214
-0.256 0.072 -0.016 41 134 214
-0.248 0.072 -0.016 33 134 214
-0.24 0.072 -0.016 33 134 214
-0.232 0.072 -0.016 33 138 214
-0.224 0.072 -0.016 41 134 214
-0.256 0.08 -0.016 41 138 214
-0.248 0.08 -0.016 41 138 214
-0.232 0.08 -0.016 41 134 214
-0.224 0.08 -0.016 41 134 214
-0.248 0.088 -0.016 33 121 197
-0.232 0.088 -0.016 41 113 189
-0.224 0.088 -0.016 25 113 189
-0.232 0.096 -0.016 25 121 189
-0.224 0.096 -0.016 33 146 222
-0.232 0.104 -0.016 90 142 181
-0.224 0.104 -0.016 115 154 181
-0.232 0.112 -0.016 132 150 189
-0.224 0.112 -0.016 115 150 173
-0.248 0.12 -0.016 90 121 148
-0.24 0.12 -0.016 115 146 197
-0.232 0.12 -0.016 107 150 189
-0.224 0.12 -0.016 82 109 148
-0.256 0.064 -0.008 33 134 214
-0.248 0.064 -0.008 41 142 222
-0.24 0.064 -0.008 41 138 214
-0.232 0.064 -0.008 41 138 214
-0.248 0.072 -0.008 41 138 214
-0.24 0.072 -0.008 49 138 214
-0.232 0.072 -0.008 41 138 214
-0.248 0.08 -0.008 33 138 214
-0.24 0.08 -0.008 41 138 214
-0.232 0.08 -0.008 41 138 214
-0.24 0.088 -0.008 41 113 189
-0.232 0.088 -0.008 41 142 222
-0.24 0.096 -0.008 25 109 189
-0.232 0.096 -0.008 41 142 222
-0.256 0.104 -0.008 25 109 189
-0.24 0.104 -0.008 33 142 214
-0.232 0.104 -0.008 41 142 222
-0.24 0.112 -0.008 41 130 214
-0.232 0.112 -0.008 41 130 206
-0.24 0.12 -0.008 49 130 206
-0.232 0.12 -0.008 49 142 222
-0.224 -0.064 0.064 239 215 197
-0.216 -0.064 0.064 230 210 197
-0.208 -0.064 0.064 197 190 189
-0.2 -0.064 0.064 156 146 148
-0.224 -0.056 0.064 230 210 197
-0.216 -0.056 0.064 214 198 197
-0.208 -0.056 0.064 197 182 173
-0.2 -0.056 0.064 189 158 189
-0.232 -0.048 0.064 230 198 197
-0.224 -0.048 0.064 222 206 189
-0.216 -0.048 0.064 230 194 189
-0.208 -0.048 0.064 181 150 156
-0.2 -0.048 0.064 107 109 99
-0.256 -0.04 0.064 239 215 189
-0.248 -0.04 0.064 230 210 189
-0.24 -0.04 0.064 230 194 189
-0.232 -0.04 0.064 206 186 181
-0.224 -0.04 0.064 214 194 189
-0.256 -0.032 0.064 222 198 181
-0.248 -0.032 0.064 206 190 156
-0.256 -0.024 0.064 58 69 90
-0.248 -0.024 0.064 115 89 123
-0.208 -0.024 0.064 58 49 66
-0.2 -0.024 0.064 58 57 66
-0.216 -0.016 0.064 74 73 82
-0.208 -0.016 0.064 74 65 82
-0.2 -0.016 0.064 74 65 82
-0.224 -0.008 0.064 74 61 74
-0.2 -0.008 0.064 74 81 82
-0.208 -0.064 0.072 90 93 82
-0.2 -0.064 0.072 49 65 66
-0.208 -0.056 0.072 58 73 74
-0.2 -0.056 0.072 33 32 49
-0.208 -0.048 0.072 82 89 99
-0.2 -0.048 0.072 90 65 99
-0.256 -0.04 0.072 214 194 181
-0.248 -0.04 0.072 148 150 123
-0.24 -0.04 0.072 107 113 107
-0.224 -0.04 0.072 41 61 74
-0.216 -0.04 0.072 25 53 74
-0.256 -0.032 0.072 197 186 173
-0.24 -0.032 0.072 74 93 107
-0.224 -0.032 0.072 8 53 66
-0.24 -0.024 0.072 41 89 82
-0.232 -0.024 0.072 25 53 58
-0.224 -0.024 0.072 8 40 49
-0.24 -0.016 0.072 58 69 58
-0.232 -0.016 0.072 41 49 74
-0.216 -0.016 0.072 16 61 49
-0.208 -0.016 0.072 66 77 107
-0.2 -0.016 0.072 58 85 123
-0.232 -0.008 0.072 90 73 90
-0.208 -0.008 0.072 8 49 90
-0.248 -0.064 0.08 132 150 123
-0.208 -0.064 0.08 156 162 181
-0.2 -0.048 0.08 148 162 173
-0.224 -0.04 0.08 74 109 82
-0.2 -0.04 0.08 74 89 90
-0.24 -0.032 0.08 8 61 74
-0.232 -0.032 0.08 58 121 74
-0.224 -0.032 0.08 74 105 99
-0.208 -0.032 0.08 132 97 140
-0.2 -0.032 0.08 82 81 99
-0.24 -0.024 0.08 16 85 82
-0.232 -0.024 0.08 49 109 82
-0.224 -0.024 0.08 82 105 99
-0.216 -0.024 0.08 140 146 148
-0.208 -0.024 0.08 148 146 156
-0.2 -0.024 0.08 132 142 148
-0.256 -0.016 0.08 58 65 82
-0.248 -0.016 0.08 25 49 66
-0.24 -0.016 0.08 0 45 74
-0.232 -0.016 0.08 0 40 82
-0.216 -0.016 0.08 66 93 115
-0.24 -0.008 0.08 0 61 74
-0.224 -0.008 0.08 8 57 99
-0.216 -0.008 0.08 8 57 99
-0.256 -0.064 0.088 181 170 189
-0.248 -0.064 0.088 189 182 197
-0.24 -0.064 0.088 181 182 189
-0.256 -0.056 0.088 173 166 189
-0.24 -0.056 0.088 165 174 181
-0.248 -0.024 0.088 156 162 165
-0.256 -0.016 0.088 16 77 107
-0.248 -0.016 0.088 8 53 99
-0.256 -0.008 0.088 25 89 99
-0.248 -0.008 0.088 33 101 107
-0.224 -0.008 0.088 41 77 107
-0.248 -0.064 0.096 181 178 181
-0.24 -0.064 0.096 181 178 181
-0.256 -0.056 0.096 165 170 173
-0.248 -0.056 0.096 173 174 189
-0.256 -0.048 0.096 99 121 115
-0.256 -0.04 0.096 8 53 16
-0.256 -0.032 0.096 140 134 148
-0.248 -0.032 0.096 132 134 140
-0.256 -0.024 0.096 148 138 148
-0.256 -0.016 0.096 8 57 99
-0.248 -0.016 0.096 8 57 99
-0.256 -0.008 0.096 16 61 99
-0.248 -0.008 0.096 8 57 99
-0.136 0.04 -0.192 0 0 0
-0.136 0 -0.184 8 4 0
-0.136 0 -0.176 74 49 74
-0.136 0 -0.168 140 93 140
-0.192 0.2 0 255 255 255
-0.192 0.208 0 255 255 255
-0.184 0.208 0 255 255 255
-0.176 0.208 0 255 255 255
-0.184 0.216 0 255 251 255
-0.176 0.216 0 247 247 247
-0.176 0.224 0 255 243 239
-0.168 0.224 0 255 243 247
-0.176 0.232 0 247 243 239
-0.168 0.232 0 255 243 239
-0.168 0.24 0 255 243 239
-0.16 0.24 0 247 235 222
-0.16 0.248 0 255 239 239
-0.192 0.2 0.008 255 255 255
-0.192 0.208 0.008 255 255 255
-0.184 0.208 0.008 255 255 255
-0.176 0.208 0.008 247 243 230
-0.184 0.216 0.008 247 243 230
-0.176 0.216 0.008 255 255 255
-0.176 0.224 0.008 255 251 247
-0.168 0.224 0.008 247 227 230
-0.176 0.232 0.008 247 227 222
-0.168 0.232 0.008 255 251 247
-0.168 0.24 0.008 255 247 239
-0.16 0.24 0.008 255 247 239
-0.168 0.248 0.008 255 247 239
-0.16 0.248 0.008 255 247 239
-0.192 0.2 0.016 255 255 255
-0.184 0.2 0.016 255 255 255
-0.192 0.208 0.016 255 255 255
-0.184 0.216 0.016 230 235 222
-0.176 0.216 0.016 255 247 247
-0.184 0.224 0.016 255 247 247
-0.176 0.224 0.016 255 247 239
-0.168 0.224 0.016 255 239 239
-0.176 0.232 0.016 247 231 230
-0.168 0.232 0.016 255 243 239
-0.168 0.24 0.016 255 247 239
-0.16 0.24 0.016 255 243 239
-0.168 0.248 0.016 255 243 239
-0.16 0.248 0.016 255 243 239
-0.184 0.2 0.024 255 255 247
-0.192 0.208 0.024 255 255 247
-0.184 0.216 0.024 239 235 230
-0.176 0.216 0.024 239 231 222
-0.184 0.224 0.024 239 231 222
-0.176 0.224 0.024 239 231 222
-0.176 0.232 0.024 247 231 230
-0.168 0.232 0.024 239 227 230
-0.176 0.24 0.024 239 227 230
-0.168 0.24 0.024 247 231 239
-0.16 0.24 0.024 247 235 230
-0.168 0.248 0.024 255 247 247
-0.16 0.248 0.024 247 235 222
-0.192 0.192 0.032 255 251 247
-0.192 0.208 0.032 255 251 247
-0.184 0.208 0.032 255 247 247
-0.192 0.216 0.032 255 239 239
-0.184 0.216 0.032 239 223 230
-0.176 0.216 0.032 247 231 230
-0.184 0.224 0.032 255 239 239
-0.176 0.224 0.032 247 235 230
-0.176 0.232 0.032 247 235 230
-0.168 0.232 0.032 255 247 239
-0.176 0.24 0.032 255 243 239
-0.168 0.24 0.032 255 243 239
-0.168 0.248 0.032 247 235 230
-0.16 0.248 0.032 255 243 239
-0.192 0.192 0.04 255 247 239
-0.192 0.208 0.04 255 247 239
-0.184 0.208 0.04 255 247 239
-0.192 0.216 0.04 230 223 222
-0.184 0.216 0.04 255 239 239
-0.176 0.216 0.04 255 243 239
-0.184 0.224 0.04 255 243 239
-0.176 0.224 0.04 255 243 239
-0.176 0.232 0.04 255 243 239
-0.168 0.232 0.04 255 243 239
-0.176 0.24 0.04 255 243 239
-0.168 0.24 0.04 255 243 239
-0.168 0.248 0.04 255 239 230
-0.16 0.248 0.04 247 235 222
-0.192 0.2 0.048 255 243 239
-0.192 0.208 0.048 255 243 239
-0.184 0.208 0.048 255 243 239
-0.192 0.216 0.048 247 239 230
-0.184 0.216 0.048 255 239 230
-0.184 0.224 0.048 255 243 239
-0.176 0.224 0.048 247 231 222
-0.136 0.224 0.048 156 154 156
-0.184 0.232 0.048 255 239 230
-0.176 0.232 0.048 247 231 222
-0.168 0.232 0.048 255 239 230
-0.176 0.24 0.048 255 239 230
-0.168 0.24 0.048 255 239 230
-0.168 0.248 0.048 255 235 230
-0.16 0.248 0.048 255 239 230
-0.192 0.2 0.056 255 235 222
-0.192 0.208 0.056 255 239 230
-0.192 0.216 0.056 255 239 230
-0.184 0.216 0.056 239 227 214
-0.192 0.224 0.056 247 227 222
-0.184 0.224 0.056 239 223 214
-0.184 0.232 0.056 239 223 206
-0.176 0.232 0.056 255 227 222
-0.176 0.24 0.056 239 223 214
-0.168 0.24 0.056 255 235 230
-0.176 0.248 0.056 239 227 214
-0.168 0.248 0.056 247 227 214
-0.24 0.256 -0.056 197 186 165
-0.232 0.256 -0.056 214 215 189
-0.256 0.272 -0.048 165 134 148
-0.248 0.272 -0.048 123 121 107
-0.256 0.28 -0.048 197 178 181
-0.064 0.08 -0.128 0 0 0
-0.056 0.08 -0.128 0 0 0
-0.048 0.08 -0.128 0 0 0
-0.064 0.088 -0.128 8 4 8
-0.056 0.088 -0.128 0 0 0
-0.064 0.12 -0.128 16 20 25
-0.064 0.08 -0.12 41 32 41
-0.04 0.08 -0.12 8 8 8
-0.064 0.088 -0.12 41 40 33
-0.048 0.088 -0.12 0 0 0
-0.024 0.088 -0.12 25 40 33
-0.064 0.096 -0.12 49 36 33
-0.056 0.096 -0.12 0 0 0
-0.016 0.096 -0.12 33 45 49
-0.016 0.104 -0.12 123 121 123
-0.024 0.112 -0.12 181 182 173
-0.032 0.12 -0.12 181 170 173
-0.064 0.08 -0.112 41 36 33
-0.032 0.08 -0.112 16 20 16
-0.024 0.08 -0.112 16 24 16
-0.064 0.088 -0.112 41 36 25
-0.056 0.088 -0.112 16 16 16
-0.04 0.088 -0.112 16 24 33
-0.032 0.088 -0.112 8 20 16
-0.024 0.088 -0.112 25 28 33
-0.016 0.088 -0.112 33 40 49
-0.064 0.096 -0.112 41 40 33
-0.056 0.096 -0.112 0 0 0
-0.024 0.096 -0.112 33 40 41
-0.016 0.096 -0.112 33 40 41
-0.008 0.096 -0.112 74 81 90
-0.064 0.104 -0.112 8 12 8
-0.024 0.104 -0.112 107 85 107
-0.032 0.12 -0.112 181 174 181
-0.024 0.08 -0.104 8 20 25
-0.016 0.08 -0.104 33 32 33
-0.032 0.088 -0.104 8 20 25
-0.024 0.088 -0.104 33 36 33
-0.048 0.096 -0.104 8 8 16
-0.04 0.096 -0.104 8 24 25
-0.032 0.096 -0.104 25 32 41
-0.024 0.096 -0.104 33 40 41
-0.064 0.104 -0.104 8 8 8
-0.056 0.104 -0.104 8 12 8
-0.048 0.104 -0.104 0 8 8
-0.032 0.104 -0.104 16 32 41
-0.024 0.104 -0.104 33 24 33
-0.048 0.112 -0.104 8 12 8
-0.04 0.112 -0.104 16 16 16
-0.032 0.112 -0.104 16 20 25
-0.04 0.12 -0.104 33 32 33
-0.032 0.12 -0.104 181 142 181
-0.032 0.096 -0.096 25 32 41
-0.024 0.096 -0.096 16 28 25
-0.064 0.104 -0.096 74 57 74
-0.056 0.104 -0.096 8 12 8
-0.048 0.104 -0.096 8 12 8
-0.04 0.104 -0.096 8 8 8
-0.032 0.104 -0.096 0 4 0
-0.056 0.112 -0.096 16 16 16
-0.048 0.112 -0.096 16 20 16
-0.04 0.112 -0.096 25 28 25
-0.064 0.12 -0.096 132 93 123
-0.048 0.12 -0.096 16 16 8
-0.04 0.12 -0.096 25 24 16
-0.064 0.096 -0.088 165 154 156
-0.064 0.104 -0.088 132 146 132
-0.056 0.104 -0.088 8 16 16
-0.056 0.112 -0.088 16 20 25
-0.048 0.112 -0.088 16 12 0
-0.056 0.12 -0.088 66 53 66
-0.048 0.12 -0.088 25 36 16
-0.04 0.12 -0.088 107 85 99
-0.064 0.088 -0.08 140 130 140
-0.064 0.096 -0.08 140 138 132
-0.064 0.104 -0.08 140 142 132
-0.056 0.104 -0.08 148 162 140
-0.056 0.112 -0.08 156 150 140
-0.048 0.112 -0.08 25 24 25
-0.056 0.12 -0.08 206 178 189
-0.048 0.12 -0.08 123 117 115
-0.064 0.096 -0.072 82 93 82
-0.064 0.104 -0.072 107 101 107
-0.056 0.104 -0.072 123 117 123
-0.064 0.112 -0.072 99 93 99
-0.056 0.112 -0.072 123 121 123
-0.064 0.12 -0.072 90 89 90
-0.056 0.12 -0.072 140 134 132
-0.216 -0.232 -0.08 181 182 181
-0.208 -0.232 -0.08 181 178 181
-0.2 -0.232 -0.08 197 190 181
-0.2 -0.224 -0.08 189 174 173
-0.224 -0.24 -0.072 189 186 189
-0.224 -0.232 -0.072 197 190 197
-0.216 -0.232 -0.072 189 182 189
-0.208 -0.232 -0.072 189 190 189
-0.2 -0.2 -0.072 74 105 74
-0.112 -0.192 -0.128 90 81 82
-0.104 -0.192 -0.128 90 85 82
-0.096 -0.192 -0.128 140 158 140
-0.072 -0.192 -0.128 165 162 165
-0.104 -0.184 -0.128 99 89 107
-0.096 -0.184 -0.128 99 125 99
-0.072 -0.184 -0.128 140 146 140
-0.12 -0.176 -0.128 148 121 140
-0.112 -0.176 -0.128 132 109 140
-0.104 -0.176 -0.128 90 105 99
-0.096 -0.176 -0.128 16 16 16
-0.08 -0.176 -0.128 156 162 156
-0.072 -0.176 -0.128 132 142 140
-0.112 -0.168 -0.128 140 130 132
-0.096 -0.168 -0.128 16 20 25
-0.072 -0.168 -0.128 156 162 165
-0.112 -0.16 -0.128 132 130 132
-0.112 -0.152 -0.128 140 150 148
-0.072 -0.152 -0.128 66 105 74
-0.112 -0.144 -0.128 90 101 90
-0.112 -0.136 -0.128 132 130 132
-0.104 -0.192 -0.12 82 81 82
-0.096 -0.192 -0.12 132 121 123
-0.072 -0.192 -0.12 173 170 165
-0.112 -0.184 -0.12 140 121 132
-0.104 -0.184 -0.12 115 105 123
-0.096 -0.184 -0.12 115 117 123
-0.08 -0.184 -0.12 148 154 148
-0.072 -0.184 -0.12 140 142 140
-0.104 -0.176 -0.12 132 125 132
-0.08 -0.176 -0.12 165 166 165
-0.072 -0.176 -0.12 140 142 140
-0.104 -0.168 -0.12 115 121 123
-0.096 -0.168 -0.12 132 113 140
-0.072 -0.168 -0.12 156 162 156
-0.104 -0.16 -0.12 115 117 123
-0.08 -0.16 -0.12 49 89 49
-0.104 -0.152 -0.12 123 113 132
-0.072 -0.152 -0.12 66 97 82
-0.112 -0.144 -0.12 189 186 189
-0.104 -0.144 -0.12 115 113 115
-0.112 -0.136 -0.12 90 105 90
-0.104 -0.136 -0.12 140 130 132
-0.104 -0.192 -0.112 123 105 123
-0.096 -0.192 -0.112 74 77 82
-0.08 -0.192 -0.112 173 174 173
-0.072 -0.192 -0.112 165 166 165
-0.104 -0.184 -0.112 123 109 123
-0.096 -0.184 -0.112 99 105 107
-0.08 -0.184 -0.112 90 97 99
-0.072 -0.184 -0.112 140 146 140
-0.104 -0.176 -0.112 90 109 99
-0.08 -0.176 -0.112 132 138 140
-0.104 -0.16 -0.112 123 117 123
-0.096 -0.16 -0.112 107 109 115
-0.08 -0.16 -0.112 49 85 49
-0.072 -0.16 -0.112 156 162 156
-0.104 -0.152 -0.112 123 125 115
-0.096 -0.152 -0.112 107 101 115
-0.072 -0.152 -0.112 66 101 66
-0.112 -0.144 -0.112 74 97 82
-0.104 -0.144 -0.112 140 150 140
-0.096 -0.144 -0.112 123 121 123
-0.112 -0.136 -0.112 33 45 41
-0.096 -0.136 -0.112 107 113 107
-0.104 -0.192 -0.104 99 109 99
-0.08 -0.192 -0.104 123 130 132
-0.104 -0.184 -0.104 107 105 107
-0.096 -0.184 -0.104 115 117 115
-0.088 -0.184 -0.104 107 101 107
-0.08 -0.184 -0.104 41 69 41
-0.104 -0.176 -0.104 49 85 49
-0.096 -0.176 -0.104 115 117 115
-0.088 -0.176 -0.104 99 105 115
-0.08 -0.176 -0.104 99 85 99
-0.104 -0.168 -0.104 16 16 25
-0.096 -0.168 -0.104 90 101 90
-0.088 -0.168 -0.104 123 125 132
-0.08 -0.168 -0.104 90 97 99
-0.112 -0.16 -0.104 16 28 16
-0.104 -0.16 -0.104 16 28 16
-0.096 -0.16 -0.104 99 113 115
-0.088 -0.16 -0.104 82 101 99
-0.08 -0.16 -0.104 99 113 107
-0.072 -0.16 -0.104 107 125 107
-0.112 -0.152 -0.104 25 24 25
-0.096 -0.152 -0.104 90 97 99
-0.088 -0.152 -0.104 115 121 123
-0.072 -0.152 -0.104 74 93 74
-0.12 -0.144 -0.104 16 24 25
-0.112 -0.144 -0.104 25 28 33
-0.096 -0.144 -0.104 107 113 107
-0.088 -0.144 -0.104 90 105 99
-0.12 -0.136 -0.104 25 32 33
-0.112 -0.136 -0.104 33 36 33
-0.112 -0.192 -0.096 33 49 33
-0.104 -0.192 -0.096 16 61 16
-0.088 -0.192 -0.096 132 125 140
-0.08 -0.192 -0.096 66 73 66
-0.112 -0.184 -0.096 25 28 25
-0.104 -0.184 -0.096 0 8 8
-0.096 -0.184 -0.096 8 20 8
-0.088 -0.184 -0.096 123 130 132
-0.08 -0.184 -0.096 107 105 107
-0.12 -0.176 -0.096 0 4 0
-0.112 -0.176 -0.096 0 4 0
-0.104 -0.176 -0.096 0 8 16
-0.096 -0.176 -0.096 8 16 8
-0.088 -0.176 -0.096 107 117 107
-0.12 -0.168 -0.096 8 8 8
-0.112 -0.168 -0.096 0 0 0
-0.104 -0.168 -0.096 0 8 8
-0.096 -0.168 -0.096 8 16 16
-0.088 -0.168 -0.096 107 109 115
-0.128 -0.16 -0.096 0 4 8
-0.12 -0.16 -0.096 8 8 8
-0.112 -0.16 -0.096 8 16 16
-0.088 -0.16 -0.096 107 101 115
-0.072 -0.16 -0.096 82 89 90
-0.128 -0.152 -0.096 0 0 0
-0.12 -0.152 -0.096 0 4 0
-0.112 -0.152 -0.096 16 20 16
-0.088 -0.152 -0.096 107 109 107
-0.128 -0.144 -0.096 8 12 16
-0.088 -0.144 -0.096 99 105 99
-0.128 -0.136 -0.096 16 16 16
-0.088 -0.136 -0.096 74 81 74
-0.128 -0.192 -0.088 33 57 25
-0.088 -0.192 -0.088 140 150 140
-0.128 -0.184 -0.088 0 0 0
-0.112 -0.184 -0.088 33 40 25
-0.096 -0.184 -0.088 8 49 8
-0.088 -0.184 -0.088 115 146 123
-0.128 -0.176 -0.088 8 4 8
-0.12 -0.176 -0.088 16 24 16
-0.112 -0.176 -0.088 0 0 0
-0.104 -0.176 -0.088 0 0 0
-0.096 -0.176 -0.088 0 12 0
-0.088 -0.176 -0.088 8 36 8
-0.12 -0.168 -0.088 0 0 0
-0.112 -0.168 -0.088 0 0 0
-0.104 -0.168 -0.088 0 4 0
-0.096 -0.168 -0.088 8 8 8
-0.088 -0.168 -0.088 8 8 8
-0.104 -0.16 -0.088 0 0 0
-0.096 -0.16 -0.088 8 12 16
-0.088 -0.16 -0.088 8 12 8
-0.096 -0.152 -0.088 8 12 8
-0.088 -0.152 -0.088 8 12 8
-0.096 -0.144 -0.088 8 16 16
-0.088 -0.144 -0.088 16 20 16
-0.096 -0.136 -0.088 16 24 25
-0.104 -0.192 -0.08 33 53 25
-0.096 -0.192 -0.08 49 65 49
-0.088 -0.192 -0.08 58 105 58
-0.104 -0.184 -0.08 25 36 25
-0.096 -0.184 -0.08 41 61 33
-0.088 -0.184 -0.08 41 73 41
-0.128 -0.176 -0.08 8 8 8
-0.112 -0.176 -0.08 0 4 0
-0.104 -0.176 -0.08 25 28 25
-0.096 -0.176 -0.08 16 28 8
-0.128 -0.168 -0.08 33 40 41
-0.112 -0.168 -0.08 0 0 0
-0.104 -0.168 -0.08 0 0 0
-0.096 -0.168 -0.08 0 8 0
-0.12 -0.16 -0.08 8 12 8
-0.112 -0.16 -0.08 0 0 0
-0.104 -0.16 -0.08 0 0 0
-0.096 -0.16 -0.08 0 0 0
-0.12 -0.152 -0.08 0 0 0
-0.112 -0.152 -0.08 0 0 0
-0.104 -0.152 -0.08 0 0 0
-0.096 -0.152 -0.08 0 0 0
-0.12 -0.144 -0.08 0 0 0
-0.112 -0.144 -0.08 0 0 0
-0.104 -0.144 -0.08 0 0 0
-0.112 -0.192 -0.072 33 57 25
-0.104 -0.192 -0.072 49 73 49
-0.096 -0.192 -0.072 49 77 49
-0.12 -0.184 -0.072 0 0 0
-0.112 -0.184 -0.072 8 24 16
-0.104 -0.184 -0.072 25 28 16
-0.12 -0.176 -0.072 8 12 16
-0.112 -0.176 -0.072 0 0 0
-0.128 -0.168 -0.072 25 28 25
-0.12 -0.168 -0.072 49 49 49
-0.112 -0.168 -0.072 0 0 0
-0.128 -0.16 -0.072 8 12 8
-0.12 -0.16 -0.072 49 49 58
-0.112 -0.16 -0.072 8 20 16
-0.128 -0.152 -0.072 25 40 25
-0.12 -0.152 -0.072 8 8 0
-0.128 -0.144 -0.072 41 36 41
-0.12 -0.144 -0.072 8 16 16
-0.328 -0.016 -0.048 255 255 255
-0.328 -0.008 -0.048 255 255 255
-0.336 -0.016 -0.04 255 255 255
-0.328 -0.016 -0.04 255 255 255
-0.336 -0.008 -0.04 255 255 255
-0.328 -0.008 -0.04 255 255 255
-0.344 -0.016 -0.032 255 255 255
-0.336 -0.016 -0.032 255 255 255
-0.336 -0.008 -0.032 255 255 255
-0.328 -0.008 -0.032 255 255 255
-0.344 -0.016 -0.024 255 255 255
-0.336 -0.016 -0.024 255 255 255
-0.344 -0.008 -0.024 255 251 255
-0.336 -0.008 -0.024 255 255 255
-0.352 -0.016 -0.016 255 255 255
-0.352 -0.008 -0.016 239 231 239
-0.344 -0.008 -0.016 255 255 255
-0.336 -0.008 -0.016 255 255 255
-0.368 -0.008 -0.008 173 158 156
-0.36 -0.008 -0.008 206 190 189
0.056 0.256 -0.248 66 77 66
0.04 0.256 -0.24 90 97 99
0.048 0.256 -0.24 90 101 107
0.056 0.256 -0.24 82 97 90
0.056 0.264 -0.24 99 105 99
0.032 0.256 -0.232 82 93 82
0.04 0.256 -0.232 82 101 82
0.048 0.256 -0.232 90 101 99
0.056 0.256 -0.232 82 97 90
0.04 0.264 -0.232 99 97 90
0.048 0.264 -0.232 82 97 82
0.056 0.264 -0.232 82 89 90
0.032 0.256 -0.224 99 105 99
0.04 0.256 -0.224 90 101 99
0.048 0.256 -0.224 99 105 107
0.056 0.256 -0.224 90 93 90
0.032 0.264 -0.224 90 97 90
0.04 0.264 -0.224 99 105 99
0.048 0.264 -0.224 74 93 82
0.04 0.272 -0.224 82 93 90
0.048 0.272 -0.224 82 81 82
0.024 0.256 -0.216 82 89 82
0.032 0.256 -0.216 82 93 82
0.024 0.264 -0.216 74 77 82
0.032 0.264 -0.216 82 89 82
0.04 0.264 -0.216 90 93 90
0.048 0.264 -0.216 82 101 82
0.032 0.272 -0.216 82 81 82
0.04 0.272 -0.216 82 93 82
0.048 0.272 -0.216 74 85 74
0.04 0.28 -0.216 66 69 66
0.048 0.28 -0.216 74 81 74
0.016 0.256 -0.208 74 73 66
0.024 0.256 -0.208 66 81 66
0.024 0.264 -0.208 58 69 58
0.032 0.264 -0.208 82 85 82
0.024 0.272 -0.208 58 57 58
0.032 0.272 -0.208 74 73 74
0.04 0.272 -0.208 66 61 66
0.048 0.272 -0.208 74 77 74
0.032 0.28 -0.208 49 53 58
0.04 0.28 -0.208 66 73 74
0.048 0.28 -0.208 66 73 74
0.016 0.256 -0.2 41 57 41
0.016 0.264 -0.2 33 40 41
0.024 0.264 -0.2 41 53 41
0.016 0.272 -0.2 33 36 33
0.024 0.272 -0.2 41 45 41
0.032 0.272 -0.2 41 57 41
0.04 0.272 -0.2 66 69 66
0.024 0.28 -0.2 41 45 41
0.032 0.28 -0.2 41 40 41
0.04 0.28 -0.2 66 77 66
0.048 0.28 -0.2 66 73 74
0.04 0.288 -0.2 66 65 66
-0.328 0.064 0.12 16 73 123
-0.328 0.072 0.12 25 93 156
-0.256 0.128 -0.064 197 186 173
-0.248 0.128 -0.064 181 178 165
-0.2 0.128 -0.064 123 150 148
-0.256 0.136 -0.064 165 166 156
-0.248 0.136 -0.064 148 134 140
-0.24 0.136 -0.064 140 138 140
-0.2 0.136 -0.064 132 134 156
-0.248 0.144 -0.064 90 101 90
-0.2 0.144 -0.064 132 117 140
-0.256 0.152 -0.064 107 113 115
-0.248 0.152 -0.064 140 121 140
-0.256 0.16 -0.064 173 178 173
-0.248 0.16 -0.064 148 130 132
-0.256 0.168 -0.064 173 166 156
-0.248 0.168 -0.064 148 150 132
-0.256 0.176 -0.064 173 154 165
-0.248 0.176 -0.064 140 138 132
-0.256 0.184 -0.064 181 158 165
-0.248 0.184 -0.064 165 162 148
-0.24 0.184 -0.064 156 138 148
-0.256 0.128 -0.056 156 125 140
-0.256 0.136 -0.056 148 138 140
-0.256 0.144 -0.056 123 105 99
-0.256 0.152 -0.056 115 93 74
-0.256 0.16 -0.056 148 130 132
-0.256 0.168 -0.056 173 154 148
-0.256 0.176 -0.056 181 162 148
-0.256 0.184 -0.056 189 170 165
-0.24 0.184 -0.04 156 154 156
-0.2 0.16 -0.032 115 109 123
-0.208 0.168 -0.032 140 146 156
-0.2 0.168 -0.032 123 125 123
-0.216 0.176 -0.032 156 182 206
-0.208 0.176 -0.032 140 166 148
-0.2 0.176 -0.032 140 134 140
-0.216 0.184 -0.032 197 227 230
-0.208 0.184 -0.032 165 186 173
-0.2 0.184 -0.032 140 138 140
-0.248 0.128 -0.024 66 130 115
-0.232 0.128 -0.024 82 77 82
-0.224 0.128 -0.024 99 105 123
-0.216 0.128 -0.024 99 113 115
-0.208 0.128 -0.024 99 97 107
-0.2 0.128 -0.024 74 117 82
-0.232 0.136 -0.024 107 101 123
-0.224 0.136 -0.024 115 105 132
-0.216 0.136 -0.024 123 109 123
-0.2 0.136 -0.024 148 146 156
-0.232 0.144 -0.024 107 93 115
-0.224 0.144 -0.024 123 113 123
-0.216 0.144 -0.024 132 125 123
-0.232 0.152 -0.024 132 121 123
-0.224 0.152 -0.024 123 121 115
-0.224 0.16 -0.024 132 117 123
-0.216 0.16 -0.024 115 109 115
-0.224 0.168 -0.024 74 73 74
-0.216 0.168 -0.024 132 130 132
-0.224 0.176 -0.024 181 154 181
-0.224 0.184 -0.024 255 243 255
-0.216 0.184 -0.024 255 255 255
-0.256 0.128 -0.016 107 134 173
-0.24 0.128 -0.016 82 101 148
-0.232 0.128 -0.016 90 81 90
-0.24 0.136 -0.016 58 77 99
-0.232 0.136 -0.016 33 65 99
-0.24 0.144 -0.016 66 73 74
-0.232 0.144 -0.016 82 77 74
-0.24 0.152 -0.016 99 81 90
-0.232 0.152 -0.016 90 73 82
-0.224 0.152 -0.016 74 77 74
-0.232 0.16 -0.016 82 77 82
-0.224 0.16 -0.016 90 85 82
-0.232 0.168 -0.016 74 73 66
-0.224 0.168 -0.016 74 69 58
-0.232 0.176 -0.016 107 117 99
-0.224 0.176 -0.016 181 162 181
-0.232 0.184 -0.016 197 210 197
-0.224 0.184 -0.016 255 255 255
-0.24 0.128 -0.008 66 105 140
-0.232 0.128 -0.008 49 89 107
-0.24 0.136 -0.008 58 77 90
-0.232 0.136 -0.008 66 65 82
-0.24 0.144 -0.008 74 69 74
-0.232 0.144 -0.008 99 97 99
-0.24 0.152 -0.008 74 73 74
-0.232 0.152 -0.008 74 77 74
-0.232 0.16 -0.008 90 81 82
-0.232 0.168 -0.008 90 89 82
-0.232 0.176 -0.008 99 93 82
-0.224 0.176 -0.008 197 154 181
-0.232 0.184 -0.008 255 243 255
-0.224 0.184 -0.008 255 251 255
-0.136 -0.288 0.064 148 150 165
-0.144 -0.28 0.064 156 158 165
-0.136 -0.28 0.064 148 154 156
-0.16 -0.272 0.064 156 166 173
-0.152 -0.272 0.064 156 158 165
-0.144 -0.272 0.064 156 158 156
-0.136 -0.272 0.064 156 162 165
-0.152 -0.264 0.064 156 162 165
-0.192 -0.192 0 247 227 222
-0.184 -0.192 0 247 227 222
-0.192 -0.184 0 247 227 222
-0.168 -0.176 0 239 227 230
-0.152 -0.168 0 239 231 230
-0.16 -0.16 0 247 235 230
-0.168 -0.152 0 247 235 230
-0.16 -0.152 0 247 231 230
-0.152 -0.152 0 247 235 230
-0.168 -0.144 0 247 239 230
-0.16 -0.144 0 247 235 230
-0.152 -0.144 0 247 235 230
-0.192 -0.136 0 255 255 247
-0.184 -0.136 0 255 251 247
-0.176 -0.136 0 255 239 230
-0.168 -0.136 0 247 239 230
-0.16 -0.136 0 255 239 239
-0.152 -0.136 0 255 239 239
-0.144 -0.136 0 247 239 230
-0.192 -0.192 0.008 239 223 222
-0.16 -0.192 0.008 214 202 206
-0.192 -0.184 0.008 239 223 222
-0.168 -0.176 0.008 230 223 222
-0.176 -0.168 0.008 230 223 222
-0.152 -0.168 0.008 239 223 222
-0.16 -0.16 0.008 239 227 222
-0.184 -0.152 0.008 239 223 222
-0.16 -0.152 0.008 247 231 222
-0.152 -0.152 0.008 247 227 222
-0.168 -0.144 0.008 247 235 230
-0.16 -0.144 0.008 247 231 230
-0.152 -0.144 0.008 247 231 230
-0.144 -0.144 0.008 247 231 230
-0.184 -0.136 0.008 255 243 239
-0.176 -0.136 0.008 247 231 230
-0.168 -0.136 0.008 247 231 230
-0.16 -0.136 0.008 247 231 222
-0.152 -0.136 0.008 247 231 222
-0.144 -0.136 0.008 247 231 230
-0.136 -0.136 0.008 239 227 222
-0.192 -0.192 0.016 239 223 214
-0.168 -0.184 0.016 230 219 214
-0.176 -0.168 0.016 230 223 214
-0.16 -0.16 0.016 239 227 222
-0.184 -0.152 0.016 230 223 214
-0.16 -0.152 0.016 239 227 222
-0.184 -0.144 0.016 230 223 214
-0.168 -0.144 0.016 239 227 222
-0.16 -0.144 0.016 239 227 222
-0.152 -0.144 0.016 239 223 214
-0.144 -0.144 0.016 239 227 222
-0.176 -0.136 0.016 247 227 222
-0.168 -0.136 0.016 247 231 222
-0.16 -0.136 0.016 247 231 222
-0.152 -0.136 0.016 247 227 222
-0.136 -0.136 0.016 239 227 222
-0.192 -0.192 0.024 239 219 214
-0.168 -0.184 0.024 230 215 214
-0.176 -0.168 0.024 230 219 214
-0.184 -0.16 0.024 230 223 214
-0.16 -0.16 0.024 230 219 214
-0.184 -0.152 0.024 230 219 214
-0.16 -0.152 0.024 239 223 214
-0.192 -0.144 0.024 230 219 214
-0.168 -0.144 0.024 239 223 214
-0.152 -0.144 0.024 239 223 214
-0.176 -0.136 0.024 239 227 222
-0.168 -0.136 0.024 239 227 222
-0.16 -0.136 0.024 239 227 214
-0.136 -0.136 0.024 239 223 214
-0.192 -0.192 0.032 239 219 214
-0.168 -0.184 0.032 222 215 206
-0.176 -0.176 0.032 230 215 214
-0.176 -0.168 0.032 230 219 214
-0.184 -0.16 0.032 230 215 214
-0.184 -0.152 0.032 230 215 214
-0.16 -0.152 0.032 239 219 214
-0.184 -0.144 0.032 230 219 214
-0.152 -0.144 0.032 239 219 214
-0.176 -0.136 0.032 239 223 214
-0.168 -0.136 0.032 239 223 214
-0.16 -0.136 0.032 239 223 206
-0.152 -0.136 0.032 239 223 214
-0.144 -0.136 0.032 239 219 206
-0.136 -0.136 0.032 239 219 206
-0.168 -0.192 0.04 214 198 189
-0.176 -0.176 0.04 230 215 206
-0.184 -0.168 0.04 230 215 214
-0.176 -0.168 0.04 230 215 214
-0.184 -0.16 0.04 230 215 206
-0.192 -0.152 0.04 230 215 206
-0.16 -0.152 0.04 239 219 206
-0.184 -0.144 0.04 230 215 206
-0.16 -0.144 0.04 239 219 206
-0.152 -0.144 0.04 239 215 206
-0.176 -0.136 0.04 239 219 206
-0.168 -0.136 0.04 239 219 206
-0.16 -0.136 0.04 239 219 206
-0.152 -0.136 0.04 239 215 206
-0.144 -0.136 0.04 239 215 206
-0.136 -0.136 0.04 239 215 206
-0.168 -0.192 0.048 222 206 197
-0.176 -0.184 0.048 222 210 206
-0.176 -0.176 0.048 222 210 206
-0.184 -0.168 0.048 230 210 206
-0.184 -0.16 0.048 230 215 206
-0.192 -0.152 0.048 230 215 206
-0.184 -0.144 0.048 222 215 206
-0.16 -0.144 0.048 239 215 206
-0.152 -0.144 0.048 230 215 197
-0.176 -0.136 0.048 239 219 206
-0.168 -0.136 0.048 239 219 206
-0.16 -0.136 0.048 239 219 206
-0.152 -0.136 0.048 239 215 197
-0.144 -0.136 0.048 230 215 197
-0.168 -0.192 0.056 222 202 189
-0.176 -0.184 0.056 222 206 197
-0.184 -0.176 0.056 222 210 206
-0.176 -0.176 0.056 222 210 206
-0.184 -0.168 0.056 222 210 206
-0.192 -0.16 0.056 230 215 206
-0.184 -0.16 0.056 230 215 206
-0.192 -0.152 0.056 222 215 206
-0.184 -0.152 0.056 230 215 206
-0.184 -0.144 0.056 230 215 206
-0.176 -0.144 0.056 239 219 206
-0.176 -0.136 0.056 239 215 197
-0.168 -0.136 0.056 239 215 197
-0.16 -0.136 0.056 230 215 197
-0.04 0.072 -0.192 90 81 90
-0.04 0.08 -0.192 90 97 99
-0.056 0.088 -0.192 82 69 74
-0.048 0.088 -0.192 99 93 90
-0.04 0.088 -0.192 107 101 107
-0.032 0.088 -0.192 82 81 82
-0.04 0.096 -0.192 90 93 82
-0.032 0.096 -0.192 90 93 90
-0.056 0.104 -0.192 41 45 41
-0.04 0.104 -0.192 90 85 90
-0.032 0.104 -0.192 99 93 90
-0.04 0.112 -0.192 74 85 74
-0.032 0.112 -0.192 99 93 99
-0.064 0.12 -0.192 41 40 41
-0.04 0.12 -0.192 99 93 99
-0.032 0.12 -0.192 90 97 90
-0.024 0.12 -0.192 99 101 107
-0.048 0.064 -0.184 99 89 99
-0.04 0.064 -0.184 66 69 74
-0.056 0.072 -0.184 58 65 58
-0.048 0.072 -0.184 74 77 74
-0.04 0.072 -0.184 99 93 99
-0.064 0.08 -0.184 33 45 41
-0.056 0.08 -0.184 66 69 74
-0.048 0.08 -0.184 90 97 90
-0.04 0.08 -0.184 99 97 99
-0.032 0.08 -0.184 82 93 90
-0.048 0.088 -0.184 90 93 90
-0.04 0.088 -0.184 99 101 99
-0.032 0.088 -0.184 99 101 107
-0.048 0.096 -0.184 99 77 99
-0.04 0.096 -0.184 99 93 99
-0.032 0.096 -0.184 82 93 82
-0.048 0.104 -0.184 66 57 66
-0.04 0.104 -0.184 82 85 82
-0.032 0.104 -0.184 99 93 99
-0.056 0.112 -0.184 33 28 33
-0.048 0.112 -0.184 66 69 66
-0.04 0.112 -0.184 90 85 90
-0.032 0.112 -0.184 99 97 107
-0.024 0.112 -0.184 99 97 99
-0.064 0.12 -0.184 49 40 49
-0.056 0.12 -0.184 41 45 41
-0.048 0.12 -0.184 82 81 82
-0.04 0.12 -0.184 82 77 74
-0.032 0.12 -0.184 74 77 82
-0.024 0.12 -0.184 90 93 90
-0.064 0.064 -0.176 58 57 66
-0.056 0.064 -0.176 82 81 82
-0.048 0.064 -0.176 82 77 82
-0.064 0.072 -0.176 41 53 49
-0.056 0.072 -0.176 58 61 58
-0.048 0.072 -0.176 58 61 58
-0.064 0.08 -0.176 49 53 49
-0.056 0.08 -0.176 66 69 66
-0.048 0.08 -0.176 90 81 90
-0.048 0.112 -0.176 82 85 82
-0.056 0.12 -0.176 49 40 49
-0.048 0.12 -0.176 90 85 90
-0.064 0.064 -0.168 58 61 58
-0.056 0.064 -0.168 66 65 66
-0.064 0.112 -0.16 8 16 16
-0.064 0.12 -0.16 25 28 33
-0.064 0.104 -0.152 16 12 25
-0.064 0.112 -0.152 16 16 25
-0.064 0.12 -0.152 49 53 58
-0.064 0.104 -0.144 25 20 25
-0.032 0.112 -0.144 156 154 156
-0.024 0.12 -0.144 148 154 140
-0.008 0.12 -0.144 82 77 66
-0.064 0.072 -0.136 16 8 8
-0.064 0.08 -0.136 8 0 0
-0.056 0.08 -0.136 8 4 8
-0.064 0.088 -0.136 0 0 0
-0.064 0.096 -0.136 8 8 8
-0.064 0.104 -0.136 16 16 16
-0.016 0.112 -0.136 156 158 148
-0.024 0.12 -0.136 173 178 173
-0.2 -0.192 0 247 227 222
-0.208 -0.184 0 247 227 222
-0.2 -0.184 0 247 227 222
-0.208 -0.176 0 247 227 222
-0.2 -0.176 0 247 227 222
-0.216 -0.168 0 239 227 222
-0.208 -0.168 0 239 227 222
-0.2 -0.168 0 239 227 222
-0.216 -0.16 0 239 227 222
-0.208 -0.16 0 239 223 222
-0.224 -0.152 0 239 223 222
-0.216 -0.152 0 239 223 222
-0.224 -0.144 0 239 223 222
-0.216 -0.144 0 239 223 222
-0.224 -0.136 0 239 223 222
-0.216 -0.136 0 239 223 214
-0.2 -0.192 0.008 239 223 222
-0.208 -0.184 0.008 239 223 222
-0.2 -0.184 0.008 239 223 222
-0.208 -0.176 0.008 239 223 222
-0.2 -0.176 0.008 239 227 222
-0.216 -0.168 0.008 239 223 222
-0.208 -0.168 0.008 239 223 222
-0.224 -0.16 0.008 239 223 214
-0.216 -0.16 0.008 239 223 214
-0.208 -0.16 0.008 239 223 214
-0.224 -0.152 0.008 239 223 214
-0.216 -0.152 0.008 239 223 214
-0.232 -0.144 0.008 239 219 214
-0.224 -0.144 0.008 239 219 214
-0.216 -0.144 0.008 239 219 214
-0.216 -0.136 0.008 255 243 230
-0.2 -0.192 0.016 239 223 222
-0.208 -0.184 0.016 239 223 214
-0.2 -0.184 0.016 239 223 214
-0.216 -0.176 0.016 239 223 214
-0.208 -0.176 0.016 239 223 214
-0.2 -0.176 0.016 239 223 214
-0.216 -0.168 0.016 239 223 214
-0.208 -0.168 0.016 239 223 214
-0.224 -0.16 0.016 239 219 214
-0.216 -0.16 0.016 239 219 214
-0.224 -0.152 0.016 239 219 214
-0.216 -0.152 0.016 239 219 214
-0.232 -0.144 0.016 239 219 214
-0.224 -0.144 0.016 239 219 214
-0.216 -0.144 0.016 255 243 230
-0.208 -0.136 0.016 255 239 230
-0.2 -0.136 0.016 255 247 239
-0.208 -0.192 0.024 239 219 214
-0.2 -0.192 0.024 239 219 214
-0.208 -0.184 0.024 239 219 214
-0.2 -0.184 0.024 239 219 214
-0.216 -0.176 0.024 239 219 214
-0.208 -0.176 0.024 239 219 214
-0.2 -0.176 0.024 239 219 214
-0.216 -0.168 0.024 239 219 214
-0.208 -0.168 0.024 239 219 214
-0.224 -0.16 0.024 239 215 206
-0.216 -0.16 0.024 239 219 206
-0.224 -0.152 0.024 239 219 206
-0.216 -0.152 0.024 255 227 222
-0.232 -0.144 0.024 230 215 206
-0.224 -0.144 0.024 230 215 206
-0.208 -0.136 0.024 255 239 230
-0.2 -0.136 0.024 255 235 222
-0.208 -0.192 0.032 239 219 206
-0.2 -0.192 0.032 239 219 206
-0.208 -0.184 0.032 239 219 206
-0.2 -0.184 0.032 239 219 206
-0.216 -0.176 0.032 239 219 206
-0.208 -0.176 0.032 239 219 206
-0.224 -0.168 0.032 239 215 206
-0.216 -0.168 0.032 239 215 206
-0.208 -0.168 0.032 239 219 214
-0.224 -0.16 0.032 239 215 206
-0.216 -0.16 0.032 230 215 206
-0.224 -0.152 0.032 230 215 206
-0.216 -0.152 0.032 230 215 206
-0.224 -0.144 0.032 230 215 206
-0.2 -0.136 0.032 255 235 222
-0.208 -0.192 0.04 239 215 206
-0.2 -0.192 0.04 239 215 206
-0.216 -0.184 0.04 239 215 206
-0.208 -0.184 0.04 239 215 206
-0.2 -0.184 0.04 239 219 206
-0.216 -0.176 0.04 239 215 206
-0.208 -0.176 0.04 239 215 206
-0.224 -0.168 0.04 239 215 206
-0.216 -0.168 0.04 230 215 206
-0.224 -0.16 0.04 230 215 206
-0.216 -0.16 0.04 230 215 206
-0.232 -0.152 0.04 230 206 197
-0.224 -0.152 0.04 230 210 197
-0.224 -0.144 0.04 247 231 222
-0.208 -0.192 0.048 239 215 206
-0.2 -0.192 0.048 239 215 206
-0.216 -0.184 0.048 230 215 206
-0.208 -0.184 0.048 239 215 206
-0.224 -0.176 0.048 239 215 206
-0.216 -0.176 0.048 230 215 206
-0.208 -0.176 0.048 230 215 206
-0.224 -0.168 0.048 239 215 206
-0.216 -0.168 0.048 239 215 206
-0.232 -0.16 0.048 239 215 206
-0.224 -0.16 0.048 230 215 206
-0.216 -0.16 0.048 230 215 206
-0.232 -0.152 0.048 230 202 197
-0.224 -0.152 0.048 239 210 206
-0.224 -0.144 0.048 247 223 214
-0.216 -0.144 0.048 222 202 189
-0.2 -0.144 0.048 230 215 206
-0.216 -0.192 0.056 230 215 206
-0.208 -0.192 0.056 230 215 197
-0.2 -0.192 0.056 230 215 197
-0.216 -0.184 0.056 230 215 206
-0.208 -0.184 0.056 230 210 197
-0.224 -0.176 0.056 239 215 206
-0.216 -0.176 0.056 230 215 206
-0.232 -0.168 0.056 230 215 206
-0.224 -0.168 0.056 230 210 197
-0.216 -0.168 0.056 230 210 197
-0.232 -0.16 0.056 214 202 189
-0.224 -0.16 0.056 230 210 197
-0.232 -0.152 0.056 230 206 197
-0.224 -0.152 0.056 230 210 197
-0.216 -0.144 0.056 230 206 197
-0.072 -0.192 -0.24 123 113 115
-0.072 -0.184 -0.24 107 89 99
-0.08 -0.192 -0.232 181 174 173
-0.072 -0.184 -0.232 173 174 165
-0.072 -0.176 -0.232 115 121 123
-0.072 -0.16 -0.232 156 154 132
-0.072 -0.152 -0.232 33 49 25
-0.08 -0.192 -0.224 197 198 189
-0.072 -0.176 -0.224 140 142 148
-0.072 -0.168 -0.224 181 166 173
-0.08 -0.16 -0.224 25 77 16
-0.072 -0.16 -0.224 181 142 165
-0.08 -0.152 -0.224 90 77 82
-0.072 -0.152 -0.224 41 65 25
-0.072 -0.144 -0.224 90 73 90
-0.08 -0.184 -0.216 206 202 197
-0.08 -0.168 -0.216 181 142 165
-0.072 -0.168 -0.216 189 186 181
-0.088 -0.16 -0.216 49 61 49
-0.08 -0.16 -0.216 74 105 49
-0.072 -0.16 -0.216 173 142 173
-0.08 -0.152 -0.216 74 65 49
-0.08 -0.144 -0.216 58 45 49
-0.08 -0.136 -0.216 41 49 41
-0.072 -0.136 -0.216 74 77 58
-0.08 -0.176 -0.208 90 121 90
-0.088 -0.168 -0.208 33 36 41
-0.08 -0.168 -0.208 189 162 173
-0.088 -0.16 -0.208 74 81 82
-0.08 -0.16 -0.208 90 117 66
-0.088 -0.152 -0.208 90 85 99
-0.088 -0.144 -0.208 66 61 66
-0.088 -0.136 -0.208 66 65 66
-0.08 -0.136 -0.208 58 53 58
-0.072 -0.176 -0.2 173 178 165
-0.08 -0.16 -0.2 99 125 82
-0.088 -0.152 -0.2 82 81 82
-0.088 -0.144 -0.2 99 89 99
-0.088 -0.136 -0.2 90 89 90
-0.184 0.192 0.064 230 206 197
-0.176 0.192 0.064 107 121 140
-0.144 0.192 0.064 132 146 156
-0.168 0.2 0.064 99 101 107
-0.144 0.2 0.064 90 89 74
-0.136 0.2 0.064 173 154 181
-0.192 0.208 0.064 247 227 222
-0.16 0.208 0.064 99 109 99
-0.144 0.208 0.064 156 142 173
-0.136 0.208 0.064 140 150 148
-0.192 0.216 0.064 247 219 214
-0.152 0.216 0.064 140 125 140
-0.136 0.216 0.064 165 174 165
-0.192 0.224 0.064 255 227 222
-0.184 0.224 0.064 255 227 222
-0.152 0.224 0.064 132 150 132
-0.144 0.224 0.064 107 134 107
-0.136 0.224 0.064 123 113 123
-0.184 0.232 0.064 247 227 214
-0.144 0.232 0.064 82 125 90
-0.184 0.24 0.064 247 227 214
-0.176 0.24 0.064 247 219 214
-0.176 0.248 0.064 247 227 222
-0.168 0.248 0.064 214 194 189
-0.152 0.248 0.064 156 162 140
-0.192 0.192 0.072 239 215 206
-0.184 0.192 0.072 197 206 214
-0.152 0.192 0.072 140 150 156
-0.192 0.2 0.072 206 190 173
-0.184 0.2 0.072 181 182 165
-0.144 0.2 0.072 148 142 148
-0.192 0.208 0.072 165 154 165
-0.184 0.208 0.072 156 154 156
-0.176 0.208 0.072 148 162 181
-0.16 0.208 0.072 115 105 99
-0.144 0.208 0.072 132 134 132
-0.136 0.208 0.072 197 182 214
-0.192 0.216 0.072 156 138 156
-0.184 0.216 0.072 148 134 132
-0.176 0.216 0.072 132 130 132
-0.168 0.216 0.072 107 97 90
-0.152 0.216 0.072 173 186 197
-0.144 0.216 0.072 165 174 189
-0.136 0.216 0.072 206 215 230
-0.192 0.224 0.072 156 150 156
-0.184 0.224 0.072 165 130 140
-0.176 0.224 0.072 156 154 156
-0.168 0.224 0.072 165 150 173
-0.16 0.224 0.072 173 174 197
-0.152 0.224 0.072 173 170 181
-0.144 0.224 0.072 148 162 148
-0.136 0.224 0.072 181 182 189
-0.192 0.232 0.072 173 138 140
-0.184 0.232 0.072 156 138 140
-0.176 0.232 0.072 197 202 206
-0.168 0.232 0.072 173 174 197
-0.16 0.232 0.072 156 170 181
-0.152 0.232 0.072 165 166 165
-0.136 0.232 0.072 156 158 156
-0.192 0.24 0.072 165 146 148
-0.184 0.24 0.072 173 146 173
-0.176 0.24 0.072 156 142 165
-0.168 0.24 0.072 181 182 206
-0.16 0.24 0.072 165 158 165
-0.152 0.24 0.072 123 105 132
-0.144 0.24 0.072 140 142 148
-0.184 0.248 0.072 173 154 165
-0.176 0.248 0.072 181 166 181
-0.168 0.248 0.072 132 158 132
-0.16 0.248 0.072 99 125 99
-0.184 0.192 0.08 140 166 173
-0.176 0.192 0.08 140 150 165
-0.168 0.192 0.08 123 138 140
-0.184 0.2 0.08 140 154 165
-0.176 0.2 0.08 132 146 156
-0.168 0.2 0.08 148 142 156
-0.16 0.2 0.08 197 190 206
-0.192 0.208 0.08 156 154 156
-0.176 0.208 0.08 156 158 165
-0.168 0.208 0.08 189 186 197
-0.16 0.208 0.08 189 186 189
-0.192 0.216 0.08 206 206 206
-0.184 0.216 0.08 156 154 156
-0.168 0.216 0.08 132 138 140
-0.16 0.216 0.08 123 134 132
-0.144 0.216 0.08 148 158 156
-0.192 0.224 0.08 197 202 197
-0.184 0.224 0.08 197 186 189
-0.176 0.224 0.08 115 117 115
-0.168 0.224 0.08 132 138 132
-0.16 0.224 0.08 214 202 247
-0.152 0.224 0.08 206 206 214
-0.144 0.224 0.08 197 219 214
-0.192 0.232 0.08 156 162 156
-0.184 0.232 0.08 189 174 189
-0.176 0.232 0.08 156 154 156
-0.168 0.232 0.08 181 182 197
-0.16 0.232 0.08 173 194 197
-0.152 0.232 0.08 189 186 197
-0.144 0.232 0.08 148 146 148
-0.136 0.232 0.08 173 174 173
-0.192 0.24 0.08 181 158 165
-0.184 0.24 0.08 206 198 206
-0.176 0.24 0.08 214 210 214
-0.168 0.24 0.08 181 190 206
-0.16 0.24 0.08 156 170 173
-0.152 0.24 0.08 123 130 132
-0.144 0.24 0.08 107 113 115
-0.136 0.24 0.08 156 154 156
-0.192 0.248 0.08 206 206 214
-0.184 0.248 0.08 206 206 206
-0.176 0.248 0.08 214 210 214
-0.168 0.248 0.08 156 170 181
-0.16 0.248 0.08 148 150 156
-0.144 0.248 0.08 123 121 123
-0.184 0.192 0.088 132 138 156
-0.176 0.192 0.088 107 117 115
-0.176 0.2 0.088 99 105 107
-0.168 0.2 0.088 90 93 90
-0.168 0.208 0.088 156 138 165
-0.192 0.224 0.088 222 235 230
-0.16 0.224 0.088 222 219 230
-0.192 0.232 0.088 222 227 222
-0.184 0.232 0.088 214 219 214
-0.192 0.24 0.088 206 194 197
-0.184 0.24 0.088 230 223 230
-0.152 0.24 0.088 140 154 140
-0.192 0.248 0.088 197 194 197
-0.184 0.248 0.088 214 223 222
-0.176 0.248 0.088 214 223 222
-0.16 0.248 0.088 132 142 132
-0.152 0.248 0.088 140 134 140
-0.184 0.192 0.096 140 150 156
-0.176 0.192 0.096 148 146 148
-0.176 0.2 0.096 115 125 132
-0.176 0.208 0.096 82 97 82
-0.168 0.208 0.096 132 117 132
-0.168 0.216 0.096 140 138 140
-0.192 0.232 0.096 239 227 230
-0.16 0.232 0.096 140 138 140
-0.192 0.24 0.096 230 227 230
-0.192 0.248 0.096 239 223 239
-0.184 0.248 0.096 214 223 214
-0.16 0.248 0.096 148 138 148
-0.152 0.248 0.096 115 121 115
-0.176 0.216 0.104 140 142 140
-0.176 0.224 0.104 140 138 140
-0.168 0.224 0.104 132 134 140
-0.168 0.232 0.104 132 134 132
-0.192 0.24 0.104 206 206 206
-0.168 0.24 0.104 132 134 132
-0.16 0.24 0.104 140 134 132
-0.192 0.248 0.104 197 194 197
-0.16 0.248 0.104 115 121 107
-0.192 0.248 0.112 189 182 181
-0.192 -0.192 -0.064 49 49 41
-0.184 -0.192 -0.064 58 69 66
-0.176 -0.192 -0.064 90 97 90
-0.168 -0.192 -0.064 99 89 99
-0.152 -0.192 -0.064 82 81 82
-0.192 -0.184 -0.064 107 101 107
-0.184 -0.184 -0.064 123 109 115
-0.176 -0.184 -0.064 123 113 123
-0.168 -0.184 -0.064 74 81 82
-0.144 -0.184 -0.064 58 57 58
-0.192 -0.176 -0.064 107 113 99
-0.184 -0.176 -0.064 123 125 123
-0.176 -0.176 -0.064 156 154 140
-0.144 -0.176 -0.064 90 93 90
-0.136 -0.176 -0.064 41 49 49
-0.192 -0.168 -0.064 66 69 66
-0.184 -0.168 -0.064 74 85 58
-0.176 -0.168 -0.064 74 97 82
-0.168 -0.168 -0.064 140 125 123
-0.144 -0.168 -0.064 132 130 132
-0.136 -0.168 -0.064 107 113 107
-0.192 -0.16 -0.064 0 4 0
-0.184 -0.16 -0.064 8 12 8
-0.176 -0.16 -0.064 41 36 49
-0.168 -0.16 -0.064 181 186 181
-0.16 -0.16 -0.064 197 182 189
-0.152 -0.16 -0.064 189 182 181
-0.192 -0.152 -0.064 8 8 0
-0.184 -0.152 -0.064 16 16 16
-0.176 -0.152 -0.064 41 40 41
-0.168 -0.152 -0.064 148 170 148
-0.136 -0.152 -0.064 99 93 99
-0.192 -0.144 -0.064 16 20 25
-0.184 -0.144 -0.064 25 32 33
-0.176 -0.144 -0.064 33 36 33
-0.168 -0.144 -0.064 41 53 49
-0.144 -0.144 -0.064 99 89 90
-0.192 -0.136 -0.064 25 20 25
-0.184 -0.136 -0.064 25 28 33
-0.176 -0.136 -0.064 33 36 33
-0.168 -0.136 -0.064 41 40 33
-0.16 -0.136 -0.064 74 61 74
-0.192 -0.192 -0.056 58 61 58
-0.184 -0.192 -0.056 66 65 66
-0.176 -0.192 -0.056 49 57 58
-0.144 -0.192 -0.056 82 81 82
-0.192 -0.184 -0.056 49 49 49
-0.176 -0.184 -0.056 90 77 99
-0.136 -0.184 -0.056 90 89 90
-0.192 -0.176 -0.056 82 81 82
-0.144 -0.176 -0.056 74 77 74
-0.192 -0.168 -0.056 115 109 107
-0.192 -0.16 -0.056 16 28 8
-0.184 -0.16 -0.056 8 20 8
-0.192 -0.152 -0.056 49 49 41
-0.184 -0.152 -0.056 49 45 49
-0.184 -0.144 -0.056 66 85 66
-0.176 -0.144 -0.056 74 93 74
-0.192 -0.136 -0.056 49 65 49
-0.184 -0.136 -0.056 66 49 66
-0.192 -0.192 -0.048 41 45 41
-0.184 -0.192 -0.048 58 57 58
-0.176 -0.192 -0.048 66 57 66
-0.152 -0.192 -0.048 66 77 74
-0.192 -0.184 -0.048 33 36 33
-0.184 -0.184 -0.048 41 40 41
-0.144 -0.184 -0.048 66 77 74
-0.184 -0.176 -0.048 49 57 58
-0.152 -0.176 -0.048 82 89 90
-0.144 -0.176 -0.048 74 85 82
-0.152 -0.168 -0.048 99 101 107
-0.168 -0.16 -0.048 90 97 99
-0.16 -0.16 -0.048 90 93 90
-0.152 -0.16 -0.048 90 93 90
-0.176 -0.136 -0.048 99 89 99
-0.192 -0.192 -0.04 140 138 148
-0.184 -0.192 -0.04 132 130 148
-0.176 -0.192 -0.04 123 105 140
-0.152 -0.192 -0.04 41 61 49
-0.192 -0.184 -0.04 132 130 148
-0.184 -0.184 -0.04 107 109 140
-0.192 -0.176 -0.04 132 134 148
-0.184 -0.176 -0.04 66 81 66
-0.152 -0.176 -0.04 74 69 74
-0.144 -0.176 -0.04 66 61 74
-0.136 -0.176 -0.04 41 45 41
-0.192 -0.168 -0.04 123 121 148
-0.152 -0.168 -0.04 107 93 107
-0.192 -0.16 -0.04 99 105 123
-0.168 -0.16 -0.04 74 73 82
-0.16 -0.16 -0.04 66 77 74
-0.152 -0.16 -0.04 74 73 82
-0.192 -0.152 -0.04 90 105 99
-0.152 -0.152 -0.04 74 77 74
-0.192 -0.144 -0.04 99 89 107
-0.176 -0.144 -0.04 82 85 90
-0.168 -0.144 -0.04 99 89 107
-0.16 -0.144 -0.04 99 101 99
-0.152 -0.144 -0.04 99 101 99
-0.176 -0.136 -0.04 82 89 82
-0.168 -0.136 -0.04 123 113 123
-0.16 -0.136 -0.04 107 109 115
-0.152 -0.136 -0.04 99 101 99
-0.192 -0.192 -0.032 255 243 255
-0.184 -0.192 -0.032 247 239 255
-0.176 -0.192 -0.032 222 235 255
-0.192 -0.184 -0.032 247 239 255
-0.184 -0.184 -0.032 255 243 255
-0.152 -0.184 -0.032 140 170 189
-0.136 -0.184 -0.032 107 93 107
-0.192 -0.176 -0.032 239 239 255
-0.16 -0.176 -0.032 197 210 239
-0.152 -0.176 -0.032 140 154 156
-0.144 -0.176 -0.032 115 113 132
-0.136 -0.176 -0.032 107 109 115
-0.192 -0.168 -0.032 247 239 255
-0.152 -0.168 -0.032 90 130 115
-0.144 -0.168 -0.032 107 134 132
-0.168 -0.16 -0.032 165 154 189
-0.152 -0.16 -0.032 140 138 148
-0.168 -0.152 -0.032 132 146 148
-0.16 -0.152 -0.032 140 142 148
-0.152 -0.152 -0.032 123 125 148
-0.16 -0.144 -0.032 140 142 148
-0.152 -0.144 -0.032 123 130 132
-0.144 -0.144 -0.032 156 125 189
-0.176 -0.136 -0.032 156 162 165
-0.168 -0.136 -0.032 140 142 156
-0.16 -0.136 -0.032 132 138 148
-0.152 -0.136 -0.032 132 125 140
-0.192 -0.192 -0.024 255 243 247
-0.184 -0.192 -0.024 255 243 247
-0.152 -0.192 -0.024 239 231 247
-0.192 -0.184 -0.024 247 239 247
-0.184 -0.184 -0.024 247 243 247
-0.136 -0.184 -0.024 148 130 148
-0.192 -0.176 -0.024 247 239 247
-0.16 -0.176 -0.024 247 239 247
-0.152 -0.176 -0.024 247 239 247
-0.144 -0.176 -0.024 239 239 247
-0.192 -0.168 -0.024 247 239 247
-0.152 -0.168 -0.024 239 239 255
-0.16 -0.16 -0.024 247 243 255
-0.152 -0.16 -0.024 255 247 255
-0.168 -0.152 -0.024 255 251 255
-0.16 -0.152 -0.024 255 247 255
-0.152 -0.152 -0.024 247 243 255
-0.176 -0.144 -0.024 255 251 255
-0.16 -0.144 -0.024 255 251 255
-0.152 -0.144 -0.024 247 243 255
-0.144 -0.144 -0.024 255 247 255
-0.192 -0.136 -0.024 255 255 255
-0.176 -0.136 -0.024 255 255 255
-0.168 -0.136 -0.024 255 251 255
-0.16 -0.136 -0.024 255 251 255
-0.152 -0.136 -0.024 239 243 255
-0.144 -0.136 -0.024 230 235 239
-0.192 -0.192 -0.016 247 235 239
-0.184 -0.192 -0.016 247 235 239
-0.152 -0.192 -0.016 222 223 230
-0.192 -0.184 -0.016 247 235 239
-0.144 -0.184 -0.016 230 219 230
-0.136 -0.184 -0.016 132 125 123
-0.192 -0.176 -0.016 247 235 239
-0.152 -0.176 -0.016 239 239 239
-0.144 -0.176 -0.016 239 235 247
-0.152 -0.168 -0.016 247 239 247
-0.16 -0.16 -0.016 255 247 255
-0.152 -0.16 -0.016 255 243 247
-0.168 -0.152 -0.016 255 247 247
-0.16 -0.152 -0.016 255 247 247
-0.152 -0.152 -0.016 255 247 255
-0.16 -0.144 -0.016 255 251 255
-0.152 -0.144 -0.016 255 247 247
-0.144 -0.144 -0.016 255 247 247
-0.184 -0.136 -0.016 255 255 255
-0.176 -0.136 -0.016 255 255 255
-0.168 -0.136 -0.016 255 255 255
-0.16 -0.136 -0.016 255 251 255
-0.152 -0.136 -0.016 255 255 255
-0.144 -0.136 -0.016 255 251 255
-0.192 -0.192 -0.008 247 231 230
-0.184 -0.192 -0.008 247 231 230
-0.136 -0.192 -0.008 74 93 74
-0.192 -0.184 -0.008 247 235 230
-0.192 -0.176 -0.008 247 231 230
-0.168 -0.176 -0.008 239 235 239
-0.152 -0.168 -0.008 247 235 239
-0.16 -0.16 -0.008 247 235 239
-0.152 -0.16 -0.008 247 235 230
-0.168 -0.152 -0.008 255 243 239
-0.16 -0.152 -0.008 255 239 239
-0.152 -0.152 -0.008 255 239 239
-0.168 -0.144 -0.008 255 239 239
-0.16 -0.144 -0.008 255 243 247
-0.152 -0.144 -0.008 255 243 239
-0.192 -0.136 -0.008 255 255 255
-0.184 -0.136 -0.008 255 255 255
-0.168 -0.136 -0.008 255 243 239
-0.16 -0.136 -0.008 255 247 247
-0.152 -0.136 -0.008 255 243 247
-0.144 -0.136 -0.008 255 243 247
-0.168 -0.192 -0.192 8 12 16
-0.16 -0.192 -0.192 0 12 16
-0.176 -0.184 -0.192 8 12 16
-0.168 -0.184 -0.192 0 8 16
-0.176 -0.176 -0.192 0 0 0
-0.168 -0.176 -0.192 0 0 0
-0.176 -0.168 -0.192 0 0 0
-0.168 -0.168 -0.192 0 0 0
-0.16 -0.192 -0.184 0 4 8
-0.168 -0.184 -0.184 8 4 8
-0.16 -0.184 -0.184 0 8 8
-0.168 -0.176 -0.184 16 12 16
-0.168 -0.168 -0.184 0 0 0
-0.16 -0.192 -0.176 8 12 8
-0.168 -0.184 -0.176 8 16 8
-0.16 -0.184 -0.176 0 0 0
-0.168 -0.176 -0.176 33 28 33
-0.168 -0.168 -0.176 16 12 16
-0.168 -0.16 -0.176 25 36 25
-0.16 -0.184 -0.168 25 32 25
-0.144 -0.192 -0.16 66 49 49
-0.136 -0.192 -0.16 49 45 49
-0.144 -0.184 -0.16 25 24 25
-0.136 -0.168 -0.16 115 113 99
-0.136 -0.16 -0.16 115 105 107
-0.136 -0.152 -0.16 123 134 115
-0.136 -0.144 -0.16 115 125 115
-0.136 -0.136 -0.16 115 117 123
-0.144 -0.192 -0.152 82 81 82
-0.136 -0.192 -0.152 74 53 58
-0.144 -0.184 -0.152 90 81 90
-0.136 -0.184 -0.152 74 53 58
-0.136 -0.176 -0.152 41 28 41
-0.136 -0.168 -0.152 49 49 58
-0.136 -0.16 -0.152 58 45 66
-0.136 -0.152 -0.152 58 40 58
-0.136 -0.144 -0.152 58 49 58
-0.136 -0.192 -0.144 115 93 107
-0.16 -0.184 -0.224 0 0 0
-0.144 -0.184 -0.224 0 0 0
-0.152 -0.176 -0.224 0 0 0
-0.144 -0.176 -0.224 0 0 0
-0.16 -0.176 -0.216 0 0 0
-0.16 -0.168 -0.216 0 0 0
-0.168 -0.184 -0.208 0 0 0
-0.168 -0.176 -0.208 0 0 0
-0.16 -0.176 -0.208 0 0 0
-0.168 -0.168 -0.208 0 0 0
-0.16 -0.168 -0.208 0 0 0
-0.152 -0.192 -0.2 0 8 8
-0.176 -0.184 -0.2 0 4 8
-0.16 -0.184 -0.2 8 16 25
-0.176 -0.176 -0.2 0 0 0
-0.168 -0.176 -0.2 0 0 0
-0.176 -0.168 -0.2 0 0 0
-0.168 -0.168 -0.2 0 0 0
-0.128 0.224 0.064 99 125 107
-0.128 0.232 0.064 107 125 115
-0.128 0.24 0.064 123 121 123
-0.12 0.24 0.064 140 138 140
-0.104 0.24 0.064 230 219 230
-0.12 0.248 0.064 132 138 132
-0.112 0.248 0.064 206 194 206
-0.104 0.248 0.064 206 206 206
-0.096 0.248 0.064 197 198 197
-0.128 0.192 0.072 181 174 181
-0.12 0.192 0.072 181 174 181
-0.12 0.208 0.072 206 206 197
-0.128 0.232 0.072 156 162 165
-0.112 0.232 0.072 148 146 148
-0.128 0.24 0.072 148 154 148
-0.112 0.24 0.072 148 154 148
-0.104 0.24 0.072 173 178 173
-0.128 0.248 0.072 206 162 206
-0.12 0.248 0.072 189 178 189
-0.112 0.248 0.072 197 190 197
-0.104 0.248 0.072 206 202 197
-0.096 0.248 0.072 156 154 148
-0.128 0.216 0.08 255 255 255
-0.112 0.232 0.08 189 178 173
-0.104 0.232 0.08 148 142 132
-0.128 0.24 0.08 165 166 165
-0.12 0.24 0.08 156 162 156
-0.112 0.24 0.08 165 154 148
-0.104 0.24 0.08 156 158 148
-0.096 0.24 0.08 148 138 132
-0.128 0.248 0.08 148 146 148
-0.112 0.248 0.08 173 170 173
-0.104 0.248 0.08 156 154 148
-0.096 0.248 0.08 140 142 140
-0.112 -0.192 -0.064 33 49 25
-0.104 -0.192 -0.064 41 49 33
-0.128 -0.184 -0.064 16 20 16
-0.12 -0.184 -0.064 8 8 8
-0.112 -0.184 -0.064 33 40 16
-0.128 -0.176 -0.064 16 12 16
-0.12 -0.176 -0.064 8 16 16
-0.128 -0.168 -0.064 74 69 74
-0.12 -0.168 -0.064 8 12 8
-0.112 -0.192 -0.056 41 65 41
-0.104 -0.192 -0.056 49 53 41
-0.128 -0.184 -0.056 49 49 41
-0.12 -0.184 -0.056 25 32 8
-0.12 -0.192 -0.048 49 89 49
-0.112 -0.192 -0.048 58 77 49
-0.104 -0.192 -0.048 41 65 41
-0.128 -0.184 -0.048 33 28 25
-0.12 -0.184 -0.048 33 57 25
-0.112 -0.184 -0.048 49 73 41
-0.128 -0.176 -0.048 66 69 66
-0.12 -0.176 -0.048 25 40 16
-0.12 -0.192 -0.04 58 81 58
-0.112 -0.192 -0.04 49 65 41
-0.128 -0.184 -0.04 33 61 33
-0.12 -0.184 -0.04 58 81 49
-0.128 -0.176 -0.04 49 53 49
-0.12 -0.192 -0.032 58 65 49
-0.112 -0.192 -0.032 41 45 33
-0.128 -0.184 -0.032 58 69 49
-0.12 -0.184 -0.032 58 81 58
-0.128 -0.176 -0.032 115 89 115
-0.12 -0.192 -0.024 33 40 33
-0.112 -0.192 -0.024 8 32 8
-0.128 -0.184 -0.024 74 89 58
-0.12 -0.184 -0.024 41 65 41
-0.128 -0.176 -0.024 140 121 140
-0.128 -0.192 -0.016 58 69 49
-0.12 -0.192 -0.016 41 57 41
-0.128 -0.184 -0.016 66 89 49
-0.12 -0.184 -0.016 58 73 49
-0.128 -0.192 -0.008 90 89 74
-0.128 -0.28 0.064 156 158 156
-0.12 -0.28 0.064 173 170 181
-0.112 -0.272 0.064 165 158 173
-0.104 -0.272 0.064 181 178 181
-0.088 -0.128 -0.192 90 85 74
-0.096 -0.12 -0.192 90 121 90
-0.104 -0.112 -0.192 0 0 0
-0.096 -0.112 -0.192 132 81 41
-0.104 -0.104 -0.192 33 4 0
-0.112 -0.096 -0.192 41 12 8
-0.104 -0.096 -0.192 132 45 41
-0.112 -0.088 -0.192 25 40 74
-0.128 -0.08 -0.192 0 53 0
-0.12 -0.08 -0.192 82 85 82
-0.128 -0.072 -0.192 0 0 0
-0.12 -0.072 -0.192 0 0 0
-0.096 -0.128 -0.184 8 8 0
-0.088 -0.128 -0.184 58 69 58
-0.096 -0.12 -0.184 0 0 0
-0.096 -0.112 -0.184 0 0 0
-0.104 -0.104 -0.184 16 8 16
-0.112 -0.096 -0.184 123 36 25
-0.104 -0.096 -0.184 107 36 41
-0.12 -0.088 -0.184 8 0 0
-0.128 -0.08 -0.184 0 16 0
-0.12 -0.08 -0.184 74 36 58
-0.128 -0.072 -0.184 0 0 0
-0.12 -0.128 -0.176 0 4 0
-0.112 -0.128 -0.176 8 8 8
-0.104 -0.128 -0.176 25 24 25
-0.096 -0.128 -0.176 0 8 0
-0.088 -0.128 -0.176 0 16 0
-0.112 -0.12 -0.176 8 12 16
-0.104 -0.12 -0.176 16 16 16
-0.096 -0.12 -0.176 0 4 8
-0.088 -0.12 -0.176 0 0 0
-0.112 -0.112 -0.176 0 0 0
-0.104 -0.112 -0.176 8 12 8
-0.096 -0.112 -0.176 0 0 0
-0.112 -0.104 -0.176 0 4 8
-0.104 -0.104 -0.176 8 8 8
-0.096 -0.104 -0.176 0 0 0
-0.128 -0.096 -0.176 0 0 0
-0.112 -0.096 -0.176 74 16 25
-0.104 -0.096 -0.176 115 45 41
-0.128 -0.088 -0.176 0 0 0
-0.12 -0.088 -0.176 58 12 16
-0.128 -0.08 -0.176 8 0 8
-0.128 -0.072 -0.176 0 0 0
-0.12 -0.072 -0.176 0 0 0
-0.128 -0.128 -0.168 0 4 0
-0.12 -0.128 -0.168 0 4 8
-0.112 -0.128 -0.168 0 0 0
-0.104 -0.128 -0.168 16 12 16
-0.128 -0.12 -0.168 0 0 0
-0.12 -0.12 -0.168 8 8 8
-0.112 -0.12 -0.168 0 0 0
-0.104 -0.12 -0.168 8 8 16
-0.12 -0.112 -0.168 0 4 8
-0.112 -0.112 -0.168 0 0 0
-0.104 -0.112 -0.168 8 4 0
-0.128 -0.104 -0.168 0 4 0
-0.12 -0.104 -0.168 0 0 8
-0.112 -0.104 -0.168 0 0 0
-0.104 -0.104 -0.168 8 4 8
-0.128 -0.096 -0.168 0 0 0
-0.12 -0.096 -0.168 0 0 0
-0.112 -0.096 -0.168 0 0 0
-0.128 -0.088 -0.168 0 0 0
-0.12 -0.088 -0.168 0 0 0
-0.088 -0.088 -0.168 8 0 0
-0.128 -0.08 -0.168 0 0 0
-0.12 -0.08 -0.168 0 0 0
-0.104 -0.08 -0.168 25 16 33
-0.096 -0.08 -0.168 25 28 49
-0.088 -0.08 -0.168 0 0 0
-0.128 -0.072 -0.168 0 4 0
-0.12 -0.072 -0.168 0 0 0
-0.128 -0.128 -0.16 99 85 99
-0.12 -0.128 -0.16 8 4 8
-0.072 -0.128 -0.16 99 117 123
-0.128 -0.12 -0.16 90 89 90
-0.12 -0.12 -0.16 0 4 8
-0.128 -0.112 -0.16 90 81 90
-0.12 -0.112 -0.16 0 0 0
-0.072 -0.112 -0.16 58 61 66
-0.128 -0.104 -0.16 99 97 99
-0.12 -0.104 -0.16 0 0 0
-0.08 -0.104 -0.16 0 0 0
-0.128 -0.096 -0.16 90 93 90
-0.112 -0.096 -0.16 8 4 8
-0.128 -0.088 -0.16 99 93 99
-0.112 -0.088 -0.16 8 0 0
-0.096 -0.088 -0.16 99 32 16
-0.088 -0.088 -0.16 58 16 0
-0.128 -0.08 -0.16 107 97 107
-0.112 -0.08 -0.16 58 8 0
-0.088 -0.08 -0.16 0 0 16
-0.128 -0.072 -0.16 115 121 115
-0.104 -0.072 -0.16 66 89 49
-0.096 -0.072 -0.16 33 36 82
-0.128 -0.128 -0.152 148 146 140
-0.128 -0.12 -0.152 132 121 132
-0.128 -0.112 -0.152 132 125 132
-0.128 -0.104 -0.152 132 130 132
-0.072 -0.104 -0.152 0 0 0
-0.128 -0.096 -0.152 123 121 123
-0.088 -0.096 -0.152 0 0 0
-0.072 -0.096 -0.152 0 0 0
-0.128 -0.088 -0.152 115 117 115
-0.12 -0.088 -0.152 115 93 115
-0.112 -0.088 -0.152 0 4 0
-0.104 -0.088 -0.152 0 4 8
-0.096 -0.088 -0.152 41 12 16
-0.088 -0.088 -0.152 74 12 0
-0.08 -0.088 -0.152 90 20 8
-0.128 -0.08 -0.152 115 113 115
-0.12 -0.08 -0.152 99 93 99
-0.104 -0.08 -0.152 82 4 8
-0.096 -0.08 -0.152 66 16 25
-0.088 -0.08 -0.152 0 0 0
-0.128 -0.072 -0.152 115 125 115
-0.104 -0.072 -0.152 0 4 0
-0.096 -0.072 -0.152 0 8 0
-0.088 -0.072 -0.152 16 40 33
-0.128 -0.128 -0.144 181 158 181
-0.12 -0.128 -0.144 189 158 189
-0.128 -0.12 -0.144 181 174 181
-0.128 -0.112 -0.144 173 158 173
-0.12 -0.112 -0.144 140 150 148
-0.12 -0.104 -0.144 156 150 165
-0.112 -0.104 -0.144 49 49 49
-0.12 -0.096 -0.144 148 146 148
-0.12 -0.088 -0.144 156 154 156
-0.104 -0.088 -0.144 0 0 0
-0.104 -0.08 -0.144 0 0 0
-0.072 -0.08 -0.144 90 20 25
-0.104 -0.072 -0.144 0 0 0
-0.12 -0.128 -0.136 148 166 140
-0.12 -0.12 -0.136 156 154 148
-0.12 -0.112 -0.136 181 170 181
-0.12 -0.096 -0.136 165 162 165
-0.112 -0.096 -0.136 115 130 123
-0.104 -0.096 -0.136 66 49 66
-0.104 -0.088 -0.136 74 57 74
-0.104 -0.08 -0.136 115 85 115
-0.104 -0.072 -0.136 173 113 173
-0.176 0.256 0.064 247 219 214
-0.168 0.256 0.064 247 227 222
-0.16 0.256 0.064 247 223 206
-0.168 0.264 0.064 247 223 214
-0.184 0.256 0.072 173 146 156
-0.176 0.256 0.072 165 150 156
-0.168 0.256 0.072 173 150 173
-0.136 0.256 0.072 206 206 206
-0.176 0.264 0.072 156 142 165
-0.192 0.256 0.08 214 215 222
-0.184 0.256 0.08 222 210 214
-0.176 0.256 0.08 214 206 206
-0.168 0.256 0.08 181 182 181
-0.136 0.256 0.08 173 158 173
-0.184 0.264 0.08 173 186 173
-0.176 0.264 0.08 206 190 197
-0.136 0.264 0.08 181 190 181
-0.184 0.272 0.08 148 150 148
-0.176 0.272 0.08 206 194 189
-0.176 0.28 0.08 173 170 173
-0.192 0.256 0.088 214 219 222
-0.184 0.256 0.088 206 210 214
-0.176 0.256 0.088 197 190 189
-0.144 0.256 0.088 123 121 123
-0.192 0.264 0.088 214 210 206
-0.184 0.264 0.088 206 210 206
-0.176 0.264 0.088 181 182 173
-0.144 0.264 0.088 140 138 140
-0.136 0.264 0.088 140 138 140
-0.184 0.272 0.088 197 182 197
-0.136 0.272 0.088 115 117 107
-0.184 0.28 0.088 173 174 173
-0.136 0.288 0.088 123 125 123
-0.192 0.256 0.096 247 243 247
-0.184 0.256 0.096 214 219 214
-0.16 0.256 0.096 132 134 132
-0.152 0.256 0.096 132 125 132
-0.192 0.264 0.096 239 231 239
-0.184 0.264 0.096 197 194 189
-0.176 0.264 0.096 206 194 181
-0.168 0.264 0.096 173 170 165
-0.152 0.264 0.096 115 113 115
-0.144 0.264 0.096 123 117 123
-0.192 0.272 0.096 197 194 189
-0.184 0.272 0.096 206 194 189
-0.152 0.272 0.096 123 121 123
-0.144 0.272 0.096 115 121 115
-0.184 0.28 0.096 206 186 189
-0.144 0.28 0.096 123 117 123
-0.144 0.288 0.096 115 113 115
-0.136 0.288 0.096 115 113 115
-0.136 0.296 0.096 107 117 115
-0.192 0.256 0.104 206 202 206
-0.184 0.256 0.104 189 190 189
-0.16 0.256 0.104 115 113 115
-0.152 0.256 0.104 123 121 115
-0.192 0.264 0.104 206 190 189
-0.184 0.264 0.104 206 190 181
-0.176 0.264 0.104 189 182 181
-0.152 0.264 0.104 132 121 123
-0.192 0.272 0.104 197 190 189
-0.184 0.272 0.104 189 182 181
-0.152 0.272 0.104 115 121 115
-0.144 0.272 0.104 115 117 115
-0.192 0.28 0.104 206 194 189
-0.184 0.28 0.104 197 194 189
-0.144 0.28 0.104 107 109 107
-0.144 0.288 0.104 107 113 115
-0.144 0.296 0.104 115 113 115
-0.136 0.296 0.104 107 101 107
-0.136 0.304 0.104 107 97 107
-0.136 0.312 0.104 115 109 115
-0.192 0.256 0.112 197 190 189
-0.192 0.264 0.112 189 182 181
-0.184 0.264 0.112 189 178 181
-0.192 0.272 0.112 197 190 189
-0.192 0.28 0.112 189 174 181
-0.184 0.28 0.112 173 166 165
-0.144 0.296 0.112 99 101 107
-0.144 0.304 0.112 107 109 107
-0.136 0.304 0.112 99 101 99
-0.136 0.312 0.112 107 109 107
-0.264 -0.136 0.096 165 170 181
-0.264 -0.136 0.104 156 166 173
-0.264 -0.136 0.112 156 158 165
-0.264 -0.136 0.12 148 162 165
-0.264 0.192 -0.056 173 170 148
-0.272 0.192 -0.048 148 150 148
-0.264 0.192 -0.048 132 142 123
-0.264 0.2 -0.048 140 146 132
-0.264 0.208 -0.048 140 146 132
-0.264 0.216 -0.048 140 142 123
-0.264 0.224 -0.048 123 130 123
-0.264 0.232 -0.048 99 97 90
-0.264 0.24 -0.048 140 130 140
-0.272 0.248 -0.048 165 154 165
-0.264 0.248 -0.048 156 142 148
-0.288 0.192 -0.04 173 174 165
-0.28 0.192 -0.04 189 186 181
-0.272 0.192 -0.04 206 202 189
-0.28 0.2 -0.04 189 166 173
-0.272 0.2 -0.04 189 174 189
-0.28 0.208 -0.04 189 174 181
-0.272 0.208 -0.04 206 182 181
-0.264 0.208 -0.04 222 202 206
-0.28 0.216 -0.04 197 190 189
-0.272 0.216 -0.04 189 190 181
-0.264 0.216 -0.04 206 198 197
-0.28 0.224 -0.04 181 182 181
-0.272 0.224 -0.04 197 190 197
-0.264 0.224 -0.04 197 190 206
-0.28 0.232 -0.04 173 166 165
-0.272 0.232 -0.04 132 142 123
-0.264 0.232 -0.04 123 121 123
-0.272 0.24 -0.04 148 117 123
-0.28 0.248 -0.04 173 154 173
-0.296 0.192 -0.032 132 117 115
-0.288 0.192 -0.032 115 121 132
-0.296 0.2 -0.032 66 101 140
-0.288 0.2 -0.032 82 109 148
-0.288 0.208 -0.032 132 146 115
-0.28 0.208 -0.032 140 134 132
-0.264 0.208 -0.032 132 117 115
-0.288 0.216 -0.032 148 142 140
-0.28 0.216 -0.032 148 142 140
-0.264 0.216 -0.032 115 121 115
-0.288 0.224 -0.032 132 130 123
-0.28 0.224 -0.032 123 121 115
-0.264 0.224 -0.032 132 142 132
-0.28 0.232 -0.032 140 138 123
-0.272 0.232 -0.032 99 109 90
-0.28 0.24 -0.032 99 97 82
-0.304 0.192 -0.024 115 142 173
-0.296 0.192 -0.024 148 121 132
-0.264 0.192 -0.024 156 154 156
-0.304 0.2 -0.024 107 109 123
-0.296 0.2 -0.024 115 101 123
-0.264 0.2 -0.024 156 154 156
-0.296 0.208 -0.024 148 121 123
-0.288 0.208 -0.024 148 113 132
-0.296 0.216 -0.024 156 134 132
-0.288 0.216 -0.024 123 113 115
-0.272 0.216 -0.024 132 121 115
-0.264 0.216 -0.024 156 154 156
-0.296 0.224 -0.024 140 117 123
-0.288 0.224 -0.024 140 125 123
-0.264 0.224 -0.024 156 154 156
-0.288 0.232 -0.024 140 121 132
-0.28 0.232 -0.024 148 121 123
-0.264 0.232 -0.024 107 85 90
-0.288 0.24 -0.024 115 113 99
-0.28 0.24 -0.024 90 77 66
-0.288 0.248 -0.024 123 105 107
-0.312 0.192 -0.016 90 166 239
-0.304 0.192 -0.016 115 142 181
-0.296 0.192 -0.016 115 125 148
-0.304 0.2 -0.016 107 117 148
-0.296 0.2 -0.016 107 117 148
-0.304 0.208 -0.016 115 113 123
-0.296 0.208 -0.016 132 121 123
-0.304 0.216 -0.016 148 125 132
-0.296 0.216 -0.016 148 121 123
-0.288 0.216 -0.016 140 117 123
-0.272 0.216 -0.016 156 154 156
-0.296 0.224 -0.016 140 125 115
-0.288 0.224 -0.016 140 117 123
-0.264 0.224 -0.016 156 154 156
-0.296 0.232 -0.016 148 113 115
-0.288 0.232 -0.016 148 113 115
-0.264 0.232 -0.016 156 154 156
-0.296 0.24 -0.016 140 117 115
-0.288 0.24 -0.016 123 117 99
-0.28 0.24 -0.016 82 73 66
-0.288 0.248 -0.016 123 93 115
-0.096 0.064 -0.128 156 170 140
-0.088 0.064 -0.128 8 8 8
-0.08 0.064 -0.128 0 4 8
-0.072 0.064 -0.128 25 36 25
-0.072 0.072 -0.128 8 4 8
-0.096 0.064 -0.12 140 138 140
-0.088 0.064 -0.12 115 113 115
-0.08 0.064 -0.12 8 8 8
-0.072 0.064 -0.12 8 4 0
-0.096 0.072 -0.12 197 170 197
-0.088 0.072 -0.12 123 121 115
-0.08 0.072 -0.12 33 24 25
-0.072 0.072 -0.12 41 32 33
-0.096 0.08 -0.12 148 150 140
-0.088 0.08 -0.12 115 109 115
-0.08 0.08 -0.12 41 40 41
-0.072 0.08 -0.12 33 36 33
-0.088 0.088 -0.12 148 134 148
-0.072 0.088 -0.12 33 32 25
-0.088 0.096 -0.12 222 190 214
-0.072 0.096 -0.12 33 40 25
-0.088 0.104 -0.12 156 178 148
-0.088 0.112 -0.12 156 142 156
-0.096 0.12 -0.12 140 150 132
-0.088 0.12 -0.12 115 113 115
-0.096 0.064 -0.112 181 154 173
-0.088 0.064 -0.112 189 174 181
-0.08 0.064 -0.112 99 105 99
-0.096 0.072 -0.112 132 138 132
-0.088 0.072 -0.112 140 150 140
-0.08 0.072 -0.112 123 121 115
-0.096 0.08 -0.112 148 146 140
-0.088 0.08 -0.112 140 150 148
-0.08 0.08 -0.112 132 121 132
-0.072 0.08 -0.112 33 32 33
-0.088 0.088 -0.112 173 162 173
-0.08 0.088 -0.112 99 105 99
-0.072 0.088 -0.112 33 36 33
-0.088 0.096 -0.112 189 186 189
-0.08 0.096 -0.112 140 138 132
-0.072 0.096 -0.112 41 40 41
-0.088 0.104 -0.112 156 170 140
-0.08 0.104 -0.112 123 125 115
-0.072 0.104 -0.112 49 57 58
-0.088 0.112 -0.112 165 154 148
-0.08 0.112 -0.112 74 93 74
-0.096 0.12 -0.112 132 134 115
-0.088 0.12 -0.112 123 113 115
-0.08 0.12 -0.112 107 105 99
-0.104 0.064 -0.104 90 93 90
-0.096 0.064 -0.104 123 121 115
-0.104 0.072 -0.104 90 89 90
-0.096 0.072 -0.104 99 89 90
-0.104 0.08 -0.104 107 105 107
-0.096 0.08 -0.104 107 109 107
-0.088 0.08 -0.104 140 142 132
-0.096 0.088 -0.104 99 101 99
-0.088 0.088 -0.104 74 117 74
-0.072 0.088 -0.104 107 105 107
-0.096 0.096 -0.104 90 89 90
-0.088 0.096 -0.104 140 138 132
-0.072 0.096 -0.104 115 130 123
-0.096 0.104 -0.104 107 97 107
-0.088 0.104 -0.104 148 138 148
-0.072 0.104 -0.104 99 81 99
-0.104 0.112 -0.104 115 113 115
-0.096 0.112 -0.104 107 101 107
-0.088 0.112 -0.104 132 134 123
-0.08 0.112 -0.104 165 154 148
-0.072 0.112 -0.104 156 130 148
-0.104 0.12 -0.104 115 113 115
-0.096 0.12 -0.104 115 117 115
-0.088 0.12 -0.104 132 146 123
-0.08 0.12 -0.104 165 162 156
-0.072 0.12 -0.104 181 146 181
-0.12 0.064 -0.096 82 81 82
-0.112 0.064 -0.096 82 89 82
-0.104 0.064 -0.096 82 81 82
-0.112 0.072 -0.096 82 89 82
-0.104 0.072 -0.096 90 93 90
-0.096 0.072 -0.096 82 81 82
-0.12 0.08 -0.096 82 81 82
-0.112 0.08 -0.096 90 89 90
-0.104 0.08 -0.096 99 101 99
-0.096 0.08 -0.096 90 93 90
-0.088 0.08 -0.096 99 101 99
-0.112 0.088 -0.096 99 97 99
-0.104 0.088 -0.096 99 105 99
-0.096 0.088 -0.096 90 93 90
-0.088 0.088 -0.096 107 105 99
-0.072 0.088 -0.096 148 154 148
-0.112 0.096 -0.096 107 105 99
-0.104 0.096 -0.096 115 113 115
-0.096 0.096 -0.096 99 109 99
-0.088 0.096 -0.096 107 109 107
-0.112 0.104 -0.096 107 109 107
-0.104 0.104 -0.096 115 117 115
-0.096 0.104 -0.096 107 113 107
-0.088 0.104 -0.096 99 105 107
-0.072 0.104 -0.096 132 142 132
-0.112 0.112 -0.096 123 121 115
-0.104 0.112 -0.096 123 121 115
-0.096 0.112 -0.096 123 121 123
-0.088 0.112 -0.096 115 109 107
-0.072 0.112 -0.096 165 142 165
-0.112 0.12 -0.096 115 113 115
-0.104 0.12 -0.096 115 117 115
-0.096 0.12 -0.096 132 125 123
-0.088 0.12 -0.096 115 125 115
-0.072 0.12 -0.096 148 130 148
-0.128 0.064 -0.088 74 73 74
-0.12 0.064 -0.088 74 81 74
-0.112 0.064 -0.088 66 73 66
-0.128 0.072 -0.088 74 77 74
-0.12 0.072 -0.088 82 81 82
-0.112 0.072 -0.088 66 69 66
-0.08 0.072 -0.088 74 85 74
-0.128 0.08 -0.088 82 81 82
-0.12 0.08 -0.088 74 81 74
-0.112 0.08 -0.088 66 73 74
-0.104 0.08 -0.088 82 85 82
-0.08 0.08 -0.088 107 105 99
-0.128 0.088 -0.088 82 81 82
-0.12 0.088 -0.088 82 85 82
-0.112 0.088 -0.088 90 93 90
-0.104 0.088 -0.088 82 89 82
-0.08 0.088 -0.088 107 109 107
-0.128 0.096 -0.088 90 89 90
-0.12 0.096 -0.088 90 93 99
-0.112 0.096 -0.088 107 101 107
-0.104 0.096 -0.088 82 85 90
-0.08 0.096 -0.088 99 105 107
-0.128 0.104 -0.088 99 101 99
-0.12 0.104 -0.088 90 93 90
-0.112 0.104 -0.088 107 109 107
-0.08 0.104 -0.088 99 101 99
-0.072 0.104 -0.088 165 158 156
-0.128 0.112 -0.088 107 105 107
-0.12 0.112 -0.088 107 109 107
-0.112 0.112 -0.088 107 101 107
-0.096 0.112 -0.088 107 109 107
-0.088 0.112 -0.088 115 121 115
-0.08 0.112 -0.088 74 81 74
-0.072 0.112 -0.088 165 150 156
-0.12 0.12 -0.088 99 97 99
-0.112 0.12 -0.088 99 101 99
-0.096 0.12 -0.088 107 105 99
-0.088 0.12 -0.088 99 97 90
-0.08 0.12 -0.088 74 81 74
-0.072 0.12 -0.088 156 150 148
-0.128 0.064 -0.08 74 77 74
-0.128 0.072 -0.08 74 77 74
-0.12 0.072 -0.08 74 73 74
-0.072 0.072 -0.08 99 101 99
-0.128 0.08 -0.08 82 81 82
-0.12 0.08 -0.08 74 77 74
-0.096 0.08 -0.08 82 85 82
-0.088 0.08 -0.08 90 93 90
-0.072 0.08 -0.08 107 105 107
-0.128 0.088 -0.08 82 85 82
-0.096 0.088 -0.08 82 85 82
-0.088 0.088 -0.08 99 97 99
-0.072 0.088 -0.08 99 97 90
-0.128 0.096 -0.08 90 89 90
-0.112 0.096 -0.08 82 85 82
-0.104 0.096 -0.08 90 89 90
-0.096 0.096 -0.08 99 101 99
-0.088 0.096 -0.08 115 113 107
-0.08 0.096 -0.08 107 109 107
-0.072 0.096 -0.08 107 117 107
-0.128 0.104 -0.08 107 105 107
-0.12 0.104 -0.08 115 109 115
-0.112 0.104 -0.08 90 93 90
-0.104 0.104 -0.08 99 93 90
-0.096 0.104 -0.08 99 97 99
-0.088 0.104 -0.08 107 109 107
-0.08 0.104 -0.08 107 109 107
-0.072 0.104 -0.08 123 117 115
-0.128 0.112 -0.08 90 97 90
-0.12 0.112 -0.08 99 97 90
-0.112 0.112 -0.08 99 97 99
-0.096 0.112 -0.08 99 97 99
-0.088 0.112 -0.08 115 113 107
-0.08 0.112 -0.08 99 97 99
-0.128 0.12 -0.08 90 85 90
-0.12 0.12 -0.08 82 85 90
-0.112 0.12 -0.08 90 93 82
-0.096 0.12 -0.08 41 49 49
-0.088 0.12 -0.08 99 93 90
-0.08 0.12 -0.08 99 97 99
-0.096 0.064 -0.072 74 73 74
-0.112 0.072 -0.072 74 77 74
-0.104 0.072 -0.072 74 73 74
-0.088 0.072 -0.072 82 81 82
-0.08 0.072 -0.072 99 93 90
-0.072 0.072 -0.072 90 93 90
-0.12 0.08 -0.072 74 77 74
-0.112 0.08 -0.072 74 77 74
-0.104 0.08 -0.072 74 77 82
-0.096 0.08 -0.072 82 81 82
-0.088 0.08 -0.072 99 97 90
-0.08 0.08 -0.072 107 105 107
-0.072 0.08 -0.072 107 105 107
-0.128 0.088 -0.072 82 85 82
-0.12 0.088 -0.072 74 81 82
-0.112 0.088 -0.072 74 77 74
-0.104 0.088 -0.072 90 89 90
-0.096 0.088 -0.072 99 97 99
-0.088 0.088 -0.072 90 97 90
-0.08 0.088 -0.072 107 109 107
-0.072 0.088 -0.072 115 109 107
-0.128 0.096 -0.072 90 93 90
-0.112 0.096 -0.072 90 93 90
-0.104 0.096 -0.072 99 97 99
-0.096 0.096 -0.072 90 89 90
-0.088 0.096 -0.072 99 93 90
-0.08 0.096 -0.072 107 109 107
-0.072 0.096 -0.072 115 117 115
-0.128 0.104 -0.072 90 93 90
-0.112 0.104 -0.072 82 89 90
-0.104 0.104 -0.072 90 97 90
-0.096 0.104 -0.072 99 97 99
-0.088 0.104 -0.072 99 97 90
-0.08 0.104 -0.072 107 101 99
-0.072 0.104 -0.072 107 101 99
-0.112 0.112 -0.072 90 85 90
-0.104 0.112 -0.072 82 85 82
-0.072 0.112 -0.072 99 101 99
-0.128 0.128 0 230 219 222
-0.12 0.128 0 239 223 230
-0.128 0.136 0 239 223 230
-0.12 0.136 0 230 223 222
-0.112 0.136 0 239 223 222
-0.12 0.144 0 230 223 222
-0.112 0.144 0 239 227 230
-0.104 0.144 0 214 206 206
-0.112 0.152 0 222 210 214
-0.104 0.152 0 214 206 206
-0.096 0.152 0 239 215 222
-0.104 0.16 0 222 210 214
-0.096 0.16 0 214 210 206
-0.088 0.16 0 230 215 214
-0.096 0.168 0 230 215 214
-0.088 0.168 0 230 219 222
-0.08 0.168 0 230 215 222
-0.088 0.176 0 222 215 214
-0.08 0.184 0 230 219 214
-0.128 0.128 0.008 230 219 222
-0.12 0.128 0.008 230 223 230
-0.128 0.136 0.008 230 223 230
-0.12 0.136 0.008 239 223 230
-0.112 0.136 0.008 239 223 222
-0.12 0.144 0.008 239 223 222
-0.112 0.144 0.008 239 223 230
-0.104 0.144 0.008 239 215 222
-0.112 0.152 0.008 230 223 222
-0.104 0.152 0.008 230 219 214
-0.096 0.152 0.008 247 227 230
-0.104 0.16 0.008 222 206 214
-0.096 0.16 0.008 222 215 214
-0.088 0.16 0.008 239 223 222
-0.096 0.168 0.008 230 219 222
-0.088 0.168 0.008 230 219 222
-0.088 0.176 0.008 230 215 222
-0.088 0.184 0.008 230 223 222
-0.08 0.184 0.008 230 219 214
-0.128 0.128 0.016 222 210 222
-0.128 0.136 0.016 230 223 222
-0.12 0.136 0.016 230 223 222
-0.112 0.136 0.016 230 223 222
-0.12 0.144 0.016 239 223 222
-0.112 0.144 0.016 239 223 222
-0.104 0.144 0.016 214 206 206
-0.112 0.152 0.016 239 227 230
-0.104 0.152 0.016 230 215 222
-0.096 0.152 0.016 230 215 214
-0.104 0.16 0.016 239 219 230
-0.096 0.16 0.016 230 215 214
-0.088 0.16 0.016 239 223 230
-0.096 0.168 0.016 230 219 222
-0.088 0.168 0.016 239 223 222
-0.088 0.176 0.016 230 219 222
-0.08 0.176 0.016 239 223 222
-0.088 0.184 0.016 230 219 222
-0.08 0.184 0.016 230 219 214
-0.128 0.128 0.024 230 219 222
-0.128 0.136 0.024 230 223 222
-0.12 0.136 0.024 230 223 222
-0.12 0.144 0.024 230 223 222
-0.112 0.144 0.024 230 223 222
-0.104 0.144 0.024 239 227 230
-0.112 0.152 0.024 222 206 206
-0.104 0.152 0.024 230 215 222
-0.096 0.152 0.024 239 227 230
-0.104 0.16 0.024 230 219 222
-0.096 0.16 0.024 239 227 230
-0.096 0.168 0.024 230 219 222
-0.096 0.176 0.024 222 206 214
-0.088 0.176 0.024 222 210 214
-0.088 0.184 0.024 230 219 222
-0.08 0.184 0.024 230 219 222
-0.128 0.128 0.032 230 219 222
-0.128 0.136 0.032 230 219 222
-0.12 0.136 0.032 230 223 222
-0.128 0.144 0.032 230 219 222
-0.12 0.144 0.032 230 219 222
-0.112 0.144 0.032 214 210 206
-0.12 0.152 0.032 206 202 206
-0.112 0.152 0.032 230 219 222
-0.104 0.16 0.032 230 219 222
-0.096 0.16 0.032 230 210 214
-0.104 0.168 0.032 230 219 214
-0.096 0.168 0.032 239 223 222
-0.088 0.168 0.032 222 215 214
-0.104 0.176 0.032 222 215 214
-0.096 0.176 0.032 230 219 222
-0.088 0.176 0.032 239 219 222
-0.096 0.184 0.032 222 206 206
-0.088 0.184 0.032 214 206 206
-0.128 0.136 0.04 230 219 222
-0.128 0.144 0.04 230 215 214
-0.12 0.144 0.04 230 219 214
-0.112 0.144 0.04 230 215 214
-0.12 0.152 0.04 222 210 206
-0.112 0.152 0.04 222 206 206
-0.104 0.152 0.04 222 206 206
-0.12 0.16 0.04 214 206 197
-0.112 0.16 0.04 230 215 214
-0.104 0.16 0.04 230 215 214
-0.112 0.168 0.04 214 202 197
-0.104 0.168 0.04 222 202 206
-0.104 0.176 0.04 214 198 197
-0.096 0.176 0.04 239 219 222
-0.096 0.184 0.04 230 215 214
-0.088 0.184 0.04 230 219 214
-0.128 0.144 0.048 197 186 181
-0.128 0.152 0.048 206 190 189
-0.12 0.16 0.048 222 198 206
-0.12 0.168 0.048 214 202 206
-0.112 0.168 0.048 222 206 206
-0.112 0.176 0.048 222 206 206
-0.104 0.176 0.048 222 198 206
-0.104 0.184 0.048 222 202 206
-0.128 0.184 0.056 206 174 189
-0.2 -0.08 0 255 251 247
-0.2 -0.072 0 255 239 230
-0.2 -0.072 0.008 239 223 206
-0.208 -0.072 0.016 255 231 230
-0.2 -0.072 0.016 247 231 222
-0.2 -0.088 0.024 255 235 230
-0.2 -0.08 0.024 255 235 222
-0.208 -0.072 0.024 255 231 222
-0.2 -0.072 0.024 247 231 222
-0.2 -0.088 0.032 255 231 222
-0.2 -0.08 0.032 255 235 222
-0.2 -0.072 0.032 247 231 214
-0.2 -0.112 0.04 255 227 222
-0.2 -0.104 0.04 239 223 206
-0.2 -0.096 0.04 239 227 214
-0.2 -0.088 0.04 239 219 206
-0.2 -0.08 0.04 247 231 222
-0.208 -0.072 0.04 247 227 214
-0.2 -0.072 0.04 247 227 214
-0.2 -0.112 0.048 239 219 206
-0.2 -0.104 0.048 239 219 206
-0.2 -0.096 0.048 230 215 206
-0.208 -0.088 0.048 239 223 206
-0.2 -0.088 0.048 239 219 206
-0.208 -0.08 0.048 247 227 222
-0.2 -0.08 0.048 239 223 214
-0.208 -0.072 0.048 239 219 206
-0.2 -0.072 0.048 247 219 214
-0.208 -0.112 0.056 222 210 189
-0.2 -0.112 0.056 239 219 206
-0.208 -0.104 0.056 247 219 214
-0.2 -0.104 0.056 239 219 197
-0.208 -0.096 0.056 247 231 214
-0.2 -0.096 0.056 239 215 206
-0.208 -0.088 0.056 247 231 214
-0.2 -0.088 0.056 239 215 206
-0.208 -0.08 0.056 247 223 214
-0.2 -0.08 0.056 239 215 197
-0.216 -0.072 0.056 247 227 214
-0.208 -0.072 0.056 222 215 206
-0.2 -0.072 0.056 239 215 206
-0.008 0.32 -0.112 41 40 41
-0.016 0.32 -0.104 90 89 90
-0.008 0.32 -0.104 74 73 74
-0.024 0.32 -0.096 156 158 148
-0.016 0.32 -0.096 173 158 173
-0.008 0.32 -0.096 148 134 148
-0.016 0.328 -0.096 156 158 156
-0.008 0.328 -0.096 123 134 115
-0.024 0.32 -0.088 90 89 82
-0.016 0.32 -0.088 123 150 115
-0.008 0.32 -0.088 107 125 107
-0.016 0.328 -0.088 123 130 115
-0.008 0.328 -0.088 107 93 99
-0.032 0.32 -0.08 41 40 33
-0.024 0.32 -0.08 25 36 25
-0.016 0.32 -0.08 82 89 66
-0.008 0.32 -0.08 82 105 74
-0.024 0.32 -0.072 16 24 8
-0.016 0.32 -0.072 25 20 25
-0.008 0.32 -0.072 25 20 25
-0.008 0.328 -0.072 99 101 99
-0.264 0.128 -0.056 132 125 115
-0.264 0.136 -0.056 123 121 99
-0.264 0.144 -0.056 123 113 99
-0.264 0.152 -0.056 115 77 58
-0.264 0.16 -0.056 123 113 115
-0.264 0.168 -0.056 140 138 132
-0.264 0.176 -0.056 214 194 206
-0.264 0.184 -0.056 140 154 132
-0.288 0.128 -0.048 148 150 156
-0.28 0.128 -0.048 148 146 148
-0.272 0.128 -0.048 115 121 115
-0.28 0.136 -0.048 123 146 123
-0.272 0.136 -0.048 99 117 99
-0.28 0.144 -0.048 148 142 148
-0.272 0.144 -0.048 82 97 74
-0.264 0.144 -0.048 66 77 49
-0.272 0.152 -0.048 107 109 107
-0.264 0.152 -0.048 82 81 82
-0.272 0.16 -0.048 132 138 132
-0.264 0.16 -0.048 107 113 99
-0.272 0.168 -0.048 156 138 140
-0.264 0.168 -0.048 123 125 115
-0.272 0.176 -0.048 156 154 148
-0.264 0.176 -0.048 140 130 140
-0.272 0.184 -0.048 165 158 156
-0.264 0.184 -0.048 99 121 90
-0.304 0.128 -0.04 156 166 165
-0.296 0.128 -0.04 156 170 165
-0.304 0.136 -0.04 148 158 165
-0.296 0.136 -0.04 156 158 165
-0.304 0.144 -0.04 140 146 156
-0.296 0.144 -0.04 165 166 165
-0.288 0.144 -0.04 181 174 189
-0.296 0.152 -0.04 173 178 165
-0.288 0.152 -0.04 173 182 181
-0.296 0.16 -0.04 156 174 189
-0.288 0.16 -0.04 173 178 173
-0.28 0.16 -0.04 173 174 173
-0.288 0.168 -0.04 165 174 165
-0.28 0.168 -0.04 189 178 181
-0.288 0.176 -0.04 173 170 173
-0.28 0.176 -0.04 181 178 165
-0.288 0.184 -0.04 173 178 173
-0.28 0.184 -0.04 197 186 181
-0.304 0.128 -0.032 33 125 206
-0.296 0.128 -0.032 33 125 206
-0.288 0.128 -0.032 33 125 206
-0.272 0.128 -0.032 74 105 165
-0.296 0.136 -0.032 25 121 189
-0.288 0.136 -0.032 41 101 148
-0.28 0.136 -0.032 90 109 165
-0.272 0.136 -0.032 58 105 165
-0.288 0.144 -0.032 132 130 173
-0.28 0.144 -0.032 115 125 165
-0.296 0.152 -0.032 58 162 239
-0.288 0.152 -0.032 58 134 181
-0.304 0.16 -0.032 58 162 239
-0.296 0.16 -0.032 74 162 222
-0.288 0.16 -0.032 90 154 197
-0.304 0.168 -0.032 132 162 206
-0.296 0.168 -0.032 165 178 206
-0.288 0.168 -0.032 140 186 222
-0.304 0.176 -0.032 156 182 206
-0.296 0.176 -0.032 156 182 222
-0.288 0.176 -0.032 156 190 222
-0.264 0.176 -0.032 66 65 66
-0.296 0.184 -0.032 132 174 197
-0.288 0.184 -0.032 107 146 156
-0.264 0.184 -0.032 156 154 156
-0.312 0.128 -0.024 41 158 239
-0.304 0.128 -0.024 25 121 206
-0.296 0.128 -0.024 33 125 206
-0.28 0.128 -0.024 33 117 197
-0.272 0.128 -0.024 107 117 156
-0.304 0.136 -0.024 41 125 206
-0.296 0.136 -0.024 41 130 206
-0.288 0.136 -0.024 82 101 148
-0.272 0.136 -0.024 123 138 181
-0.304 0.144 -0.024 41 125 206
-0.296 0.144 -0.024 107 109 165
-0.288 0.144 -0.024 115 125 156
-0.296 0.152 -0.024 58 101 132
-0.304 0.16 -0.024 58 162 239
-0.272 0.16 -0.024 33 61 90
-0.312 0.168 -0.024 107 154 206
-0.304 0.168 -0.024 148 174 214
-0.312 0.176 -0.024 165 178 206
-0.304 0.176 -0.024 140 170 189
-0.296 0.176 -0.024 132 166 189
-0.288 0.176 -0.024 140 166 206
-0.304 0.184 -0.024 132 166 197
-0.296 0.184 -0.024 140 170 214
-0.288 0.184 -0.024 115 142 181
-0.312 0.128 -0.016 58 162 239
-0.304 0.128 -0.016 33 125 206
-0.296 0.128 -0.016 41 125 206
-0.288 0.128 -0.016 33 125 206
-0.28 0.128 -0.016 58 138 214
-0.304 0.136 -0.016 41 125 206
-0.296 0.136 -0.016 33 121 197
-0.28 0.136 -0.016 107 130 173
-0.304 0.144 -0.016 74 130 189
-0.296 0.144 -0.016 99 130 173
-0.28 0.144 -0.016 107 113 165
-0.304 0.152 -0.016 41 117 197
-0.296 0.152 -0.016 74 121 181
-0.28 0.152 -0.016 156 154 156
-0.296 0.16 -0.016 82 170 239
-0.32 0.168 -0.016 74 162 230
-0.312 0.168 -0.016 99 170 222
-0.296 0.168 -0.016 107 162 214
-0.32 0.176 -0.016 82 166 230
-0.312 0.176 -0.016 107 174 230
-0.304 0.176 -0.016 115 182 222
-0.296 0.176 -0.016 107 170 214
-0.288 0.176 -0.016 156 154 156
-0.272 0.176 -0.016 90 77 74
-0.312 0.184 -0.016 107 170 214
-0.304 0.184 -0.016 82 154 222
-0.296 0.184 -0.016 107 166 230
-0.296 0.128 -0.008 33 125 206
-0.288 0.128 -0.008 41 125 206
-0.28 0.128 -0.008 33 138 214
-0.264 0.128 -0.008 41 134 214
-0.288 0.136 -0.008 41 121 206
-0.28 0.136 -0.008 41 134 214
-0.288 0.144 -0.008 33 121 206
-0.304 0.16 -0.008 41 150 222
-0.32 0.168 -0.008 58 162 239
-0.312 0.168 -0.008 58 162 230
-0.32 0.176 -0.008 58 162 230
-0.312 0.176 -0.008 66 158 239
-0.32 0.184 -0.008 66 158 239
-0.312 0.184 -0.008 58 158 239
-0.232 -0.096 -0.08 165 150 165
-0.248 -0.088 -0.08 165 174 156
-0.24 -0.088 -0.08 197 186 189
-0.232 -0.088 -0.08 189 174 189
-0.224 -0.088 -0.08 115 117 115
-0.248 -0.08 -0.08 165 166 156
-0.24 -0.08 -0.08 222 210 222
-0.232 -0.08 -0.08 173 170 173
-0.224 -0.08 -0.08 148 146 140
-0.216 -0.08 -0.08 132 125 123
-0.24 -0.072 -0.08 206 210 214
-0.232 -0.072 -0.08 197 186 197
-0.224 -0.072 -0.08 173 174 165
-0.2 -0.128 -0.072 16 20 16
-0.24 -0.12 -0.072 132 125 132
-0.2 -0.12 -0.072 25 24 25
-0.256 -0.112 -0.072 156 154 148
-0.24 -0.112 -0.072 165 154 165
-0.232 -0.112 -0.072 156 162 156
-0.224 -0.112 -0.072 132 146 123
-0.216 -0.112 -0.072 115 134 107
-0.2 -0.112 -0.072 58 61 58
-0.256 -0.104 -0.072 165 142 156
-0.248 -0.104 -0.072 132 134 123
-0.24 -0.104 -0.072 148 150 140
-0.232 -0.104 -0.072 156 158 148
-0.224 -0.104 -0.072 123 121 115
-0.216 -0.104 -0.072 107 105 107
-0.256 -0.096 -0.072 189 174 181
-0.248 -0.096 -0.072 132 154 132
-0.24 -0.096 -0.072 140 150 140
-0.232 -0.096 -0.072 165 162 156
-0.224 -0.096 -0.072 173 158 165
-0.256 -0.088 -0.072 197 198 189
-0.248 -0.088 -0.072 156 162 156
-0.24 -0.088 -0.072 148 150 148
-0.232 -0.088 -0.072 148 146 140
-0.224 -0.088 -0.072 165 174 156
-0.256 -0.08 -0.072 197 186 173
-0.232 -0.08 -0.072 165 162 165
-0.232 -0.072 -0.072 148 158 140
-0.144 -0.224 -0.104 132 154 99
-0.136 -0.256 -0.096 58 61 58
-0.144 -0.232 -0.096 140 174 115
-0.152 -0.224 -0.096 99 121 74
-0.144 -0.224 -0.096 132 146 99
-0.152 -0.216 -0.096 41 45 33
-0.144 -0.256 -0.088 49 57 58
-0.152 -0.232 -0.088 156 178 123
-0.16 -0.224 -0.088 82 109 66
-0.152 -0.224 -0.088 115 150 82
-0.16 -0.216 -0.088 49 40 33
-0.152 -0.216 -0.088 41 49 33
-0.152 -0.256 -0.08 66 69 66
-0.144 -0.256 -0.08 49 57 58
-0.144 -0.248 -0.08 58 65 66
-0.16 -0.232 -0.08 132 166 107
-0.152 -0.232 -0.08 123 109 66
-0.192 -0.224 -0.08 173 182 156
-0.168 -0.224 -0.08 99 89 66
-0.16 -0.224 -0.08 148 138 99
-0.152 -0.224 -0.08 140 150 99
-0.176 -0.216 -0.08 41 53 41
-0.168 -0.216 -0.08 49 53 41
-0.16 -0.216 -0.08 49 45 33
-0.152 -0.216 -0.08 156 146 99
-0.184 -0.2 -0.08 189 182 181
-0.136 -0.2 -0.08 0 4 0
-0.152 -0.256 -0.072 66 73 74
-0.144 -0.256 -0.072 66 65 66
-0.152 -0.248 -0.072 58 73 66
-0.144 -0.24 -0.072 58 69 66
-0.168 -0.232 -0.072 148 182 115
-0.16 -0.232 -0.072 156 170 123
-0.184 -0.224 -0.072 148 134 132
-0.176 -0.224 -0.072 107 113 74
-0.168 -0.224 -0.072 115 142 90
-0.16 -0.224 -0.072 132 170 107
-0.176 -0.216 -0.072 165 150 140
-0.168 -0.216 -0.072 115 109 82
-0.152 -0.216 -0.072 140 146 99
-0.192 -0.208 -0.072 49 65 49
-0.192 -0.2 -0.072 123 109 123
-0.144 -0.2 -0.072 33 24 25
-0.184 0.016 0.008 25 81 148
-0.184 0.04 0.008 90 146 173
-0.184 0.048 0.008 25 117 197
-0.192 0 0.016 16 16 16
-0.192 0.032 0.016 25 117 197
-0.184 0.032 0.016 25 113 197
-0.192 0.04 0.016 33 117 197
-0.192 0.032 0.024 82 138 189
-0.192 0.04 0.024 33 121 197
-0.192 0.048 0.024 41 125 206
-0.192 0.056 0.024 25 117 197
-0.192 0.032 0.032 107 158 173
-0.192 0.04 0.032 123 166 173
-0.192 0.048 0.032 123 162 156
-0.192 0.056 0.032 140 162 197
-0.192 0 0.04 25 81 148
-0.192 0.008 0.04 41 45 41
-0.192 0.024 0.04 41 36 41
-0.192 0.032 0.04 181 150 189
-0.192 0.04 0.04 165 154 173
-0.192 0.048 0.04 189 182 189
-0.192 0.056 0.04 173 178 181
-0.192 0 0.048 41 85 132
-0.192 0 0.056 58 69 74
-0.112 0.128 -0.192 8 8 8
-0.104 0.128 -0.192 16 16 16
-0.072 0.136 -0.192 41 40 33
-0.096 0.144 -0.192 58 57 58
-0.128 0.152 -0.192 58 61 49
-0.112 0.152 -0.192 66 65 58
-0.104 0.152 -0.192 66 65 58
-0.096 0.152 -0.192 66 65 58
-0.088 0.152 -0.192 66 65 58
-0.112 0.16 -0.192 66 65 58
-0.104 0.16 -0.192 66 65 58
-0.072 0.176 -0.192 115 117 107
-0.112 0.128 -0.184 49 49 33
-0.104 0.128 -0.184 41 36 41
-0.096 0.128 -0.184 156 154 156
-0.088 0.128 -0.184 156 154 156
-0.08 0.128 -0.184 156 154 156
-0.104 0.136 -0.184 41 40 33
-0.072 0.136 -0.184 41 32 41
-0.104 0.144 -0.184 58 61 58
-0.096 0.144 -0.184 58 61 58
-0.088 0.144 -0.184 156 154 156
-0.08 0.144 -0.184 49 40 49
-0.112 0.152 -0.184 66 65 58
-0.104 0.152 -0.184 66 65 58
-0.096 0.152 -0.184 58 65 58
-0.088 0.152 -0.184 66 65 58
-0.12 0.16 -0.184 66 65 58
-0.096 0.16 -0.184 66 69 58
-0.072 0.176 -0.184 148 146 148
-0.12 0.128 -0.176 156 154 156
-0.112 0.136 -0.176 41 45 25
-0.104 0.136 -0.176 33 32 33
-0.072 0.136 -0.176 33 32 25
-0.112 0.144 -0.176 58 61 58
-0.104 0.144 -0.176 41 40 33
-0.088 0.144 -0.176 49 53 58
-0.08 0.144 -0.176 66 69 74
-0.072 0.144 -0.176 58 45 58
-0.112 0.152 -0.176 66 65 58
-0.104 0.152 -0.176 66 65 58
-0.096 0.152 -0.176 16 32 25
-0.088 0.152 -0.176 41 45 49
-0.08 0.152 -0.176 41 57 58
-0.128 0.16 -0.176 74 69 58
-0.112 0.16 -0.176 66 69 66
-0.104 0.16 -0.176 74 73 66
-0.096 0.16 -0.176 33 32 25
-0.088 0.16 -0.176 41 36 33
-0.12 0.168 -0.176 74 73 66
-0.096 0.168 -0.176 49 49 41
-0.072 0.168 -0.176 66 61 58
-0.12 0.128 -0.168 156 154 156
-0.12 0.136 -0.168 156 154 156
-0.112 0.136 -0.168 41 40 41
-0.072 0.136 -0.168 66 65 74
-0.112 0.144 -0.168 66 65 66
-0.104 0.144 -0.168 33 36 33
-0.096 0.144 -0.168 25 28 16
-0.088 0.144 -0.168 33 32 33
-0.08 0.144 -0.168 66 65 74
-0.072 0.144 -0.168 74 77 82
-0.12 0.152 -0.168 74 69 66
-0.112 0.152 -0.168 66 65 58
-0.104 0.152 -0.168 41 45 41
-0.096 0.152 -0.168 33 32 33
-0.088 0.152 -0.168 33 32 25
-0.08 0.152 -0.168 41 32 33
-0.072 0.152 -0.168 33 40 33
-0.112 0.16 -0.168 74 69 58
-0.104 0.16 -0.168 74 73 66
-0.088 0.16 -0.168 49 45 41
-0.08 0.16 -0.168 49 53 41
-0.072 0.16 -0.168 41 40 41
-0.104 0.168 -0.168 74 73 66
-0.088 0.168 -0.168 74 73 66
-0.072 0.168 -0.168 66 53 49
-0.096 0.176 -0.168 66 61 58
-0.072 0.128 -0.16 58 61 66
-0.112 0.136 -0.16 41 45 41
-0.072 0.136 -0.16 66 73 74
-0.112 0.144 -0.16 156 154 156
-0.104 0.144 -0.16 33 40 33
-0.096 0.144 -0.16 41 40 33
-0.088 0.144 -0.16 25 24 25
-0.08 0.144 -0.16 41 45 41
-0.072 0.144 -0.16 25 36 33
-0.112 0.152 -0.16 66 69 66
-0.104 0.152 -0.16 41 49 41
-0.096 0.152 -0.16 41 45 41
-0.072 0.152 -0.16 41 36 41
-0.112 0.16 -0.16 74 77 66
-0.104 0.16 -0.16 49 49 41
-0.096 0.16 -0.16 49 53 49
-0.088 0.16 -0.16 66 65 58
-0.072 0.16 -0.16 58 61 58
-0.112 0.168 -0.16 82 77 66
-0.104 0.168 -0.16 74 81 74
-0.088 0.168 -0.16 66 69 66
-0.08 0.168 -0.16 49 65 41
-0.072 0.168 -0.16 66 45 66
-0.104 0.176 -0.16 82 81 82
-0.088 0.128 -0.152 25 24 25
-0.08 0.128 -0.152 41 45 41
-0.072 0.128 -0.152 58 61 66
-0.088 0.136 -0.152 33 32 33
-0.08 0.136 -0.152 33 32 33
-0.072 0.136 -0.152 74 65 74
-0.112 0.144 -0.152 156 142 140
-0.104 0.144 -0.152 49 49 41
-0.08 0.144 -0.152 41 36 41
-0.112 0.152 -0.152 165 166 156
-0.104 0.152 -0.152 49 49 41
-0.088 0.152 -0.152 49 53 49
-0.08 0.152 -0.152 66 65 66
-0.104 0.16 -0.152 49 53 49
-0.096 0.16 -0.152 58 61 49
-0.096 0.168 -0.152 58 40 25
-0.088 0.168 -0.152 82 65 41
-0.08 0.168 -0.152 58 69 58
-0.072 0.168 -0.152 33 49 33
-0.104 0.176 -0.152 99 89 90
-0.072 0.184 -0.152 214 190 214
-0.08 0.128 -0.144 16 20 25
-0.088 0.136 -0.144 49 49 49
-0.08 0.136 -0.144 16 24 16
-0.088 0.144 -0.144 49 49 41
-0.08 0.144 -0.144 41 40 41
-0.104 0.152 -0.144 74 113 66
-0.096 0.152 -0.144 58 57 58
-0.088 0.152 -0.144 58 57 49
-0.08 0.152 -0.144 66 65 58
-0.088 0.16 -0.144 49 45 25
-0.096 0.168 -0.144 58 45 25
-0.088 0.168 -0.144 58 57 49
-0.08 0.168 -0.144 74 73 66
-0.08 0.176 -0.144 156 134 148
-0.072 0.176 -0.144 189 190 181
-0.08 0.184 -0.144 239 223 222
-0.072 0.184 -0.144 239 227 214
-0.08 0.128 -0.136 33 36 33
-0.096 0.136 -0.136 49 49 41
-0.088 0.136 -0.136 49 49 41
-0.088 0.144 -0.136 58 57 49
-0.096 0.152 -0.136 58 85 49
-0.088 0.152 -0.136 58 45 33
-0.08 0.152 -0.136 41 36 25
-0.088 0.16 -0.136 66 49 33
-0.08 0.16 -0.136 74 69 66
-0.088 0.168 -0.136 123 105 107
-0.08 0.168 -0.136 140 130 132
-0.08 0.176 -0.136 222 198 197
-0.072 0.176 -0.136 239 227 214
-0.08 0.184 -0.136 222 219 197
-0.072 0.184 -0.136 239 223 222
-0.16 0.256 0 247 235 230
-0.152 0.256 0 255 239 230
-0.152 0.264 0 255 231 230
-0.16 0.256 0.008 230 231 214
-0.152 0.256 0.008 239 219 214
-0.152 0.264 0.008 239 227 222
-0.16 0.256 0.016 255 243 239
-0.152 0.256 0.016 255 239 239
-0.16 0.264 0.016 255 235 239
-0.16 0.256 0.024 247 235 230
-0.152 0.256 0.024 239 231 222
-0.16 0.264 0.024 247 235 230
-0.16 0.256 0.032 255 239 230
-0.152 0.256 0.032 255 235 230
-0.16 0.264 0.032 247 231 222
-0.168 0.256 0.04 247 231 222
-0.16 0.256 0.04 247 227 222
-0.16 0.264 0.04 239 231 214
-0.168 0.256 0.048 255 239 230
-0.16 0.256 0.048 255 235 230
-0.16 0.264 0.048 255 235 230
-0.168 0.256 0.056 255 235 222
-0.16 0.256 0.056 247 231 222
-0.16 0.264 0.056 255 235 222
-0.232 -0.064 -0.08 156 166 173
-0.224 -0.064 -0.08 165 162 173
-0.232 -0.056 -0.08 107 134 140
-0.224 -0.056 -0.08 74 130 140
-0.216 -0.056 -0.08 74 117 132
-0.224 -0.048 -0.08 99 146 132
-0.232 -0.024 -0.08 189 194 189
-0.232 -0.016 -0.08 181 190 189
-0.24 -0.008 -0.08 189 190 189
-0.232 -0.008 -0.08 181 190 181
-0.224 -0.008 -0.08 181 190 181
-0.232 -0.064 -0.072 99 130 123
-0.232 -0.056 -0.072 74 97 90
-0.224 -0.056 -0.072 41 97 90
-0.232 -0.048 -0.072 0 36 58
-0.224 -0.048 -0.072 0 49 66
-0.232 -0.032 -0.072 107 109 140
-0.224 -0.032 -0.072 90 121 123
-0.216 -0.032 -0.072 99 121 132
-0.208 -0.032 -0.072 132 142 148
-0.2 -0.032 -0.072 115 109 123
-0.24 -0.024 -0.072 107 113 107
-0.232 -0.024 -0.072 140 142 140
-0.224 -0.024 -0.072 197 186 197
-0.216 -0.024 -0.072 181 190 189
-0.208 -0.024 -0.072 132 121 132
-0.2 -0.024 -0.072 99 101 107
-0.248 -0.016 -0.072 82 97 82
-0.24 -0.016 -0.072 99 113 107
-0.232 -0.016 -0.072 140 142 140
-0.224 -0.016 -0.072 197 202 197
-0.216 -0.016 -0.072 189 194 189
-0.208 -0.016 -0.072 156 150 156
-0.2 -0.016 -0.072 107 93 107
-0.248 -0.008 -0.072 107 93 107
-0.24 -0.008 -0.072 115 109 115
-0.232 -0.008 -0.072 181 194 181
-0.224 -0.008 -0.072 197 202 197
-0.216 -0.008 -0.072 197 198 189
-0.208 -0.008 -0.072 132 130 132
-0.128 0 -0.192 0 4 0
-0.12 0 -0.192 8 8 8
-0.112 0 -0.192 8 0 0
-0.08 0 -0.192 58 57 58
-0.072 0 -0.192 90 85 90
-0.128 0.008 -0.192 0 0 0
-0.12 0.008 -0.192 8 8 0
-0.112 0.008 -0.192 8 12 8
-0.104 0.008 -0.192 16 16 8
-0.096 0.008 -0.192 25 24 25
-0.088 0.008 -0.192 25 24 25
-0.08 0.008 -0.192 58 65 74
-0.072 0.008 -0.192 99 89 99
-0.128 0.016 -0.192 8 4 0
-0.12 0.016 -0.192 0 0 0
-0.112 0.016 -0.192 8 16 8
-0.104 0.016 -0.192 16 20 16
-0.088 0.016 -0.192 49 49 49
-0.08 0.016 -0.192 66 69 66
-0.072 0.016 -0.192 74 77 74
-0.128 0.024 -0.192 0 0 0
-0.12 0.024 -0.192 8 0 0
-0.088 0.024 -0.192 49 57 58
-0.08 0.024 -0.192 49 49 49
-0.072 0.024 -0.192 90 85 99
-0.12 0.032 -0.192 0 0 0
-0.088 0.032 -0.192 41 49 49
-0.08 0.032 -0.192 33 40 41
-0.072 0.032 -0.192 49 53 49
-0.128 0.04 -0.192 8 0 8
-0.104 0.04 -0.192 58 53 66
-0.088 0.04 -0.192 41 45 41
-0.08 0.04 -0.192 41 49 49
-0.072 0.04 -0.192 33 45 41
-0.128 0.048 -0.192 0 4 8
-0.104 0.048 -0.192 33 40 33
-0.128 0.056 -0.192 8 8 16
-0.104 0.056 -0.192 156 154 156
-0.128 0 -0.184 0 4 0
-0.12 0 -0.184 8 4 8
-0.088 0 -0.184 49 45 58
-0.072 0 -0.184 66 69 66
-0.128 0.008 -0.184 0 0 0
-0.12 0.008 -0.184 0 4 8
-0.08 0.008 -0.184 66 65 66
-0.072 0.008 -0.184 82 77 82
-0.128 0.016 -0.184 16 8 8
-0.12 0.016 -0.184 0 0 0
-0.088 0.016 -0.184 58 61 58
-0.08 0.016 -0.184 74 77 74
-0.072 0.016 -0.184 82 81 82
-0.128 0.024 -0.184 0 0 0
-0.112 0.024 -0.184 0 0 0
-0.104 0.024 -0.184 8 12 8
-0.08 0.024 -0.184 90 89 90
-0.072 0.024 -0.184 82 77 82
-0.12 0.032 -0.184 8 0 0
-0.112 0.032 -0.184 8 4 8
-0.072 0.032 -0.184 90 89 90
-0.12 0.04 -0.184 0 4 8
-0.12 0.048 -0.184 8 12 16
-0.12 0.056 -0.184 8 20 25
-0.128 0 -0.176 0 0 0
-0.128 0.008 -0.176 0 0 0
-0.128 0.016 -0.176 8 4 8
-0.08 0.016 -0.176 74 69 74
-0.072 0.016 -0.176 90 89 90
-0.128 0.024 -0.176 0 0 0
-0.12 0.024 -0.176 0 0 0
-0.096 0.024 -0.176 49 49 49
-0.088 0.024 -0.176 74 69 74
-0.08 0.024 -0.176 82 81 82
-0.072 0.024 -0.176 99 97 107
-0.128 0.032 -0.176 0 0 0
-0.12 0.032 -0.176 0 0 0
-0.104 0.032 -0.176 25 20 25
-0.088 0.032 -0.176 82 81 82
-0.08 0.032 -0.176 82 85 82
-0.072 0.032 -0.176 99 93 99
-0.112 0.04 -0.176 8 8 8
-0.112 0.048 -0.176 25 24 25
-0.128 0 -0.168 33 24 33
-0.12 0 -0.168 0 0 0
-0.128 0.008 -0.168 33 32 33
-0.12 0.008 -0.168 8 8 8
-0.128 0.016 -0.168 66 57 66
-0.12 0.016 -0.168 8 4 8
-0.072 0.016 -0.168 82 81 82
-0.128 0.024 -0.168 41 40 41
-0.12 0.024 -0.168 0 0 0
-0.072 0.024 -0.168 90 85 90
-0.12 0.032 -0.168 0 4 0
-0.096 0.032 -0.168 41 45 41
-0.088 0.032 -0.168 74 73 74
-0.08 0.032 -0.168 82 81 82
-0.072 0.032 -0.168 90 93 90
-0.12 0.04 -0.168 0 0 0
-0.112 0.04 -0.168 0 0 8
-0.104 0.04 -0.168 33 24 33
-0.096 0.04 -0.168 49 49 58
-0.08 0.04 -0.168 82 89 82
-0.072 0.04 -0.168 82 81 82
-0.112 0.048 -0.168 8 4 0
-0.104 0.048 -0.168 25 24 25
-0.072 0.048 -0.168 66 69 74
-0.08 0.056 -0.168 82 77 82
-0.072 0.056 -0.168 58 65 66
-0.128 0 -0.16 132 134 132
-0.12 0 -0.16 0 4 0
-0.112 0 -0.16 0 0 0
-0.128 0.008 -0.16 189 174 189
-0.128 0.016 -0.16 206 194 206
-0.12 0.024 -0.16 41 32 41
-0.12 0.032 -0.16 25 28 33
-0.112 0.032 -0.16 0 0 0
-0.096 0.032 -0.16 25 24 25
-0.088 0.032 -0.16 58 53 58
-0.08 0.032 -0.16 74 73 74
-0.072 0.032 -0.16 82 85 90
-0.12 0.04 -0.16 49 53 49
-0.112 0.04 -0.16 8 4 0
-0.104 0.04 -0.16 8 12 8
-0.096 0.04 -0.16 33 28 33
-0.088 0.04 -0.16 58 61 66
-0.08 0.04 -0.16 90 89 90
-0.072 0.04 -0.16 90 81 90
-0.104 0.048 -0.16 16 20 25
-0.096 0.048 -0.16 33 32 33
-0.088 0.048 -0.16 58 61 66
-0.08 0.048 -0.16 82 77 82
-0.072 0.048 -0.16 82 77 82
-0.096 0.056 -0.16 25 32 33
-0.088 0.056 -0.16 58 61 66
-0.08 0.056 -0.16 66 77 74
-0.072 0.056 -0.16 58 69 74
-0.12 0 -0.152 181 158 181
-0.112 0 -0.152 0 0 0
-0.104 0 -0.152 0 0 0
-0.12 0.008 -0.152 214 202 206
-0.104 0.008 -0.152 0 0 0
-0.12 0.016 -0.152 206 210 206
-0.112 0.016 -0.152 0 0 8
-0.12 0.024 -0.152 214 210 214
-0.112 0.024 -0.152 8 8 8
-0.112 0.032 -0.152 8 4 8
-0.104 0.032 -0.152 0 4 0
-0.096 0.048 -0.152 16 20 25
-0.088 0.048 -0.152 41 45 49
-0.096 0.056 -0.152 25 24 25
-0.088 0.056 -0.152 41 45 41
-0.096 0 -0.144 0 0 0
-0.096 0.008 -0.144 0 0 0
-0.096 0.016 -0.144 16 8 8
-0.112 0.024 -0.144 214 215 214
-0.096 0.024 -0.144 0 0 8
-0.112 0.032 -0.144 214 219 206
-0.104 0.032 -0.144 8 4 8
-0.104 0.04 -0.144 0 12 8
-0.096 0.04 -0.144 25 24 25
-0.096 0.048 -0.144 25 24 25
-0.096 0.056 -0.144 25 24 25
-0.088 0.056 -0.144 16 24 16
-0.096 0 -0.136 0 0 0
-0.104 0.032 -0.136 214 210 214
-0.088 0.032 -0.136 16 12 8
-0.104 0.04 -0.136 214 182 206
-0.096 0.048 -0.136 16 4 8
-0.096 0.056 -0.136 8 12 8
-0.256 0.192 0.064 140 146 140
-0.248 0.192 0.064 173 154 156
-0.2 0.192 0.064 247 219 214
-0.248 0.2 0.064 255 227 222
-0.2 0.2 0.064 255 231 222
-0.248 0.208 0.064 255 231 222
-0.24 0.208 0.064 255 231 214
-0.208 0.208 0.064 247 231 222
-0.248 0.216 0.064 255 235 222
-0.24 0.216 0.064 255 235 230
-0.216 0.216 0.064 247 231 214
-0.208 0.216 0.064 247 227 214
-0.2 0.216 0.064 247 223 214
-0.248 0.224 0.064 255 231 222
-0.24 0.224 0.064 255 231 222
-0.248 0.232 0.064 255 235 230
-0.24 0.232 0.064 255 235 230
-0.248 0.24 0.064 255 239 230
-0.256 0.192 0.072 181 170 181
-0.248 0.192 0.072 165 162 156
-0.208 0.192 0.072 197 194 197
-0.2 0.192 0.072 181 170 156
-0.256 0.2 0.072 197 186 165
-0.248 0.2 0.072 239 198 197
-0.208 0.2 0.072 181 186 189
-0.2 0.2 0.072 189 178 189
-0.256 0.208 0.072 255 223 214
-0.248 0.208 0.072 255 223 214
-0.208 0.208 0.072 156 150 156
-0.2 0.208 0.072 165 138 132
-0.248 0.216 0.072 255 227 214
-0.216 0.216 0.072 165 178 165
-0.208 0.216 0.072 165 150 140
-0.2 0.216 0.072 165 138 156
-0.248 0.224 0.072 255 231 222
-0.2 0.224 0.072 156 138 156
-0.248 0.232 0.072 230 219 206
-0.24 0.232 0.072 255 227 222
-0.248 0.24 0.072 247 227 214
-0.256 0.192 0.08 181 194 206
-0.208 0.192 0.08 197 219 214
-0.256 0.2 0.08 181 170 165
-0.208 0.2 0.08 230 227 230
-0.2 0.2 0.08 156 154 156
-0.256 0.208 0.08 222 186 181
-0.248 0.208 0.08 214 190 189
-0.216 0.208 0.08 222 227 222
-0.2 0.208 0.08 189 198 206
-0.256 0.216 0.08 214 174 197
-0.248 0.216 0.08 165 174 181
-0.216 0.216 0.08 189 186 197
-0.208 0.216 0.08 197 190 206
-0.2 0.216 0.08 206 202 206
-0.256 0.224 0.08 173 162 148
-0.248 0.224 0.08 156 154 148
-0.224 0.224 0.08 214 215 222
-0.216 0.224 0.08 189 146 148
-0.208 0.224 0.08 197 202 206
-0.2 0.224 0.08 206 206 214
-0.256 0.232 0.08 222 166 189
-0.248 0.232 0.08 181 158 165
-0.24 0.232 0.08 189 154 173
-0.208 0.232 0.08 173 182 189
-0.2 0.232 0.08 197 198 206
-0.248 0.24 0.08 189 158 165
-0.2 0.24 0.08 165 158 140
-0.256 0.192 0.088 181 198 222
-0.256 0.2 0.088 214 206 230
-0.208 0.2 0.088 206 206 206
-0.256 0.208 0.088 206 215 222
-0.216 0.208 0.088 197 198 206
-0.208 0.208 0.088 206 202 206
-0.256 0.216 0.088 214 206 214
-0.248 0.216 0.088 181 231 247
-0.216 0.216 0.088 197 202 206
-0.2 0.216 0.088 197 194 197
-0.256 0.224 0.088 156 202 214
-0.248 0.224 0.088 181 227 255
-0.224 0.224 0.088 189 202 197
-0.216 0.224 0.088 206 198 206
-0.208 0.224 0.088 206 202 214
-0.2 0.224 0.088 206 202 197
-0.256 0.232 0.088 148 166 189
-0.248 0.232 0.088 206 215 222
-0.24 0.232 0.088 197 215 214
-0.208 0.232 0.088 206 202 197
-0.2 0.232 0.088 230 227 230
-0.256 0.24 0.088 173 150 165
-0.248 0.24 0.088 189 194 189
-0.2 0.24 0.088 197 206 197
-0.248 0.248 0.088 148 154 148
-0.2 0.248 0.088 197 178 173
-0.256 0.192 0.096 197 202 214
-0.256 0.2 0.096 206 202 214
-0.256 0.208 0.096 206 202 206
-0.208 0.208 0.096 181 190 181
-0.256 0.216 0.096 206 206 206
-0.216 0.216 0.096 173 182 181
-0.208 0.216 0.096 156 158 156
-0.256 0.224 0.096 230 239 247
-0.224 0.224 0.096 197 198 197
-0.216 0.224 0.096 197 190 189
-0.208 0.224 0.096 173 170 165
-0.2 0.224 0.096 148 150 148
-0.256 0.232 0.096 230 231 239
-0.248 0.232 0.096 222 227 230
-0.24 0.232 0.096 197 202 206
-0.232 0.232 0.096 181 194 197
-0.224 0.232 0.096 197 202 197
-0.216 0.232 0.096 197 190 197
-0.208 0.232 0.096 230 223 230
-0.2 0.232 0.096 214 210 214
-0.256 0.24 0.096 230 235 230
-0.208 0.24 0.096 239 239 239
-0.2 0.24 0.096 230 239 230
-0.248 0.248 0.096 206 186 181
-0.2 0.248 0.096 239 227 239
-0.256 0.208 0.104 197 198 206
-0.224 0.208 0.104 206 202 206
-0.208 0.208 0.104 197 194 189
-0.256 0.216 0.104 197 198 206
-0.224 0.216 0.104 189 190 197
-0.216 0.216 0.104 189 186 189
-0.208 0.216 0.104 173 178 173
-0.256 0.224 0.104 189 198 214
-0.224 0.224 0.104 181 178 189
-0.216 0.224 0.104 148 146 148
-0.2 0.224 0.104 189 178 181
-0.256 0.232 0.104 197 202 206
-0.248 0.232 0.104 206 202 206
-0.24 0.232 0.104 206 202 206
-0.216 0.232 0.104 148 130 148
-0.208 0.232 0.104 140 138 140
-0.2 0.232 0.104 189 166 189
-0.256 0.24 0.104 197 198 214
-0.208 0.24 0.104 181 158 181
-0.2 0.24 0.104 206 206 206
-0.256 0.248 0.104 197 194 197
-0.208 0.248 0.104 230 219 230
-0.2 0.248 0.104 222 223 214
-0.256 0.192 0.112 140 166 214
-0.248 0.192 0.112 239 239 255
-0.24 0.192 0.112 255 255 255
-0.232 0.192 0.112 247 251 255
-0.248 0.2 0.112 230 231 230
-0.24 0.2 0.112 230 231 230
-0.232 0.2 0.112 214 219 214
-0.256 0.208 0.112 197 198 206
-0.248 0.208 0.112 206 210 206
-0.24 0.208 0.112 206 202 206
-0.232 0.208 0.112 197 198 197
-0.224 0.208 0.112 197 198 197
-0.256 0.216 0.112 189 198 206
-0.248 0.216 0.112 181 194 206
-0.232 0.216 0.112 197 198 197
-0.224 0.216 0.112 197 198 197
-0.256 0.224 0.112 197 198 206
-0.248 0.224 0.112 197 198 197
-0.224 0.224 0.112 189 186 181
-0.216 0.224 0.112 197 194 197
-0.256 0.232 0.112 206 202 206
-0.248 0.232 0.112 206 202 206
-0.224 0.232 0.112 189 182 189
-0.216 0.232 0.112 189 182 189
-0.208 0.232 0.112 197 190 197
-0.256 0.24 0.112 206 202 206
-0.216 0.24 0.112 197 186 189
-0.208 0.24 0.112 206 194 189
-0.256 0.248 0.112 197 198 197
-0.208 0.248 0.112 206 194 189
-0.2 0.248 0.112 197 190 189
-0.24 0.2 0.12 255 255 255
-0.24 0.208 0.12 214 215 214
-0.232 0.224 0.12 173 178 173
-0.216 0.248 0.12 181 182 181
-0.208 -0.192 -0.064 49 53 49
-0.2 -0.192 -0.064 49 49 49
-0.216 -0.184 -0.064 165 154 156
-0.208 -0.184 -0.064 74 85 82
-0.2 -0.184 -0.064 90 89 82
-0.216 -0.176 -0.064 115 130 115
-0.208 -0.176 -0.064 74 81 82
-0.2 -0.176 -0.064 82 85 82
-0.216 -0.168 -0.064 123 121 123
-0.208 -0.168 -0.064 90 89 99
-0.216 -0.16 -0.064 181 166 173
-0.216 -0.152 -0.064 8 20 8
-0.208 -0.152 -0.064 90 73 74
-0.2 -0.152 -0.064 41 32 41
-0.224 -0.144 -0.064 16 20 16
-0.216 -0.144 -0.064 8 8 8
-0.208 -0.144 -0.064 25 28 25
-0.2 -0.144 -0.064 49 57 49
-0.224 -0.136 -0.064 16 20 25
-0.216 -0.136 -0.064 25 20 25
-0.208 -0.136 -0.064 16 20 25
-0.216 -0.192 -0.056 132 125 132
-0.208 -0.192 -0.056 49 57 58
-0.2 -0.192 -0.056 49 61 58
-0.224 -0.184 -0.056 132 125 123
-0.216 -0.184 -0.056 49 61 49
-0.2 -0.184 -0.056 49 49 49
-0.224 -0.176 -0.056 132 121 123
-0.216 -0.176 -0.056 74 81 74
-0.2 -0.176 -0.056 74 81 74
-0.224 -0.168 -0.056 123 117 115
-0.216 -0.168 -0.056 90 93 99
-0.2 -0.168 -0.056 107 101 107
-0.224 -0.16 -0.056 115 109 115
-0.2 -0.16 -0.056 25 32 16
-0.232 -0.152 -0.056 115 101 107
-0.224 -0.152 -0.056 0 32 0
-0.208 -0.152 -0.056 33 45 25
-0.2 -0.152 -0.056 33 53 33
-0.232 -0.144 -0.056 0 8 0
-0.208 -0.144 -0.056 8 12 8
-0.2 -0.144 -0.056 8 20 8
-0.232 -0.136 -0.056 8 8 8
-0.208 -0.136 -0.056 16 20 25
-0.2 -0.136 -0.056 16 24 25
-0.2 -0.192 -0.048 33 40 33
-0.224 -0.184 -0.048 173 178 173
-0.208 -0.184 -0.048 33 40 33
-0.2 -0.184 -0.048 25 36 33
-0.208 -0.176 -0.048 25 32 33
-0.2 -0.176 -0.048 25 32 33
-0.208 -0.168 -0.048 41 36 41
-0.2 -0.168 -0.048 58 53 58
-0.232 -0.16 -0.048 156 170 156
-0.208 -0.16 -0.048 58 57 58
-0.2 -0.16 -0.048 66 65 66
-0.216 -0.152 -0.048 25 28 25
-0.208 -0.152 -0.048 25 45 25
-0.2 -0.152 -0.048 58 69 58
-0.216 -0.144 -0.048 25 16 25
-0.208 -0.144 -0.048 16 16 16
-0.24 -0.136 -0.048 82 77 99
-0.216 -0.136 -0.048 16 16 16
-0.208 -0.136 -0.048 16 8 8
-0.2 -0.184 -0.04 140 158 165
-0.208 -0.176 -0.04 206 202 230
-0.2 -0.176 -0.04 140 142 165
-0.208 -0.168 -0.04 165 154 189
-0.2 -0.168 -0.04 148 142 165
-0.216 -0.16 -0.04 173 174 189
-0.208 -0.16 -0.04 140 138 156
-0.2 -0.16 -0.04 123 125 140
-0.216 -0.152 -0.04 156 150 173
-0.208 -0.152 -0.04 132 125 156
-0.2 -0.152 -0.04 82 81 82
-0.216 -0.144 -0.04 132 134 156
-0.208 -0.144 -0.04 123 130 148
-0.2 -0.144 -0.04 58 81 74
-0.216 -0.136 -0.04 132 138 156
-0.208 -0.136 -0.04 49 85 66
-0.2 -0.136 -0.04 107 105 140
-0.248 -0.192 -0.032 255 255 255
-0.216 -0.176 -0.032 247 239 247
-0.208 -0.176 -0.032 247 243 247
-0.2 -0.176 -0.032 247 239 255
-0.216 -0.168 -0.032 247 239 247
-0.208 -0.168 -0.032 247 239 255
-0.2 -0.168 -0.032 247 239 255
-0.216 -0.16 -0.032 247 239 247
-0.208 -0.16 -0.032 247 239 247
-0.2 -0.16 -0.032 247 239 247
-0.216 -0.152 -0.032 239 235 239
-0.208 -0.152 -0.032 239 235 255
-0.2 -0.152 -0.032 247 235 255
-0.224 -0.144 -0.032 247 239 247
-0.216 -0.144 -0.032 247 235 247
-0.208 -0.144 -0.032 239 235 255
-0.2 -0.144 -0.032 247 235 255
-0.224 -0.136 -0.032 247 235 247
-0.216 -0.136 -0.032 247 235 247
-0.208 -0.136 -0.032 239 235 247
-0.2 -0.184 -0.024 247 239 239
-0.216 -0.176 -0.024 247 239 239
-0.208 -0.176 -0.024 247 239 239
-0.2 -0.176 -0.024 247 239 247
-0.216 -0.168 -0.024 247 235 239
-0.208 -0.168 -0.024 247 235 239
-0.2 -0.168 -0.024 247 239 247
-0.216 -0.16 -0.024 247 235 239
-0.208 -0.16 -0.024 247 235 239
-0.2 -0.16 -0.024 247 239 239
-0.224 -0.152 -0.024 247 235 239
-0.216 -0.152 -0.024 247 231 239
-0.208 -0.152 -0.024 247 235 239
-0.2 -0.152 -0.024 255 251 255
-0.224 -0.144 -0.024 239 227 230
-0.216 -0.144 -0.024 239 231 239
-0.208 -0.144 -0.024 239 235 239
-0.224 -0.136 -0.024 247 235 239
-0.216 -0.136 -0.024 239 235 239
-0.208 -0.136 -0.024 239 235 239
-0.256 -0.192 -0.016 255 255 255
-0.256 -0.184 -0.016 255 255 255
-0.2 -0.184 -0.016 247 235 239
-0.216 -0.176 -0.016 247 235 230
-0.208 -0.176 -0.016 247 231 230
-0.2 -0.176 -0.016 247 235 230
-0.224 -0.168 -0.016 247 231 230
-0.208 -0.168 -0.016 247 231 230
-0.2 -0.168 -0.016 247 235 230
-0.208 -0.16 -0.016 247 231 230
-0.2 -0.16 -0.016 247 231 230
-0.224 -0.152 -0.016 247 231 230
-0.216 -0.152 -0.016 247 231 230
-0.208 -0.152 -0.016 247 231 230
-0.224 -0.144 -0.016 239 227 230
-0.216 -0.144 -0.016 239 227 230
-0.208 -0.144 -0.016 247 231 230
-0.232 -0.136 -0.016 239 227 222
-0.224 -0.136 -0.016 239 227 230
-0.216 -0.136 -0.016 239 227 230
-0.208 -0.136 -0.016 255 255 255
-0.256 -0.192 -0.008 255 255 255
-0.2 -0.192 -0.008 247 231 230
-0.2 -0.184 -0.008 247 231 230
-0.216 -0.176 -0.008 247 231 230
-0.208 -0.176 -0.008 247 231 230
-0.2 -0.176 -0.008 247 231 230
-0.216 -0.168 -0.008 247 227 222
-0.208 -0.168 -0.008 247 231 230
-0.2 -0.168 -0.008 247 231 230
-0.224 -0.16 -0.008 239 227 222
-0.216 -0.16 -0.008 239 227 222
-0.208 -0.16 -0.008 247 227 222
-0.224 -0.152 -0.008 239 227 222
-0.216 -0.152 -0.008 239 227 222
-0.208 -0.152 -0.008 239 227 230
-0.224 -0.144 -0.008 239 227 222
-0.216 -0.144 -0.008 239 227 222
-0.224 -0.136 -0.008 239 227 222
-0.216 -0.136 -0.008 239 227 222
-0.064 0 -0.2 74 77 82
-0.064 -0.232 -0.256 214 210 197
-0.064 -0.224 -0.256 214 202 189
-0.056 -0.224 -0.256 214 215 214
-0.064 -0.216 -0.256 206 198 197
-0.056 -0.216 -0.256 206 210 214
-0.064 -0.208 -0.256 173 178 165
-0.056 -0.208 -0.256 173 170 173
-0.064 -0.2 -0.256 123 121 132
-0.056 -0.2 -0.256 115 109 115
-0.048 -0.2 -0.256 107 117 107
-0.064 -0.232 -0.248 214 215 197
-0.064 -0.224 -0.248 214 206 189
-0.064 -0.216 -0.248 197 194 181
-0.064 -0.208 -0.248 197 198 197
-0.064 -0.2 -0.248 132 146 140
-0.064 -0.224 -0.232 222 210 197
-0.064 -0.216 -0.224 156 166 165
-0.032 -0.256 -0.2 181 190 189
-0.024 -0.256 -0.2 189 198 197
-0.016 -0.256 -0.2 189 198 197
-0.024 -0.248 -0.2 181 198 197
-0.04 -0.24 -0.2 197 198 189
-0.032 -0.24 -0.2 189 186 189
-0.04 -0.232 -0.2 197 194 189
-0.032 -0.232 -0.2 173 174 173
-0.048 -0.216 -0.2 148 154 148
-0.056 -0.208 -0.2 148 162 173
-0.064 -0.2 -0.2 82 97 107
-0.056 -0.2 -0.2 107 121 132
-0.136 -0.024 -0.2 0 4 0
-0.136 -0.016 -0.2 8 4 8
-0.248 0.192 -0.064 173 158 165
-0.24 0.192 -0.064 189 178 181
-0.232 0.192 -0.064 181 154 165
-0.248 0.2 -0.064 173 174 156
-0.24 0.2 -0.064 197 178 181
-0.232 0.2 -0.064 165 154 156
-0.24 0.208 -0.064 189 186 173
-0.232 0.208 -0.064 197 182 181
-0.224 0.208 -0.064 173 174 156
-0.24 0.216 -0.064 230 206 197
-0.232 0.216 -0.064 189 174 165
-0.224 0.216 -0.064 165 150 140
-0.216 0.216 -0.064 132 101 82
-0.232 0.224 -0.064 173 150 132
-0.224 0.224 -0.064 140 105 90
-0.216 0.224 -0.064 107 57 66
-0.208 0.224 -0.064 173 125 115
-0.2 0.224 -0.064 206 190 173
-0.216 0.232 -0.064 165 134 123
-0.208 0.232 -0.064 206 190 173
-0.256 0.192 -0.056 173 174 165
-0.2 0.192 -0.056 156 154 156
-0.256 0.2 -0.056 156 154 140
-0.248 0.2 -0.056 230 190 214
-0.256 0.208 -0.056 197 198 173
-0.248 0.208 -0.056 140 154 107
-0.256 0.216 -0.056 99 134 74
-0.248 0.216 -0.056 107 125 82
-0.256 0.224 -0.056 123 142 99
-0.248 0.224 -0.056 132 146 99
-0.256 0.232 -0.056 123 134 99
-0.248 0.232 -0.056 181 170 148
-0.248 0.24 -0.056 206 194 189
-0.24 0.24 -0.056 148 150 123
-0.232 0.24 -0.056 165 146 132
-0.224 0.24 -0.056 222 215 181
-0.216 0.24 -0.056 255 227 189
-0.208 0.24 -0.056 239 219 181
-0.248 0.248 -0.056 140 125 115
-0.24 0.248 -0.056 148 138 107
-0.232 0.248 -0.056 197 194 181
-0.224 0.248 -0.056 230 223 197
-0.256 0.2 -0.048 123 130 123
-0.256 0.208 -0.048 132 142 115
-0.216 0.208 -0.048 156 154 156
-0.256 0.216 -0.048 107 117 82
-0.256 0.224 -0.048 82 81 66
-0.256 0.232 -0.048 123 109 115
-0.208 0.232 -0.048 255 251 222
-0.248 0.192 -0.04 206 219 255
-0.24 0.192 -0.04 173 198 214
-0.256 0.224 -0.04 140 125 132
-0.256 0.232 -0.04 115 89 90
-0.224 0.192 -0.032 247 243 247
-0.216 0.192 -0.032 230 223 255
-0.208 0.192 -0.032 247 210 239
-0.2 0.192 -0.032 181 166 189
-0.216 0.2 -0.032 247 215 255
-0.208 0.2 -0.032 181 186 173
-0.2 0.2 -0.032 189 174 189
-0.216 0.208 -0.032 247 235 247
-0.208 0.208 -0.032 247 227 247
-0.2 0.208 -0.032 189 178 197
-0.248 0.216 -0.032 255 243 255
-0.216 0.216 -0.032 222 219 214
-0.208 0.216 -0.032 255 223 247
-0.216 0.224 -0.032 255 243 255
-0.224 0.192 -0.024 255 247 247
-0.216 0.192 -0.024 255 247 255
-0.224 0.2 -0.024 247 239 239
-0.216 0.2 -0.024 255 251 255
-0.256 0.208 -0.024 156 154 156
-0.216 0.208 -0.024 255 251 255
-0.256 0.216 -0.024 156 154 156
-0.216 0.216 -0.024 255 247 247
-0.224 0.224 -0.024 255 255 255
-0.216 0.224 -0.024 255 251 247
-0.224 0.192 -0.016 255 247 247
-0.224 0.2 -0.016 255 251 247
-0.216 0.2 -0.016 255 255 255
-0.224 0.208 -0.016 255 255 255
-0.216 0.208 -0.016 255 251 255
-0.224 0.216 -0.016 255 255 255
-0.216 0.216 -0.016 255 251 255
-0.208 0.216 -0.016 255 251 247
-0.224 0.224 -0.016 255 255 255
-0.216 0.224 -0.016 255 251 247
-0.232 0.192 -0.008 255 255 255
-0.224 0.192 -0.008 255 255 255
-0.232 0.2 -0.008 255 255 255
-0.224 0.2 -0.008 255 255 255
-0.224 0.208 -0.008 255 255 255
-0.224 0.216 -0.008 255 251 255
-0.208 0.216 -0.008 255 251 255
-0.224 0.224 -0.008 255 255 255
-0.216 0.224 -0.008 255 251 255
-0.224 0.232 -0.008 255 255 255
-0.208 -0.192 0.064 230 206 189
-0.2 -0.192 0.064 230 215 197
-0.216 -0.184 0.064 230 210 197
-0.208 -0.184 0.064 239 215 206
-0.2 -0.184 0.064 222 190 189
-0.224 -0.176 0.064 230 210 197
-0.216 -0.176 0.064 230 210 197
-0.208 -0.176 0.064 230 210 197
-0.2 -0.176 0.064 230 206 197
-0.224 -0.168 0.064 230 210 197
-0.216 -0.168 0.064 230 210 197
-0.208 -0.168 0.064 230 210 197
-0.2 -0.168 0.064 230 210 206
-0.232 -0.16 0.064 230 210 197
-0.224 -0.16 0.064 230 210 197
-0.216 -0.16 0.064 230 210 197
-0.208 -0.16 0.064 230 206 189
-0.2 -0.16 0.064 230 215 206
-0.232 -0.152 0.064 230 206 189
-0.224 -0.152 0.064 230 206 189
-0.216 -0.152 0.064 230 206 189
-0.256 -0.136 0.088 165 134 165
-0.256 -0.136 0.096 156 162 173
-0.256 -0.136 0.104 156 162 165
-0.256 -0.136 0.112 156 158 173
-0.256 -0.136 0.12 156 158 165
-0.192 -0.064 0 255 243 230
-0.16 -0.064 0 247 235 230
-0.152 -0.064 0 255 235 230
-0.192 -0.056 0 255 247 239
-0.176 -0.056 0 255 247 239
-0.16 -0.056 0 247 231 222
-0.192 -0.048 0 255 243 230
-0.176 -0.048 0 255 243 230
-0.168 -0.048 0 255 243 230
-0.16 -0.048 0 247 235 230
-0.168 -0.04 0 255 239 230
-0.176 -0.032 0 247 231 222
-0.168 -0.032 0 247 231 222
-0.192 -0.064 0.008 255 239 230
-0.16 -0.064 0.008 247 231 222
-0.152 -0.064 0.008 247 231 222
-0.192 -0.056 0.008 255 235 222
-0.176 -0.056 0.008 255 239 230
-0.168 -0.056 0.008 255 239 230
-0.16 -0.056 0.008 247 231 222
-0.168 -0.048 0.008 255 235 222
-0.16 -0.048 0.008 247 227 222
-0.176 -0.04 0.008 255 235 222
-0.168 -0.04 0.008 255 239 230
-0.176 -0.032 0.008 247 227 214
-0.168 -0.032 0.008 247 227 214
-0.192 -0.064 0.016 255 235 222
-0.16 -0.064 0.016 247 223 214
-0.152 -0.064 0.016 239 227 214
-0.168 -0.056 0.016 255 235 222
-0.16 -0.056 0.016 239 223 214
-0.176 -0.048 0.016 255 235 222
-0.168 -0.048 0.016 239 223 214
-0.16 -0.048 0.016 239 223 214
-0.176 -0.04 0.016 247 231 214
-0.168 -0.04 0.016 239 219 206
-0.176 -0.032 0.016 247 227 214
-0.184 -0.024 0.016 66 81 74
-0.192 -0.064 0.024 247 231 222
-0.168 -0.064 0.024 230 210 197
-0.16 -0.064 0.024 239 223 214
-0.152 -0.064 0.024 239 223 214
-0.168 -0.056 0.024 239 223 214
-0.16 -0.056 0.024 239 223 214
-0.176 -0.048 0.024 247 231 214
-0.168 -0.048 0.024 239 223 206
-0.16 -0.048 0.024 239 219 206
-0.176 -0.04 0.024 247 231 214
-0.168 -0.04 0.024 239 219 206
-0.176 -0.032 0.024 239 223 206
-0.184 -0.024 0.024 82 89 82
-0.192 -0.008 0.024 16 20 25
-0.168 -0.064 0.032 230 215 206
-0.16 -0.064 0.032 239 219 206
-0.152 -0.064 0.032 230 215 197
-0.176 -0.056 0.032 247 231 214
-0.168 -0.056 0.032 239 219 206
-0.16 -0.056 0.032 239 223 214
-0.168 -0.048 0.032 239 219 206
-0.16 -0.048 0.032 239 219 206
-0.176 -0.04 0.032 239 215 197
-0.168 -0.04 0.032 230 215 197
-0.184 -0.032 0.032 239 219 206
-0.176 -0.032 0.032 230 215 197
-0.192 -0.024 0.032 99 113 99
-0.184 -0.024 0.032 132 117 132
-0.192 -0.016 0.032 16 69 132
-0.192 -0.008 0.032 25 65 115
-0.176 -0.064 0.04 247 223 214
-0.168 -0.064 0.04 239 215 206
-0.16 -0.064 0.04 230 219 206
-0.152 -0.064 0.04 222 206 197
-0.184 -0.056 0.04 247 227 214
-0.176 -0.056 0.04 239 219 206
-0.168 -0.056 0.04 239 219 206
-0.16 -0.056 0.04 230 215 197
-0.184 -0.048 0.04 247 223 214
-0.168 -0.048 0.04 230 215 197
-0.16 -0.048 0.04 230 215 197
-0.184 -0.04 0.04 239 219 206
-0.176 -0.04 0.04 239 215 197
-0.168 -0.04 0.04 230 210 197
-0.184 -0.032 0.04 230 210 197
-0.192 -0.024 0.04 123 117 132
-0.192 -0.016 0.04 16 97 165
-0.192 -0.008 0.04 33 105 181
-0.192 -0.064 0.048 247 227 214
-0.176 -0.064 0.048 214 210 197
-0.168 -0.064 0.048 222 210 197
-0.16 -0.064 0.048 230 210 197
-0.152 -0.064 0.048 230 210 197
-0.184 -0.056 0.048 230 215 197
-0.168 -0.056 0.048 230 206 197
-0.16 -0.056 0.048 230 206 197
-0.176 -0.048 0.048 230 206 197
-0.168 -0.048 0.048 222 206 189
-0.184 -0.04 0.048 230 210 189
-0.176 -0.04 0.048 230 206 189
-0.168 -0.04 0.048 222 206 189
-0.192 -0.032 0.048 230 210 189
-0.184 -0.032 0.048 222 202 189
-0.192 -0.024 0.048 156 117 115
-0.192 -0.016 0.048 58 81 140
-0.192 -0.008 0.048 33 85 140
-0.184 -0.064 0.056 239 219 197
-0.168 -0.064 0.056 230 198 197
-0.176 -0.056 0.056 230 210 197
-0.168 -0.056 0.056 197 170 173
-0.192 -0.048 0.056 230 215 197
-0.176 -0.048 0.056 230 210 197
-0.168 -0.048 0.056 189 146 173
-0.192 -0.04 0.056 214 198 181
-0.184 -0.04 0.056 222 194 181
-0.176 -0.04 0.056 189 166 165
-0.192 -0.032 0.056 222 198 181
-0.192 -0.024 0.056 140 109 107
-0.192 -0.016 0.056 82 93 90
-0.192 -0.008 0.056 49 61 58
-0.136 -0.072 -0.184 0 0 0
-0.136 -0.08 -0.176 8 8 8
-0.136 -0.072 -0.176 16 12 16
-0.136 -0.096 -0.168 99 93 99
-0.136 -0.088 -0.168 90 85 90
-0.136 -0.08 -0.168 74 65 74
-0.136 -0.072 -0.168 82 65 82
-0.136 -0.128 -0.16 107 101 107
-0.136 -0.12 -0.16 165 125 173
-0.136 -0.112 -0.16 148 113 148
-0.136 -0.104 -0.16 156 117 165
-0.136 -0.096 -0.16 165 105 173
-0.136 -0.08 -0.16 140 130 140
-0.136 -0.072 -0.16 123 117 132
-0.032 0.128 -0.128 181 182 181
-0.032 0.136 -0.128 189 170 181
-0.032 0.144 -0.128 173 158 165
-0.024 0.144 -0.128 148 142 140
-0.056 0.152 -0.128 156 154 156
-0.024 0.152 -0.128 140 142 140
-0.024 0.16 -0.128 173 162 165
-0.024 0.168 -0.128 173 174 173
-0.024 0.176 -0.128 173 182 165
-0.024 0.184 -0.128 189 186 181
-0.064 0.128 -0.12 156 154 156
-0.032 0.128 -0.12 173 174 165
-0.056 0.136 -0.12 156 154 156
-0.032 0.136 -0.12 132 142 132
-0.032 0.144 -0.12 140 142 140
-0.032 0.152 -0.12 148 142 148
-0.032 0.16 -0.12 132 138 123
-0.024 0.16 -0.12 173 178 165
-0.032 0.168 -0.12 148 150 148
-0.024 0.168 -0.12 173 170 173
-0.024 0.176 -0.12 173 158 165
-0.024 0.184 -0.12 181 162 173
-0.032 0.128 -0.112 173 174 173
-0.064 0.136 -0.112 156 154 156
-0.032 0.136 -0.112 173 174 165
-0.032 0.144 -0.112 173 166 165
-0.056 0.152 -0.112 156 154 156
-0.032 0.152 -0.112 173 170 165
-0.032 0.16 -0.112 181 182 181
-0.032 0.168 -0.112 173 170 173
-0.032 0.176 -0.112 173 170 165
-0.032 0.184 -0.112 181 182 181
-0.024 0.184 -0.112 181 178 181
-0.064 0.136 -0.104 156 154 156
-0.032 0.136 -0.104 181 178 173
-0.064 0.144 -0.104 156 154 156
-0.032 0.144 -0.104 156 154 148
-0.064 0.152 -0.104 156 154 156
-0.032 0.152 -0.104 165 158 165
-0.064 0.16 -0.104 189 186 173
-0.032 0.16 -0.104 148 158 148
-0.032 0.168 -0.104 156 158 156
-0.032 0.176 -0.104 148 154 148
-0.032 0.184 -0.104 140 146 140
-0.064 0.128 -0.096 214 210 206
-0.04 0.128 -0.096 165 130 156
-0.04 0.136 -0.096 181 186 173
-0.04 0.144 -0.096 197 198 197
-0.04 0.152 -0.096 189 198 189
-0.04 0.16 -0.096 197 202 189
-0.04 0.168 -0.096 197 198 197
-0.04 0.176 -0.096 197 198 189
-0.032 0.176 -0.096 156 154 148
-0.032 0.184 -0.096 132 142 132
-0.064 0.128 -0.088 156 142 148
-0.048 0.128 -0.088 156 142 148
-0.04 0.128 -0.088 189 194 181
-0.048 0.136 -0.088 156 154 148
-0.04 0.136 -0.088 197 206 197
-0.056 0.144 -0.088 132 130 123
-0.048 0.144 -0.088 148 150 140
-0.04 0.144 -0.088 214 210 206
-0.056 0.152 -0.088 181 170 173
-0.048 0.152 -0.088 156 150 148
-0.04 0.152 -0.088 206 210 206
-0.048 0.16 -0.088 140 142 140
-0.04 0.16 -0.088 214 210 214
-0.048 0.168 -0.088 140 146 132
-0.04 0.168 -0.088 206 202 206
-0.048 0.176 -0.088 140 142 132
-0.04 0.176 -0.088 206 186 197
-0.048 0.184 -0.088 132 134 115
-0.04 0.184 -0.088 181 178 181
-0.056 0.128 -0.08 214 198 206
-0.048 0.128 -0.08 132 130 115
-0.056 0.136 -0.08 206 182 197
-0.048 0.136 -0.08 123 130 115
-0.056 0.144 -0.08 197 182 181
-0.048 0.144 -0.08 123 125 115
-0.056 0.152 -0.08 165 150 165
-0.048 0.152 -0.08 123 125 123
-0.056 0.16 -0.08 132 130 132
-0.048 0.16 -0.08 123 125 115
-0.056 0.168 -0.08 123 125 123
-0.048 0.168 -0.08 123 125 115
-0.056 0.176 -0.08 148 125 140
-0.048 0.176 -0.08 123 121 115
-0.056 0.184 -0.08 132 130 132
-0.048 0.184 -0.08 107 113 99
-0.064 0.128 -0.072 90 93 90
-0.056 0.128 -0.072 132 121 132
-0.064 0.136 -0.072 74 85 74
-0.056 0.136 -0.072 123 125 123
-0.064 0.144 -0.072 90 109 90
-0.056 0.144 -0.072 148 121 140
-0.064 0.152 -0.072 123 134 115
-0.056 0.152 -0.072 165 138 165
-0.064 0.16 -0.072 107 117 107
-0.056 0.16 -0.072 156 158 148
-0.064 0.168 -0.072 206 198 206
-0.064 0.176 -0.072 206 210 206
-0.056 0.176 -0.072 189 198 189
-0.064 0.184 -0.072 206 210 206
-0.056 0.184 -0.072 189 190 189
-0.232 0.064 0.064 90 93 99
-0.224 0.064 0.064 107 101 115
-0.216 0.064 0.064 82 93 90
-0.208 0.064 0.064 90 89 99
-0.224 0.072 0.064 123 109 132
-0.216 0.072 0.064 123 113 132
-0.208 0.072 0.064 99 97 99
-0.2 0.072 0.064 90 121 82
-0.224 0.08 0.064 140 125 140
-0.208 0.08 0.064 165 162 189
-0.2 0.08 0.064 148 146 148
-0.224 0.088 0.064 156 154 156
-0.2 0.088 0.064 132 130 132
-0.224 0.096 0.064 156 154 156
-0.2 0.096 0.064 115 117 115
-0.2 0.104 0.064 107 109 115
-0.2 0.112 0.064 115 117 123
-0.216 0.12 0.064 132 130 132
-0.2 0.12 0.064 132 125 132
-0.232 0.064 0.072 99 101 99
-0.224 0.064 0.072 74 93 74
-0.216 0.064 0.072 41 73 99
-0.232 0.072 0.072 90 89 99
-0.224 0.072 0.072 66 69 82
-0.216 0.072 0.072 41 65 99
-0.232 0.08 0.072 90 85 90
-0.216 0.08 0.072 90 113 115
-0.216 0.088 0.072 82 105 132
-0.224 0.096 0.072 82 93 132
-0.216 0.096 0.072 82 121 156
-0.224 0.104 0.072 82 121 148
-0.216 0.104 0.072 74 117 148
-0.216 0.112 0.072 74 93 123
-0.216 0.12 0.072 74 89 123
-0.208 0.12 0.072 74 117 148
-0.24 0.064 0.08 90 121 140
-0.232 0.064 0.08 58 101 115
-0.224 0.064 0.08 8 65 115
-0.216 0.064 0.08 8 65 123
-0.24 0.072 0.08 49 73 82
-0.232 0.072 0.08 16 65 115
-0.224 0.072 0.08 16 65 115
-0.216 0.072 0.08 8 69 123
-0.232 0.08 0.08 8 85 115
-0.224 0.08 0.08 8 69 115
-0.224 0.088 0.08 41 113 173
-0.216 0.088 0.08 33 109 173
-0.216 0.096 0.08 41 113 173
-0.224 0.12 0.08 41 117 181
-0.248 0.064 0.088 8 61 107
-0.232 0.064 0.088 0 65 115
-0.224 0.064 0.088 25 97 156
-0.232 0.072 0.088 8 61 123
-0.224 0.072 0.088 25 105 165
-0.232 0.08 0.088 41 101 165
-0.224 0.08 0.088 25 101 165
-0.232 0.112 0.088 33 109 173
-0.24 0.12 0.088 33 109 165
-0.232 0.12 0.088 33 109 173
-0.248 0.064 0.096 16 97 156
-0.232 0.064 0.096 25 97 156
-0.232 0.072 0.096 33 97 156
-0.248 -0.064 -0.064 132 125 123
-0.24 -0.064 -0.064 74 89 74
-0.208 -0.064 -0.064 140 162 156
-0.256 -0.056 -0.064 8 89 107
-0.248 -0.056 -0.064 82 89 82
-0.24 -0.056 -0.064 82 85 74
-0.216 -0.056 -0.064 58 69 74
-0.208 -0.056 -0.064 115 134 140
-0.2 -0.056 -0.064 115 154 165
-0.216 -0.048 -0.064 0 40 49
-0.208 -0.048 -0.064 0 61 74
-0.216 -0.04 -0.064 58 101 115
-0.208 -0.04 -0.064 41 101 115
-0.232 -0.032 -0.064 49 65 82
-0.224 -0.032 -0.064 49 69 90
-0.216 -0.032 -0.064 82 97 107
-0.208 -0.032 -0.064 115 130 132
-0.248 -0.024 -0.064 90 85 90
-0.24 -0.024 -0.064 107 101 107
-0.232 -0.024 -0.064 99 81 99
-0.224 -0.024 -0.064 107 89 107
-0.216 -0.024 -0.064 58 93 58
-0.208 -0.024 -0.064 165 178 165
-0.2 -0.024 -0.064 173 186 181
-0.248 -0.016 -0.064 66 77 66
-0.24 -0.016 -0.064 90 93 90
-0.232 -0.016 -0.064 82 85 82
-0.224 -0.016 -0.064 99 109 99
-0.216 -0.016 -0.064 49 105 49
-0.208 -0.016 -0.064 156 166 156
-0.2 -0.016 -0.064 206 206 206
-0.256 -0.008 -0.064 58 57 58
-0.248 -0.008 -0.064 82 77 82
-0.24 -0.008 -0.064 90 93 90
-0.232 -0.008 -0.064 82 77 82
-0.224 -0.008 -0.064 107 109 107
-0.216 -0.008 -0.064 49 93 49
-0.256 -0.064 -0.056 156 142 82
-0.216 -0.064 -0.056 74 97 82
-0.256 -0.056 -0.056 90 109 99
-0.224 -0.056 -0.056 74 81 74
-0.216 -0.056 -0.056 74 85 82
-0.208 -0.056 -0.056 132 134 123
-0.224 -0.048 -0.056 0 24 41
-0.216 -0.048 -0.056 0 32 49
-0.224 -0.04 -0.056 58 73 99
-0.216 -0.04 -0.056 58 93 115
-0.24 -0.032 -0.056 33 57 58
-0.232 -0.032 -0.056 49 69 58
-0.224 -0.032 -0.056 49 77 82
-0.216 -0.032 -0.056 66 93 90
-0.248 -0.024 -0.056 41 45 41
-0.24 -0.024 -0.056 41 45 41
-0.232 -0.024 -0.056 58 53 58
-0.224 -0.024 -0.056 90 101 90
-0.216 -0.024 -0.056 115 125 123
-0.248 -0.016 -0.056 33 40 33
-0.24 -0.016 -0.056 41 53 49
-0.232 -0.016 -0.056 41 53 49
-0.224 -0.016 -0.056 90 97 82
-0.216 -0.016 -0.056 99 109 99
-0.256 -0.008 -0.056 16 24 25
-0.248 -0.008 -0.056 49 53 58
-0.24 -0.008 -0.056 58 57 58
-0.232 -0.008 -0.056 58 45 58
-0.224 -0.008 -0.056 90 81 82
-0.256 -0.064 -0.048 148 154 148
-0.224 -0.064 -0.048 66 77 82
-0.216 -0.064 -0.048 74 93 58
-0.2 -0.064 -0.048 197 190 197
-0.256 -0.056 -0.048 99 93 99
-0.224 -0.056 -0.048 25 36 33
-0.224 -0.048 -0.048 8 16 25
-0.232 -0.04 -0.048 33 65 58
-0.224 -0.04 -0.048 33 49 49
-0.248 -0.032 -0.048 25 36 41
-0.24 -0.032 -0.048 25 32 41
-0.232 -0.032 -0.048 33 49 41
-0.248 -0.024 -0.048 8 24 16
-0.24 -0.024 -0.048 16 36 25
-0.232 -0.024 -0.048 16 36 25
-0.256 -0.016 -0.048 0 20 8
-0.248 -0.016 -0.048 16 32 25
-0.24 -0.016 -0.048 16 24 16
-0.232 -0.016 -0.048 16 32 16
-0.248 -0.008 -0.048 16 32 25
-0.24 -0.008 -0.048 8 32 25
-0.2 -0.048 -0.04 41 69 49
-0.2 -0.04 -0.04 58 85 107
-0.2 -0.016 -0.04 49 61 58
-0.216 -0.008 -0.04 25 36 25
-0.208 -0.008 -0.04 41 49 49
-0.2 -0.008 -0.04 49 53 49
-0.208 -0.048 -0.032 173 150 189
-0.208 -0.04 -0.032 222 194 214
-0.2 -0.04 -0.032 222 166 222
-0.2 -0.032 -0.032 99 134 99
-0.2 -0.024 -0.032 58 57 49
-0.232 -0.016 -0.032 173 178 181
-0.216 -0.016 -0.032 99 89 107
-0.208 -0.016 -0.032 25 49 25
-0.2 -0.016 -0.032 25 45 33
-0.24 -0.008 -0.032 132 162 148
-0.232 -0.008 -0.032 123 134 132
-0.224 -0.008 -0.032 165 134 165
-0.216 -0.008 -0.032 90 85 99
-0.208 -0.008 -0.032 25 28 25
-0.2 -0.008 -0.032 33 36 33
-0.208 -0.064 -0.024 255 251 255
-0.208 -0.056 -0.024 255 255 255
-0.216 -0.048 -0.024 255 251 255
-0.208 -0.048 -0.024 255 251 255
-0.2 -0.048 -0.024 255 251 255
-0.224 -0.04 -0.024 214 215 222
-0.216 -0.04 -0.024 247 243 239
-0.208 -0.04 -0.024 255 235 239
-0.2 -0.04 -0.024 239 235 239
-0.224 -0.032 -0.024 206 210 230
-0.216 -0.032 -0.024 239 227 247
-0.208 -0.032 -0.024 230 227 255
-0.2 -0.032 -0.024 189 202 197
-0.216 -0.024 -0.024 115 101 115
-0.208 -0.024 -0.024 90 113 90
-0.2 -0.024 -0.024 90 81 74
-0.248 -0.016 -0.024 74 77 74
-0.24 -0.016 -0.024 90 85 99
-0.232 -0.016 -0.024 115 109 107
-0.224 -0.016 -0.024 99 121 82
-0.216 -0.016 -0.024 140 146 148
-0.256 -0.008 -0.024 66 69 66
-0.248 -0.008 -0.024 90 81 90
-0.232 -0.008 -0.024 132 113 132
-0.216 -0.064 -0.016 255 251 247
-0.2 -0.064 -0.016 239 231 239
-0.216 -0.056 -0.016 255 247 247
-0.2 -0.056 -0.016 255 255 255
-0.224 -0.048 -0.016 255 255 255
-0.216 -0.048 -0.016 255 243 247
-0.208 -0.048 -0.016 255 251 247
-0.2 -0.048 -0.016 247 247 247
-0.224 -0.04 -0.016 230 227 230
-0.216 -0.04 -0.016 255 247 255
-0.208 -0.04 -0.016 255 247 247
-0.224 -0.032 -0.016 214 210 222
-0.216 -0.032 -0.016 247 231 239
-0.208 -0.032 -0.016 255 239 247
-0.216 -0.024 -0.016 16 77 16
-0.208 -0.024 -0.016 16 97 16
-0.256 -0.016 -0.016 16 32 16
-0.248 -0.016 -0.016 25 36 25
-0.24 -0.016 -0.016 33 40 25
-0.232 -0.016 -0.016 25 57 33
-0.224 -0.016 -0.016 25 57 33
-0.216 -0.016 -0.016 33 49 25
-0.256 -0.008 -0.016 16 24 25
-0.248 -0.008 -0.016 16 20 16
-0.2 -0.064 -0.008 255 247 247
-0.2 -0.056 -0.008 255 247 239
-0.224 -0.048 -0.008 255 247 239
-0.208 -0.048 -0.008 255 247 247
-0.2 -0.048 -0.008 255 247 239
-0.224 -0.04 -0.008 255 243 239
-0.216 -0.04 -0.008 255 239 230
-0.208 -0.04 -0.008 255 243 239
-0.232 -0.032 -0.008 222 227 222
-0.224 -0.032 -0.008 247 227 222
-0.216 -0.032 -0.008 247 227 222
-0.224 -0.024 -0.008 49 113 41
-0.216 -0.024 -0.008 16 93 16
-0.248 -0.016 -0.008 90 105 90
-0.24 -0.016 -0.008 115 93 107
-0.232 -0.016 -0.008 99 101 99
-0.224 -0.016 -0.008 99 97 99
-0.256 -0.008 -0.008 74 73 66
-0.248 -0.008 -0.008 49 65 41
-0.056 0.24 -0.256 66 61 49
-0.056 0.248 -0.256 107 81 58
-0.064 0.224 -0.248 165 162 156
-0.064 0.232 -0.248 165 162 156
-0.056 0.232 -0.248 140 130 123
-0.064 0.24 -0.248 165 162 156
-0.056 0.24 -0.248 90 97 82
-0.056 0.248 -0.248 90 81 49
-0.048 0.248 -0.248 58 40 8
-0.064 0.208 -0.24 123 134 132
-0.064 0.216 -0.24 173 182 165
-0.064 0.224 -0.24 165 166 156
-0.064 0.232 -0.24 181 186 173
-0.064 0.24 -0.24 173 162 165
-0.056 0.24 -0.24 99 93 66
-0.056 0.248 -0.24 99 101 74
-0.064 0.224 -0.232 165 162 165
-0.064 0.232 -0.232 173 166 165
-0.064 0.24 -0.232 156 150 156
-0.056 0.248 -0.232 123 130 107
-0.064 0.224 -0.224 148 154 148
-0.064 0.232 -0.224 132 138 132
-0.064 0.24 -0.224 148 146 148
-0.064 0.248 -0.224 115 130 115
-0.056 0.248 -0.224 156 154 148
-0.064 0.232 -0.216 181 182 173
-0.064 0.24 -0.216 181 178 173
-0.064 0.248 -0.216 181 182 173
-0.056 0.248 -0.216 140 146 132
-0.064 0.232 -0.208 181 194 173
-0.064 0.24 -0.208 197 190 181
-0.064 0.248 -0.208 181 190 173
-0.056 0.248 -0.208 173 174 165
-0.064 0.232 -0.2 181 174 165
-0.064 0.24 -0.2 189 178 173
-0.064 0.248 -0.2 173 166 165
-0.248 0.256 0.096 206 158 132
-0.2 0.256 0.096 222 215 222
-0.248 0.256 0.104 197 198 206
-0.2 0.256 0.104 230 223 222
-0.2 0.264 0.104 206 215 206
-0.256 0.256 0.112 206 198 206
-0.208 0.256 0.112 197 194 189
-0.2 0.256 0.112 197 194 189
-0.2 0.264 0.112 189 190 189
-0.2 0.272 0.112 189 190 189
-0.208 0.264 0.12 181 182 181
-0.2 0.28 0.12 173 174 173
-0.136 -0.032 -0.192 0 0 0
-0.136 -0.024 -0.192 0 4 0
-0.136 -0.016 -0.192 8 0 0
-0.136 -0.008 -0.192 8 4 8
-0.136 -0.064 -0.184 0 0 0
-0.136 -0.056 -0.184 0 0 0
-0.136 -0.048 -0.184 0 0 0
-0.144 -0.032 -0.184 82 85 82
-0.136 -0.032 -0.184 0 4 0
-0.144 -0.024 -0.184 16 20 16
-0.136 -0.024 -0.184 0 0 0
-0.144 -0.016 -0.184 0 0 0
-0.136 -0.016 -0.184 8 4 0
-0.144 -0.008 -0.184 49 53 49
-0.136 -0.008 -0.184 0 0 0
-0.136 -0.064 -0.176 25 20 25
-0.136 -0.056 -0.176 0 0 0
-0.136 -0.048 -0.176 8 4 8
-0.136 -0.04 -0.176 33 32 33
-0.144 -0.032 -0.176 140 109 140
-0.136 -0.032 -0.176 0 12 0
-0.144 -0.024 -0.176 107 97 107
-0.136 -0.024 -0.176 74 53 74
-0.136 -0.016 -0.176 33 40 33
-0.136 -0.008 -0.176 58 40 58
-0.136 -0.064 -0.168 58 53 66
-0.136 -0.056 -0.168 74 65 82
-0.136 -0.048 -0.168 99 81 107
-0.136 -0.04 -0.168 90 85 90
-0.136 -0.032 -0.168 107 85 107
-0.136 -0.024 -0.168 115 105 107
-0.136 -0.016 -0.168 107 105 107
-0.136 -0.008 -0.168 123 101 123
-0.136 -0.064 -0.16 90 109 90
-0.144 -0.064 -0.096 66 61 66
-0.136 -0.064 -0.096 58 57 58
-0.152 -0.056 -0.096 58 57 58
-0.144 -0.056 -0.096 49 57 58
-0.136 -0.056 -0.096 58 57 58
-0.136 -0.048 -0.096 58 61 58
-0.136 -0.04 -0.096 66 65 66
-0.136 -0.032 -0.096 58 61 58
-0.136 -0.024 -0.096 58 61 58
-0.136 -0.016 -0.096 66 69 66
-0.168 -0.064 -0.088 41 45 41
-0.16 -0.064 -0.088 58 57 58
-0.152 -0.064 -0.088 74 73 74
-0.168 -0.056 -0.088 49 49 49
-0.16 -0.056 -0.088 58 57 58
-0.152 -0.056 -0.088 66 69 66
-0.152 -0.048 -0.088 58 57 58
-0.144 -0.048 -0.088 58 61 58
-0.152 -0.04 -0.088 66 61 66
-0.144 -0.04 -0.088 58 65 66
-0.136 -0.04 -0.088 58 57 58
-0.152 -0.032 -0.088 58 65 66
-0.144 -0.032 -0.088 66 65 66
-0.136 -0.032 -0.088 74 69 74
-0.152 -0.024 -0.088 58 61 58
-0.144 -0.024 -0.088 58 61 58
-0.136 -0.024 -0.088 66 65 66
-0.152 -0.016 -0.088 58 61 58
-0.144 -0.016 -0.088 58 61 58
-0.136 -0.016 -0.088 66 65 66
-0.184 -0.064 -0.08 25 28 25
-0.176 -0.064 -0.08 41 40 41
-0.168 -0.064 -0.08 49 53 49
-0.184 -0.056 -0.08 25 24 25
-0.176 -0.056 -0.08 41 45 41
-0.168 -0.056 -0.08 58 57 58
-0.168 -0.048 -0.08 49 53 49
-0.16 -0.048 -0.08 66 65 66
-0.152 -0.048 -0.08 58 61 58
-0.144 -0.048 -0.08 58 57 58
-0.136 -0.048 -0.08 58 61 58
-0.16 -0.04 -0.08 58 61 58
-0.152 -0.04 -0.08 58 61 58
-0.144 -0.04 -0.08 58 61 58
-0.136 -0.04 -0.08 58 61 58
-0.16 -0.032 -0.08 58 61 58
-0.152 -0.032 -0.08 58 57 58
-0.144 -0.032 -0.08 58 61 58
-0.136 -0.032 -0.08 66 69 66
-0.16 -0.024 -0.08 58 57 58
-0.152 -0.024 -0.08 58 57 58
-0.144 -0.024 -0.08 58 61 58
-0.136 -0.024 -0.08 58 61 58
-0.152 -0.016 -0.08 58 57 58
-0.144 -0.016 -0.08 58 57 58
-0.136 -0.016 -0.08 58 57 58
-0.136 -0.008 -0.08 58 61 58
-0.184 -0.064 -0.072 33 40 33
-0.176 -0.064 -0.072 41 45 41
-0.16 -0.064 -0.072 49 49 49
-0.152 -0.064 -0.072 49 53 49
-0.144 -0.064 -0.072 58 57 58
-0.184 -0.056 -0.072 33 40 41
-0.152 -0.056 -0.072 58 61 58
-0.144 -0.056 -0.072 58 57 58
-0.176 -0.048 -0.072 49 45 49
-0.168 -0.048 -0.072 49 53 49
-0.16 -0.048 -0.072 58 61 58
-0.152 -0.048 -0.072 66 61 66
-0.144 -0.048 -0.072 58 61 58
-0.16 -0.04 -0.072 49 53 49
-0.152 -0.04 -0.072 58 57 58
-0.144 -0.04 -0.072 58 61 66
-0.168 -0.032 -0.072 49 53 49
-0.16 -0.032 -0.072 58 57 58
-0.152 -0.032 -0.072 58 65 66
-0.144 -0.032 -0.072 58 57 58
-0.136 -0.032 -0.072 58 61 58
-0.168 -0.024 -0.072 58 53 58
-0.16 -0.024 -0.072 49 53 49
-0.152 -0.024 -0.072 58 61 58
-0.144 -0.024 -0.072 58 57 58
-0.136 -0.024 -0.072 58 61 58
-0.16 -0.016 -0.072 49 53 49
-0.152 -0.016 -0.072 49 57 49
-0.144 -0.016 -0.072 66 61 66
-0.136 -0.016 -0.072 58 61 58
-0.144 -0.008 -0.072 49 53 49
-0.136 -0.008 -0.072 49 53 49
-0.088 -0.352 -0.064 41 57 58
-0.088 -0.344 -0.064 41 61 58
-0.096 -0.336 -0.064 132 142 132
-0.088 -0.336 -0.064 33 32 33
-0.104 -0.328 -0.064 173 174 173
-0.096 -0.328 -0.064 181 178 181
-0.088 -0.352 -0.056 41 73 58
-0.096 -0.344 -0.056 115 97 115
-0.088 -0.344 -0.056 49 65 66
-0.096 -0.336 -0.056 140 117 148
-0.088 -0.336 -0.056 33 36 41
-0.104 -0.328 -0.056 173 174 173
-0.096 -0.328 -0.056 181 178 181
-0.088 -0.36 -0.048 33 53 41
-0.088 -0.352 -0.048 49 65 66
-0.096 -0.344 -0.048 107 85 107
-0.088 -0.344 -0.048 41 57 49
-0.104 -0.336 -0.048 173 174 173
-0.096 -0.336 -0.048 156 121 156
-0.104 -0.328 -0.048 173 174 173
-0.096 -0.328 -0.048 181 178 181
-0.088 -0.352 -0.04 49 65 58
-0.096 -0.344 -0.04 90 85 90
-0.088 -0.344 -0.04 41 49 49
-0.104 -0.336 -0.04 173 174 173
-0.096 -0.336 -0.04 165 125 165
-0.104 -0.328 -0.04 173 174 173
-0.096 -0.328 -0.04 181 178 181
-0.088 -0.352 -0.032 99 105 107
-0.096 -0.344 -0.032 107 93 99
-0.088 -0.344 -0.032 90 89 90
-0.104 -0.336 -0.032 181 174 181
-0.096 -0.336 -0.032 181 130 181
-0.104 -0.328 -0.032 173 174 173
-0.096 -0.328 -0.032 181 178 181
-0.096 -0.352 -0.024 49 65 58
-0.088 -0.352 -0.024 74 77 82
-0.096 -0.344 -0.024 82 85 82
-0.088 -0.344 -0.024 74 81 82
-0.104 -0.336 -0.024 173 174 173
-0.096 -0.336 -0.024 148 130 148
-0.104 -0.328 -0.024 173 174 173
-0.096 -0.352 -0.016 66 32 25
-0.096 -0.344 -0.016 74 57 74
-0.088 -0.344 -0.016 82 40 33
-0.104 -0.336 -0.016 173 166 173
-0.096 -0.336 -0.016 132 117 132
-0.112 -0.328 -0.016 181 178 181
-0.104 -0.328 -0.016 181 178 181
-0.096 -0.352 -0.008 107 130 107
-0.096 -0.344 -0.008 107 101 107
-0.088 -0.344 -0.008 41 36 41
-0.104 -0.336 -0.008 148 142 148
-0.096 -0.336 -0.008 123 117 132
-0.112 -0.328 -0.008 181 182 181
-0.104 -0.328 -0.008 173 178 181
-0.096 -0.328 -0.008 115 125 123
-0.328 -0.008 0.104 74 109 99
-0.328 -0.024 0.112 189 186 189
-0.328 -0.016 0.112 148 158 165
-0.328 -0.008 0.112 33 85 49
-0.328 -0.04 0.12 197 198 197
-0.328 -0.032 0.12 197 194 197
-0.328 -0.024 0.12 173 178 181
-0.328 -0.016 0.12 99 113 115
-0.336 -0.008 0.12 49 89 49
-0.328 -0.008 0.12 41 85 49
-0.328 0.072 -0.032 25 138 206
-0.336 0.08 -0.032 41 158 239
-0.328 0.08 -0.032 41 162 239
-0.336 0.088 -0.032 41 158 239
-0.328 0.088 -0.032 49 158 239
-0.328 0.096 -0.032 49 158 239
-0.328 0.104 -0.032 49 158 239
-0.328 0.112 -0.032 49 158 239
-0.328 0.064 -0.024 49 162 239
-0.328 0.072 -0.024 25 113 189
-0.344 0.08 -0.024 49 158 239
-0.336 0.08 -0.024 49 162 239
-0.344 0.088 -0.024 41 158 239
-0.336 0.088 -0.024 41 158 239
-0.344 0.096 -0.024 49 158 239
-0.336 0.096 -0.024 41 158 239
-0.328 0.096 -0.024 49 158 239
-0.336 0.104 -0.024 49 158 239
-0.328 0.104 -0.024 41 162 239
-0.336 0.112 -0.024 49 158 239
-0.328 0.112 -0.024 49 162 239
-0.328 0.12 -0.024 49 158 239
-0.36 0.064 -0.016 66 162 239
-0.336 0.064 -0.016 58 158 239
-0.328 0.064 -0.016 25 117 197
-0.36 0.072 -0.016 49 162 239
-0.336 0.072 -0.016 49 162 239
-0.344 0.08 -0.016 41 158 239
-0.352 0.088 -0.016 41 158 239
-0.344 0.088 -0.016 41 158 239
-0.344 0.096 -0.016 41 158 239
-0.336 0.096 -0.016 41 158 239
-0.344 0.104 -0.016 41 158 239
-0.336 0.104 -0.016 41 158 239
-0.344 0.112 -0.016 41 162 239
-0.336 0.112 -0.016 41 158 239
-0.328 0.112 -0.016 49 158 239
-0.336 0.12 -0.016 49 158 239
-0.328 0.12 -0.016 49 158 239
-0.328 0.072 -0.008 33 125 197
-0.344 0.08 -0.008 66 166 239
-0.344 0.088 -0.008 41 158 239
-0.336 0.088 -0.008 41 158 239
-0.344 0.096 -0.008 49 158 239
-0.336 0.096 -0.008 49 158 239
-0.344 0.104 -0.008 49 162 239
-0.336 0.104 -0.008 49 158 239
-0.336 0.112 -0.008 49 158 239
-0.336 0.12 -0.008 49 158 239
-0.168 -0.064 -0.064 58 57 58
-0.16 -0.064 -0.064 49 53 49
-0.168 -0.056 -0.064 58 57 58
-0.16 -0.056 -0.064 49 53 49
-0.168 -0.048 -0.064 58 57 58
-0.16 -0.048 -0.064 58 57 58
-0.16 -0.04 -0.064 49 53 49
-0.152 -0.04 -0.064 58 53 58
-0.16 -0.032 -0.064 49 53 49
-0.152 -0.032 -0.064 49 53 49
-0.16 -0.024 -0.064 41 49 41
-0.152 -0.024 -0.064 58 53 58
-0.192 -0.016 -0.064 189 162 189
-0.152 -0.016 -0.064 25 36 25
-0.144 -0.016 -0.064 41 45 41
-0.152 -0.008 -0.064 16 24 16
-0.144 -0.008 -0.064 25 28 25
-0.192 -0.064 -0.056 165 162 173
-0.184 -0.064 -0.056 148 146 148
-0.176 -0.064 -0.056 132 125 132
-0.168 -0.064 -0.056 58 65 58
-0.184 -0.056 -0.056 140 146 148
-0.176 -0.056 -0.056 156 134 156
-0.168 -0.056 -0.056 123 105 123
-0.184 -0.048 -0.056 107 138 123
-0.176 -0.048 -0.056 107 134 123
-0.168 -0.048 -0.056 107 125 115
-0.184 -0.04 -0.056 58 101 132
-0.176 -0.04 -0.056 33 81 107
-0.168 -0.04 -0.056 33 69 90
-0.16 -0.04 -0.056 41 61 74
-0.176 -0.032 -0.056 115 130 132
-0.168 -0.032 -0.056 107 109 107
-0.16 -0.032 -0.056 66 65 66
-0.176 -0.024 -0.056 165 158 165
-0.168 -0.024 -0.056 123 130 123
-0.16 -0.024 -0.056 33 40 41
-0.152 -0.024 -0.056 41 45 41
-0.176 -0.016 -0.056 165 158 165
-0.16 -0.016 -0.056 33 28 33
-0.152 -0.016 -0.056 16 16 16
-0.184 -0.008 -0.056 230 206 222
-0.176 -0.008 -0.056 90 125 90
-0.168 -0.008 -0.056 41 85 49
-0.16 -0.008 -0.056 41 49 49
-0.152 -0.008 -0.056 33 40 41
-0.184 -0.064 -0.048 140 125 140
-0.176 -0.064 -0.048 123 125 132
-0.184 -0.056 -0.048 115 121 115
-0.176 -0.056 -0.048 123 134 123
-0.192 -0.048 -0.048 165 142 156
-0.184 -0.048 -0.048 123 134 132
-0.176 -0.048 -0.048 123 142 132
-0.192 -0.04 -0.048 58 89 140
-0.184 -0.04 -0.048 8 81 107
-0.176 -0.04 -0.048 0 81 90
-0.184 -0.032 -0.048 49 125 123
-0.176 -0.032 -0.048 49 134 140
-0.184 -0.024 -0.048 140 142 140
-0.176 -0.024 -0.048 165 154 156
-0.168 -0.024 -0.048 165 158 165
-0.192 -0.016 -0.048 140 138 132
-0.184 -0.016 -0.048 148 146 148
-0.176 -0.016 -0.048 148 158 148
-0.168 -0.016 -0.048 156 166 156
-0.192 -0.008 -0.048 148 154 140
-0.184 -0.008 -0.048 132 125 123
-0.176 -0.008 -0.048 123 130 115
-0.168 -0.008 -0.048 99 121 99
-0.192 -0.064 -0.04 165 178 173
-0.184 -0.064 -0.04 189 194 189
-0.192 -0.056 -0.04 156 154 123
-0.184 -0.056 -0.04 165 178 165
-0.192 -0.048 -0.04 33 81 66
-0.184 -0.048 -0.04 82 101 90
-0.184 -0.04 -0.04 49 73 99
-0.184 -0.032 -0.04 49 105 107
-0.192 -0.024 -0.04 82 85 74
-0.184 -0.024 -0.04 99 93 99
-0.192 -0.016 -0.04 66 69 66
-0.184 -0.016 -0.04 90 93 90
-0.192 -0.008 -0.04 66 65 58
-0.184 -0.008 -0.04 82 89 82
-0.192 -0.064 -0.032 115 125 123
-0.184 -0.064 -0.032 90 101 90
-0.192 -0.056 -0.032 90 101 82
-0.184 -0.056 -0.032 115 117 115
-0.192 -0.048 -0.032 107 85 66
-0.184 -0.048 -0.032 99 101 66
-0.192 -0.04 -0.032 181 150 181
-0.184 -0.04 -0.032 156 134 173
-0.192 -0.032 -0.032 99 101 115
-0.192 -0.064 -0.024 247 251 255
-0.184 -0.064 -0.024 222 223 222
-0.192 -0.056 -0.024 214 215 214
-0.184 -0.056 -0.024 206 210 206
-0.192 -0.048 -0.024 206 202 214
-0.184 -0.048 -0.024 189 182 189
-0.192 -0.064 -0.016 255 247 255
-0.184 -0.064 -0.016 255 255 255
-0.192 -0.056 -0.016 255 251 255
-0.192 -0.048 -0.016 255 251 255
-0.16 -0.048 -0.016 255 251 255
-0.192 -0.064 -0.008 255 255 247
-0.192 -0.056 -0.008 255 255 255
-0.16 -0.056 -0.008 255 255 255
-0.192 -0.048 -0.008 255 247 247
-0.176 -0.048 -0.008 255 251 247
-0.16 -0.048 -0.008 255 255 255
-0.056 0.192 -0.128 156 154 156
-0.024 0.192 -0.128 115 138 107
-0.024 0.208 -0.128 165 146 156
-0.016 0.216 -0.128 189 186 181
-0.064 0.248 -0.128 206 210 197
-0.024 0.192 -0.12 90 125 90
-0.056 0.2 -0.12 156 154 156
-0.024 0.2 -0.12 123 109 107
-0.024 0.208 -0.12 148 130 148
-0.024 0.216 -0.12 173 158 165
-0.016 0.216 -0.12 189 186 181
-0.024 0.232 -0.12 148 166 148
-0.024 0.192 -0.112 90 117 90
-0.024 0.2 -0.112 90 117 90
-0.024 0.208 -0.112 107 101 99
-0.024 0.216 -0.112 107 89 107
-0.024 0.224 -0.112 132 113 132
-0.024 0.232 -0.112 148 142 140
-0.032 0.192 -0.104 132 138 132
-0.064 0.2 -0.104 156 154 156
-0.024 0.2 -0.104 49 113 49
-0.064 0.208 -0.104 156 154 156
-0.024 0.208 -0.104 66 85 66
-0.024 0.216 -0.104 132 105 123
-0.024 0.224 -0.104 173 158 165
-0.024 0.232 -0.104 173 178 173
-0.024 0.24 -0.104 189 190 189
-0.024 0.248 -0.104 197 198 189
-0.032 0.192 -0.096 148 158 148
-0.032 0.2 -0.096 156 174 156
-0.032 0.208 -0.096 132 154 123
-0.064 0.232 -0.096 156 154 156
-0.024 0.232 -0.096 181 178 173
-0.024 0.24 -0.096 189 190 181
-0.04 0.192 -0.088 165 170 156
-0.032 0.192 -0.088 214 206 206
-0.04 0.2 -0.088 197 182 181
-0.032 0.2 -0.088 206 202 197
-0.032 0.208 -0.088 173 182 173
-0.032 0.216 -0.088 123 158 115
-0.032 0.224 -0.088 90 105 82
-0.032 0.232 -0.088 156 142 156
-0.032 0.24 -0.088 181 162 181
-0.064 0.248 -0.088 156 154 156
-0.032 0.248 -0.088 156 162 156
-0.048 0.192 -0.08 107 117 90
-0.04 0.192 -0.08 115 113 99
-0.048 0.2 -0.08 58 97 58
-0.04 0.2 -0.08 90 97 82
-0.048 0.208 -0.08 74 113 66
-0.04 0.208 -0.08 90 89 82
-0.048 0.216 -0.08 99 125 99
-0.04 0.216 -0.08 107 105 107
-0.04 0.224 -0.08 99 105 99
-0.032 0.232 -0.08 115 109 107
-0.032 0.24 -0.08 156 158 156
-0.032 0.248 -0.08 173 170 173
-0.064 0.192 -0.072 214 215 214
-0.056 0.192 -0.072 206 202 206
-0.056 0.2 -0.072 197 198 189
-0.048 0.2 -0.072 115 134 115
-0.056 0.208 -0.072 197 198 197
-0.048 0.208 -0.072 123 138 123
-0.048 0.216 -0.072 148 142 156
-0.048 0.224 -0.072 132 142 132
-0.04 0.224 -0.072 115 142 107
-0.048 0.232 -0.072 156 154 156
-0.04 0.232 -0.072 123 125 123
-0.04 0.24 -0.072 132 146 123
-0.032 0.24 -0.072 148 142 148
-0.032 0.248 -0.072 123 134 123
-0.056 -0.32 -0.192 148 117 74
-0.048 -0.32 -0.192 25 40 0
-0.056 -0.312 -0.192 181 170 90
-0.048 -0.312 -0.192 49 61 25
-0.04 -0.312 -0.192 41 69 41
-0.064 -0.304 -0.192 181 170 41
-0.056 -0.304 -0.192 214 194 107
-0.048 -0.304 -0.192 99 97 66
-0.04 -0.304 -0.192 49 73 58
-0.064 -0.296 -0.192 181 166 41
-0.056 -0.296 -0.192 197 182 66
-0.048 -0.296 -0.192 189 158 90
-0.04 -0.296 -0.192 58 73 58
-0.032 -0.296 -0.192 74 81 90
-0.064 -0.288 -0.192 181 162 33
-0.056 -0.288 -0.192 173 162 49
-0.048 -0.288 -0.192 197 182 99
-0.04 -0.288 -0.192 132 125 132
-0.032 -0.288 -0.192 173 170 189
-0.024 -0.288 -0.192 189 198 206
-0.064 -0.28 -0.192 165 158 58
-0.04 -0.28 -0.192 197 194 132
-0.032 -0.272 -0.192 214 206 214
-0.04 -0.264 -0.192 189 178 140
-0.032 -0.264 -0.192 189 186 181
-0.056 -0.32 -0.184 165 146 58
-0.048 -0.32 -0.184 25 40 0
-0.064 -0.312 -0.184 197 182 49
-0.056 -0.312 -0.184 189 158 74
-0.064 -0.304 -0.184 181 166 25
-0.056 -0.304 -0.184 214 190 90
-0.064 -0.296 -0.184 181 166 41
-0.056 -0.272 -0.184 181 190 156
-0.048 -0.272 -0.184 197 198 165
-0.04 -0.272 -0.184 214 210 181
-0.032 -0.272 -0.184 189 198 197
-0.064 -0.264 -0.184 181 178 156
-0.04 -0.264 -0.184 181 174 90
-0.032 -0.264 -0.184 173 182 156
-0.064 -0.32 -0.176 156 150 99
-0.056 -0.32 -0.176 181 138 41
-0.064 -0.312 -0.176 181 170 41
-0.056 -0.312 -0.176 181 166 58
-0.064 -0.304 -0.176 181 174 25
-0.048 -0.264 -0.176 214 206 189
-0.04 -0.264 -0.176 206 194 123
-0.064 -0.32 -0.168 173 170 173
-0.056 -0.32 -0.168 165 142 58
-0.064 -0.312 -0.168 140 138 115
-0.064 -0.32 -0.16 90 93 66
-0.184 -0.128 0.064 222 206 197
-0.176 -0.128 0.064 214 198 189
-0.184 -0.12 0.064 206 198 189
-0.176 -0.12 0.064 206 194 189
-0.184 -0.112 0.064 230 215 197
-0.192 -0.104 0.064 214 198 189
-0.184 -0.104 0.064 222 206 197
-0.192 -0.096 0.064 197 190 197
-0.184 -0.096 0.064 197 186 189
-0.192 -0.088 0.064 206 194 189
-0.184 -0.088 0.064 165 162 156
-0.176 -0.088 0.064 189 190 189
-0.192 -0.08 0.064 222 202 197
-0.184 -0.08 0.064 148 146 140
-0.176 -0.08 0.064 189 166 189
-0.192 -0.072 0.064 148 142 140
-0.184 -0.072 0.064 132 130 132
-0.176 -0.072 0.064 156 138 156
-0.184 -0.128 0.072 206 198 189
-0.184 -0.12 0.072 189 182 189
-0.192 -0.112 0.072 206 194 197
-0.184 -0.112 0.072 206 198 197
-0.192 -0.104 0.072 165 170 165
-0.184 -0.104 0.072 189 178 189
-0.168 -0.104 0.072 82 97 99
-0.192 -0.096 0.072 132 134 140
-0.176 -0.096 0.072 115 113 123
-0.192 -0.088 0.072 107 93 107
-0.184 -0.088 0.072 66 73 74
-0.176 -0.088 0.072 99 105 107
-0.192 -0.08 0.072 49 61 66
-0.184 -0.08 0.072 115 109 140
-0.192 -0.072 0.072 82 89 90
-0.184 -0.072 0.072 156 162 173
-0.192 -0.104 0.08 140 138 156
-0.184 -0.104 0.08 123 130 140
-0.192 -0.096 0.08 115 117 123
-0.192 -0.088 0.08 115 121 123
-0.192 -0.08 0.08 132 134 140
-0.192 -0.072 0.08 107 117 115
-0.232 0.072 -0.072 115 125 123
-0.256 0.08 -0.072 148 150 132
-0.248 0.08 -0.072 132 158 156
-0.24 0.08 -0.072 148 190 189
-0.232 0.08 -0.072 107 146 173
-0.256 0.088 -0.072 148 142 123
-0.248 0.088 -0.072 107 125 115
-0.24 0.088 -0.072 107 113 123
-0.256 0.096 -0.072 58 57 58
-0.248 0.096 -0.072 41 57 58
-0.24 0.096 -0.072 66 57 74
-0.248 0.104 -0.072 156 93 90
-0.24 0.104 -0.072 148 109 115
-0.248 0.112 -0.072 123 109 123
-0.264 0.008 -0.096 222 223 206
-0.28 0.008 -0.088 189 170 173
-0.264 0.008 -0.088 239 235 222
-0.28 0.016 -0.088 181 186 173
-0.272 0.016 -0.088 239 227 222
-0.264 0.016 -0.088 222 227 206
-0.272 0.024 -0.088 173 174 156
-0.264 0.024 -0.088 165 158 148
-0.28 0.008 -0.08 197 194 189
-0.272 0.008 -0.08 173 162 165
-0.264 0.008 -0.08 173 166 165
-0.288 0.016 -0.08 214 210 197
-0.28 0.016 -0.08 173 178 156
-0.288 0.024 -0.08 165 166 148
-0.28 0.024 -0.08 165 154 148
-0.28 0.032 -0.08 165 158 148
-0.272 0.032 -0.08 156 150 140
-0.28 0.04 -0.08 206 206 197
-0.272 0.04 -0.08 197 194 181
-0.264 0.04 -0.08 189 182 173
-0.28 0.048 -0.08 165 174 156
-0.272 0.048 -0.08 156 178 156
-0.28 0.056 -0.08 148 162 140
-0.272 0.056 -0.08 165 158 156
-0.264 0.008 -0.072 115 109 115
-0.28 0.016 -0.072 132 121 123
-0.272 0.016 -0.072 90 125 82
-0.264 0.016 -0.072 82 85 82
-0.272 0.024 -0.072 58 89 58
-0.264 0.024 -0.072 58 65 58
-0.28 0.032 -0.072 123 121 115
-0.272 0.032 -0.072 99 121 90
-0.264 0.032 -0.072 156 125 140
-0.28 0.04 -0.072 123 121 107
-0.272 0.04 -0.072 140 134 132
-0.288 0.048 -0.072 140 130 132
-0.28 0.048 -0.072 156 138 148
-0.288 0.056 -0.072 148 150 132
-0.28 0.056 -0.072 165 154 156
-0.256 0.064 0 123 170 222
-0.248 0.064 0 99 166 214
-0.24 0.064 0 82 154 214
-0.256 0.072 0 66 138 214
-0.248 0.072 0 41 138 222
-0.24 0.072 0 58 142 214
-0.256 0.08 0 49 134 214
-0.248 0.08 0 41 138 222
-0.24 0.08 0 41 138 222
-0.256 0.088 0 41 138 214
-0.248 0.088 0 25 117 197
-0.24 0.088 0 41 113 189
-0.232 0.088 0 41 113 197
-0.256 0.096 0 49 117 189
-0.24 0.096 0 25 109 181
-0.232 0.096 0 41 142 222
-0.24 0.104 0 41 138 222
-0.232 0.104 0 41 138 222
-0.24 0.112 0 41 142 222
-0.232 0.112 0 49 142 222
-0.24 0.12 0 49 146 222
-0.232 0.12 0 58 150 222
-0.256 0.064 0.008 140 174 206
-0.248 0.064 0.008 123 174 214
-0.256 0.072 0.008 49 142 214
-0.248 0.072 0.008 33 138 214
-0.24 0.072 0.008 49 142 222
-0.256 0.08 0.008 49 138 214
-0.248 0.08 0.008 49 142 214
-0.24 0.08 0.008 49 142 214
-0.256 0.088 0.008 49 134 214
-0.248 0.088 0.008 33 117 197
-0.24 0.088 0.008 58 146 222
-0.248 0.096 0.008 49 121 197
-0.24 0.096 0.008 49 130 197
-0.248 0.104 0.008 41 142 214
-0.24 0.104 0.008 41 142 222
-0.2 0.104 0.008 16 89 173
-0.248 0.112 0.008 41 142 214
-0.24 0.112 0.008 49 146 222
-0.248 0.12 0.008 49 146 222
-0.24 0.12 0.008 49 142 222
-0.232 0.12 0.008 58 150 230
-0.256 0.064 0.016 41 138 214
-0.248 0.064 0.016 49 142 222
-0.256 0.072 0.016 41 138 214
-0.248 0.072 0.016 49 142 214
-0.256 0.08 0.016 41 138 214
-0.248 0.08 0.016 49 138 222
-0.2 0.08 0.016 41 150 222
-0.248 0.088 0.016 33 117 197
-0.2 0.088 0.016 49 146 222
-0.248 0.096 0.016 33 117 197
-0.24 0.096 0.016 49 146 230
-0.2 0.096 0.016 41 146 222
-0.248 0.104 0.016 41 150 222
-0.24 0.104 0.016 41 146 222
-0.2 0.104 0.016 66 162 230
-0.248 0.112 0.016 49 146 222
-0.24 0.112 0.016 49 150 230
-0.2 0.112 0.016 90 97 90
-0.248 0.12 0.016 49 146 222
-0.24 0.12 0.016 41 146 222
-0.256 0.064 0.024 66 150 222
-0.248 0.064 0.024 49 142 222
-0.2 0.064 0.024 33 117 197
-0.256 0.072 0.024 49 142 222
-0.248 0.072 0.024 41 138 214
-0.2 0.072 0.024 33 117 197
-0.256 0.08 0.024 49 142 222
-0.248 0.08 0.024 49 142 222
-0.2 0.08 0.024 33 142 214
-0.256 0.088 0.024 25 117 197
-0.248 0.088 0.024 41 121 197
-0.2 0.088 0.024 49 150 222
-0.256 0.096 0.024 33 117 197
-0.248 0.096 0.024 33 117 197
-0.2 0.096 0.024 58 150 230
-0.256 0.104 0.024 58 146 214
-0.248 0.104 0.024 41 150 222
-0.2 0.104 0.024 66 162 239
-0.256 0.112 0.024 49 146 222
-0.248 0.112 0.024 41 146 222
-0.248 0.12 0.024 49 150 222
-0.24 0.12 0.024 49 150 222
-0.2 0.12 0.024 107 105 107
-0.256 0.064 0.032 49 146 222
-0.2 0.064 0.032 148 158 173
-0.256 0.072 0.032 90 154 222
-0.2 0.072 0.032 123 166 140
-0.256 0.08 0.032 99 162 214
-0.208 0.08 0.032 107 158 173
-0.2 0.08 0.032 58 150 222
-0.256 0.088 0.032 107 150 165
-0.2 0.088 0.032 49 154 230
-0.256 0.096 0.032 33 125 197
-0.2 0.096 0.032 58 150 222
-0.256 0.104 0.032 49 150 222
-0.248 0.104 0.032 49 150 222
-0.208 0.104 0.032 25 97 181
-0.2 0.104 0.032 66 158 230
-0.256 0.112 0.032 58 146 222
-0.248 0.112 0.032 49 150 230
-0.208 0.112 0.032 115 134 165
-0.256 0.12 0.032 58 150 222
-0.248 0.12 0.032 58 146 222
-0.2 0.12 0.032 99 89 99
-0.256 0.064 0.04 173 190 197
-0.208 0.064 0.04 189 186 214
-0.2 0.064 0.04 173 174 181
-0.256 0.072 0.04 156 174 206
-0.208 0.072 0.04 156 158 132
-0.2 0.072 0.04 165 166 140
-0.256 0.08 0.04 189 198 214
-0.208 0.08 0.04 132 186 173
-0.256 0.088 0.04 181 158 173
-0.208 0.088 0.04 66 154 230
-0.2 0.088 0.04 58 154 230
-0.256 0.096 0.04 165 178 115
-0.208 0.096 0.04 58 154 222
-0.256 0.104 0.04 49 150 222
-0.248 0.104 0.04 49 150 230
-0.208 0.104 0.04 66 158 230
-0.256 0.112 0.04 58 150 230
-0.208 0.112 0.04 99 113 140
-0.256 0.12 0.04 58 150 230
-0.248 0.12 0.04 49 150 222
-0.208 0.12 0.04 107 113 115
-0.2 0.12 0.04 99 101 99
-0.216 0.064 0.048 181 186 181
-0.208 0.064 0.048 90 142 197
-0.2 0.064 0.048 58 130 206
-0.216 0.072 0.048 115 146 148
-0.208 0.072 0.048 99 154 165
-0.2 0.072 0.048 82 142 173
-0.216 0.08 0.048 99 154 156
-0.2 0.08 0.048 107 170 206
-0.2 0.088 0.048 74 150 222
-0.2 0.096 0.048 58 150 222
-0.256 0.104 0.048 58 154 222
-0.208 0.104 0.048 66 154 222
-0.2 0.104 0.048 66 150 222
-0.256 0.112 0.048 58 154 230
-0.208 0.112 0.048 99 121 132
-0.256 0.12 0.048 58 154 222
-0.224 0.064 0.056 82 150 214
-0.216 0.064 0.056 58 105 148
-0.208 0.064 0.056 58 97 140
-0.2 0.064 0.056 132 125 148
-0.216 0.072 0.056 99 121 165
-0.208 0.072 0.056 107 121 148
-0.2 0.072 0.056 99 125 148
-0.2 0.08 0.056 140 150 156
-0.224 0.088 0.056 41 105 181
-0.2 0.088 0.056 132 150 165
-0.224 0.096 0.056 33 105 181
-0.216 0.096 0.056 58 105 165
-0.2 0.096 0.056 107 130 156
-0.224 0.104 0.056 33 101 181
-0.216 0.104 0.056 90 125 148
-0.2 0.104 0.056 123 125 156
-0.224 0.112 0.056 156 154 156
-0.216 0.112 0.056 115 142 181
-0.264 0.032 0 33 142 214
-0.264 0.048 0 33 138 214
-0.264 0.056 0 41 138 214
-0.264 0 0.008 25 28 25
-0.264 0.008 0.008 16 24 16
-0.264 0.016 0.008 41 36 49
-0.264 0.024 0.008 49 81 123
-0.264 0.032 0.008 58 146 214
-0.264 0.04 0.008 33 138 214
-0.264 0.048 0.008 74 150 206
-0.264 0.056 0.008 123 174 214
-0.264 0 0.016 25 28 33
-0.264 0.008 0.016 41 40 41
-0.264 0.016 0.016 58 49 58
-0.264 0.024 0.016 49 61 49
-0.264 0.032 0.016 107 138 214
-0.272 0.04 0.016 66 154 222
-0.264 0.04 0.016 74 150 206
-0.264 0.048 0.016 58 142 206
-0.272 0.056 0.016 49 138 214
-0.264 0.056 0.016 41 142 222
-0.272 0 0.024 49 49 49
-0.264 0 0.024 58 53 58
-0.272 0.008 0.024 41 45 41
-0.264 0.008 0.024 33 40 33
-0.272 0.016 0.024 33 32 33
-0.264 0.016 0.024 33 36 33
-0.272 0.024 0.024 90 89 74
-0.264 0.024 0.024 90 93 90
-0.272 0.032 0.024 189 186 140
-0.264 0.032 0.024 181 198 140
-0.272 0.04 0.024 90 166 197
-0.264 0.04 0.024 66 150 214
-0.272 0.048 0.024 49 142 222
-0.264 0.048 0.024 82 150 230
-0.272 0.056 0.024 66 154 230
-0.264 0.056 0.024 41 142 222
-0.272 0 0.032 49 49 58
-0.264 0 0.032 49 45 49
-0.272 0.008 0.032 25 36 33
-0.264 0.008 0.032 49 40 49
-0.272 0.016 0.032 33 40 41
-0.264 0.016 0.032 25 40 41
-0.272 0.024 0.032 66 61 74
-0.264 0.024 0.032 66 61 66
-0.272 0.032 0.032 165 130 165
-0.264 0.032 0.032 156 142 148
-0.272 0.04 0.032 123 182 181
-0.264 0.04 0.032 140 182 165
-0.272 0.048 0.032 107 162 222
-0.264 0.048 0.032 90 150 222
-0.272 0.056 0.032 58 146 214
-0.28 0 0.04 33 45 41
-0.272 0 0.04 33 61 66
-0.28 0.008 0.04 49 49 58
-0.272 0.008 0.04 66 57 66
-0.28 0.016 0.04 49 53 58
-0.272 0.016 0.04 58 53 66
-0.28 0.024 0.04 58 57 66
-0.272 0.024 0.04 41 49 49
-0.28 0.032 0.04 41 49 49
-0.272 0.032 0.04 66 65 66
-0.28 0.04 0.04 165 142 140
-0.272 0.04 0.04 173 154 140
-0.28 0.048 0.04 58 146 222
-0.272 0.048 0.04 107 166 206
-0.28 0.056 0.04 82 158 222
-0.272 0.056 0.04 115 170 206
-0.28 0 0.048 33 121 181
-0.272 0 0.048 49 134 206
-0.28 0.008 0.048 41 81 99
-0.272 0.008 0.048 41 81 123
-0.28 0.016 0.048 82 89 90
-0.272 0.016 0.048 90 105 107
-0.28 0.024 0.048 74 101 82
-0.272 0.024 0.048 66 105 90
-0.28 0.032 0.048 74 77 82
-0.272 0.032 0.048 66 73 74
-0.28 0.04 0.048 90 97 82
-0.272 0.04 0.048 107 109 90
-0.28 0.048 0.048 181 170 181
-0.272 0.048 0.048 173 182 181
-0.28 0.056 0.048 197 198 181
-0.272 0.056 0.048 181 186 173
-0.28 0 0.056 49 130 206
-0.272 0 0.056 49 134 214
-0.28 0.008 0.056 49 138 214
-0.272 0.008 0.056 49 138 214
-0.28 0.016 0.056 58 93 123
-0.28 0.024 0.056 74 101 90
-0.288 0.032 0.056 66 77 66
-0.28 0.032 0.056 82 73 90
-0.288 0.04 0.056 66 65 66
-0.28 0.04 0.056 66 69 74
-0.288 0.048 0.056 173 142 148
-0.28 0.048 0.056 206 158 189
-0.288 0.056 0.056 206 202 214
-0.28 0.056 0.056 197 198 189
-0.152 -0.256 -0.064 90 93 99
-0.152 -0.248 -0.064 82 85 82
-0.176 -0.24 -0.064 189 190 156
-0.144 -0.24 -0.064 66 73 66
-0.184 -0.232 -0.064 123 130 99
-0.176 -0.232 -0.064 140 158 107
-0.168 -0.232 -0.064 156 182 132
-0.192 -0.224 -0.064 156 138 148
-0.184 -0.224 -0.064 107 109 82
-0.176 -0.224 -0.064 115 130 90
-0.168 -0.224 -0.064 132 146 99
-0.184 -0.216 -0.064 148 125 140
-0.176 -0.216 -0.064 132 121 99
-0.152 -0.216 -0.064 107 117 82
-0.16 -0.208 -0.064 82 89 74
-0.144 -0.208 -0.064 156 154 156
-0.176 -0.2 -0.064 90 85 82
-0.168 -0.2 -0.064 82 85 82
-0.16 -0.2 -0.064 90 89 90
-0.152 -0.2 -0.064 90 81 99
-0.152 -0.256 -0.056 99 101 107
-0.184 -0.24 -0.056 189 202 165
-0.176 -0.24 -0.056 189 198 165
-0.144 -0.24 -0.056 82 85 82
-0.192 -0.232 -0.056 82 134 82
-0.184 -0.232 -0.056 156 162 140
-0.176 -0.232 -0.056 181 198 156
-0.192 -0.224 -0.056 140 117 115
-0.184 -0.224 -0.056 99 109 82
-0.176 -0.216 -0.056 99 101 74
-0.168 -0.208 -0.056 82 81 66
-0.152 -0.208 -0.056 156 154 156
-0.184 -0.2 -0.056 66 69 74
-0.176 -0.2 -0.056 74 73 74
-0.168 -0.2 -0.056 74 73 74
-0.16 -0.2 -0.056 66 73 74
-0.152 -0.256 -0.048 90 105 99
-0.152 -0.248 -0.048 90 101 99
-0.192 -0.24 -0.048 173 198 148
-0.184 -0.24 -0.048 173 186 140
-0.192 -0.232 -0.048 156 166 132
-0.184 -0.232 -0.048 173 190 148
-0.192 -0.224 -0.048 189 154 165
-0.168 -0.208 -0.048 156 162 165
-0.184 -0.2 -0.048 49 49 49
-0.176 -0.2 -0.048 58 61 58
-0.168 -0.2 -0.048 99 85 99
-0.152 -0.256 -0.04 115 113 115
-0.152 -0.248 -0.04 115 117 115
-0.192 -0.24 -0.04 189 186 148
-0.184 -0.24 -0.04 165 178 132
-0.192 -0.232 -0.04 181 186 140
-0.16 -0.216 -0.04 156 154 156
-0.184 -0.2 -0.04 132 130 148
-0.176 -0.2 -0.04 132 130 148
-0.168 -0.2 -0.04 90 125 123
-0.152 -0.256 -0.032 115 117 123
-0.152 -0.248 -0.032 107 113 107
-0.184 -0.2 -0.032 255 243 255
-0.176 -0.2 -0.032 247 227 255
-0.168 -0.2 -0.032 239 223 247
-0.16 -0.256 -0.024 115 121 123
-0.152 -0.256 -0.024 115 117 115
-0.152 -0.248 -0.024 107 117 115
-0.144 -0.24 -0.024 107 117 115
-0.184 -0.2 -0.024 247 239 247
-0.176 -0.2 -0.024 255 235 247
-0.168 -0.2 -0.024 222 202 214
-0.16 -0.256 -0.016 132 130 132
-0.152 -0.256 -0.016 123 130 132
-0.16 -0.248 -0.016 132 130 132
-0.152 -0.248 -0.016 115 125 123
-0.152 -0.24 -0.016 107 117 107
-0.136 -0.232 -0.016 82 89 66
-0.184 -0.2 -0.016 247 235 239
-0.176 -0.2 -0.016 247 235 239
-0.16 -0.256 -0.008 132 134 140
-0.16 -0.248 -0.008 123 134 132
-0.168 -0.24 -0.008 123 125 123
-0.16 -0.24 -0.008 90 105 99
-0.168 -0.232 -0.008 123 125 132
-0.16 -0.232 -0.008 99 109 99
-0.168 -0.224 -0.008 90 113 90
-0.16 -0.224 -0.008 90 101 90
-0.168 -0.216 -0.008 140 130 123
-0.16 -0.216 -0.008 99 105 99
-0.144 -0.216 -0.008 82 77 66
-0.136 -0.216 -0.008 82 77 66
-0.184 -0.208 -0.008 247 235 239
-0.176 -0.208 -0.008 230 223 222
-0.168 -0.208 -0.008 189 190 181
-0.16 -0.208 -0.008 156 125 148
-0.152 -0.208 -0.008 90 93 82
-0.144 -0.208 -0.008 82 89 66
-0.136 -0.208 -0.008 99 81 58
-0.192 -0.2 -0.008 247 231 230
-0.184 -0.2 -0.008 247 231 230
-0.176 -0.2 -0.008 247 231 230
-0.152 -0.2 -0.008 230 178 222
-0.144 -0.2 -0.008 123 109 82
-0.136 -0.2 -0.008 90 81 58
-0.272 0.008 -0.064 58 49 58
-0.264 0.008 -0.064 58 61 58
-0.304 0.016 -0.064 140 130 132
-0.272 0.016 -0.064 49 45 49
-0.264 0.016 -0.064 49 57 49
-0.264 0.024 -0.064 82 85 74
-0.264 0.032 -0.064 66 61 66
-0.264 0.04 -0.064 82 73 74
-0.272 0.048 -0.064 74 89 74
-0.264 0.048 -0.064 82 73 66
-0.296 0.056 -0.064 90 117 90
-0.288 0.056 -0.064 74 109 82
-0.28 0.056 -0.064 82 105 74
-0.272 0.056 -0.064 107 113 99
-0.264 0 -0.056 16 20 16
-0.304 0.008 -0.056 115 105 99
-0.312 0.016 -0.056 99 97 90
-0.304 0.016 -0.056 107 101 99
-0.296 0.016 -0.056 107 97 99
-0.272 0.024 -0.056 66 65 58
-0.264 0.024 -0.056 82 81 74
-0.296 0.032 -0.056 123 130 123
-0.272 0.032 -0.056 74 73 66
-0.264 0.032 -0.056 82 81 82
-0.296 0.04 -0.056 90 97 74
-0.272 0.04 -0.056 66 73 66
-0.264 0.04 -0.056 82 85 82
-0.304 0.048 -0.056 123 69 107
-0.296 0.048 -0.056 132 73 107
-0.272 0.048 -0.056 74 77 66
-0.264 0.048 -0.056 90 85 74
-0.296 0.056 -0.056 156 121 140
-0.272 0.056 -0.056 140 125 123
-0.32 0 -0.048 148 158 148
-0.312 0 -0.048 140 162 140
-0.296 0 -0.048 140 125 140
-0.32 0.008 -0.048 173 186 181
-0.32 0.016 -0.048 173 182 173
-0.296 0.016 -0.048 82 85 82
-0.32 0.024 -0.048 173 190 173
-0.312 0.024 -0.048 165 174 165
-0.304 0.024 -0.048 165 166 156
-0.296 0.024 -0.048 156 121 148
-0.32 0.032 -0.048 181 182 173
-0.312 0.032 -0.048 156 178 165
-0.304 0.032 -0.048 156 158 156
-0.296 0.032 -0.048 140 146 140
-0.272 0.032 -0.048 49 49 41
-0.312 0.04 -0.048 165 166 165
-0.304 0.04 -0.048 156 162 156
-0.28 0.04 -0.048 156 154 156
-0.272 0.04 -0.048 33 49 33
-0.264 0.04 -0.048 49 45 41
-0.312 0.048 -0.048 165 166 165
-0.304 0.048 -0.048 165 154 156
-0.28 0.048 -0.048 156 154 156
-0.272 0.048 -0.048 33 36 33
-0.264 0.048 -0.048 41 45 33
-0.312 0.056 -0.048 165 166 165
-0.304 0.056 -0.048 156 162 156
-0.28 0.056 -0.048 99 77 90
-0.272 0.056 -0.048 0 4 0
-0.264 0.056 -0.048 49 49 33
-0.304 0 -0.04 255 255 255
-0.304 0.024 -0.04 239 251 247
-0.32 0.032 -0.04 140 125 132
-0.312 0.032 -0.04 148 154 148
-0.304 0.032 -0.04 214 223 206
-0.296 0.032 -0.04 255 255 255
-0.32 0.04 -0.04 132 130 132
-0.312 0.04 -0.04 156 150 156
-0.304 0.04 -0.04 197 210 197
-0.296 0.04 -0.04 239 247 255
-0.32 0.048 -0.04 132 130 156
-0.312 0.048 -0.04 156 154 156
-0.304 0.048 -0.04 165 186 165
-0.288 0.048 -0.04 156 154 156
-0.28 0.048 -0.04 123 101 132
-0.32 0.056 -0.04 132 113 140
-0.296 0.056 -0.04 222 215 197
-0.288 0.056 -0.04 222 219 239
-0.28 0.056 -0.04 140 154 148
-0.312 0 -0.032 239 239 239
-0.304 0 -0.032 156 154 156
-0.312 0.008 -0.032 156 154 156
-0.32 0.016 -0.032 115 73 82
-0.312 0.016 -0.032 156 154 156
-0.32 0.024 -0.032 82 73 82
-0.312 0.024 -0.032 156 154 156
-0.32 0.032 -0.032 41 40 41
-0.312 0.032 -0.032 156 154 156
-0.32 0.04 -0.032 74 57 66
-0.312 0.04 -0.032 33 113 173
-0.304 0.04 -0.032 25 85 123
-0.312 0.048 -0.032 33 109 181
-0.304 0.048 -0.032 33 81 123
-0.312 0.056 -0.032 25 109 181
-0.304 0.056 -0.032 33 81 123
-0.312 0 -0.024 255 255 255
-0.32 0.008 -0.024 156 154 156
-0.32 0.016 -0.024 156 154 156
-0.32 0.024 -0.024 156 154 156
-0.264 0.024 -0.024 33 105 156
-0.32 0.032 -0.024 156 154 156
-0.312 0.032 -0.024 25 117 197
-0.264 0.032 -0.024 33 109 173
-0.32 0.04 -0.024 82 65 74
-0.312 0.04 -0.024 33 121 189
-0.264 0.04 -0.024 33 97 148
-0.32 0.048 -0.024 49 65 82
-0.312 0.048 -0.024 25 117 197
-0.32 0.056 -0.024 16 113 197
-0.32 0 -0.016 255 255 255
-0.264 0 -0.016 16 24 16
-0.264 0.008 -0.016 49 40 49
-0.264 0.016 -0.016 25 81 132
-0.264 0.024 -0.016 25 138 214
-0.32 0.032 -0.016 156 154 156
-0.272 0.032 -0.016 41 146 214
-0.264 0.032 -0.016 49 150 214
-0.32 0.04 -0.016 156 154 156
-0.272 0.04 -0.016 33 138 222
-0.32 0.048 -0.016 33 117 189
-0.32 0.056 -0.016 25 117 206
-0.264 0 -0.008 16 20 25
-0.264 0.008 -0.008 33 28 41
-0.264 0.016 -0.008 25 57 74
-0.264 0.024 -0.008 49 138 206
-0.264 0.032 -0.008 33 138 214
-0.064 0.232 -0.192 156 154 148
-0.064 0.24 -0.192 165 154 156
-0.064 0.248 -0.192 156 150 148
-0.064 0.232 -0.184 148 134 132
-0.016 0.232 -0.184 74 73 74
-0.064 0.24 -0.184 132 130 123
-0.016 0.24 -0.184 58 57 58
-0.064 0.248 -0.184 123 138 115
-0.016 0.248 -0.184 25 32 25
-0.008 0.248 -0.184 16 36 16
-0.008 0.192 -0.176 58 61 58
-0.008 0.2 -0.176 49 45 33
-0.008 0.208 -0.176 82 49 33
-0.016 0.216 -0.176 66 73 66
-0.008 0.216 -0.176 49 57 49
-0.016 0.224 -0.176 66 65 66
-0.008 0.224 -0.176 49 53 33
-0.064 0.232 -0.176 165 158 156
-0.024 0.232 -0.176 58 65 58
-0.016 0.232 -0.176 49 53 49
-0.008 0.232 -0.176 41 40 41
-0.064 0.24 -0.176 181 182 173
-0.024 0.24 -0.176 16 32 16
-0.016 0.24 -0.176 16 36 16
-0.064 0.248 -0.176 165 166 156
-0.024 0.248 -0.176 8 8 8
-0.016 0.248 -0.176 0 0 0
-0.008 0.192 -0.168 49 49 33
-0.008 0.2 -0.168 49 36 8
-0.016 0.208 -0.168 66 109 66
-0.008 0.208 -0.168 58 69 58
-0.024 0.224 -0.168 82 81 82
-0.024 0.232 -0.168 33 69 33
-0.064 0.24 -0.168 181 178 165
-0.024 0.24 -0.168 16 28 8
-0.064 0.248 -0.168 189 174 173
-0.024 0.248 -0.168 8 16 8
-0.016 0.192 -0.16 115 73 82
-0.008 0.192 -0.16 66 53 25
-0.016 0.2 -0.16 107 125 99
-0.024 0.224 -0.16 107 134 99
-0.064 0.24 -0.16 173 174 165
-0.064 0.248 -0.16 197 170 181
-0.032 0.248 -0.16 90 77 90
-0.016 0.192 -0.152 140 138 132
-0.016 0.2 -0.152 140 158 132
-0.024 0.224 -0.152 156 170 156
-0.064 0.24 -0.152 148 154 148
-0.064 0.248 -0.152 132 138 123
-0.032 0.248 -0.152 107 97 99
-0.016 0.192 -0.144 173 158 165
-0.016 0.2 -0.144 165 154 165
-0.016 0.208 -0.144 165 170 156
-0.024 0.224 -0.144 173 178 165
-0.064 0.24 -0.144 140 146 132
-0.064 0.248 -0.144 189 178 173
-0.016 0.192 -0.136 165 162 156
-0.016 0.2 -0.136 165 162 165
-0.016 0.208 -0.136 156 170 156
-0.024 0.232 -0.136 189 186 189
-0.064 0.248 -0.136 181 186 173
-0.032 0.248 -0.136 156 158 156
-0.032 0.128 -0.192 74 81 74
-0.024 0.128 -0.192 90 93 99
-0.024 0.136 -0.192 82 93 99
-0.064 0.168 -0.192 156 154 156
-0.064 0.128 -0.184 49 40 49
-0.056 0.128 -0.184 74 69 74
-0.048 0.128 -0.184 58 65 58
-0.04 0.128 -0.184 82 77 82
-0.032 0.128 -0.184 66 77 82
-0.024 0.128 -0.184 82 85 99
-0.048 0.136 -0.184 74 77 74
-0.04 0.136 -0.184 90 89 90
-0.032 0.136 -0.184 90 89 90
-0.024 0.136 -0.184 66 85 82
-0.016 0.152 -0.184 156 97 58
-0.016 0.16 -0.184 41 45 25
-0.008 0.16 -0.184 8 8 0
-0.008 0.168 -0.184 66 57 66
-0.064 0.128 -0.176 58 45 58
-0.056 0.128 -0.176 58 49 58
-0.048 0.128 -0.176 74 77 74
-0.04 0.128 -0.176 58 69 66
-0.064 0.136 -0.176 33 36 33
-0.056 0.136 -0.176 49 53 49
-0.048 0.136 -0.176 74 77 74
-0.04 0.136 -0.176 82 93 82
-0.032 0.136 -0.176 181 154 173
-0.064 0.144 -0.176 41 40 49
-0.056 0.144 -0.176 58 65 66
-0.048 0.144 -0.176 82 81 82
-0.064 0.16 -0.176 74 73 74
-0.008 0.16 -0.176 49 36 49
-0.016 0.176 -0.176 41 57 49
-0.008 0.176 -0.176 58 65 66
-0.008 0.184 -0.176 58 65 66
-0.064 0.136 -0.168 33 36 41
-0.056 0.136 -0.168 41 40 49
-0.048 0.136 -0.168 74 81 82
-0.04 0.136 -0.168 115 109 107
-0.064 0.144 -0.168 8 12 8
-0.056 0.144 -0.168 8 20 16
-0.064 0.152 -0.168 41 36 41
-0.056 0.152 -0.168 58 65 58
-0.016 0.168 -0.168 49 57 58
-0.008 0.168 -0.168 58 61 66
-0.008 0.176 -0.168 58 61 66
-0.008 0.184 -0.168 58 61 66
-0.032 0.128 -0.16 197 194 189
-0.016 0.136 -0.16 107 93 33
-0.008 0.136 -0.16 165 113 99
-0.016 0.144 -0.16 16 12 8
-0.008 0.144 -0.16 0 16 8
-0.056 0.152 -0.16 49 57 49
-0.016 0.152 -0.16 25 20 25
-0.008 0.152 -0.16 41 36 49
-0.016 0.16 -0.16 25 40 41
-0.032 0.128 -0.152 165 170 165
-0.024 0.128 -0.152 115 121 107
-0.016 0.128 -0.152 107 97 49
-0.008 0.128 -0.152 123 89 49
-0.024 0.136 -0.152 132 125 115
-0.024 0.144 -0.152 99 105 90
-0.016 0.144 -0.152 0 24 0
-0.016 0.152 -0.152 33 40 41
-0.008 0.152 -0.152 33 49 41
-0.016 0.16 -0.152 33 65 25
-0.008 0.16 -0.152 33 40 41
-0.016 0.168 -0.152 66 65 16
-0.008 0.168 -0.152 33 36 33
-0.008 0.176 -0.152 33 24 25
-0.008 0.184 -0.152 49 57 25
-0.032 0.128 -0.144 156 158 148
-0.024 0.128 -0.144 165 154 156
-0.048 0.136 -0.144 66 77 66
-0.024 0.136 -0.144 156 154 148
-0.024 0.144 -0.144 165 162 156
-0.024 0.152 -0.144 173 158 156
-0.024 0.16 -0.144 148 162 148
-0.016 0.16 -0.144 74 61 25
-0.016 0.168 -0.144 90 89 41
-0.016 0.176 -0.144 66 117 58
-0.008 0.176 -0.144 58 40 16
-0.016 0.184 -0.144 173 138 156
-0.048 0.128 -0.136 156 154 156
-0.032 0.128 -0.136 181 182 181
-0.024 0.128 -0.136 173 166 173
-0.024 0.136 -0.136 156 154 156
-0.024 0.144 -0.136 156 154 156
-0.024 0.152 -0.136 156 154 148
-0.024 0.16 -0.136 148 150 148
-0.024 0.168 -0.136 123 134 123
-0.024 0.176 -0.136 165 166 165
-0.024 0.184 -0.136 173 174 165
-0.016 0.184 -0.136 156 138 148
-0.128 -0.064 -0.192 0 0 0
-0.12 -0.064 -0.192 0 0 0
-0.128 -0.056 -0.192 0 0 0
-0.128 -0.048 -0.192 0 0 0
-0.128 -0.04 -0.192 0 0 0
-0.08 -0.04 -0.192 25 20 25
-0.128 -0.032 -0.192 8 4 8
-0.128 -0.024 -0.192 0 4 0
-0.128 -0.016 -0.192 8 8 8
-0.12 -0.016 -0.192 0 4 8
-0.128 -0.008 -0.192 8 4 0
-0.12 -0.008 -0.192 8 8 8
-0.128 -0.064 -0.184 0 0 0
-0.12 -0.064 -0.184 0 0 0
-0.128 -0.056 -0.184 0 0 0
-0.12 -0.056 -0.184 0 0 0
-0.128 -0.048 -0.184 0 0 0
-0.12 -0.048 -0.184 0 0 0
-0.128 -0.04 -0.184 0 0 0
-0.128 -0.032 -0.184 0 0 0
-0.128 -0.016 -0.184 0 4 0
-0.128 -0.008 -0.184 0 0 0
-0.128 -0.064 -0.176 0 0 0
-0.12 -0.064 -0.176 0 0 0
-0.128 -0.056 -0.176 0 0 0
-0.12 -0.056 -0.176 0 0 0
-0.128 -0.048 -0.176 0 0 0
-0.12 -0.048 -0.176 0 0 0
-0.128 -0.04 -0.176 0 0 0
-0.12 -0.04 -0.176 0 0 0
-0.128 -0.032 -0.176 0 0 0
-0.128 -0.016 -0.176 0 0 0
-0.128 -0.008 -0.176 8 4 8
-0.128 -0.064 -0.168 0 0 0
-0.12 -0.064 -0.168 0 0 0
-0.112 -0.064 -0.168 0 0 0
-0.104 -0.064 -0.168 0 0 0
-0.128 -0.056 -0.168 0 0 0
-0.12 -0.056 -0.168 0 0 0
-0.112 -0.056 -0.168 0 0 0
-0.128 -0.048 -0.168 0 0 0
-0.12 -0.048 -0.168 0 0 0
-0.112 -0.048 -0.168 0 0 0
-0.096 -0.048 -0.168 0 0 0
-0.128 -0.04 -0.168 16 24 16
-0.12 -0.04 -0.168 0 4 0
-0.128 -0.032 -0.168 0 8 8
-0.12 -0.032 -0.168 0 4 0
-0.128 -0.008 -0.168 8 16 8
-0.12 -0.008 -0.168 0 4 0
-0.128 -0.064 -0.16 148 125 156
-0.12 -0.064 -0.16 0 0 0
-0.112 -0.064 -0.16 0 0 0
-0.104 -0.064 -0.16 0 0 0
-0.096 -0.064 -0.16 0 0 0
-0.128 -0.056 -0.16 206 146 214
-0.12 -0.056 -0.16 0 0 0
-0.112 -0.056 -0.16 0 0 0
-0.104 -0.056 -0.16 0 0 0
-0.128 -0.048 -0.16 222 158 222
-0.12 -0.048 -0.16 0 0 0
-0.104 -0.048 -0.16 0 0 0
-0.128 -0.04 -0.16 222 166 214
-0.12 -0.04 -0.16 0 0 0
-0.112 -0.04 -0.16 0 0 0
-0.104 -0.04 -0.16 0 0 0
-0.128 -0.032 -0.16 222 162 214
-0.12 -0.032 -0.16 0 8 8
-0.128 -0.024 -0.16 165 138 165
-0.12 -0.024 -0.16 0 0 0
-0.112 -0.024 -0.16 0 0 0
-0.112 -0.016 -0.16 0 0 0
-0.128 -0.008 -0.16 123 121 123
-0.112 -0.008 -0.16 0 0 0
-0.12 -0.064 -0.152 132 101 132
-0.104 -0.064 -0.152 0 0 0
-0.096 -0.064 -0.152 0 0 0
-0.12 -0.056 -0.152 123 101 123
-0.104 -0.056 -0.152 0 0 0
-0.096 -0.056 -0.152 0 0 0
-0.128 -0.048 -0.152 156 158 156
-0.12 -0.048 -0.152 165 121 165
-0.104 -0.048 -0.152 0 0 0
-0.096 -0.048 -0.152 0 0 0
-0.12 -0.04 -0.152 156 121 156
-0.12 -0.032 -0.152 148 109 140
-0.104 -0.032 -0.152 0 0 0
-0.12 -0.024 -0.152 156 117 156
-0.104 -0.024 -0.152 0 0 0
-0.12 -0.008 -0.152 197 142 197
-0.112 -0.008 -0.152 0 0 0
-0.104 -0.064 -0.144 0 0 0
-0.104 -0.056 -0.144 0 0 0
-0.12 -0.048 -0.144 148 162 148
-0.104 -0.048 -0.144 0 0 0
-0.12 -0.04 -0.144 132 142 132
-0.096 -0.04 -0.144 0 0 8
-0.096 -0.032 -0.144 0 0 0
-0.104 -0.016 -0.144 0 0 0
-0.12 -0.008 -0.144 123 117 123
-0.104 -0.008 -0.144 0 0 0
-0.104 -0.064 -0.136 140 101 140
-0.072 -0.064 -0.136 66 69 82
-0.104 -0.056 -0.136 206 150 214
-0.104 -0.048 -0.136 173 121 181
-0.104 -0.04 -0.136 206 162 206
-0.096 -0.04 -0.136 0 0 0
-0.104 -0.032 -0.136 206 142 206
-0.096 -0.032 -0.136 0 0 0
-0.096 -0.024 -0.136 0 0 0
-0.096 -0.016 -0.136 0 0 0
-0.112 -0.008 -0.136 123 121 132
-0.096 -0.008 -0.136 0 0 0
-0.064 -0.184 -0.128 156 162 156
-0.064 -0.16 -0.128 165 162 165
-0.064 -0.152 -0.128 148 150 148
-0.056 -0.152 -0.128 123 134 123
-0.064 -0.144 -0.128 107 121 107
-0.056 -0.144 -0.128 148 146 148
-0.064 -0.16 -0.12 165 158 173
-0.064 -0.152 -0.12 165 162 165
-0.064 -0.144 -0.12 82 113 90
-0.064 -0.16 -0.112 156 174 165
-0.064 -0.152 -0.112 156 162 156
-0.064 -0.152 -0.104 165 162 165
-0.192 -0.128 -0.064 25 24 25
-0.184 -0.128 -0.064 25 28 25
-0.176 -0.128 -0.064 41 40 41
-0.168 -0.128 -0.064 41 40 41
-0.16 -0.128 -0.064 33 36 41
-0.192 -0.12 -0.064 33 28 33
-0.184 -0.12 -0.064 25 32 25
-0.176 -0.12 -0.064 41 36 41
-0.168 -0.12 -0.064 41 45 41
-0.184 -0.112 -0.064 33 32 33
-0.176 -0.112 -0.064 41 40 41
-0.168 -0.112 -0.064 41 45 41
-0.16 -0.112 -0.064 41 45 41
-0.184 -0.104 -0.064 33 36 33
-0.176 -0.104 -0.064 33 40 41
-0.168 -0.104 -0.064 49 45 49
-0.16 -0.104 -0.064 41 40 41
-0.168 -0.096 -0.064 41 40 41
-0.16 -0.096 -0.064 49 53 49
-0.168 -0.088 -0.064 41 45 41
-0.16 -0.088 -0.064 41 45 49
-0.168 -0.08 -0.064 49 53 49
-0.16 -0.08 -0.064 49 45 49
-0.168 -0.072 -0.064 49 49 49
-0.16 -0.072 -0.064 49 53 49
-0.184 -0.128 -0.056 25 32 25
-0.192 -0.12 -0.056 33 36 33
-0.184 -0.12 -0.056 41 45 33
-0.184 -0.112 -0.056 33 36 33
-0.176 -0.112 -0.056 41 40 41
-0.168 -0.112 -0.056 33 36 33
-0.184 -0.104 -0.056 49 49 49
-0.176 -0.104 -0.056 41 40 41
-0.168 -0.104 -0.056 41 40 41
-0.184 -0.096 -0.056 74 73 74
-0.176 -0.096 -0.056 33 36 33
-0.168 -0.096 -0.056 49 45 41
-0.184 -0.088 -0.056 49 53 58
-0.176 -0.088 -0.056 49 53 49
-0.168 -0.088 -0.056 41 45 41
-0.184 -0.08 -0.056 49 57 58
-0.176 -0.08 -0.056 58 49 58
-0.168 -0.08 -0.056 49 49 49
-0.184 -0.072 -0.056 132 117 132
-0.176 -0.072 -0.056 107 89 107
-0.168 -0.072 -0.056 58 57 58
-0.176 -0.128 -0.048 66 61 66
-0.168 -0.128 -0.048 16 40 16
-0.192 -0.12 -0.048 16 24 16
-0.184 -0.12 -0.048 25 32 25
-0.176 -0.12 -0.048 99 93 90
-0.192 -0.112 -0.048 33 36 33
-0.176 -0.112 -0.048 25 32 25
-0.168 -0.112 -0.048 58 77 49
-0.192 -0.104 -0.048 16 24 25
-0.184 -0.104 -0.048 33 40 33
-0.176 -0.104 -0.048 33 40 33
-0.184 -0.096 -0.048 123 101 123
-0.176 -0.096 -0.048 58 53 49
-0.184 -0.088 -0.048 99 101 99
-0.176 -0.088 -0.048 115 125 115
-0.184 -0.08 -0.048 90 97 90
-0.176 -0.08 -0.048 107 101 107
-0.184 -0.072 -0.048 99 109 99
-0.176 -0.072 -0.048 107 125 107
-0.184 -0.128 -0.04 74 69 74
-0.176 -0.128 -0.04 66 69 74
-0.168 -0.128 -0.04 74 85 74
-0.16 -0.128 -0.04 123 125 123
-0.184 -0.12 -0.04 25 40 25
-0.176 -0.12 -0.04 115 105 115
-0.168 -0.12 -0.04 66 61 66
-0.176 -0.112 -0.04 25 28 25
-0.168 -0.112 -0.04 16 49 25
-0.184 -0.104 -0.04 16 28 16
-0.176 -0.104 -0.04 33 36 41
-0.184 -0.096 -0.04 107 89 107
-0.176 -0.096 -0.04 25 28 25
-0.184 -0.088 -0.04 115 93 115
-0.176 -0.088 -0.04 99 113 90
-0.184 -0.08 -0.04 148 142 140
-0.184 -0.072 -0.04 165 150 165
-0.192 -0.128 -0.032 206 198 214
-0.184 -0.128 -0.032 181 174 189
-0.168 -0.128 -0.032 132 134 132
-0.16 -0.128 -0.032 123 101 123
-0.152 -0.128 -0.032 66 77 66
-0.184 -0.12 -0.032 156 158 156
-0.176 -0.12 -0.032 156 146 156
-0.168 -0.12 -0.032 148 134 148
-0.16 -0.12 -0.032 148 130 148
-0.152 -0.12 -0.032 82 93 82
-0.184 -0.112 -0.032 132 150 132
-0.176 -0.112 -0.032 123 130 132
-0.168 -0.112 -0.032 99 113 99
-0.184 -0.104 -0.032 123 138 123
-0.176 -0.104 -0.032 123 125 123
-0.184 -0.096 -0.032 123 138 132
-0.176 -0.096 -0.032 115 117 123
-0.184 -0.088 -0.032 107 121 115
-0.176 -0.088 -0.032 107 113 115
-0.184 -0.08 -0.032 123 113 115
-0.176 -0.08 -0.032 107 97 107
-0.184 -0.072 -0.032 107 117 99
-0.192 -0.128 -0.024 255 255 255
-0.168 -0.128 -0.024 255 255 255
-0.152 -0.128 -0.024 239 235 255
-0.144 -0.128 -0.024 230 231 239
-0.176 -0.12 -0.024 255 255 255
-0.168 -0.12 -0.024 255 255 255
-0.16 -0.12 -0.024 255 255 255
-0.152 -0.12 -0.024 255 255 255
-0.184 -0.112 -0.024 255 255 255
-0.176 -0.112 -0.024 255 255 255
-0.16 -0.112 -0.024 255 255 255
-0.152 -0.112 -0.024 214 190 214
-0.184 -0.104 -0.024 255 255 255
-0.176 -0.104 -0.024 255 255 255
-0.152 -0.104 -0.024 156 162 165
-0.184 -0.096 -0.024 255 255 255
-0.176 -0.096 -0.024 255 255 255
-0.192 -0.088 -0.024 255 255 255
-0.184 -0.088 -0.024 255 255 255
-0.192 -0.08 -0.024 255 255 255
-0.184 -0.08 -0.024 255 255 255
-0.192 -0.072 -0.024 255 255 255
-0.184 -0.072 -0.024 247 251 255
-0.192 -0.128 -0.016 255 255 255
-0.168 -0.128 -0.016 255 255 255
-0.152 -0.128 -0.016 255 255 255
-0.144 -0.128 -0.016 255 255 255
-0.176 -0.12 -0.016 255 255 255
-0.168 -0.12 -0.016 255 255 255
-0.16 -0.12 -0.016 255 255 255
-0.152 -0.12 -0.016 255 255 255
-0.184 -0.112 -0.016 255 255 255
-0.176 -0.112 -0.016 255 255 255
-0.168 -0.112 -0.016 255 251 255
-0.152 -0.112 -0.016 255 247 255
-0.144 -0.112 -0.016 255 255 255
-0.192 -0.104 -0.016 255 255 255
-0.184 -0.104 -0.016 255 255 255
-0.16 -0.104 -0.016 255 255 255
-0.152 -0.104 -0.016 247 251 247
-0.144 -0.104 -0.016 255 247 255
-0.192 -0.096 -0.016 255 255 255
-0.184 -0.096 -0.016 255 255 255
-0.16 -0.096 -0.016 255 255 255
-0.192 -0.088 -0.016 255 255 255
-0.184 -0.088 -0.016 255 255 255
-0.192 -0.08 -0.016 255 255 255
-0.184 -0.08 -0.016 255 255 255
-0.192 -0.072 -0.016 255 255 255
-0.184 -0.072 -0.016 255 255 255
-0.152 -0.072 -0.016 255 251 255
-0.168 -0.128 -0.008 255 255 255
-0.16 -0.128 -0.008 255 247 247
-0.152 -0.128 -0.008 255 247 247
-0.144 -0.128 -0.008 255 243 247
-0.168 -0.12 -0.008 255 255 255
-0.16 -0.12 -0.008 255 255 255
-0.152 -0.12 -0.008 255 247 247
-0.136 -0.12 -0.008 255 247 247
-0.184 -0.112 -0.008 255 255 255
-0.176 -0.112 -0.008 255 255 255
-0.168 -0.112 -0.008 255 255 255
-0.152 -0.112 -0.008 255 247 247
-0.144 -0.112 -0.008 255 247 247
-0.184 -0.104 -0.008 255 255 255
-0.16 -0.104 -0.008 255 255 255
-0.152 -0.104 -0.008 255 247 247
-0.144 -0.104 -0.008 255 251 255
-0.192 -0.096 -0.008 255 255 255
-0.184 -0.096 -0.008 255 255 255
-0.16 -0.096 -0.008 255 255 255
-0.152 -0.096 -0.008 255 247 247
-0.192 -0.088 -0.008 255 255 247
-0.184 -0.088 -0.008 255 255 255
-0.152 -0.088 -0.008 255 247 247
-0.192 -0.08 -0.008 255 255 247
-0.184 -0.08 -0.008 255 255 255
-0.168 -0.08 -0.008 255 255 255
-0.16 -0.08 -0.008 255 255 255
-0.144 -0.08 -0.008 255 251 255
-0.192 -0.072 -0.008 255 255 255
-0.184 -0.072 -0.008 255 255 255
-0.152 -0.072 -0.008 255 243 247
-0.16 0 -0.064 25 28 25
-0.152 0 -0.064 25 28 25
-0.144 0 -0.064 25 32 33
-0.16 0.008 -0.064 25 16 25
-0.152 0.008 -0.064 25 16 25
-0.16 0.016 -0.064 25 36 25
-0.152 0.016 -0.064 33 36 33
-0.144 0.016 -0.064 25 32 25
-0.16 0.024 -0.064 33 32 33
-0.152 0.024 -0.064 25 24 25
-0.168 0.032 -0.064 58 53 66
-0.16 0.032 -0.064 49 57 49
-0.152 0.032 -0.064 41 49 41
-0.16 0.04 -0.064 66 57 66
-0.152 0.04 -0.064 25 32 16
-0.16 0.048 -0.064 66 61 66
-0.152 0.048 -0.064 25 28 33
-0.16 0.056 -0.064 41 45 41
-0.152 0.056 -0.064 41 40 41
-0.16 0 -0.056 33 40 41
-0.152 0 -0.056 49 49 58
-0.16 0.008 -0.056 41 36 41
-0.152 0.008 -0.056 49 49 58
-0.16 0.016 -0.056 74 57 74
-0.152 0.016 -0.056 41 40 49
-0.152 0.024 -0.056 41 57 49
-0.168 0.032 -0.056 58 69 74
-0.16 0.032 -0.056 33 65 58
-0.168 0.04 -0.056 33 45 33
-0.16 0.04 -0.056 41 57 49
-0.168 0.048 -0.056 49 53 58
-0.16 0.048 -0.056 58 40 58
-0.136 0.048 -0.056 41 36 41
-0.168 0.056 -0.056 41 45 49
-0.16 0.056 -0.056 25 36 25
-0.136 0.056 -0.056 8 16 16
-0.192 0 -0.048 165 150 156
-0.184 0 -0.048 115 101 115
-0.176 0 -0.048 82 65 82
-0.168 0 -0.048 41 49 49
-0.16 0 -0.048 41 40 41
-0.168 0.008 -0.048 58 69 58
-0.16 0.008 -0.048 49 49 49
-0.168 0.016 -0.048 49 57 49
-0.16 0.016 -0.048 58 53 66
-0.168 0.024 -0.048 90 65 99
-0.16 0.024 -0.048 66 65 74
-0.16 0.032 -0.048 25 53 25
-0.152 0.032 -0.048 66 53 66
-0.144 0.032 -0.048 49 53 66
-0.152 0.04 -0.048 66 65 66
-0.144 0.04 -0.048 41 45 49
-0.152 0.048 -0.048 33 49 33
-0.144 0.048 -0.048 41 36 41
-0.152 0.056 -0.048 33 40 41
-0.144 0.056 -0.048 25 32 33
-0.192 0 -0.04 49 61 49
-0.184 0 -0.04 74 85 74
-0.192 0.008 -0.04 107 93 107
-0.192 0.016 -0.04 115 117 107
-0.192 0.024 -0.04 123 121 107
-0.192 0.032 -0.04 99 85 74
-0.184 0.032 -0.04 66 81 58
-0.192 0.04 -0.04 66 28 25
-0.184 0.04 -0.04 82 36 41
-0.176 0.04 -0.04 66 40 41
-0.176 0.048 -0.04 66 40 49
-0.168 0.048 -0.04 140 105 140
-0.176 0.056 -0.04 123 117 107
-0.168 0.056 -0.04 90 121 123
-0.192 0.04 -0.032 16 16 16
-0.192 0.048 -0.032 16 24 25
-0.184 0.048 -0.032 16 24 16
-0.192 0.056 -0.032 99 77 90
-0.184 0.056 -0.032 74 81 58
-0.176 0.056 -0.032 90 85 82
-0.16 0.056 -0.008 25 134 214
-0.088 0.056 -0.224 41 49 49
-0.08 0.056 -0.224 49 49 49
-0.08 0.024 -0.216 58 57 58
-0.088 0.032 -0.216 74 73 74
-0.08 0.032 -0.216 66 53 49
-0.088 0.04 -0.216 66 65 66
-0.08 0.04 -0.216 82 77 82
-0.088 0.048 -0.216 49 53 49
-0.08 0.048 -0.216 66 61 74
-0.104 0.056 -0.216 41 45 49
-0.096 0.056 -0.216 58 53 58
-0.088 0.056 -0.216 41 49 49
-0.08 0.056 -0.216 41 49 58
-0.112 0 -0.208 16 12 16
-0.104 0 -0.208 16 20 16
-0.128 0.024 -0.208 0 0 8
-0.112 0.024 -0.208 74 69 82
-0.104 0.024 -0.208 66 65 66
-0.096 0.024 -0.208 66 65 66
-0.128 0.032 -0.208 8 8 8
-0.12 0.032 -0.208 49 53 58
-0.112 0.032 -0.208 66 69 66
-0.104 0.032 -0.208 66 69 66
-0.096 0.032 -0.208 49 57 58
-0.128 0.04 -0.208 8 4 8
-0.12 0.04 -0.208 49 53 49
-0.112 0.04 -0.208 58 65 58
-0.104 0.04 -0.208 58 61 66
-0.096 0.04 -0.208 41 53 49
-0.088 0.04 -0.208 41 49 49
-0.128 0.048 -0.208 8 8 8
-0.12 0.048 -0.208 58 57 58
-0.112 0.048 -0.208 66 65 66
-0.104 0.048 -0.208 58 57 58
-0.096 0.048 -0.208 49 49 49
-0.088 0.048 -0.208 49 53 58
-0.128 0.056 -0.208 8 12 16
-0.12 0.056 -0.208 49 57 49
-0.112 0.056 -0.208 58 69 74
-0.104 0.056 -0.208 49 61 58
-0.088 0.056 -0.208 49 49 58
-0.128 0 -0.2 0 0 0
-0.12 0 -0.2 8 4 8
-0.112 0 -0.2 8 8 8
-0.104 0 -0.2 8 16 8
-0.096 0 -0.2 16 20 16
-0.088 0 -0.2 25 20 25
-0.072 0 -0.2 82 81 82
-0.12 0.008 -0.2 0 0 0
-0.112 0.008 -0.2 16 16 16
-0.104 0.008 -0.2 16 24 16
-0.072 0.008 -0.2 90 77 99
-0.128 0.024 -0.2 0 0 0
-0.112 0.024 -0.2 49 53 49
-0.128 0.032 -0.2 8 4 0
-0.12 0.032 -0.2 41 45 49
-0.112 0.032 -0.2 66 65 66
-0.104 0.032 -0.2 66 65 74
-0.128 0.04 -0.2 8 4 16
-0.12 0.04 -0.2 41 45 41
-0.112 0.04 -0.2 58 57 58
-0.104 0.04 -0.2 58 61 58
-0.096 0.04 -0.2 49 57 58
-0.128 0.048 -0.2 8 8 8
-0.12 0.048 -0.2 25 32 25
-0.112 0.048 -0.2 66 65 66
-0.128 0.056 -0.2 16 16 16
-0.192 -0.064 0.064 132 121 123
-0.184 -0.064 0.064 107 117 115
-0.176 -0.064 0.064 58 93 58
-0.192 -0.056 0.064 90 105 90
-0.184 -0.056 0.064 82 97 82
-0.192 -0.048 0.064 99 97 99
-0.184 -0.048 0.064 58 69 74
-0.192 -0.04 0.064 74 85 82
-0.184 -0.04 0.064 58 81 90
-0.192 -0.032 0.064 8 45 74
-0.192 -0.024 0.064 25 28 33
-0.192 -0.016 0.064 33 40 41
-0.192 -0.064 0.072 115 130 148
-0.184 -0.064 0.072 140 134 165
-0.192 -0.056 0.072 90 121 99
-0.184 -0.056 0.072 181 182 189
-0.192 -0.048 0.072 82 117 99
-0.192 -0.064 0.08 123 109 140
-0.192 -0.056 0.08 173 178 181
-0.192 -0.048 0.08 165 170 181
-0.192 -0.032 0.08 148 150 156
-0.16 0.064 -0.064 41 61 49
-0.152 0.064 -0.064 16 12 25
-0.152 0.072 -0.064 49 36 49
-0.16 0.08 -0.064 82 101 82
-0.152 0.08 -0.064 49 36 49
-0.144 0.08 -0.064 49 53 58
-0.136 0.08 -0.064 58 61 58
-0.16 0.088 -0.064 90 81 90
-0.152 0.088 -0.064 107 97 115
-0.144 0.088 -0.064 41 57 49
-0.136 0.088 -0.064 33 45 33
-0.152 0.096 -0.064 82 101 90
-0.144 0.096 -0.064 58 69 58
-0.184 0.104 -0.064 115 97 115
-0.176 0.104 -0.064 74 81 74
-0.168 0.104 -0.064 99 85 107
-0.16 0.104 -0.064 107 89 107
-0.152 0.104 -0.064 82 85 74
-0.192 0.112 -0.064 90 117 115
-0.184 0.112 -0.064 99 101 107
-0.176 0.112 -0.064 90 93 90
-0.168 0.112 -0.064 90 85 90
-0.16 0.112 -0.064 82 97 90
-0.192 0.12 -0.064 99 125 123
-0.184 0.12 -0.064 115 105 115
-0.176 0.12 -0.064 115 97 115
-0.168 0.12 -0.064 148 113 156
-0.168 0.064 -0.056 58 49 58
-0.16 0.064 -0.056 41 40 41
-0.136 0.064 -0.056 49 57 58
-0.16 0.072 -0.056 49 45 49
-0.152 0.072 -0.056 41 36 49
-0.144 0.072 -0.056 41 45 49
-0.136 0.072 -0.056 41 57 41
-0.168 0.08 -0.056 33 36 41
-0.16 0.08 -0.056 66 53 66
-0.152 0.08 -0.056 49 53 58
-0.144 0.08 -0.056 49 69 58
-0.136 0.08 -0.056 49 57 49
-0.168 0.088 -0.056 25 24 25
-0.16 0.088 -0.056 74 73 82
-0.136 0.088 -0.056 58 65 58
-0.136 0.096 -0.056 49 57 49
-0.152 0.064 -0.048 41 45 41
-0.144 0.064 -0.048 49 45 49
-0.152 0.072 -0.048 41 49 41
-0.144 0.072 -0.048 49 57 58
-0.152 0.08 -0.048 58 49 58
-0.144 0.08 -0.048 58 49 58
-0.136 0.08 -0.048 66 73 74
-0.136 0.088 -0.048 41 36 41
-0.136 0.096 -0.048 74 65 74
-0.176 0.064 -0.04 115 109 115
-0.168 0.064 -0.04 41 65 49
-0.16 0.064 -0.04 74 101 115
-0.176 0.072 -0.04 66 69 58
-0.168 0.072 -0.04 74 117 74
-0.176 0.08 -0.04 107 97 90
-0.168 0.08 -0.04 82 81 90
-0.16 0.08 -0.04 90 109 107
-0.152 0.08 -0.04 123 138 148
-0.144 0.08 -0.04 99 121 107
-0.136 0.08 -0.04 99 109 123
-0.176 0.088 -0.04 99 89 99
-0.168 0.088 -0.04 107 105 99
-0.16 0.088 -0.04 123 117 123
-0.144 0.088 -0.04 99 105 99
-0.136 0.088 -0.04 90 97 90
-0.144 0.096 -0.04 115 109 115
-0.136 0.096 -0.04 107 109 107
-0.144 0.104 -0.04 140 125 132
-0.136 0.104 -0.04 132 138 123
-0.136 0.112 -0.04 132 125 123
-0.136 0.12 -0.04 148 146 148
-0.184 0.064 -0.032 74 77 74
-0.176 0.064 -0.032 58 65 58
-0.184 0.072 -0.032 41 53 25
-0.176 0.072 -0.032 41 53 41
-0.184 0.08 -0.032 66 89 58
-0.176 0.08 -0.032 99 77 90
-0.184 0.088 -0.032 41 53 33
-0.176 0.088 -0.032 123 113 115
-0.168 0.088 -0.032 140 125 140
-0.16 0.088 -0.032 107 121 107
-0.152 0.088 -0.032 115 125 107
-0.16 0.096 -0.032 107 121 107
-0.152 0.096 -0.032 123 113 115
-0.16 0.104 -0.032 156 166 140
-0.152 0.104 -0.032 115 125 115
-0.144 0.104 -0.032 140 134 132
-0.152 0.112 -0.032 140 142 123
-0.144 0.112 -0.032 140 138 132
-0.152 0.12 -0.032 156 154 140
-0.144 0.12 -0.032 132 142 123
-0.136 0.12 -0.032 115 121 74
-0.192 0.064 -0.024 140 138 140
-0.192 0.072 -0.024 132 121 132
-0.192 0.08 -0.024 148 130 156
-0.184 0.08 -0.024 74 69 90
-0.192 0.088 -0.024 123 142 140
-0.184 0.088 -0.024 99 125 115
-0.192 0.096 -0.024 123 134 140
-0.184 0.096 -0.024 156 125 165
-0.176 0.096 -0.024 148 138 148
-0.168 0.096 -0.024 132 125 123
-0.16 0.096 -0.024 66 117 58
-0.152 0.096 -0.024 107 97 99
-0.168 0.104 -0.024 140 142 140
-0.16 0.104 -0.024 58 97 66
-0.176 0.112 -0.024 140 154 148
-0.168 0.112 -0.024 140 150 156
-0.16 0.112 -0.024 107 117 107
-0.152 0.112 -0.024 58 117 58
-0.184 0.12 -0.024 173 162 181
-0.176 0.12 -0.024 156 146 165
-0.168 0.12 -0.024 140 142 140
-0.16 0.12 -0.024 82 101 66
-0.152 0.12 -0.024 41 61 33
-0.184 0.088 -0.016 132 138 189
-0.184 0.096 -0.016 99 150 189
-0.176 0.096 -0.016 90 105 107
-0.184 0.104 -0.016 74 81 99
-0.176 0.104 -0.016 74 93 107
-0.192 0.112 -0.016 49 69 99
-0.184 0.112 -0.016 99 93 115
-0.176 0.112 -0.016 58 69 74
-0.184 0.12 -0.016 123 109 123
-0.168 0.12 -0.016 132 138 140
-0.16 0.12 -0.016 140 117 140
-0.184 0.072 -0.008 25 113 189
-0.184 0.08 -0.008 41 146 222
-0.176 0.08 -0.008 82 138 181
-0.168 0.08 -0.008 41 134 214
-0.184 0.088 -0.008 90 142 197
-0.176 0.088 -0.008 107 146 189
-0.168 0.088 -0.008 115 150 189
-0.184 0.096 -0.008 82 146 197
-0.176 0.096 -0.008 74 113 115
-0.168 0.096 -0.008 74 125 148
-0.192 0.104 -0.008 58 109 123
-0.184 0.104 -0.008 58 81 115
-0.176 0.104 -0.008 58 85 82
-0.168 0.104 -0.008 41 65 82
-0.192 0.112 -0.008 58 73 99
-0.176 0.112 -0.008 74 65 74
-0.168 0.112 -0.008 74 73 74
-0.192 0.12 -0.008 82 81 74
-0.176 0.12 -0.008 66 69 74
-0.168 0.12 -0.008 90 77 82
0.016 0.184 -0.192 82 81 90
0 0.168 -0.184 58 65 58
0 0.176 -0.184 66 69 58
0.008 0.176 -0.184 74 77 74
0.016 0.176 -0.184 82 77 82
0 0.184 -0.184 74 73 74
0.008 0.184 -0.184 74 77 66
0.016 0.184 -0.184 90 85 90
0.024 0.184 -0.184 90 89 99
0 0.16 -0.176 66 65 66
0 0.168 -0.176 66 61 74
0.008 0.168 -0.176 66 73 66
0 0.176 -0.176 58 69 74
0.008 0.176 -0.176 82 81 82
0.016 0.176 -0.176 74 85 82
0.024 0.176 -0.176 82 85 82
0 0.184 -0.176 82 77 74
0.008 0.184 -0.176 82 77 82
0.016 0.184 -0.176 82 81 82
0.024 0.184 -0.176 90 85 99
0.032 0.184 -0.176 66 73 74
0 0.16 -0.168 66 61 66
0.008 0.16 -0.168 74 77 74
0 0.168 -0.168 74 65 66
0.008 0.168 -0.168 74 81 82
0.016 0.168 -0.168 82 81 82
0 0.176 -0.168 66 65 66
0.008 0.176 -0.168 74 77 82
0.016 0.176 -0.168 82 81 90
0.024 0.176 -0.168 66 69 74
0 0.184 -0.168 66 69 74
0.008 0.184 -0.168 74 77 74
0.016 0.184 -0.168 82 81 82
0 0.144 -0.16 25 24 33
0 0.152 -0.16 49 49 49
0 0.16 -0.16 33 49 49
0.008 0.16 -0.16 49 53 58
0.016 0.16 -0.16 58 61 58
0 0.168 -0.16 41 49 49
0.008 0.168 -0.16 49 57 49
0.016 0.168 -0.16 58 61 58
0.024 0.168 -0.16 66 69 74
0 0.176 -0.16 41 49 49
0.008 0.176 -0.16 49 57 58
0.016 0.176 -0.16 58 61 66
0.024 0.176 -0.16 58 69 66
0.04 0.176 -0.16 74 81 82
0.008 0.184 -0.16 33 36 8
0.016 0.184 -0.16 49 49 41
0.024 0.184 -0.16 58 57 49
0.04 0.184 -0.16 82 85 82
0 0.136 -0.152 25 32 25
0 0.144 -0.152 41 49 49
0.008 0.144 -0.152 41 49 49
0.016 0.152 -0.152 58 61 66
0 0.16 -0.152 41 49 49
0.008 0.16 -0.152 49 53 58
0.016 0.16 -0.152 49 61 66
0 0.168 -0.152 33 49 49
0.008 0.168 -0.152 49 57 58
0.04 0.168 -0.152 82 89 90
0 0.176 -0.152 33 40 33
0.008 0.176 -0.152 41 40 41
0.016 0.176 -0.152 58 53 49
0.024 0.176 -0.152 41 53 41
0.04 0.176 -0.152 82 89 90
0 0.184 -0.152 41 28 0
0.008 0.184 -0.152 33 16 0
0 0.128 -0.144 99 101 82
0 0.136 -0.144 33 32 41
0.008 0.136 -0.144 49 49 49
0.016 0.136 -0.144 58 61 58
0.008 0.144 -0.144 41 53 58
0.016 0.144 -0.144 49 57 66
0.008 0.152 -0.144 41 53 49
0.016 0.152 -0.144 58 65 66
0.024 0.152 -0.144 58 65 66
0.032 0.152 -0.144 74 77 74
0.04 0.152 -0.144 82 89 99
0.008 0.16 -0.144 49 53 49
0.024 0.16 -0.144 66 65 66
0.032 0.16 -0.144 66 73 74
0.04 0.16 -0.144 82 93 90
0 0.168 -0.144 33 40 33
0.008 0.168 -0.144 41 45 33
0.024 0.168 -0.144 49 61 58
0.032 0.168 -0.144 66 77 82
0 0.176 -0.144 41 28 8
0.008 0.176 -0.144 33 32 33
0 0.184 -0.144 49 40 8
0.008 0.128 -0.136 25 32 33
0.016 0.128 -0.136 58 57 66
0 0.136 -0.136 33 45 49
0.008 0.136 -0.136 49 49 49
0.016 0.136 -0.136 49 61 49
0.024 0.136 -0.136 66 69 66
0 0.144 -0.136 33 49 41
0.008 0.144 -0.136 41 53 49
0.016 0.144 -0.136 49 61 66
0.024 0.144 -0.136 58 69 74
0.032 0.144 -0.136 66 77 82
0 0.152 -0.136 33 45 41
0.008 0.152 -0.136 49 53 49
0.016 0.152 -0.136 58 61 58
0.024 0.152 -0.136 58 69 66
0.032 0.152 -0.136 66 73 74
0 0.16 -0.136 33 32 33
0.008 0.16 -0.136 49 53 58
0.016 0.16 -0.136 49 57 58
0.024 0.16 -0.136 58 69 58
0 0.168 -0.136 33 28 8
0.008 0.168 -0.136 33 32 25
0 0.176 -0.136 49 45 8
-0.152 -0.128 -0.096 33 36 33
-0.144 -0.128 -0.096 33 32 33
-0.136 -0.128 -0.096 41 45 41
-0.152 -0.12 -0.096 41 45 41
-0.144 -0.12 -0.096 41 40 41
-0.136 -0.12 -0.096 33 40 41
-0.152 -0.112 -0.096 41 45 41
-0.144 -0.112 -0.096 41 40 41
-0.136 -0.112 -0.096 49 49 49
-0.152 -0.104 -0.096 58 53 58
-0.144 -0.104 -0.096 41 49 49
-0.136 -0.104 -0.096 49 49 49
-0.152 -0.096 -0.096 49 49 49
-0.144 -0.096 -0.096 49 53 49
-0.136 -0.096 -0.096 49 53 58
-0.152 -0.088 -0.096 49 53 49
-0.144 -0.088 -0.096 66 65 74
-0.136 -0.088 -0.096 49 57 49
-0.144 -0.08 -0.096 49 53 58
-0.136 -0.08 -0.096 49 57 58
-0.144 -0.072 -0.096 58 61 58
-0.136 -0.072 -0.096 58 61 58
-0.16 -0.128 -0.088 33 28 33
-0.152 -0.128 -0.088 0 4 0
-0.144 -0.128 -0.088 0 0 0
-0.168 -0.12 -0.088 16 20 25
-0.16 -0.12 -0.088 25 28 25
-0.152 -0.12 -0.088 25 32 33
-0.168 -0.112 -0.088 25 28 25
-0.16 -0.112 -0.088 41 45 41
-0.152 -0.112 -0.088 33 40 33
-0.168 -0.104 -0.088 74 69 74
-0.16 -0.104 -0.088 41 45 49
-0.152 -0.104 -0.088 41 40 41
-0.168 -0.096 -0.088 16 45 25
-0.16 -0.096 -0.088 41 49 41
-0.152 -0.096 -0.088 49 53 49
-0.168 -0.088 -0.088 25 32 25
-0.16 -0.088 -0.088 49 53 49
-0.152 -0.088 -0.088 49 53 49
-0.168 -0.08 -0.088 25 28 25
-0.16 -0.08 -0.088 49 49 49
-0.152 -0.08 -0.088 66 61 66
-0.144 -0.08 -0.088 58 57 58
-0.168 -0.072 -0.088 33 40 41
-0.16 -0.072 -0.088 58 53 58
-0.144 -0.072 -0.088 58 57 58
-0.192 -0.128 -0.08 49 61 49
-0.184 -0.128 -0.08 33 32 33
-0.176 -0.128 -0.08 16 20 16
-0.168 -0.128 -0.08 8 8 16
-0.16 -0.128 -0.08 16 24 16
-0.136 -0.128 -0.08 0 0 0
-0.192 -0.12 -0.08 33 36 33
-0.184 -0.12 -0.08 25 28 25
-0.176 -0.12 -0.08 33 32 33
-0.168 -0.12 -0.08 33 40 33
-0.144 -0.12 -0.08 25 16 25
-0.192 -0.112 -0.08 82 89 82
-0.184 -0.112 -0.08 82 77 74
-0.176 -0.112 -0.08 33 32 33
-0.168 -0.112 -0.08 49 45 41
-0.16 -0.112 -0.08 33 36 41
-0.184 -0.104 -0.08 90 81 82
-0.176 -0.104 -0.08 33 36 33
-0.168 -0.104 -0.08 41 45 41
-0.16 -0.104 -0.08 41 45 41
-0.144 -0.104 -0.08 33 36 41
-0.192 -0.096 -0.08 90 89 90
-0.184 -0.096 -0.08 90 85 82
-0.176 -0.096 -0.08 41 40 41
-0.168 -0.096 -0.08 41 45 49
-0.144 -0.096 -0.08 41 45 41
-0.184 -0.088 -0.08 90 89 90
-0.176 -0.088 -0.08 41 40 41
-0.168 -0.088 -0.08 58 53 58
-0.192 -0.08 -0.08 99 93 90
-0.184 -0.08 -0.08 25 45 33
-0.176 -0.08 -0.08 33 36 33
-0.168 -0.08 -0.08 49 53 49
-0.192 -0.072 -0.08 115 109 107
-0.184 -0.072 -0.08 25 28 25
-0.176 -0.072 -0.08 33 36 33
-0.168 -0.072 -0.08 41 45 49
-0.192 -0.128 -0.072 16 20 16
-0.184 -0.128 -0.072 25 24 25
-0.176 -0.128 -0.072 33 32 33
-0.168 -0.128 -0.072 25 24 25
-0.16 -0.128 -0.072 8 12 8
-0.152 -0.128 -0.072 16 20 25
-0.192 -0.12 -0.072 16 20 25
-0.184 -0.12 -0.072 25 28 25
-0.176 -0.12 -0.072 33 40 41
-0.168 -0.12 -0.072 41 40 41
-0.16 -0.12 -0.072 33 32 33
-0.192 -0.112 -0.072 33 53 41
-0.184 -0.112 -0.072 33 32 33
-0.176 -0.112 -0.072 33 40 41
-0.168 -0.112 -0.072 41 45 41
-0.16 -0.112 -0.072 41 45 41
-0.152 -0.112 -0.072 41 45 41
-0.192 -0.104 -0.072 66 69 66
-0.176 -0.104 -0.072 33 40 41
-0.168 -0.104 -0.072 49 53 49
-0.16 -0.104 -0.072 49 53 49
-0.152 -0.104 -0.072 41 40 41
-0.192 -0.096 -0.072 66 69 66
-0.176 -0.096 -0.072 33 40 33
-0.168 -0.096 -0.072 49 49 49
-0.16 -0.096 -0.072 49 53 49
-0.152 -0.096 -0.072 49 49 49
-0.192 -0.088 -0.072 25 36 25
-0.184 -0.088 -0.072 33 32 33
-0.176 -0.088 -0.072 41 45 41
-0.168 -0.088 -0.072 49 53 49
-0.16 -0.088 -0.072 49 53 49
-0.152 -0.088 -0.072 49 53 49
-0.184 -0.08 -0.072 41 40 41
-0.176 -0.08 -0.072 41 45 41
-0.168 -0.08 -0.072 49 53 49
-0.16 -0.08 -0.072 49 53 49
-0.152 -0.08 -0.072 49 53 49
-0.144 -0.08 -0.072 49 49 49
-0.192 -0.072 -0.072 41 36 41
-0.184 -0.072 -0.072 33 40 41
-0.176 -0.072 -0.072 33 40 41
-0.168 -0.072 -0.072 49 49 49
-0.16 -0.072 -0.072 49 49 49
-0.152 -0.072 -0.072 41 45 41
-0.144 -0.072 -0.072 49 49 49
-0.12 0.064 -0.192 16 16 25
-0.112 0.064 -0.192 156 154 156
-0.112 0.08 -0.192 25 20 16
-0.104 0.08 -0.192 25 20 16
-0.096 0.08 -0.192 58 49 49
-0.12 0.088 -0.192 16 20 16
-0.112 0.096 -0.192 0 0 0
-0.112 0.104 -0.192 0 0 0
-0.112 0.112 -0.192 16 16 8
-0.112 0.12 -0.192 8 12 8
-0.112 0.08 -0.184 8 24 16
-0.08 0.08 -0.184 66 61 58
-0.072 0.08 -0.184 66 61 66
-0.12 0.088 -0.184 8 8 8
-0.112 0.088 -0.184 8 4 8
-0.12 0.096 -0.184 16 8 8
-0.112 0.096 -0.184 0 0 0
-0.12 0.104 -0.184 16 16 16
-0.112 0.104 -0.184 33 40 33
-0.12 0.112 -0.184 8 12 8
-0.112 0.112 -0.184 41 40 41
-0.096 0.112 -0.184 33 24 33
-0.112 0.12 -0.184 41 40 41
-0.104 0.12 -0.184 49 45 41
-0.072 0.072 -0.176 58 57 58
-0.12 0.08 -0.176 16 12 8
-0.112 0.08 -0.176 16 16 8
-0.072 0.08 -0.176 66 65 66
-0.12 0.088 -0.176 8 4 0
-0.112 0.088 -0.176 8 4 8
-0.104 0.088 -0.176 16 4 8
-0.12 0.096 -0.176 33 28 25
-0.112 0.096 -0.176 33 32 33
-0.104 0.096 -0.176 33 28 33
-0.12 0.104 -0.176 33 36 33
-0.112 0.104 -0.176 41 40 41
-0.104 0.104 -0.176 41 40 41
-0.096 0.104 -0.176 33 32 33
-0.12 0.112 -0.176 33 36 33
-0.104 0.112 -0.176 49 40 41
-0.12 0.12 -0.176 156 154 156
-0.08 0.064 -0.168 74 69 74
-0.072 0.064 -0.168 58 61 66
-0.104 0.072 -0.168 33 28 25
-0.096 0.072 -0.168 25 28 25
-0.088 0.072 -0.168 58 49 58
-0.08 0.072 -0.168 66 61 66
-0.072 0.072 -0.168 49 61 58
-0.12 0.08 -0.168 8 4 0
-0.112 0.08 -0.168 8 4 8
-0.104 0.08 -0.168 8 8 8
-0.12 0.088 -0.168 8 0 0
-0.112 0.088 -0.168 0 4 0
-0.104 0.088 -0.168 0 0 0
-0.12 0.096 -0.168 41 36 33
-0.112 0.096 -0.168 33 36 33
-0.104 0.096 -0.168 41 40 41
-0.12 0.104 -0.168 41 40 33
-0.112 0.104 -0.168 33 40 33
-0.12 0.112 -0.168 41 45 41
-0.096 0.064 -0.16 25 20 25
-0.088 0.064 -0.16 58 61 58
-0.08 0.064 -0.16 74 73 82
-0.12 0.072 -0.16 8 16 8
-0.112 0.072 -0.16 16 12 16
-0.096 0.072 -0.16 16 24 16
-0.088 0.072 -0.16 41 45 49
-0.12 0.08 -0.16 0 4 8
-0.112 0.08 -0.16 8 4 0
-0.12 0.088 -0.16 0 12 0
-0.112 0.088 -0.16 25 24 25
-0.12 0.096 -0.16 58 53 49
-0.096 0.104 -0.16 41 40 41
-0.088 0.104 -0.16 41 40 33
-0.096 0.112 -0.16 33 36 33
-0.088 0.112 -0.16 33 36 33
-0.08 0.112 -0.16 25 16 16
-0.072 0.112 -0.16 16 24 25
-0.088 0.12 -0.16 33 40 33
-0.072 0.12 -0.16 58 49 58
-0.112 0.072 -0.152 16 8 8
-0.088 0.072 -0.152 8 24 8
-0.112 0.08 -0.152 16 32 16
-0.112 0.104 -0.152 58 57 58
-0.104 0.104 -0.152 41 40 33
-0.08 0.112 -0.152 49 36 41
-0.072 0.112 -0.152 33 32 41
-0.096 0.12 -0.152 41 40 41
-0.08 0.12 -0.152 33 32 33
-0.072 0.12 -0.152 58 57 66
-0.096 0.064 -0.144 25 28 25
-0.088 0.064 -0.144 8 16 16
-0.08 0.072 -0.144 16 4 8
-0.104 0.112 -0.144 66 69 58
-0.072 0.112 -0.144 25 20 25
-0.104 0.12 -0.144 49 61 49
-0.072 0.12 -0.144 41 40 41
-0.096 0.064 -0.136 16 16 16
-0.072 0.072 -0.136 8 4 8
-0.072 0.08 -0.136 0 0 0
-0.144 0.064 -0.192 0 4 8
-0.144 0.072 -0.192 8 12 16
-0.136 0.112 -0.192 8 12 8
-0.136 0.12 -0.192 0 4 0
-0.136 0.12 -0.184 25 20 16
-0.08 -0.176 -0.192 16 24 33
-0.08 -0.168 -0.192 16 24 25
-0.072 -0.168 -0.192 49 93 33
-0.088 -0.16 -0.192 107 113 123
-0.08 -0.16 -0.192 33 36 41
-0.088 -0.152 -0.192 123 113 156
-0.08 -0.152 -0.192 33 97 33
-0.088 -0.144 -0.192 140 154 165
-0.096 -0.184 -0.184 41 45 25
-0.088 -0.176 -0.184 49 73 33
-0.08 -0.176 -0.184 74 73 82
-0.096 -0.168 -0.184 8 24 8
-0.088 -0.168 -0.184 16 20 8
-0.08 -0.168 -0.184 99 81 90
-0.072 -0.168 -0.184 8 20 8
-0.096 -0.16 -0.184 33 53 33
-0.088 -0.16 -0.184 99 105 132
-0.08 -0.16 -0.184 41 32 41
-0.096 -0.152 -0.184 66 93 74
-0.088 -0.152 -0.184 123 130 148
-0.08 -0.152 -0.184 90 77 90
-0.096 -0.144 -0.184 8 16 8
-0.088 -0.144 -0.184 123 125 148
-0.08 -0.144 -0.184 123 105 132
-0.096 -0.136 -0.184 8 16 8
-0.088 -0.136 -0.184 58 97 82
-0.12 -0.192 -0.176 41 20 8
-0.104 -0.184 -0.176 33 28 16
-0.096 -0.184 -0.176 33 81 16
-0.104 -0.176 -0.176 33 28 16
-0.096 -0.176 -0.176 33 28 16
-0.088 -0.176 -0.176 74 97 66
-0.08 -0.176 -0.176 99 121 107
-0.112 -0.168 -0.176 41 32 16
-0.104 -0.168 -0.176 33 24 16
-0.096 -0.168 -0.176 16 20 16
-0.088 -0.168 -0.176 25 32 25
-0.08 -0.168 -0.176 74 93 74
-0.072 -0.168 -0.176 8 12 8
-0.104 -0.16 -0.176 41 20 8
-0.096 -0.16 -0.176 0 4 0
-0.088 -0.16 -0.176 58 61 74
-0.08 -0.16 -0.176 16 57 16
-0.112 -0.152 -0.176 0 8 8
-0.104 -0.152 -0.176 0 8 8
-0.096 -0.152 -0.176 25 45 41
-0.088 -0.152 -0.176 58 85 82
-0.072 -0.152 -0.176 8 12 8
-0.12 -0.144 -0.176 0 0 0
-0.112 -0.144 -0.176 8 4 0
-0.104 -0.144 -0.176 8 12 8
-0.096 -0.144 -0.176 16 24 25
-0.088 -0.144 -0.176 58 85 66
-0.112 -0.136 -0.176 8 8 8
-0.104 -0.136 -0.176 8 8 8
-0.096 -0.136 -0.176 8 12 8
-0.088 -0.136 -0.176 0 45 8
-0.08 -0.136 -0.176 115 142 140
-0.12 -0.192 -0.168 25 20 8
-0.12 -0.184 -0.168 41 24 8
-0.112 -0.184 -0.168 41 28 8
-0.104 -0.184 -0.168 25 12 8
-0.096 -0.184 -0.168 58 85 49
-0.12 -0.176 -0.168 41 28 25
-0.112 -0.176 -0.168 33 20 8
-0.104 -0.176 -0.168 33 24 16
-0.096 -0.176 -0.168 33 28 16
-0.088 -0.176 -0.168 82 97 90
-0.08 -0.176 -0.168 148 154 148
-0.12 -0.168 -0.168 33 28 16
-0.112 -0.168 -0.168 25 20 8
-0.104 -0.168 -0.168 33 24 16
-0.088 -0.168 -0.168 33 28 16
-0.072 -0.168 -0.168 58 40 58
-0.12 -0.16 -0.168 41 32 16
-0.112 -0.16 -0.168 49 36 25
-0.104 -0.16 -0.168 49 36 16
-0.096 -0.16 -0.168 25 20 16
-0.088 -0.16 -0.168 16 28 16
-0.072 -0.16 -0.168 132 93 140
-0.128 -0.152 -0.168 8 8 0
-0.12 -0.152 -0.168 33 20 8
-0.112 -0.152 -0.168 49 20 25
-0.104 -0.152 -0.168 16 4 0
-0.096 -0.152 -0.168 8 4 8
-0.088 -0.152 -0.168 16 40 25
-0.08 -0.152 -0.168 90 89 115
-0.128 -0.144 -0.168 8 12 8
-0.12 -0.144 -0.168 8 4 0
-0.112 -0.144 -0.168 0 0 0
-0.104 -0.144 -0.168 8 4 0
-0.096 -0.144 -0.168 0 0 0
-0.088 -0.144 -0.168 16 40 25
-0.08 -0.144 -0.168 115 117 140
-0.128 -0.136 -0.168 8 8 8
-0.12 -0.136 -0.168 8 8 8
-0.112 -0.136 -0.168 0 4 0
-0.104 -0.136 -0.168 8 4 0
-0.08 -0.136 -0.168 123 138 148
-0.072 -0.136 -0.168 90 101 123
-0.128 -0.192 -0.16 16 24 8
-0.12 -0.192 -0.16 8 12 8
-0.112 -0.192 -0.16 8 16 8
-0.12 -0.184 -0.16 41 24 8
-0.112 -0.184 -0.16 25 24 8
-0.104 -0.184 -0.16 25 20 8
-0.096 -0.184 -0.16 74 81 58
-0.088 -0.184 -0.16 173 178 173
-0.128 -0.176 -0.16 16 12 8
-0.12 -0.176 -0.16 33 20 16
-0.112 -0.176 -0.16 25 16 8
-0.08 -0.176 -0.16 165 162 165
-0.128 -0.168 -0.16 66 57 58
-0.12 -0.168 -0.16 41 28 16
-0.112 -0.168 -0.16 41 28 25
-0.072 -0.168 -0.16 107 81 115
-0.128 -0.16 -0.16 82 89 82
-0.12 -0.16 -0.16 41 32 16
-0.072 -0.16 -0.16 156 146 165
-0.128 -0.152 -0.16 107 89 99
-0.12 -0.152 -0.16 49 36 25
-0.072 -0.152 -0.16 115 93 107
-0.128 -0.144 -0.16 41 61 33
-0.12 -0.144 -0.16 8 8 8
-0.112 -0.144 -0.16 16 4 0
-0.072 -0.144 -0.16 82 97 107
-0.128 -0.136 -0.16 99 73 99
-0.12 -0.136 -0.16 16 8 8
-0.072 -0.136 -0.16 99 117 123
-0.128 -0.192 -0.152 58 65 66
-0.12 -0.192 -0.152 25 24 25
-0.112 -0.192 -0.152 16 28 25
-0.104 -0.192 -0.152 41 65 33
-0.128 -0.184 -0.152 82 77 82
-0.12 -0.184 -0.152 16 20 8
-0.112 -0.184 -0.152 25 12 8
-0.104 -0.184 -0.152 16 12 8
-0.088 -0.184 -0.152 181 178 181
-0.128 -0.176 -0.152 99 85 90
-0.12 -0.176 -0.152 25 12 8
-0.088 -0.176 -0.152 66 45 49
-0.08 -0.176 -0.152 181 178 181
-0.072 -0.176 -0.152 173 166 173
-0.128 -0.168 -0.152 99 97 90
-0.08 -0.168 -0.152 66 57 66
-0.072 -0.168 -0.152 148 150 148
-0.128 -0.16 -0.152 107 105 99
-0.08 -0.16 -0.152 99 81 90
-0.072 -0.16 -0.152 132 146 148
-0.128 -0.152 -0.152 181 142 173
-0.128 -0.144 -0.152 123 125 123
-0.128 -0.136 -0.152 148 117 148
-0.128 -0.192 -0.144 74 53 58
-0.12 -0.192 -0.144 66 77 74
-0.112 -0.192 -0.144 16 40 16
-0.128 -0.184 -0.144 74 53 49
-0.12 -0.184 -0.144 82 81 90
-0.112 -0.184 -0.144 16 24 25
-0.096 -0.184 -0.144 123 138 123
-0.088 -0.184 -0.144 181 182 181
-0.128 -0.176 -0.144 58 40 58
-0.12 -0.176 -0.144 123 97 123
-0.088 -0.176 -0.144 115 101 107
-0.072 -0.176 -0.144 132 142 140
-0.128 -0.168 -0.144 66 49 74
-0.12 -0.168 -0.144 132 97 132
-0.072 -0.168 -0.144 140 154 140
-0.128 -0.16 -0.144 82 61 82
-0.08 -0.16 -0.144 82 93 82
-0.072 -0.16 -0.144 148 154 148
-0.128 -0.152 -0.144 90 69 90
-0.12 -0.152 -0.144 123 113 115
-0.072 -0.152 -0.144 90 109 82
-0.128 -0.144 -0.144 41 65 49
-0.12 -0.144 -0.144 140 121 140
-0.128 -0.136 -0.144 107 101 107
-0.12 -0.136 -0.144 90 101 99
-0.128 -0.192 -0.136 115 85 107
-0.12 -0.192 -0.136 90 65 82
-0.112 -0.192 -0.136 90 77 99
-0.104 -0.192 -0.136 90 101 90
-0.072 -0.192 -0.136 156 162 156
-0.128 -0.184 -0.136 107 101 99
-0.12 -0.184 -0.136 107 81 90
-0.104 -0.184 -0.136 25 20 25
-0.096 -0.184 -0.136 74 109 82
-0.088 -0.184 -0.136 189 190 189
-0.072 -0.184 -0.136 140 134 140
-0.12 -0.176 -0.136 107 97 107
-0.104 -0.176 -0.136 16 20 33
-0.096 -0.176 -0.136 16 16 16
-0.072 -0.176 -0.136 132 142 140
-0.12 -0.168 -0.136 107 93 115
-0.12 -0.16 -0.136 107 109 107
-0.072 -0.16 -0.136 156 162 156
-0.12 -0.152 -0.136 140 109 148
-0.12 -0.144 -0.136 148 146 156
-0.12 -0.136 -0.136 140 125 140
-0.264 0.064 0 41 134 214
-0.264 0.072 0 90 158 206
-0.264 0.08 0 49 142 214
-0.264 0.088 0 41 138 214
-0.264 0.096 0 33 113 197
-0.264 0.104 0 25 109 181
-0.264 0.112 0 33 125 206
-0.272 0.12 0 41 142 222
-0.264 0.12 0 33 130 206
-0.272 0.064 0.008 132 178 165
-0.264 0.064 0.008 165 190 197
-0.272 0.072 0.008 132 166 206
-0.264 0.072 0.008 90 146 206
-0.264 0.08 0.008 49 138 214
-0.272 0.088 0.008 58 138 214
-0.264 0.088 0.008 49 138 214
-0.272 0.096 0.008 58 138 214
-0.264 0.096 0.008 33 113 197
-0.272 0.104 0.008 49 117 197
-0.264 0.104 0.008 49 121 197
-0.272 0.112 0.008 49 121 197
-0.264 0.112 0.008 33 130 206
-0.272 0.12 0.008 41 138 214
-0.264 0.12 0.008 33 125 206
-0.272 0.064 0.016 41 138 214
-0.264 0.064 0.016 49 138 214
-0.272 0.072 0.016 41 138 214
-0.264 0.072 0.016 49 138 214
-0.272 0.08 0.016 33 134 214
-0.264 0.08 0.016 49 138 214
-0.272 0.088 0.016 41 138 214
-0.264 0.088 0.016 41 138 214
-0.272 0.096 0.016 41 125 206
-0.264 0.096 0.016 33 117 197
-0.272 0.104 0.016 33 117 197
-0.264 0.104 0.016 33 117 197
-0.272 0.112 0.016 33 117 197
-0.264 0.112 0.016 33 134 214
-0.272 0.12 0.016 41 142 222
-0.264 0.12 0.016 41 134 214
-0.272 0.064 0.024 74 154 222
-0.264 0.064 0.024 74 154 230
-0.272 0.072 0.024 58 146 214
-0.264 0.072 0.024 41 138 214
-0.272 0.08 0.024 41 138 222
-0.264 0.08 0.024 49 138 214
-0.272 0.088 0.024 41 138 214
-0.264 0.088 0.024 41 138 214
-0.272 0.096 0.024 41 121 197
-0.264 0.096 0.024 25 113 197
-0.272 0.104 0.024 25 117 197
-0.264 0.104 0.024 25 117 197
-0.272 0.112 0.024 25 121 197
-0.264 0.112 0.024 33 130 214
-0.272 0.12 0.024 33 134 214
-0.28 0.064 0.032 49 138 214
-0.272 0.064 0.032 49 142 222
-0.272 0.072 0.032 58 142 214
-0.272 0.08 0.032 41 138 214
-0.264 0.08 0.032 41 134 214
-0.28 0.088 0.032 49 138 214
-0.272 0.088 0.032 58 138 214
-0.264 0.088 0.032 90 146 173
-0.28 0.096 0.032 66 138 214
-0.272 0.096 0.032 82 146 206
-0.264 0.096 0.032 90 146 181
-0.28 0.104 0.032 41 125 206
-0.272 0.104 0.032 33 125 197
-0.28 0.112 0.032 41 125 206
-0.272 0.112 0.032 33 134 214
-0.28 0.12 0.032 41 142 222
-0.272 0.12 0.032 33 130 214
-0.28 0.064 0.04 123 166 206
-0.272 0.064 0.04 132 178 197
-0.28 0.072 0.04 123 174 197
-0.272 0.072 0.04 140 170 189
-0.28 0.08 0.04 156 186 214
-0.272 0.08 0.04 148 178 206
-0.264 0.08 0.04 173 186 214
-0.28 0.088 0.04 148 178 189
-0.272 0.088 0.04 165 174 181
-0.264 0.088 0.04 156 162 165
-0.28 0.096 0.04 156 154 165
-0.272 0.096 0.04 173 170 148
-0.264 0.096 0.04 148 174 99
-0.28 0.104 0.04 115 158 140
-0.272 0.104 0.04 123 162 140
-0.264 0.104 0.04 115 158 165
-0.28 0.112 0.04 82 154 173
-0.272 0.112 0.04 41 134 214
-0.28 0.12 0.04 41 142 222
-0.272 0.12 0.04 33 134 214
-0.28 0.064 0.048 165 174 173
-0.28 0.072 0.048 206 194 197
-0.264 0.072 0.048 189 194 206
-0.28 0.08 0.048 181 182 206
-0.264 0.08 0.048 206 198 206
-0.28 0.088 0.048 189 190 206
-0.272 0.088 0.048 173 182 189
-0.264 0.088 0.048 156 166 173
-0.28 0.096 0.048 181 162 181
-0.272 0.096 0.048 156 158 165
-0.264 0.096 0.048 165 166 148
-0.28 0.104 0.048 189 186 140
-0.272 0.104 0.048 148 182 156
-0.264 0.104 0.048 123 166 189
-0.28 0.112 0.048 82 150 173
-0.272 0.112 0.048 41 138 214
-0.264 0.112 0.048 66 150 222
-0.28 0.12 0.048 41 134 214
-0.264 0.12 0.048 66 150 222
-0.288 0.064 0.056 173 170 156
-0.28 0.064 0.056 173 170 181
-0.288 0.072 0.056 197 190 206
-0.28 0.072 0.056 230 206 222
-0.288 0.08 0.056 230 215 230
-0.28 0.08 0.056 214 194 214
-0.264 0.08 0.056 222 206 214
-0.288 0.088 0.056 214 198 214
-0.28 0.088 0.056 197 190 206
-0.264 0.088 0.056 123 158 156
-0.288 0.096 0.056 181 170 189
-0.28 0.096 0.056 132 158 140
-0.264 0.096 0.056 107 154 156
-0.28 0.104 0.056 140 162 148
-0.264 0.104 0.056 74 154 206
-0.28 0.112 0.056 66 146 197
-0.272 0.112 0.056 58 150 222
-0.264 0.112 0.056 66 150 222
-0.28 0.12 0.056 49 138 214
-0.272 0.12 0.056 58 150 222
-0.264 0.12 0.056 66 154 222
-0.136 0.064 -0.08 66 73 66
-0.136 0.072 -0.08 74 73 74
-0.136 0.08 -0.08 82 77 74
-0.136 0.088 -0.08 74 85 74
-0.136 0.096 -0.08 82 89 82
-0.16 0.104 -0.08 66 57 66
-0.136 0.104 -0.08 99 89 82
-0.16 0.112 -0.08 66 65 58
-0.136 0.112 -0.08 90 93 90
-0.16 0.12 -0.08 49 61 49
-0.144 0.12 -0.08 82 73 82
-0.136 0.12 -0.08 90 89 90
-0.144 0.064 -0.072 25 40 16
-0.136 0.064 -0.072 74 77 74
-0.144 0.072 -0.072 0 0 0
-0.136 0.072 -0.072 82 81 82
-0.144 0.08 -0.072 41 49 41
-0.136 0.08 -0.072 82 85 82
-0.144 0.088 -0.072 66 53 66
-0.136 0.088 -0.072 58 61 58
-0.16 0.096 -0.072 99 93 107
-0.144 0.096 -0.072 66 65 66
-0.136 0.096 -0.072 49 53 49
-0.168 0.104 -0.072 90 77 99
-0.16 0.104 -0.072 107 93 107
-0.144 0.104 -0.072 74 77 74
-0.136 0.104 -0.072 66 65 49
-0.168 0.112 -0.072 74 73 74
-0.16 0.112 -0.072 90 89 90
-0.144 0.112 -0.072 74 77 66
-0.136 0.112 -0.072 74 73 74
-0.176 0.12 -0.072 82 97 90
-0.168 0.12 -0.072 107 117 107
-0.16 0.12 -0.072 66 77 66
-0.152 0.12 -0.072 107 101 107
-0.144 0.12 -0.072 99 89 90
-0.272 -0.016 0.064 41 134 206
-0.264 -0.016 0.064 41 134 214
-0.28 -0.008 0.064 33 130 206
-0.264 -0.032 0.072 181 174 181
-0.264 -0.024 0.072 66 85 66
-0.28 -0.016 0.072 49 93 132
-0.272 -0.016 0.072 66 85 99
-0.288 -0.008 0.072 41 109 181
-0.28 -0.008 0.072 41 93 140
-0.272 -0.048 0.08 214 178 189
-0.288 -0.04 0.08 156 158 148
-0.28 -0.04 0.08 173 170 156
-0.264 -0.04 0.08 115 134 123
-0.288 -0.032 0.08 107 134 99
-0.28 -0.032 0.08 140 138 140
-0.264 -0.032 0.08 99 121 107
-0.288 -0.024 0.08 123 101 115
-0.28 -0.024 0.08 90 109 90
-0.264 -0.024 0.08 115 105 123
-0.288 -0.016 0.08 82 85 74
-0.288 -0.008 0.08 49 61 49
-0.288 -0.064 0.088 181 162 189
-0.272 -0.064 0.088 165 166 181
-0.264 -0.064 0.088 123 125 148
-0.296 -0.056 0.088 165 154 173
-0.288 -0.056 0.088 165 162 165
-0.272 -0.056 0.088 189 190 197
-0.264 -0.056 0.088 173 182 189
-0.304 -0.048 0.088 181 186 181
-0.296 -0.048 0.088 197 198 197
-0.28 -0.048 0.088 197 198 206
-0.272 -0.048 0.088 156 170 165
-0.264 -0.048 0.088 99 121 115
-0.304 -0.04 0.088 181 186 181
-0.272 -0.04 0.088 49 109 49
-0.264 -0.04 0.088 8 45 8
-0.304 -0.032 0.088 156 166 165
-0.272 -0.032 0.088 123 97 140
-0.264 -0.032 0.088 140 117 148
-0.304 -0.024 0.088 99 105 107
-0.272 -0.024 0.088 140 125 140
-0.264 -0.024 0.088 140 134 140
-0.304 -0.016 0.088 99 101 99
-0.272 -0.016 0.088 16 53 74
-0.264 -0.016 0.088 8 61 107
-0.304 -0.008 0.088 99 97 99
-0.272 -0.008 0.088 25 77 82
-0.264 -0.008 0.088 8 85 107
-0.304 -0.064 0.096 165 182 181
-0.296 -0.064 0.096 165 174 181
-0.288 -0.064 0.096 165 170 181
-0.28 -0.064 0.096 156 174 165
-0.304 -0.056 0.096 189 178 197
-0.296 -0.056 0.096 173 182 189
-0.288 -0.056 0.096 173 178 189
-0.28 -0.056 0.096 197 186 197
-0.312 -0.048 0.096 206 206 206
-0.304 -0.048 0.096 206 206 206
-0.296 -0.048 0.096 206 206 206
-0.272 -0.048 0.096 99 113 115
-0.312 -0.04 0.096 206 206 214
-0.272 -0.04 0.096 16 24 16
-0.312 -0.032 0.096 197 210 214
-0.272 -0.032 0.096 148 130 156
-0.32 -0.024 0.096 140 154 156
-0.312 -0.024 0.096 197 202 206
-0.28 -0.024 0.096 140 146 148
-0.272 -0.024 0.096 148 142 156
-0.264 -0.024 0.096 148 146 148
-0.32 -0.016 0.096 140 150 148
-0.312 -0.016 0.096 197 194 197
-0.28 -0.016 0.096 8 81 107
-0.272 -0.016 0.096 8 85 99
-0.32 -0.008 0.096 132 121 140
-0.312 -0.008 0.096 132 121 140
-0.28 -0.008 0.096 25 93 107
-0.272 -0.008 0.096 8 77 99
-0.264 -0.008 0.096 132 154 148
-0.304 -0.064 0.104 189 186 197
-0.296 -0.064 0.104 165 166 181
-0.288 -0.064 0.104 156 154 165
-0.304 -0.056 0.104 197 198 197
-0.296 -0.056 0.104 197 202 206
-0.288 -0.056 0.104 189 190 206
-0.32 -0.048 0.104 206 206 214
-0.312 -0.048 0.104 206 206 206
-0.304 -0.048 0.104 206 206 206
-0.296 -0.048 0.104 197 198 206
-0.32 -0.04 0.104 206 206 214
-0.312 -0.04 0.104 206 206 206
-0.32 -0.032 0.104 206 206 206
-0.312 -0.032 0.104 214 210 214
-0.32 -0.024 0.104 189 190 197
-0.32 -0.016 0.104 173 174 181
-0.32 -0.008 0.104 74 105 82
-0.272 -0.008 0.104 8 57 99
-0.304 -0.064 0.112 173 178 181
-0.312 -0.056 0.112 206 202 206
-0.304 -0.056 0.112 197 198 197
-0.32 -0.048 0.112 206 206 214
-0.312 -0.048 0.112 206 206 206
-0.32 -0.04 0.112 206 206 206
-0.312 -0.04 0.112 206 202 206
-0.32 -0.032 0.112 197 202 197
-0.32 -0.024 0.112 181 186 189
-0.32 -0.016 0.112 148 162 165
-0.32 -0.008 0.112 107 93 107
-0.312 -0.064 0.12 173 178 181
-0.304 -0.064 0.12 181 174 189
-0.312 -0.056 0.12 197 198 197
-0.32 -0.048 0.12 206 202 206
-0.312 -0.048 0.12 206 202 206
-0.32 -0.04 0.12 197 198 197
-0.32 -0.032 0.12 197 198 197
-0.32 -0.024 0.12 173 182 181
-0.288 0.064 -0.064 140 142 132
-0.28 0.064 -0.064 140 142 140
-0.288 0.072 -0.064 181 174 156
-0.28 0.072 -0.064 189 178 165
-0.288 0.08 -0.064 173 174 156
-0.28 0.08 -0.064 197 146 132
-0.272 0.08 -0.064 189 146 123
-0.28 0.088 -0.064 189 134 132
-0.272 0.088 -0.064 165 142 132
-0.264 0.088 -0.064 156 142 140
-0.272 0.096 -0.064 123 93 74
-0.264 0.096 -0.064 90 85 58
-0.264 0.104 -0.064 132 61 49
-0.264 0.112 -0.064 90 65 66
-0.264 0.12 -0.064 66 69 58
-0.296 0.064 -0.056 123 113 115
-0.288 0.064 -0.056 132 113 107
-0.28 0.064 -0.056 123 113 107
-0.272 0.064 -0.056 132 154 107
-0.296 0.072 -0.056 107 101 99
-0.288 0.072 -0.056 107 105 99
-0.296 0.08 -0.056 99 93 90
-0.288 0.08 -0.056 107 101 90
-0.28 0.08 -0.056 107 105 107
-0.288 0.088 -0.056 115 109 107
-0.28 0.088 -0.056 123 109 115
-0.288 0.096 -0.056 107 97 90
-0.28 0.096 -0.056 115 97 107
-0.272 0.096 -0.056 90 85 74
-0.28 0.104 -0.056 25 24 25
-0.272 0.104 -0.056 33 28 25
-0.264 0.104 -0.056 33 28 33
-0.272 0.112 -0.056 41 36 33
-0.264 0.112 -0.056 41 36 33
-0.272 0.12 -0.056 49 45 41
-0.264 0.12 -0.056 58 65 49
-0.312 0.064 -0.048 165 170 165
-0.304 0.064 -0.048 173 166 165
-0.28 0.064 -0.048 123 125 123
-0.304 0.072 -0.048 165 166 165
-0.296 0.072 -0.048 165 158 165
-0.304 0.08 -0.048 165 174 165
-0.296 0.08 -0.048 173 166 165
-0.304 0.088 -0.048 165 170 165
-0.296 0.088 -0.048 165 166 165
-0.288 0.088 -0.048 148 154 148
-0.296 0.096 -0.048 165 162 165
-0.288 0.096 -0.048 165 162 165
-0.296 0.104 -0.048 165 166 165
-0.288 0.104 -0.048 156 162 156
-0.296 0.112 -0.048 165 162 165
-0.288 0.112 -0.048 148 158 148
-0.28 0.112 -0.048 148 146 148
-0.288 0.12 -0.048 173 162 173
-0.28 0.12 -0.048 132 146 148
-0.32 0.064 -0.04 115 113 140
-0.296 0.064 -0.04 173 202 165
-0.288 0.064 -0.04 255 255 255
-0.272 0.064 -0.04 214 215 206
-0.32 0.072 -0.04 123 117 148
-0.312 0.072 -0.04 132 125 148
-0.304 0.072 -0.04 132 138 140
-0.32 0.08 -0.04 123 117 148
-0.312 0.08 -0.04 140 121 156
-0.304 0.08 -0.04 156 138 165
-0.32 0.088 -0.04 123 121 156
-0.312 0.088 -0.04 140 134 156
-0.304 0.088 -0.04 148 158 173
-0.32 0.096 -0.04 123 130 165
-0.312 0.096 -0.04 140 146 165
-0.304 0.096 -0.04 148 158 173
-0.312 0.104 -0.04 140 142 165
-0.304 0.104 -0.04 156 162 165
-0.312 0.112 -0.04 148 150 165
-0.304 0.112 -0.04 140 142 156
-0.304 0.12 -0.04 156 154 173
-0.296 0.12 -0.04 156 166 165
-0.32 0.064 -0.032 25 113 181
-0.312 0.064 -0.032 33 101 165
-0.304 0.064 -0.032 33 81 123
-0.32 0.072 -0.032 33 121 173
-0.312 0.072 -0.032 33 134 197
-0.304 0.072 -0.032 49 162 247
-0.32 0.08 -0.032 41 162 239
-0.312 0.08 -0.032 49 158 239
-0.304 0.08 -0.032 49 158 239
-0.296 0.08 -0.032 25 121 206
-0.32 0.088 -0.032 41 158 239
-0.312 0.088 -0.032 41 158 239
-0.304 0.088 -0.032 41 158 239
-0.296 0.088 -0.032 33 121 206
-0.32 0.096 -0.032 49 158 239
-0.312 0.096 -0.032 41 162 239
-0.304 0.096 -0.032 49 162 239
-0.296 0.096 -0.032 41 125 206
-0.288 0.096 -0.032 33 125 206
-0.28 0.096 -0.032 33 130 214
-0.32 0.104 -0.032 49 158 239
-0.312 0.104 -0.032 49 158 239
-0.304 0.104 -0.032 41 158 239
-0.296 0.104 -0.032 33 125 206
-0.288 0.104 -0.032 33 125 206
-0.28 0.104 -0.032 49 130 206
-0.272 0.104 -0.032 33 125 206
-0.304 0.112 -0.032 41 125 206
-0.296 0.112 -0.032 41 125 206
-0.28 0.112 -0.032 33 125 206
-0.272 0.112 -0.032 33 130 206
-0.304 0.12 -0.032 33 121 206
-0.296 0.12 -0.032 33 121 206
-0.288 0.12 -0.032 33 125 206
-0.272 0.12 -0.032 33 130 206
-0.32 0.064 -0.024 25 109 189
-0.312 0.064 -0.024 25 109 189
-0.32 0.072 -0.024 25 130 189
-0.312 0.072 -0.024 49 146 214
-0.32 0.08 -0.024 41 158 239
-0.312 0.08 -0.024 49 158 239
-0.32 0.088 -0.024 41 158 239
-0.312 0.088 -0.024 41 162 239
-0.32 0.096 -0.024 49 158 239
-0.312 0.096 -0.024 41 158 239
-0.304 0.096 -0.024 156 154 156
-0.32 0.104 -0.024 49 158 239
-0.304 0.104 -0.024 33 125 206
-0.296 0.104 -0.024 33 125 206
-0.288 0.104 -0.024 41 138 214
-0.304 0.112 -0.024 33 125 206
-0.288 0.112 -0.024 33 125 206
-0.312 0.12 -0.024 41 158 239
-0.304 0.12 -0.024 33 125 206
-0.288 0.12 -0.024 41 125 206
-0.28 0.12 -0.024 33 125 206
-0.32 0.064 -0.016 25 117 197
-0.32 0.072 -0.016 25 130 197
-0.32 0.08 -0.016 41 158 239
-0.32 0.088 -0.016 41 158 239
-0.32 0.096 -0.016 41 158 239
-0.32 0.104 -0.016 49 158 239
-0.264 0.104 -0.016 25 113 189
-0.32 0.112 -0.016 49 158 239
-0.304 0.112 -0.016 33 125 206
-0.296 0.112 -0.016 49 134 206
-0.264 0.112 -0.016 25 113 189
-0.304 0.12 -0.016 33 125 206
-0.296 0.12 -0.016 33 125 206
-0.288 0.12 -0.016 41 130 206
-0.28 0.12 -0.016 33 125 206
-0.264 0.12 -0.016 74 125 189
-0.264 0.064 -0.008 33 138 214
-0.264 0.072 -0.008 41 138 214
-0.264 0.08 -0.008 49 138 214
-0.264 0.088 -0.008 49 138 214
-0.264 0.096 -0.008 41 117 197
-0.264 0.104 -0.008 33 113 189
-0.264 0.112 -0.008 16 121 189
-0.296 0.12 -0.008 33 130 206
-0.264 0.12 -0.008 33 138 214
-0.28 0 0.064 58 134 214
-0.288 0.008 0.064 49 138 214
-0.28 0.008 0.064 49 138 214
-0.288 0.016 0.064 58 138 206
-0.28 0.016 0.064 49 142 222
-0.288 0.024 0.064 74 89 115
-0.28 0.024 0.064 90 101 132
-0.288 0.032 0.064 82 77 90
-0.28 0.032 0.064 90 77 90
-0.288 0.04 0.064 99 89 99
-0.28 0.04 0.064 99 89 99
-0.288 0.048 0.064 123 105 107
-0.28 0.048 0.064 123 125 115
-0.288 0.056 0.064 214 202 206
-0.28 0.056 0.064 189 190 206
-0.288 0 0.072 41 113 181
-0.28 0 0.072 58 105 148
-0.288 0.008 0.072 82 113 173
-0.28 0.008 0.072 74 105 132
-0.288 0.016 0.072 90 125 181
-0.28 0.016 0.072 90 93 132
-0.288 0.024 0.072 74 134 197
-0.288 0.032 0.072 74 85 99
-0.288 0.04 0.072 115 105 123
-0.288 0.048 0.072 107 109 140
-0.288 0.056 0.072 99 121 165
-0.296 0 0.08 49 69 49
-0.288 0 0.08 41 57 49
-0.296 0.008 0.08 58 61 66
-0.288 0.008 0.08 74 69 66
-0.296 0.016 0.08 82 73 90
-0.288 0.016 0.08 49 49 58
-0.296 0.024 0.08 90 89 107
-0.288 0.024 0.08 74 85 107
-0.296 0.032 0.08 90 101 123
-0.288 0.032 0.08 82 89 107
-0.296 0.04 0.08 123 109 123
-0.288 0.04 0.08 107 101 107
-0.296 0.048 0.08 148 134 156
-0.288 0.048 0.08 123 121 123
-0.296 0.056 0.08 82 105 140
-0.288 0.056 0.08 90 101 99
-0.304 0 0.088 82 101 82
-0.28 0 0.088 41 69 90
-0.272 0 0.088 16 49 82
-0.264 0 0.088 41 101 148
-0.304 0.008 0.088 74 109 74
-0.28 0.008 0.088 41 65 82
-0.272 0.008 0.088 8 49 74
-0.304 0.016 0.088 90 113 90
-0.28 0.016 0.088 49 69 74
-0.272 0.016 0.088 16 45 66
-0.304 0.024 0.088 90 117 90
-0.272 0.024 0.088 25 53 66
-0.304 0.032 0.088 58 81 58
-0.304 0.04 0.088 90 81 99
-0.304 0.048 0.088 107 109 107
-0.304 0.056 0.088 107 109 107
-0.296 0.056 0.088 99 93 99
-0.32 0 0.096 90 113 90
-0.312 0 0.096 123 105 123
-0.28 0 0.096 8 57 107
-0.272 0 0.096 8 61 99
-0.264 0 0.096 99 134 148
-0.32 0.008 0.096 107 121 123
-0.288 0.008 0.096 8 57 107
-0.28 0.008 0.096 8 57 99
-0.272 0.008 0.096 8 57 99
-0.264 0.008 0.096 8 57 107
-0.32 0.016 0.096 82 109 115
-0.312 0.016 0.096 90 130 140
-0.28 0.016 0.096 8 61 107
-0.264 0.016 0.096 16 65 107
-0.32 0.024 0.096 90 105 115
-0.312 0.024 0.096 107 138 132
-0.28 0.024 0.096 8 61 115
-0.264 0.024 0.096 8 65 107
-0.312 0.032 0.096 33 57 99
-0.28 0.032 0.096 8 61 107
-0.264 0.032 0.096 16 65 107
-0.312 0.04 0.096 66 93 115
-0.312 0.048 0.096 99 113 123
-0.312 0.056 0.096 107 130 156
-0.32 0 0.104 107 93 123
-0.32 0.008 0.104 123 146 165
-0.288 0.008 0.104 8 61 107
-0.32 0.016 0.104 25 93 148
-0.32 0.024 0.104 16 89 156
-0.32 0.032 0.104 33 85 148
-0.32 0.04 0.104 25 93 140
-0.32 0.048 0.104 25 89 148
-0.312 0.048 0.104 8 61 115
-0.32 0.056 0.104 25 89 148
-0.312 0.056 0.104 8 65 115
-0.32 0.024 0.112 33 97 156
-0.32 0.032 0.112 33 81 132
-0.32 0.04 0.112 16 81 140
-0.32 0.048 0.112 25 85 140
-0.32 0.056 0.112 16 89 140
-0.32 0.056 0.12 16 69 123
-0.28 -0.064 -0.056 132 109 107
-0.272 -0.064 -0.056 140 113 115
-0.28 -0.056 -0.056 165 134 156
-0.272 -0.056 -0.056 189 154 181
-0.264 -0.056 -0.056 90 121 99
-0.264 -0.008 -0.056 16 16 16
-0.272 -0.064 -0.048 148 125 140
-0.264 -0.064 -0.048 156 154 156
-0.28 -0.056 -0.048 132 113 132
-0.32 -0.016 -0.048 239 243 239
-0.32 -0.008 -0.048 230 223 230
-0.312 -0.008 -0.048 214 202 206
-0.304 -0.008 -0.048 189 190 189
-0.32 -0.008 -0.04 255 255 255
-0.312 -0.008 -0.04 255 255 255
-0.304 -0.008 -0.04 156 154 156
-0.296 -0.008 -0.04 156 154 156
-0.312 -0.008 -0.032 255 255 255
-0.288 0.064 0.064 197 190 214
-0.28 0.064 0.064 197 202 206
-0.288 0.072 0.064 197 190 189
-0.28 0.072 0.064 156 178 173
-0.288 0.08 0.064 181 186 197
-0.28 0.08 0.064 165 174 181
-0.288 0.088 0.064 165 182 181
-0.28 0.088 0.064 99 154 181
-0.288 0.096 0.064 90 146 181
-0.28 0.096 0.064 66 138 197
-0.288 0.104 0.064 82 146 173
-0.28 0.104 0.064 58 130 197
-0.288 0.112 0.064 74 138 181
-0.28 0.112 0.064 66 146 214
-0.272 0.112 0.064 82 162 222
-0.264 0.112 0.064 90 166 230
-0.288 0.12 0.064 58 150 222
-0.28 0.12 0.064 66 146 222
-0.272 0.12 0.064 74 158 222
-0.264 0.12 0.064 74 158 222
-0.288 0.064 0.072 90 138 181
-0.296 0.072 0.072 123 170 173
-0.288 0.072 0.072 82 125 189
-0.288 0.08 0.072 66 109 148
-0.288 0.088 0.072 66 113 148
-0.288 0.096 0.072 66 105 148
-0.28 0.096 0.072 90 109 148
-0.288 0.104 0.072 107 134 173
-0.28 0.104 0.072 115 130 156
-0.288 0.112 0.072 99 150 181
-0.28 0.112 0.072 140 166 197
-0.272 0.112 0.072 140 166 189
-0.288 0.12 0.072 123 142 173
-0.272 0.12 0.072 123 154 181
-0.264 0.12 0.072 140 150 132
-0.296 0.064 0.08 107 121 140
-0.288 0.064 0.08 132 130 140
-0.296 0.072 0.08 90 97 99
-0.288 0.072 0.08 115 113 123
-0.296 0.08 0.08 123 121 123
-0.288 0.08 0.08 123 130 132
-0.296 0.088 0.08 99 113 99
-0.288 0.088 0.08 115 113 115
-0.296 0.096 0.08 90 113 115
-0.288 0.096 0.08 82 93 82
-0.296 0.104 0.08 148 125 148
-0.288 0.104 0.08 107 105 115
-0.272 0.104 0.08 156 158 148
-0.296 0.112 0.08 115 117 115
-0.288 0.112 0.08 90 101 90
-0.272 0.112 0.08 148 142 148
-0.288 0.12 0.08 115 113 115
-0.28 0.12 0.08 132 130 132
-0.272 0.12 0.08 140 130 140
-0.304 0.064 0.088 115 121 115
-0.296 0.064 0.088 123 113 123
-0.296 0.072 0.088 123 117 123
-0.296 0.08 0.088 107 113 107
-0.296 0.088 0.088 107 105 107
-0.288 0.088 0.088 74 93 82
-0.296 0.096 0.088 99 93 99
-0.288 0.096 0.088 49 81 58
-0.296 0.104 0.088 74 121 82
-0.288 0.104 0.088 58 85 58
-0.28 0.104 0.088 115 113 132
-0.296 0.112 0.088 115 154 115
-0.288 0.112 0.088 165 154 156
-0.28 0.112 0.088 123 121 132
-0.272 0.112 0.088 99 125 140
-0.296 0.12 0.088 123 146 123
-0.288 0.12 0.088 115 142 123
-0.28 0.12 0.088 99 113 107
-0.272 0.12 0.088 82 97 115
-0.312 0.064 0.096 74 117 107
-0.304 0.064 0.096 66 93 107
-0.312 0.072 0.096 90 101 99
-0.304 0.072 0.096 66 85 99
-0.304 0.08 0.096 99 121 140
-0.304 0.088 0.096 107 125 148
-0.304 0.096 0.096 49 109 90
-0.288 0.096 0.096 16 81 123
-0.304 0.104 0.096 33 109 74
-0.296 0.104 0.096 25 53 90
-0.288 0.104 0.096 16 73 107
-0.304 0.112 0.096 66 93 90
-0.296 0.112 0.096 25 85 115
-0.288 0.112 0.096 41 105 165
-0.28 0.112 0.096 33 117 173
-0.304 0.12 0.096 99 138 140
-0.296 0.12 0.096 99 142 181
-0.288 0.12 0.096 49 117 173
-0.28 0.12 0.096 41 113 181
-0.32 0.064 0.104 25 93 148
-0.312 0.064 0.104 16 61 115
-0.312 0.072 0.104 8 61 107
-0.312 0.08 0.104 33 85 123
-0.312 0.088 0.104 58 105 140
-0.312 0.096 0.104 25 73 123
-0.296 0.096 0.104 8 69 115
-0.312 0.104 0.104 16 69 123
-0.304 0.104 0.104 16 65 123
-0.296 0.104 0.104 16 65 115
-0.288 0.104 0.104 33 113 173
-0.312 0.112 0.104 16 69 123
-0.304 0.112 0.104 16 65 115
-0.296 0.112 0.104 25 97 148
-0.288 0.112 0.104 33 113 173
-0.304 0.12 0.104 33 105 165
-0.296 0.12 0.104 41 117 173
-0.288 0.12 0.104 33 113 173
-0.28 0.12 0.104 33 109 173
-0.32 0.064 0.112 8 65 107
-0.32 0.072 0.112 16 65 115
-0.312 0.072 0.112 8 65 115
-0.32 0.08 0.112 16 61 115
-0.312 0.08 0.112 16 69 107
-0.32 0.088 0.112 16 65 115
-0.312 0.088 0.112 8 69 115
-0.312 0.096 0.112 8 73 115
-0.296 0.096 0.112 25 105 156
-0.312 0.104 0.112 16 73 123
-0.296 0.104 0.112 33 109 165
-0.312 0.112 0.112 16 73 115
-0.304 0.112 0.112 33 101 156
-0.296 0.112 0.112 41 109 165
-0.312 0.12 0.112 33 101 165
-0.304 0.12 0.112 33 105 165
-0.296 0.12 0.112 41 109 165
-0.288 0.12 0.112 41 109 165
-0.32 0.064 0.12 25 81 140
-0.32 0.072 0.12 16 77 132
-0.32 0.08 0.12 25 93 156
-0.32 0.088 0.12 33 97 156
-0.312 0.088 0.12 33 97 148
-0.32 0.096 0.12 25 97 165
-0.312 0.096 0.12 25 97 148
-0.28 0.096 0.12 25 105 156
-0.32 0.104 0.12 25 93 156
-0.312 0.104 0.12 33 101 165
-0.296 0.104 0.12 33 105 165
-0.32 0.112 0.12 33 97 156
-0.312 0.112 0.12 25 101 156
-0.296 0.112 0.12 33 105 165
-0.32 0.12 0.12 25 97 156
-0.312 0.12 0.12 25 93 156
-0.296 0.12 0.12 25 97 156
-0.288 0.12 0.12 33 109 165
