--------- beginning of main
10-01 13:33:11.815 I/ThermalGuard(13034): initial thermal status = 0 (depthMin=0ms meshScale=1)
10-01 13:33:11.955 I/ThermalGuard(13034): thermal status -> 0 (depthMin=0ms)
10-01 13:33:13.103 I/DepthProvider(13034): probe: 本机没有 DEPTH_OUTPUT 相机（走单目模型）
10-01 13:33:13.157 I/MobileScan3D(13034): V0.4 native create Vulkan=1
10-01 13:33:13.904 I/ArAxesProbe(13034): cameraToView=[1.6344, 0.0000, -0.3172, 0.0000, -1.0000, 1.0000]
10-01 13:33:14.834 D/FpsProbe(13034): fps=28.1
10-01 13:33:15.869 D/FpsProbe(13034): fps=30.0
10-01 13:33:16.904 D/FpsProbe(13034): fps=30.0
10-01 13:33:16.919 I/ArPoseProbe(13034): fromTs=0.0% latest=100.0% total=90
10-01 13:33:17.942 D/FpsProbe(13034): fps=30.0
10-01 13:33:18.956 D/FpsProbe(13034): fps=30.0
10-01 13:33:19.911 I/ArPoseProbe(13034): fromTs=0.0% latest=100.0% total=180
10-01 13:33:20.019 D/FpsProbe(13034): fps=30.0
10-01 13:33:21.040 D/FpsProbe(13034): fps=30.0
10-01 13:33:22.081 D/FpsProbe(13034): fps=30.0
10-01 13:33:22.917 I/ArPoseProbe(13034): fromTs=0.0% latest=100.0% total=270
10-01 13:33:23.111 D/FpsProbe(13034): fps=30.0
10-01 13:33:24.127 D/FpsProbe(13034): fps=30.0
10-01 13:33:25.163 D/FpsProbe(13034): fps=30.0
10-01 13:33:25.920 I/ArPoseProbe(13034): fromTs=0.0% latest=100.0% total=360
10-01 13:33:26.221 D/FpsProbe(13034): fps=30.0
10-01 13:33:27.241 D/FpsProbe(13034): fps=30.0
10-01 13:33:28.279 D/FpsProbe(13034): fps=30.0
10-01 13:33:28.908 I/ArPoseProbe(13034): fromTs=0.0% latest=100.0% total=450
10-01 13:33:29.298 D/FpsProbe(13034): fps=30.0
10-01 13:33:30.340 D/FpsProbe(13034): fps=30.0
10-01 13:33:31.385 D/FpsProbe(13034): fps=30.0
10-01 13:33:31.931 I/ArPoseProbe(13034): fromTs=0.0% latest=100.0% total=540
10-01 13:33:32.418 D/FpsProbe(13034): fps=30.0
10-01 13:33:33.439 D/FpsProbe(13034): fps=30.0
10-01 13:33:34.469 D/FpsProbe(13034): fps=30.0
10-01 13:33:34.921 I/ArPoseProbe(13034): fromTs=0.0% latest=100.0% total=630
10-01 13:33:35.505 D/FpsProbe(13034): fps=30.0
10-01 13:33:36.548 D/FpsProbe(13034): fps=30.0
10-01 13:33:37.572 D/FpsProbe(13034): fps=30.0
10-01 13:33:37.931 I/ArPoseProbe(13034): fromTs=0.0% latest=100.0% total=720
10-01 13:33:38.599 D/FpsProbe(13034): fps=30.0
10-01 13:33:39.638 D/FpsProbe(13034): fps=30.0
10-01 13:33:40.663 D/FpsProbe(13034): fps=30.0
10-01 13:33:40.914 I/ArPoseProbe(13034): fromTs=0.0% latest=100.0% total=810
10-01 13:33:41.689 D/FpsProbe(13034): fps=30.0
10-01 13:33:42.745 D/FpsProbe(13034): fps=30.0
10-01 13:33:43.766 D/FpsProbe(13034): fps=30.0
10-01 13:33:43.919 I/ArPoseProbe(13034): fromTs=0.0% latest=100.0% total=900
10-01 13:33:44.802 D/FpsProbe(13034): fps=30.0
10-01 13:33:45.822 D/FpsProbe(13034): fps=30.0
10-01 13:33:46.856 D/FpsProbe(13034): fps=30.0
10-01 13:33:46.924 I/ArPoseProbe(13034): fromTs=0.0% latest=100.0% total=990
10-01 13:33:47.902 D/FpsProbe(13034): fps=30.0
10-01 13:33:48.940 D/FpsProbe(13034): fps=30.0
10-01 13:33:49.914 I/ArPoseProbe(13034): fromTs=0.0% latest=100.0% total=1080
10-01 13:33:49.970 D/FpsProbe(13034): fps=30.0
10-01 13:33:51.012 D/FpsProbe(13034): fps=30.0
10-01 13:33:52.046 D/FpsProbe(13034): fps=30.0
10-01 13:33:52.919 I/ArPoseProbe(13034): fromTs=0.0% latest=100.0% total=1170
10-01 13:33:53.085 D/FpsProbe(13034): fps=30.0
10-01 13:33:54.100 D/FpsProbe(13034): fps=30.0
10-01 13:33:55.139 D/FpsProbe(13034): fps=30.0
10-01 13:33:55.937 I/ArPoseProbe(13034): fromTs=0.0% latest=100.0% total=1260
10-01 13:33:56.172 D/FpsProbe(13034): fps=30.0
10-01 13:33:57.212 D/FpsProbe(13034): fps=30.0
10-01 13:34:00.514 D/FpsProbe(13034): fps=4.5 LOW
10-01 13:34:01.544 D/FpsProbe(13034): fps=29.0
10-01 13:34:01.746 I/ArPoseProbe(13034): fromTs=0.0% latest=100.0% total=1350
10-01 13:34:02.590 D/FpsProbe(13034): fps=30.0
10-01 13:34:03.603 D/FpsProbe(13034): fps=30.0
10-01 13:34:04.655 D/FpsProbe(13034): fps=30.0
10-01 13:34:04.755 I/ArPoseProbe(13034): fromTs=0.0% latest=100.0% total=1440
10-01 13:34:05.672 D/FpsProbe(13034): fps=30.0
10-01 13:34:06.730 D/FpsProbe(13034): fps=30.0
10-01 13:34:07.752 D/FpsProbe(13034): fps=30.0
10-01 13:34:07.758 I/ArPoseProbe(13034): fromTs=0.0% latest=100.0% total=1530
10-01 13:34:08.788 D/FpsProbe(13034): fps=30.0
10-01 13:34:09.805 D/FpsProbe(13034): fps=30.0
10-01 13:34:10.763 I/ArPoseProbe(13034): fromTs=0.0% latest=100.0% total=1620
10-01 13:34:10.850 D/FpsProbe(13034): fps=30.0
10-01 13:34:11.877 D/FpsProbe(13034): fps=30.0
10-01 13:34:12.915 D/FpsProbe(13034): fps=30.0
10-01 13:34:13.752 I/ArPoseProbe(13034): fromTs=0.0% latest=100.0% total=1710
10-01 13:34:13.953 D/FpsProbe(13034): fps=30.0
10-01 13:34:14.975 D/FpsProbe(13034): fps=30.0
10-01 13:34:16.006 D/FpsProbe(13034): fps=30.0
10-01 13:34:16.775 I/ArPoseProbe(13034): fromTs=0.0% latest=100.0% total=1800
10-01 13:34:17.042 D/FpsProbe(13034): fps=30.0
10-01 13:34:18.086 D/FpsProbe(13034): fps=30.0
10-01 13:34:19.110 D/FpsProbe(13034): fps=30.0
10-01 13:34:19.765 I/ArPoseProbe(13034): fromTs=0.0% latest=100.0% total=1890
10-01 13:34:20.153 D/FpsProbe(13034): fps=30.0
10-01 13:34:21.178 D/FpsProbe(13034): fps=30.0
10-01 13:34:22.208 D/FpsProbe(13034): fps=30.0
10-01 13:34:22.754 I/ArPoseProbe(13034): fromTs=0.0% latest=100.0% total=1980
10-01 13:34:23.268 D/FpsProbe(13034): fps=30.0
10-01 13:34:24.287 D/FpsProbe(13034): fps=30.0
10-01 13:34:25.318 D/FpsProbe(13034): fps=30.0
10-01 13:34:25.756 I/ArPoseProbe(13034): fromTs=0.0% latest=100.0% total=2070
10-01 13:34:26.338 D/FpsProbe(13034): fps=30.0
10-01 13:34:27.376 D/FpsProbe(13034): fps=30.0
10-01 13:34:28.406 D/FpsProbe(13034): fps=30.0
10-01 13:34:28.762 I/ArPoseProbe(13034): fromTs=0.0% latest=100.0% total=2160
10-01 13:34:29.451 D/FpsProbe(13034): fps=30.0
10-01 13:34:30.474 D/FpsProbe(13034): fps=30.0
10-01 13:34:31.505 D/FpsProbe(13034): fps=30.0
10-01 13:34:31.768 I/ArPoseProbe(13034): fromTs=0.0% latest=100.0% total=2250
10-01 13:34:32.550 D/FpsProbe(13034): fps=30.0
10-01 13:34:33.585 D/FpsProbe(13034): fps=30.0
10-01 13:34:34.608 D/FpsProbe(13034): fps=30.0
10-01 13:34:34.755 I/ArPoseProbe(13034): fromTs=0.0% latest=100.0% total=2340
10-01 13:34:35.634 D/FpsProbe(13034): fps=30.0
10-01 13:34:36.680 D/FpsProbe(13034): fps=30.0
10-01 13:34:37.701 D/FpsProbe(13034): fps=30.0
10-01 13:34:37.761 I/ArPoseProbe(13034): fromTs=0.0% latest=100.0% total=2430
10-01 13:34:38.742 D/FpsProbe(13034): fps=30.0
10-01 13:34:39.789 D/FpsProbe(13034): fps=30.0
10-01 13:34:40.767 I/ArPoseProbe(13034): fromTs=0.0% latest=100.0% total=2520
10-01 13:34:40.813 D/FpsProbe(13034): fps=30.0
10-01 13:34:41.836 D/FpsProbe(13034): fps=30.0
10-01 13:34:42.867 D/FpsProbe(13034): fps=30.0
10-01 13:34:43.755 I/ArPoseProbe(13034): fromTs=0.0% latest=100.0% total=2610
10-01 13:34:43.929 D/FpsProbe(13034): fps=30.0
10-01 13:34:44.941 D/FpsProbe(13034): fps=30.0
10-01 13:34:45.968 D/FpsProbe(13034): fps=30.0
10-01 13:34:46.760 I/ArPoseProbe(13034): fromTs=0.0% latest=100.0% total=2700
10-01 13:34:47.003 D/FpsProbe(13034): fps=30.0
10-01 13:34:48.042 D/FpsProbe(13034): fps=30.0
10-01 13:34:49.074 D/FpsProbe(13034): fps=30.0
10-01 13:34:49.750 I/ArPoseProbe(13034): fromTs=0.0% latest=100.0% total=2790
10-01 13:34:50.125 D/FpsProbe(13034): fps=30.0
10-01 13:34:51.148 D/FpsProbe(13034): fps=30.0
10-01 13:34:52.166 D/FpsProbe(13034): fps=30.0
10-01 13:34:52.753 I/ArPoseProbe(13034): fromTs=0.0% latest=100.0% total=2880
10-01 13:34:53.199 D/FpsProbe(13034): fps=30.0
10-01 13:34:54.246 D/FpsProbe(13034): fps=30.0
10-01 13:34:55.281 D/FpsProbe(13034): fps=30.0
10-01 13:34:55.746 I/ArPoseProbe(13034): fromTs=0.0% latest=100.0% total=2970
10-01 13:34:56.305 D/FpsProbe(13034): fps=30.0
10-01 13:34:57.345 D/FpsProbe(13034): fps=30.0
10-01 13:34:58.363 D/FpsProbe(13034): fps=30.0
10-01 13:34:58.765 I/ArPoseProbe(13034): fromTs=0.0% latest=100.0% total=3060
10-01 13:34:59.404 D/FpsProbe(13034): fps=30.0
10-01 13:35:00.440 D/FpsProbe(13034): fps=30.0
10-01 13:35:01.469 D/FpsProbe(13034): fps=30.0
10-01 13:35:01.753 I/ArPoseProbe(13034): fromTs=0.0% latest=100.0% total=3150
10-01 13:35:02.494 D/FpsProbe(13034): fps=30.0
10-01 13:35:03.557 D/FpsProbe(13034): fps=30.0
10-01 13:35:04.571 D/FpsProbe(13034): fps=30.0
10-01 13:35:04.745 I/ArPoseProbe(13034): fromTs=0.0% latest=100.0% total=3240
10-01 13:35:05.612 D/FpsProbe(13034): fps=30.0
10-01 13:35:06.644 D/FpsProbe(13034): fps=30.0
10-01 13:35:07.676 D/FpsProbe(13034): fps=30.0
10-01 13:35:07.747 I/ArPoseProbe(13034): fromTs=0.0% latest=100.0% total=3330
10-01 13:35:08.710 D/FpsProbe(13034): fps=30.0
10-01 13:35:09.736 D/FpsProbe(13034): fps=30.0
10-01 13:35:10.752 I/ArPoseProbe(13034): fromTs=0.0% latest=100.0% total=3420
10-01 13:35:10.791 D/FpsProbe(13034): fps=30.0
10-01 13:35:11.809 D/FpsProbe(13034): fps=30.0
10-01 13:35:12.827 D/FpsProbe(13034): fps=30.0
10-01 13:35:13.758 I/ArPoseProbe(13034): fromTs=0.0% latest=100.0% total=3510
10-01 13:35:13.862 D/FpsProbe(13034): fps=30.0
10-01 13:35:14.901 D/FpsProbe(13034): fps=30.0
10-01 13:35:15.968 D/FpsProbe(13034): fps=30.0
10-01 13:35:16.766 I/ArPoseProbe(13034): fromTs=0.0% latest=100.0% total=3600
10-01 13:35:16.960 D/FpsProbe(13034): fps=30.0
10-01 13:35:17.993 D/FpsProbe(13034): fps=30.0
10-01 13:35:19.043 D/FpsProbe(13034): fps=30.0
10-01 13:35:19.752 I/ArPoseProbe(13034): fromTs=0.0% latest=100.0% total=3690
10-01 13:35:20.078 D/FpsProbe(13034): fps=30.0
10-01 13:35:21.109 D/FpsProbe(13034): fps=30.0
10-01 13:35:22.144 D/FpsProbe(13034): fps=30.0
10-01 13:35:22.741 I/ArPoseProbe(13034): fromTs=0.0% latest=100.0% total=3780
10-01 13:35:23.160 D/FpsProbe(13034): fps=30.0
10-01 13:35:24.209 D/FpsProbe(13034): fps=30.0
10-01 13:35:25.259 D/FpsProbe(13034): fps=30.0
10-01 13:35:25.745 I/ArPoseProbe(13034): fromTs=0.0% latest=100.0% total=3870
10-01 13:35:26.273 D/FpsProbe(13034): fps=30.0
10-01 13:35:27.297 D/FpsProbe(13034): fps=30.0
10-01 13:35:28.325 D/FpsProbe(13034): fps=30.0
10-01 13:35:28.751 I/ArPoseProbe(13034): fromTs=0.0% latest=100.0% total=3960
10-01 13:35:29.374 D/FpsProbe(13034): fps=30.0
10-01 13:35:30.411 D/FpsProbe(13034): fps=30.0
10-01 13:35:31.434 D/FpsProbe(13034): fps=30.0
10-01 13:35:31.740 I/ArPoseProbe(13034): fromTs=0.0% latest=100.0% total=4050
10-01 13:35:32.464 D/FpsProbe(13034): fps=30.0
10-01 13:35:33.500 D/FpsProbe(13034): fps=30.0
10-01 13:35:34.524 D/FpsProbe(13034): fps=30.0
10-01 13:35:34.745 I/ArPoseProbe(13034): fromTs=0.0% latest=100.0% total=4140
10-01 13:35:35.571 D/FpsProbe(13034): fps=30.0
10-01 13:35:36.598 D/FpsProbe(13034): fps=30.0
10-01 13:35:37.631 D/FpsProbe(13034): fps=30.0
10-01 13:35:37.750 I/ArPoseProbe(13034): fromTs=0.0% latest=100.0% total=4230
10-01 13:35:38.660 D/FpsProbe(13034): fps=30.0
10-01 13:35:39.691 D/FpsProbe(13034): fps=30.0
10-01 13:35:40.732 D/FpsProbe(13034): fps=30.0
10-01 13:35:40.759 I/ArPoseProbe(13034): fromTs=0.0% latest=100.0% total=4320
10-01 13:35:41.776 D/FpsProbe(13034): fps=30.0
10-01 13:35:42.794 D/FpsProbe(13034): fps=30.0
10-01 13:35:43.763 I/ArPoseProbe(13034): fromTs=0.0% latest=100.0% total=4410
10-01 13:35:43.830 D/FpsProbe(13034): fps=30.0
10-01 13:35:44.851 D/FpsProbe(13034): fps=30.0
10-01 13:35:45.898 D/FpsProbe(13034): fps=30.0
10-01 13:35:46.694 I/ThermalGuard(13034): thermal status -> 1 (depthMin=0ms)
10-01 13:35:46.749 I/ArPoseProbe(13034): fromTs=0.0% latest=100.0% total=4500
10-01 13:35:46.921 D/FpsProbe(13034): fps=30.0
10-01 13:35:47.959 D/FpsProbe(13034): fps=30.0
10-01 13:35:48.994 D/FpsProbe(13034): fps=30.0
10-01 13:35:49.739 I/ArPoseProbe(13034): fromTs=0.0% latest=100.0% total=4590
10-01 13:35:50.018 D/FpsProbe(13034): fps=30.0
10-01 13:35:51.063 D/FpsProbe(13034): fps=30.0
10-01 13:35:52.098 D/FpsProbe(13034): fps=30.0
10-01 13:35:52.744 I/ArPoseProbe(13034): fromTs=0.0% latest=100.0% total=4680
10-01 13:35:53.137 D/FpsProbe(13034): fps=30.0
10-01 13:35:54.169 D/FpsProbe(13034): fps=30.0
10-01 13:35:55.196 D/FpsProbe(13034): fps=30.0
10-01 13:35:55.748 I/ArPoseProbe(13034): fromTs=0.0% latest=100.0% total=4770
10-01 13:35:56.238 D/FpsProbe(13034): fps=30.0
10-01 13:35:57.268 D/FpsProbe(13034): fps=29.0
10-01 13:35:58.295 D/FpsProbe(13034): fps=30.0
10-01 13:35:58.737 I/ArPoseProbe(13034): fromTs=0.0% latest=100.0% total=4860
10-01 13:35:59.321 D/FpsProbe(13034): fps=30.0
10-01 13:36:00.350 D/FpsProbe(13034): fps=30.0
10-01 13:36:01.405 D/FpsProbe(13034): fps=30.0
10-01 13:36:01.746 I/ArPoseProbe(13034): fromTs=0.0% latest=100.0% total=4950
10-01 13:36:02.429 D/FpsProbe(13034): fps=30.0
10-01 13:36:03.456 D/FpsProbe(13034): fps=30.0
10-01 13:36:04.492 D/FpsProbe(13034): fps=30.0
10-01 13:36:04.749 I/ArPoseProbe(13034): fromTs=0.0% latest=100.0% total=5040
10-01 13:36:05.522 D/FpsProbe(13034): fps=30.0
10-01 13:36:06.559 D/FpsProbe(13034): fps=30.0
10-01 13:36:07.587 D/FpsProbe(13034): fps=30.0
10-01 13:36:07.737 I/ArPoseProbe(13034): fromTs=0.0% latest=100.0% total=5130
10-01 13:36:08.621 D/FpsProbe(13034): fps=30.0
10-01 13:36:09.649 D/FpsProbe(13034): fps=30.0
10-01 13:36:10.683 D/FpsProbe(13034): fps=30.0
10-01 13:36:10.742 I/ArPoseProbe(13034): fromTs=0.0% latest=100.0% total=5220
10-01 13:36:11.723 D/FpsProbe(13034): fps=30.0
10-01 13:36:12.760 D/FpsProbe(13034): fps=30.0
10-01 13:36:13.748 I/ArPoseProbe(13034): fromTs=0.0% latest=100.0% total=5310
10-01 13:36:13.792 D/FpsProbe(13034): fps=30.0
10-01 13:36:14.818 D/FpsProbe(13034): fps=30.0
10-01 13:36:15.855 D/FpsProbe(13034): fps=30.0
10-01 13:36:16.736 I/ArPoseProbe(13034): fromTs=0.0% latest=100.0% total=5400
10-01 13:36:16.890 D/FpsProbe(13034): fps=30.0
10-01 13:36:17.924 D/FpsProbe(13034): fps=30.0
10-01 13:36:18.949 D/FpsProbe(13034): fps=30.0
10-01 13:36:19.760 I/ArPoseProbe(13034): fromTs=0.0% latest=100.0% total=5490
10-01 13:36:19.993 D/FpsProbe(13034): fps=30.0
10-01 13:36:21.018 D/FpsProbe(13034): fps=30.0
10-01 13:36:22.057 D/FpsProbe(13034): fps=30.0
10-01 13:36:22.734 I/ArPoseProbe(13034): fromTs=0.0% latest=100.0% total=5580
10-01 13:36:23.093 D/FpsProbe(13034): fps=30.0
10-01 13:36:24.115 D/FpsProbe(13034): fps=30.0
10-01 13:36:25.157 D/FpsProbe(13034): fps=30.0
10-01 13:36:25.736 I/ArPoseProbe(13034): fromTs=0.0% latest=100.0% total=5670
10-01 13:36:26.198 D/FpsProbe(13034): fps=30.0
10-01 13:36:27.244 D/FpsProbe(13034): fps=30.0
10-01 13:36:28.257 D/FpsProbe(13034): fps=30.0
10-01 13:36:28.741 I/ArPoseProbe(13034): fromTs=0.0% latest=100.0% total=5760
10-01 13:36:29.292 D/FpsProbe(13034): fps=30.0
10-01 13:36:30.319 D/FpsProbe(13034): fps=30.0
10-01 13:36:31.348 D/FpsProbe(13034): fps=30.0
10-01 13:36:31.748 I/ArPoseProbe(13034): fromTs=0.0% latest=100.0% total=5850
10-01 13:36:32.384 D/FpsProbe(13034): fps=30.0
10-01 13:36:33.423 D/FpsProbe(13034): fps=30.0
10-01 13:36:34.449 D/FpsProbe(13034): fps=30.0
10-01 13:36:34.735 I/ArPoseProbe(13034): fromTs=0.0% latest=100.0% total=5940
10-01 13:36:35.513 D/FpsProbe(13034): fps=28.1
10-01 14:45:45.573 I/ThermalGuard(26752): initial thermal status = 0 (depthMin=0ms meshScale=1)
10-01 14:45:45.697 I/ThermalGuard(26752): thermal status -> 0 (depthMin=0ms)
10-01 14:45:47.009 I/DepthProvider(26752): probe: 本机没有 DEPTH_OUTPUT 相机（走单目模型）
10-01 14:45:47.080 I/MobileScan3D(26752): V0.4 native create Vulkan=1
10-01 14:45:47.741 I/ArAxesProbe(26752): cameraToView=[1.5183, 0.0000, -0.2591, 0.0000, -1.0000, 1.0000]
10-01 14:45:48.729 D/FpsProbe(26752): fps=29.0
10-01 14:45:49.766 D/FpsProbe(26752): fps=30.0
10-01 14:45:50.744 I/ArPoseProbe(26752): fromTs=0.0% latest=100.0% total=90
10-01 14:45:50.807 D/FpsProbe(26752): fps=30.0
10-01 14:45:51.829 D/FpsProbe(26752): fps=30.0
10-01 14:45:52.866 D/FpsProbe(26752): fps=30.0
10-01 14:45:53.765 I/ArPoseProbe(26752): fromTs=0.0% latest=100.0% total=180
10-01 14:45:53.923 D/FpsProbe(26752): fps=30.0
10-01 14:45:54.951 D/FpsProbe(26752): fps=30.0
10-01 14:45:55.973 D/FpsProbe(26752): fps=30.0
10-01 14:45:56.754 I/ArPoseProbe(26752): fromTs=0.0% latest=100.0% total=270
10-01 14:45:56.998 D/FpsProbe(26752): fps=30.0
10-01 14:45:58.037 D/FpsProbe(26752): fps=30.0
10-01 14:45:59.062 D/FpsProbe(26752): fps=30.0
10-01 14:45:59.758 I/ArPoseProbe(26752): fromTs=0.0% latest=100.0% total=360
10-01 14:46:00.098 D/FpsProbe(26752): fps=30.0
10-01 14:46:01.137 D/FpsProbe(26752): fps=30.0
10-01 14:46:02.182 D/FpsProbe(26752): fps=30.0
10-01 14:46:02.746 I/ArPoseProbe(26752): fromTs=0.0% latest=100.0% total=450
10-01 14:46:03.198 D/FpsProbe(26752): fps=30.0
10-01 14:46:04.230 D/FpsProbe(26752): fps=30.0
10-01 14:46:05.268 D/FpsProbe(26752): fps=30.0
10-01 14:46:05.751 I/ArPoseProbe(26752): fromTs=0.0% latest=100.0% total=540
10-01 14:46:06.321 D/FpsProbe(26752): fps=30.0
10-01 14:46:06.989 I/CameraRange(26752): scan-start capabilities: primary=2 | id=3 fov=94.7 focal=2.31 minFocus=0.032m score=18.35 | cur=3
10-01 14:46:06.989 I/CameraRange(26752): note: only 1 selectable auxiliary lens -> distance-driven switching cannot change the aux id on this device
10-01 14:46:06.991 I/MobileScan3D(26752): V0.4 native create Vulkan=1
10-01 14:46:07.053 W/FrameProbe(26752): nativeOnCameraFrame 17.6 ms (trackedPts=0)
10-01 14:46:07.298 W/FrameProbe(26752): nativeOnCameraFrame 21.4 ms (trackedPts=0)
10-01 14:46:07.351 D/FpsProbe(26752): fps=30.0
10-01 14:46:07.860 I/ArPoseProbe(26752): fromTs=0.0% latest=100.0% total=630
10-01 14:46:07.955 W/FrameProbe(26752): nativeOnCameraFrame 17.5 ms (trackedPts=0)
10-01 14:46:08.380 D/FpsProbe(26752): fps=30.0
10-01 14:46:08.570 W/FrameProbe(26752): nativeOnCameraFrame 91.2 ms (trackedPts=0)
10-01 14:46:08.725 W/FrameProbe(26752): nativeOnCameraFrame 114.7 ms (trackedPts=0)
10-01 14:46:08.818 W/FrameProbe(26752): nativeOnCameraFrame 73.2 ms (trackedPts=0)
10-01 14:46:08.960 W/FrameProbe(26752): nativeOnCameraFrame 74.7 ms (trackedPts=0)
10-01 14:46:09.057 W/FrameProbe(26752): nativeOnCameraFrame 56.3 ms (trackedPts=0)
10-01 14:46:09.120 I/CameraRange(26752): hold 自动/中 等待有效深度 aux=3 reason=policy-hold pending=none/0
10-01 14:46:09.225 W/FrameProbe(26752): nativeOnCameraFrame 74.2 ms (trackedPts=0)
10-01 14:46:09.341 W/FrameProbe(26752): nativeOnCameraFrame 68.3 ms (trackedPts=0)
10-01 14:46:09.470 W/FrameProbe(26752): nativeOnCameraFrame 71.0 ms (trackedPts=0)
10-01 14:46:09.471 D/FpsProbe(26752): fps=23.2 LOW
10-01 14:46:09.488 I/ArPoseProbe(26752): fromTs=4.9% latest=95.1% total=720
10-01 14:46:09.593 W/FrameProbe(26752): nativeOnCameraFrame 60.3 ms (trackedPts=0)
10-01 14:46:09.749 W/FrameProbe(26752): nativeOnCameraFrame 69.2 ms (trackedPts=0)
10-01 14:46:09.846 W/FrameProbe(26752): nativeOnCameraFrame 48.4 ms (trackedPts=0)
10-01 14:46:09.981 W/FrameProbe(26752): nativeOnCameraFrame 50.3 ms (trackedPts=0)
10-01 14:46:10.125 W/FrameProbe(26752): nativeOnCameraFrame 59.3 ms (trackedPts=0)
10-01 14:46:10.262 W/FrameProbe(26752): nativeOnCameraFrame 54.7 ms (trackedPts=0)
10-01 14:46:10.393 W/FrameProbe(26752): nativeOnCameraFrame 53.3 ms (trackedPts=0)
10-01 14:46:11.080 I/MobileScan3D(26752): renderPoseAtTol match: deltaMs=339 newestAgeMs=339 hist=37
10-01 14:46:11.080 I/MobileScan3D(26752): ArAxesProbe raw down=(0.407,-0.910,0.083) fwd=(-0.911,-0.411,-0.039) post down=(0.407,-0.910,0.083) fwd=(-0.911,-0.411,-0.039) deltaMs=338
10-01 14:46:11.080 I/HqTexture(26752): pose relaxed: idx=0 ts=364370007834685 tol=500ms
10-01 14:46:11.210 I/MobileScan3D(26752): renderPoseAtTol match: deltaMs=472 newestAgeMs=472 hist=37
10-01 14:46:11.211 I/HqTexture(26752): pose relaxed: idx=1 ts=364370141143018 tol=500ms
10-01 14:46:11.772 W/FrameProbe(26752): nativeOnCameraFrame 31.9 ms (trackedPts=0)
10-01 14:46:11.773 D/FpsProbe(26752): fps=11.6 LOW
10-01 14:46:11.946 W/FrameProbe(26752): nativeOnCameraFrame 73.9 ms (trackedPts=0)
10-01 14:46:11.995 W/FrameProbe(26752): nativeOnCameraFrame 20.6 ms (trackedPts=0)
10-01 14:46:12.061 W/FrameProbe(26752): nativeOnCameraFrame 53.4 ms (trackedPts=0)
10-01 14:46:12.198 W/FrameProbe(26752): nativeOnCameraFrame 64.8 ms (trackedPts=0)
10-01 14:46:12.324 W/FrameProbe(26752): nativeOnCameraFrame 54.3 ms (trackedPts=0)
10-01 14:46:12.443 I/ArPoseProbe(26752): fromTs=14.1% latest=85.9% total=810
10-01 14:46:12.461 W/FrameProbe(26752): nativeOnCameraFrame 58.1 ms (trackedPts=0)
10-01 14:46:12.618 W/FrameProbe(26752): nativeOnCameraFrame 78.8 ms (trackedPts=0)
10-01 14:46:12.737 W/FrameProbe(26752): nativeOnCameraFrame 65.4 ms (trackedPts=0)
10-01 14:46:12.790 W/FrameProbe(26752): nativeOnCameraFrame 22.1 ms (trackedPts=0)
10-01 14:46:12.790 D/FpsProbe(26752): fps=23.2 LOW
10-01 14:46:12.878 W/FrameProbe(26752): nativeOnCameraFrame 72.8 ms (trackedPts=0)
10-01 14:46:13.000 W/FrameProbe(26752): nativeOnCameraFrame 66.9 ms (trackedPts=0)
10-01 14:46:13.126 W/FrameProbe(26752): nativeOnCameraFrame 57.9 ms (trackedPts=0)
10-01 14:46:13.286 W/FrameProbe(26752): nativeOnCameraFrame 70.5 ms (trackedPts=0)
10-01 14:46:13.402 W/FrameProbe(26752): nativeOnCameraFrame 65.8 ms (trackedPts=0)
10-01 14:46:13.535 W/FrameProbe(26752): nativeOnCameraFrame 63.2 ms (trackedPts=0)
10-01 14:46:13.683 W/FrameProbe(26752): nativeOnCameraFrame 82.1 ms (trackedPts=0)
10-01 14:46:13.841 W/FrameProbe(26752): nativeOnCameraFrame 100.0 ms (trackedPts=0)
10-01 14:46:13.870 D/FpsProbe(26752): fps=23.4 LOW
10-01 14:46:13.963 W/FrameProbe(26752): nativeOnCameraFrame 84.5 ms (trackedPts=0)
10-01 14:46:14.090 W/FrameProbe(26752): nativeOnCameraFrame 87.1 ms (trackedPts=0)
10-01 14:46:14.112 I/ArPoseProbe(26752): fromTs=20.8% latest=79.2% total=900
10-01 14:46:14.124 W/FrameProbe(26752): nativeOnCameraFrame 17.6 ms (trackedPts=0)
10-01 14:46:14.232 W/FrameProbe(26752): nativeOnCameraFrame 67.0 ms (trackedPts=0)
10-01 14:46:14.337 W/FrameProbe(26752): nativeOnCameraFrame 40.2 ms (trackedPts=0)
10-01 14:46:14.351 I/CameraRange(26752): hold 自动/中 等待有效深度 aux=3 reason=policy-hold pending=none/0
10-01 14:46:14.371 W/HqTexture(26752): register skip: pose gate single_228620787832525.jpg idx=3 poseValid=false poseAtOk=false sensorTs=364370341105518
10-01 14:46:14.507 W/FrameProbe(26752): nativeOnCameraFrame 64.0 ms (trackedPts=0)
10-01 14:46:14.616 W/FrameProbe(26752): nativeOnCameraFrame 48.3 ms (trackedPts=0)
10-01 14:46:14.738 W/FrameProbe(26752): nativeOnCameraFrame 35.9 ms (trackedPts=0)
10-01 14:46:14.867 W/FrameProbe(26752): nativeOnCameraFrame 34.9 ms (trackedPts=0)
10-01 14:46:14.875 D/FpsProbe(26752): fps=24.2 LOW
10-01 14:46:15.019 W/FrameProbe(26752): nativeOnCameraFrame 52.3 ms (trackedPts=0)
10-01 14:46:15.163 W/FrameProbe(26752): nativeOnCameraFrame 58.7 ms (trackedPts=0)
10-01 14:46:15.269 W/FrameProbe(26752): nativeOnCameraFrame 32.7 ms (trackedPts=0)
10-01 14:46:15.420 W/FrameProbe(26752): nativeOnCameraFrame 48.6 ms (trackedPts=0)
10-01 14:46:15.530 W/FrameProbe(26752): nativeOnCameraFrame 29.0 ms (trackedPts=0)
10-01 14:46:15.615 I/ArPoseProbe(26752): fromTs=27.1% latest=72.9% total=990
10-01 14:46:15.687 W/FrameProbe(26752): nativeOnCameraFrame 50.1 ms (trackedPts=0)
10-01 14:46:15.796 W/FrameProbe(26752): nativeOnCameraFrame 33.8 ms (trackedPts=0)
10-01 14:46:15.929 W/FrameProbe(26752): nativeOnCameraFrame 28.5 ms (trackedPts=0)
10-01 14:46:15.932 D/FpsProbe(26752): fps=29.0
10-01 14:46:16.065 W/FrameProbe(26752): nativeOnCameraFrame 28.8 ms (trackedPts=0)
10-01 14:46:16.921 I/MobileScan3D(26752): renderPoseAtTol match: deltaMs=320 newestAgeMs=320 hist=120
10-01 14:46:16.921 I/MobileScan3D(26752): ArAxesProbe raw down=(0.305,-0.952,-0.027) fwd=(-0.949,-0.301,-0.092) post down=(0.305,-0.952,-0.027) fwd=(-0.949,-0.301,-0.092) deltaMs=320
10-01 14:46:16.921 I/HqTexture(26752): pose relaxed: idx=0 ts=364375789227706 tol=500ms
10-01 14:46:17.074 I/MobileScan3D(26752): renderPoseAtTol match: deltaMs=454 newestAgeMs=454 hist=120
10-01 14:46:17.074 I/HqTexture(26752): pose relaxed: idx=1 ts=364375922536039 tol=500ms
10-01 14:46:17.694 W/FrameProbe(26752): nativeOnCameraFrame 33.7 ms (trackedPts=0)
10-01 14:46:17.694 D/FpsProbe(26752): fps=4.0 LOW
10-01 14:46:17.847 W/FrameProbe(26752): nativeOnCameraFrame 54.6 ms (trackedPts=0)
10-01 14:46:17.965 W/FrameProbe(26752): nativeOnCameraFrame 43.4 ms (trackedPts=0)
10-01 14:46:18.111 W/FrameProbe(26752): nativeOnCameraFrame 58.1 ms (trackedPts=0)
10-01 14:46:18.177 W/FrameProbe(26752): nativeOnCameraFrame 19.1 ms (trackedPts=0)
10-01 14:46:18.250 W/FrameProbe(26752): nativeOnCameraFrame 57.0 ms (trackedPts=0)
10-01 14:46:18.378 W/FrameProbe(26752): nativeOnCameraFrame 48.8 ms (trackedPts=0)
10-01 14:46:18.413 I/DepthInferencePerf(26752): frames=30 preprocess p50=7.321875ms p95=27.572708ms | inference p50=151.03572ms p95=373.03433ms | copy p50=0.019427ms p95=0.051303ms | total p50=156.62115ms p95=386.2637ms
10-01 14:46:18.414 I/MobileScan3D(26752): DepthProbe calib valid=1 scale=0.0015 shift=0.8958 conf=0.356 samples=864 spanRel=1.065 invZSpan=0.718 acc=8 rej=0 reason= | fusionDepth min=0.337 max=0.939 mean=0.618 valid=65536 fallback=0 | scanMax=1.00 worldPerMeter=1.0000 worldScaleUsable=0 | epochA=0 susp=0
10-01 14:46:18.414 I/MobileScan3D(26752): EpochProbe active=0 susp=0 opens=0 index=0 suspendEvents=0 suspendedFrames=0 driftRejects=0 lastDriftRel=0.0000 frozenRecoveries=0 stableStreak=0 badStreak=6 suspendStreak=0 | frozen scale=1.0000 shift=0.0000 inv=0 refRaw=0.0000 refZ=0.0000 frozenN=0 frozenConf=0.000 | live scale=0.0015 shift=0.8958 conf=0.356 samples=864 inv=1 | norm A=0.00000 B=0.00000 reparms=0 lastScaleRel=0.0000 changesWhileEpoch=0
10-01 14:46:18.414 I/MobileScan3D(26752): StereoProbe worldPerMeter=0.9652 stable=0 frameScale=0.9652 medRel=0.100 denseRel=0.091 samples=7 | scaleAcc=1 scaleRej=0(noBase=0 few=0 resid=0 jump=0) | calibStereo acc=0 rej=0 uniq=0 copies=0 | geom batches=0 stale=0 dropNoPose=0 dropNoScale=0 dropResid=0 | submitted=2 anchors=105 matched=1 inputRej=0 seen=30 miss=1
10-01 14:46:18.414 I/PerfStage(26752): entered=30 done=30 calib p50=0.3 p95=0.7 | temporal p50=0.0 p95=0.0 | weight p50=0.0 p95=0.0 | fuse p50=0.0 p95=0.0 | surfel p50=0.0 p95=0.0 | stereo p50=0.0 p95=0.0 | lock p50=0.0 p95=0.0 | total p50=1.4 p95=52.5 | tmask tested=0 agree=0 disagree=0 | lockWait=0.0
10-01 14:46:18.414 I/PerfGate(26752): depthEarly world=0 noSnap=0 staleGen=0 dup=0 | retain ok=30 noPose=60 mismatch=0 badTs=0 | poseTol hit=4 missWorld=0 missEmpty=0 missOver=4
10-01 14:46:18.543 W/FrameProbe(26752): nativeOnCameraFrame 82.4 ms (trackedPts=0)
10-01 14:46:18.624 W/FrameProbe(26752): nativeOnCameraFrame 34.8 ms (trackedPts=0)
10-01 14:46:18.688 I/ArPoseProbe(26752): fromTs=32.3% latest=67.7% total=1080
10-01 14:46:18.717 W/FrameProbe(26752): nativeOnCameraFrame 25.1 ms (trackedPts=0)
10-01 14:46:18.718 D/FpsProbe(26752): fps=26.1
10-01 14:46:18.792 W/FrameProbe(26752): nativeOnCameraFrame 65.1 ms (trackedPts=0)
10-01 14:46:18.911 W/FrameProbe(26752): nativeOnCameraFrame 54.5 ms (trackedPts=0)
10-01 14:46:19.037 W/FrameProbe(26752): nativeOnCameraFrame 49.6 ms (trackedPts=0)
10-01 14:46:19.150 W/FrameProbe(26752): nativeOnCameraFrame 30.4 ms (trackedPts=0)
10-01 14:46:19.216 W/FrameProbe(26752): nativeOnCameraFrame 21.6 ms (trackedPts=0)
10-01 14:46:19.317 W/FrameProbe(26752): nativeOnCameraFrame 57.7 ms (trackedPts=0)
10-01 14:46:19.435 W/FrameProbe(26752): nativeOnCameraFrame 42.0 ms (trackedPts=0)
10-01 14:46:19.467 I/HqTexture(26752): register ok: fused_228626565486377.jpg idx=0 q=2.50 ts=364375789227706
10-01 14:46:19.491 I/CameraRange(26752): hold 自动/中 等待有效深度 aux=3 reason=policy-hold pending=none/0
10-01 14:46:19.563 W/FrameProbe(26752): nativeOnCameraFrame 43.7 ms (trackedPts=0)
10-01 14:46:19.690 W/FrameProbe(26752): nativeOnCameraFrame 34.0 ms (trackedPts=0)
10-01 14:46:19.728 D/FpsProbe(26752): fps=28.1
10-01 14:46:19.845 W/FrameProbe(26752): nativeOnCameraFrame 58.2 ms (trackedPts=0)
10-01 14:46:19.955 W/FrameProbe(26752): nativeOnCameraFrame 28.9 ms (trackedPts=0)
10-01 14:46:20.099 W/FrameProbe(26752): nativeOnCameraFrame 39.0 ms (trackedPts=0)
10-01 14:46:20.198 I/ArPoseProbe(26752): fromTs=36.8% latest=63.2% total=1170
10-01 14:46:20.220 W/FrameProbe(26752): nativeOnCameraFrame 28.1 ms (trackedPts=0)
10-01 14:46:20.352 W/FrameProbe(26752): nativeOnCameraFrame 26.1 ms (trackedPts=0)
10-01 14:46:20.490 W/FrameProbe(26752): nativeOnCameraFrame 35.2 ms (trackedPts=0)
10-01 14:46:20.631 W/FrameProbe(26752): nativeOnCameraFrame 40.0 ms (trackedPts=0)
10-01 14:46:20.754 W/FrameProbe(26752): nativeOnCameraFrame 29.2 ms (trackedPts=0)
10-01 14:46:20.764 D/FpsProbe(26752): fps=30.0
10-01 14:46:20.901 W/FrameProbe(26752): nativeOnCameraFrame 43.6 ms (trackedPts=0)
10-01 14:46:21.020 W/FrameProbe(26752): nativeOnCameraFrame 26.1 ms (trackedPts=0)
10-01 14:46:21.153 W/FrameProbe(26752): nativeOnCameraFrame 27.9 ms (trackedPts=0)
10-01 14:46:21.286 W/FrameProbe(26752): nativeOnCameraFrame 31.0 ms (trackedPts=0)
10-01 14:46:21.312 W/FrameProbe(26752): nativeOnCameraFrame 19.8 ms (trackedPts=0)
10-01 14:46:21.432 W/FrameProbe(26752): nativeOnCameraFrame 40.4 ms (trackedPts=0)
10-01 14:46:21.554 W/FrameProbe(26752): nativeOnCameraFrame 34.7 ms (trackedPts=0)
10-01 14:46:21.674 I/ArPoseProbe(26752): fromTs=41.0% latest=59.0% total=1260
10-01 14:46:21.683 W/FrameProbe(26752): nativeOnCameraFrame 29.4 ms (trackedPts=0)
10-01 14:46:21.840 W/FrameProbe(26752): nativeOnCameraFrame 47.8 ms (trackedPts=0)
10-01 14:46:21.840 D/FpsProbe(26752): fps=30.0
10-01 14:46:21.987 W/FrameProbe(26752): nativeOnCameraFrame 62.6 ms (trackedPts=0)
10-01 14:46:22.098 W/FrameProbe(26752): nativeOnCameraFrame 39.0 ms (trackedPts=0)
10-01 14:46:22.234 W/FrameProbe(26752): nativeOnCameraFrame 42.0 ms (trackedPts=0)
10-01 14:46:22.359 W/FrameProbe(26752): nativeOnCameraFrame 34.4 ms (trackedPts=0)
10-01 14:46:22.486 W/FrameProbe(26752): nativeOnCameraFrame 26.7 ms (trackedPts=0)
10-01 14:46:22.631 W/FrameProbe(26752): nativeOnCameraFrame 36.7 ms (trackedPts=0)
10-01 14:46:22.758 W/FrameProbe(26752): nativeOnCameraFrame 31.7 ms (trackedPts=0)
10-01 14:46:22.827 D/FpsProbe(26752): fps=29.0
10-01 14:46:22.900 W/FrameProbe(26752): nativeOnCameraFrame 43.6 ms (trackedPts=0)
10-01 14:46:23.017 W/FrameProbe(26752): nativeOnCameraFrame 24.4 ms (trackedPts=0)
10-01 14:46:23.171 W/FrameProbe(26752): nativeOnCameraFrame 42.7 ms (trackedPts=0)
10-01 14:46:23.185 I/ArPoseProbe(26752): fromTs=44.3% latest=55.7% total=1350
10-01 14:46:23.282 W/FrameProbe(26752): nativeOnCameraFrame 29.9 ms (trackedPts=0)
10-01 14:46:23.407 W/FrameProbe(26752): nativeOnCameraFrame 21.1 ms (trackedPts=0)
10-01 14:46:23.553 W/FrameProbe(26752): nativeOnCameraFrame 31.6 ms (trackedPts=0)
10-01 14:46:23.697 W/FrameProbe(26752): nativeOnCameraFrame 34.5 ms (trackedPts=0)
10-01 14:46:23.722 W/FrameProbe(26752): nativeOnCameraFrame 17.9 ms (trackedPts=0)
10-01 14:46:23.753 I/DepthInferencePerf(26752): frames=60 preprocess p50=5.734219ms p95=17.258331ms | inference p50=143.95598ms p95=221.45692ms | copy p50=0.019375ms p95=0.040364ms | total p50=151.3098ms p95=290.8804ms
10-01 14:46:23.755 I/MobileScan3D(26752): FusionDiag depthFrames=60 usable=1 epochActive=0 epochSusp=0 fused=0 gated=59 | temporal checks=0 rejects=0 ratio=1.000 tested=0 agree=0 stale=0 refAgeMs=-1 | guard refs=0 checks=0 rejected=0 tested=0 ratio=1.000
10-01 14:46:23.755 I/MobileScan3D(26752): DepthProbe calib valid=1 scale=0.0015 shift=0.8958 conf=0.356 samples=864 spanRel=1.065 invZSpan=0.718 acc=8 rej=7 reason=scale jump rejected | fusionDepth min=0.409 max=0.787 mean=0.597 valid=65536 fallback=0 | scanMax=1.00 worldPerMeter=1.0000 worldScaleUsable=0 | epochA=0 susp=0
10-01 14:46:23.755 I/MobileScan3D(26752): EpochProbe active=0 susp=0 opens=0 index=0 suspendEvents=0 suspendedFrames=0 driftRejects=0 lastDriftRel=0.0000 frozenRecoveries=0 stableStreak=0 badStreak=36 suspendStreak=0 | frozen scale=1.0000 shift=0.0000 inv=0 refRaw=0.0000 refZ=0.0000 frozenN=0 frozenConf=0.000 | live scale=0.0015 shift=0.8958 conf=0.356 samples=864 inv=1 | norm A=0.00000 B=0.00000 reparms=0 lastScaleRel=0.0000 changesWhileEpoch=0
10-01 14:46:23.755 I/MobileScan3D(26752): StereoProbe worldPerMeter=0.9415 stable=0 frameScale=0.8465 medRel=0.033 denseRel=0.033 samples=16 | scaleAcc=2 scaleRej=0(noBase=0 few=0 resid=0 jump=0) | calibStereo acc=0 rej=0 uniq=0 copies=0 | geom batches=0 stale=0 dropNoPose=0 dropNoScale=0 dropResid=0 | submitted=3 anchors=201 matched=2 inputRej=0 seen=60 miss=1
10-01 14:46:23.755 I/PerfStage(26752): entered=60 done=60 calib p50=0.3 p95=0.7 | temporal p50=0.0 p95=0.0 | weight p50=0.0 p95=0.0 | fuse p50=0.0 p95=0.0 | surfel p50=0.0 p95=0.0 | stereo p50=0.0 p95=0.0 | lock p50=0.0 p95=0.0 | total p50=1.6 p95=34.7 | tmask tested=0 agree=0 disagree=0 | lockWait=0.0
10-01 14:46:23.755 I/PerfGate(26752): depthEarly world=0 noSnap=0 staleGen=0 dup=0 | retain ok=60 noPose=66 mismatch=0 badTs=0 | poseTol hit=4 missWorld=0 missEmpty=0 missOver=4
10-01 14:46:23.828 W/FrameProbe(26752): nativeOnCameraFrame 32.2 ms (trackedPts=0)
10-01 14:46:23.868 D/FpsProbe(26752): fps=30.0
10-01 14:46:23.908 I/MobileScan3D(26752): CalibProbe ns=93 vinsN=93 stereoUniq=0 total=89 | d p10=312.5 p50=460.8 p90=749.2 | z p10=0.317 p50=0.429 p90=0.657 | invz p10=1.457 p50=2.330 p90=3.135
10-01 14:46:23.962 W/FrameProbe(26752): nativeOnCameraFrame 28.9 ms (trackedPts=0)
10-01 14:46:24.087 W/FrameProbe(26752): nativeOnCameraFrame 29.6 ms (trackedPts=0)
10-01 14:46:24.228 W/FrameProbe(26752): nativeOnCameraFrame 27.1 ms (trackedPts=0)
10-01 14:46:24.365 W/FrameProbe(26752): nativeOnCameraFrame 41.9 ms (trackedPts=0)
10-01 14:46:24.493 W/FrameProbe(26752): nativeOnCameraFrame 38.6 ms (trackedPts=0)
10-01 14:46:24.615 W/FrameProbe(26752): nativeOnCameraFrame 25.7 ms (trackedPts=0)
10-01 14:46:24.635 I/CameraRange(26752): hold 自动/中 等待有效深度 aux=3 reason=policy-hold pending=none/0
10-01 14:46:24.680 I/ArPoseProbe(26752): fromTs=46.8% latest=53.2% total=1440
10-01 14:46:24.759 W/FrameProbe(26752): nativeOnCameraFrame 32.2 ms (trackedPts=0)
10-01 14:46:24.885 W/FrameProbe(26752): nativeOnCameraFrame 22.3 ms (trackedPts=0)
10-01 14:46:24.899 D/FpsProbe(26752): fps=30.0
10-01 14:46:25.011 W/FrameProbe(26752): nativeOnCameraFrame 25.9 ms (trackedPts=0)
10-01 14:46:25.158 W/FrameProbe(26752): nativeOnCameraFrame 35.8 ms (trackedPts=0)
10-01 14:46:25.293 W/FrameProbe(26752): nativeOnCameraFrame 31.3 ms (trackedPts=0)
10-01 14:46:25.413 W/FrameProbe(26752): nativeOnCameraFrame 23.5 ms (trackedPts=0)
10-01 14:46:25.557 W/FrameProbe(26752): nativeOnCameraFrame 23.1 ms (trackedPts=0)
10-01 14:46:26.245 I/MobileScan3D(26752): renderPoseAtTol match: deltaMs=202 newestAgeMs=202 hist=120
10-01 14:46:26.245 I/MobileScan3D(26752): ArAxesProbe raw down=(0.199,-0.979,0.029) fwd=(-0.883,-0.193,-0.427) post down=(0.199,-0.979,0.029) fwd=(-0.883,-0.193,-0.427) deltaMs=202
10-01 14:46:26.245 I/HqTexture(26752): pose relaxed: idx=0 ts=364385158711612 tol=500ms
10-01 14:46:26.408 I/MobileScan3D(26752): renderPoseAtTol match: deltaMs=336 newestAgeMs=336 hist=120
10-01 14:46:26.408 I/HqTexture(26752): pose relaxed: idx=1 ts=364385292019945 tol=500ms
10-01 14:46:26.578 I/MobileScan3D(26752): renderPoseAtTol match: deltaMs=436 newestAgeMs=436 hist=120
10-01 14:46:26.578 I/HqTexture(26752): pose relaxed: idx=2 ts=364385392001195 tol=500ms
10-01 14:46:27.167 W/FrameProbe(26752): nativeOnCameraFrame 35.6 ms (trackedPts=0)
10-01 14:46:27.168 D/FpsProbe(26752): fps=9.8 LOW
10-01 14:46:27.555 W/FrameProbe(26752): nativeOnCameraFrame 31.2 ms (trackedPts=0)
10-01 14:46:27.689 W/FrameProbe(26752): nativeOnCameraFrame 31.6 ms (trackedPts=0)
10-01 14:46:27.836 W/FrameProbe(26752): nativeOnCameraFrame 44.8 ms (trackedPts=0)
10-01 14:46:27.956 W/FrameProbe(26752): nativeOnCameraFrame 27.7 ms (trackedPts=0)
10-01 14:46:28.031 W/HqTexture(26752): register skip: pose gate single_228636048037154.jpg idx=3 poseValid=false poseAtOk=false sensorTs=364385491982445
10-01 14:46:28.033 I/ArPoseProbe(26752): fromTs=49.2% latest=50.8% total=1530
10-01 14:46:28.102 W/FrameProbe(26752): nativeOnCameraFrame 42.8 ms (trackedPts=0)
10-01 14:46:28.133 D/FpsProbe(26752): fps=18.0 LOW
10-01 14:46:28.232 W/FrameProbe(26752): nativeOnCameraFrame 37.7 ms (trackedPts=0)
10-01 14:46:28.352 W/FrameProbe(26752): nativeOnCameraFrame 26.4 ms (trackedPts=0)
10-01 14:46:28.486 W/FrameProbe(26752): nativeOnCameraFrame 26.0 ms (trackedPts=0)
10-01 14:46:28.637 W/FrameProbe(26752): nativeOnCameraFrame 43.0 ms (trackedPts=0)
10-01 14:46:28.751 W/FrameProbe(26752): nativeOnCameraFrame 21.9 ms (trackedPts=0)
10-01 14:46:28.910 W/FrameProbe(26752): nativeOnCameraFrame 48.6 ms (trackedPts=0)
10-01 14:46:29.027 W/FrameProbe(26752): nativeOnCameraFrame 36.4 ms (trackedPts=0)
10-01 14:46:29.152 W/FrameProbe(26752): nativeOnCameraFrame 27.1 ms (trackedPts=0)
10-01 14:46:29.162 D/FpsProbe(26752): fps=30.0
10-01 14:46:29.293 W/FrameProbe(26752): nativeOnCameraFrame 28.9 ms (trackedPts=0)
10-01 14:46:29.427 W/FrameProbe(26752): nativeOnCameraFrame 27.6 ms (trackedPts=0)
10-01 14:46:29.528 I/ArPoseProbe(26752): fromTs=51.4% latest=48.6% total=1620
10-01 14:46:29.554 W/FrameProbe(26752): nativeOnCameraFrame 26.9 ms (trackedPts=0)
10-01 14:46:29.693 W/FrameProbe(26752): nativeOnCameraFrame 34.2 ms (trackedPts=0)
10-01 14:46:29.720 I/CameraRange(26752): hold 自动/中 等待有效深度 aux=3 reason=policy-hold pending=none/0
10-01 14:46:29.826 W/FrameProbe(26752): nativeOnCameraFrame 30.5 ms (trackedPts=0)
10-01 14:46:29.970 W/FrameProbe(26752): nativeOnCameraFrame 42.5 ms (trackedPts=0)
10-01 14:46:30.089 W/FrameProbe(26752): nativeOnCameraFrame 24.8 ms (trackedPts=0)
10-01 14:46:30.217 W/FrameProbe(26752): nativeOnCameraFrame 25.6 ms (trackedPts=0)
10-01 14:46:30.217 D/FpsProbe(26752): fps=30.0
10-01 14:46:30.379 W/FrameProbe(26752): nativeOnCameraFrame 48.9 ms (trackedPts=0)
10-01 14:46:30.497 W/FrameProbe(26752): nativeOnCameraFrame 33.3 ms (trackedPts=0)
10-01 14:46:30.614 W/FrameProbe(26752): nativeOnCameraFrame 19.5 ms (trackedPts=0)
10-01 14:46:30.718 I/DepthInferencePerf(26752): frames=90 preprocess p50=5.705886ms p95=16.642292ms | inference p50=143.29182ms p95=216.92932ms | copy p50=0.019063ms p95=0.040364ms | total p50=149.53871ms p95=232.24095ms
10-01 14:46:30.719 I/MobileScan3D(26752): DepthProbe calib valid=1 scale=0.0015 shift=0.8958 conf=0.356 samples=864 spanRel=1.065 invZSpan=0.718 acc=8 rej=15 reason=scale jump rejected | fusionDepth min=0.405 max=0.764 mean=0.595 valid=65536 fallback=0 | scanMax=1.00 worldPerMeter=1.0000 worldScaleUsable=0 | epochA=0 susp=0
10-01 14:46:30.719 I/MobileScan3D(26752): EpochProbe active=0 susp=0 opens=0 index=0 suspendEvents=0 suspendedFrames=0 driftRejects=0 lastDriftRel=0.0000 frozenRecoveries=0 stableStreak=0 badStreak=66 suspendStreak=0 | frozen scale=1.0000 shift=0.0000 inv=0 refRaw=0.0000 refZ=0.0000 frozenN=0 frozenConf=0.000 | live scale=0.0015 shift=0.8958 conf=0.356 samples=864 inv=1 | norm A=0.00000 B=0.00000 reparms=0 lastScaleRel=0.0000 changesWhileEpoch=0
10-01 14:46:30.719 I/MobileScan3D(26752): StereoProbe worldPerMeter=0.9415 stable=0 frameScale=2.1283 medRel=0.066 denseRel=0.066 samples=96 | scaleAcc=2 scaleRej=5(noBase=0 few=2 resid=1 jump=2) | calibStereo acc=0 rej=0 uniq=0 copies=0 | geom batches=0 stale=0 dropNoPose=0 dropNoScale=0 dropResid=0 | submitted=8 anchors=508 matched=7 inputRej=0 seen=90 miss=1
10-01 14:46:30.719 I/PerfStage(26752): entered=90 done=90 calib p50=0.3 p95=0.7 | temporal p50=0.0 p95=0.0 | weight p50=0.0 p95=0.0 | fuse p50=0.0 p95=0.0 | surfel p50=0.0 p95=0.0 | stereo p50=0.0 p95=0.0 | lock p50=0.0 p95=0.0 | total p50=1.4 p95=26.9 | tmask tested=0 agree=0 disagree=0 | lockWait=0.0
10-01 14:46:30.719 I/PerfGate(26752): depthEarly world=0 noSnap=0 staleGen=0 dup=0 | retain ok=90 noPose=76 mismatch=0 badTs=0 | poseTol hit=7 missWorld=0 missEmpty=0 missOver=5
10-01 14:46:30.751 W/FrameProbe(26752): nativeOnCameraFrame 21.4 ms (trackedPts=0)
10-01 14:46:30.892 W/FrameProbe(26752): nativeOnCameraFrame 33.3 ms (trackedPts=0)
10-01 14:46:31.032 W/FrameProbe(26752): nativeOnCameraFrame 36.4 ms (trackedPts=0)
10-01 14:46:31.032 I/ArPoseProbe(26752): fromTs=53.2% latest=46.8% total=1710
10-01 14:46:31.165 W/FrameProbe(26752): nativeOnCameraFrame 37.7 ms (trackedPts=0)
10-01 14:46:31.234 D/FpsProbe(26752): fps=30.0
10-01 14:46:31.285 W/FrameProbe(26752): nativeOnCameraFrame 20.3 ms (trackedPts=0)
10-01 14:46:31.430 W/FrameProbe(26752): nativeOnCameraFrame 37.6 ms (trackedPts=0)
10-01 14:46:31.549 W/FrameProbe(26752): nativeOnCameraFrame 24.5 ms (trackedPts=0)
10-01 14:46:31.684 W/FrameProbe(26752): nativeOnCameraFrame 23.1 ms (trackedPts=0)
10-01 14:46:31.823 W/FrameProbe(26752): nativeOnCameraFrame 26.0 ms (trackedPts=0)
10-01 14:46:31.950 W/FrameProbe(26752): nativeOnCameraFrame 24.6 ms (trackedPts=0)
10-01 14:46:32.095 W/FrameProbe(26752): nativeOnCameraFrame 30.5 ms (trackedPts=0)
10-01 14:46:32.224 W/FrameProbe(26752): nativeOnCameraFrame 28.5 ms (trackedPts=0)
10-01 14:46:32.265 D/FpsProbe(26752): fps=30.0
10-01 14:46:32.359 W/FrameProbe(26752): nativeOnCameraFrame 35.1 ms (trackedPts=0)
10-01 14:46:32.494 W/FrameProbe(26752): nativeOnCameraFrame 35.6 ms (trackedPts=0)
10-01 14:46:32.515 I/ArPoseProbe(26752): fromTs=54.8% latest=45.2% total=1800
10-01 14:46:32.618 W/FrameProbe(26752): nativeOnCameraFrame 25.1 ms (trackedPts=0)
10-01 14:46:32.762 W/FrameProbe(26752): nativeOnCameraFrame 37.0 ms (trackedPts=0)
10-01 14:46:32.884 W/FrameProbe(26752): nativeOnCameraFrame 25.1 ms (trackedPts=0)
10-01 14:46:33.030 W/FrameProbe(26752): nativeOnCameraFrame 37.8 ms (trackedPts=0)
10-01 14:46:33.174 W/FrameProbe(26752): nativeOnCameraFrame 39.9 ms (trackedPts=0)
10-01 14:46:33.302 W/FrameProbe(26752): nativeOnCameraFrame 38.9 ms (trackedPts=0)
10-01 14:46:33.312 D/FpsProbe(26752): fps=30.0
10-01 14:46:33.432 W/FrameProbe(26752): nativeOnCameraFrame 34.7 ms (trackedPts=0)
10-01 14:46:33.566 W/FrameProbe(26752): nativeOnCameraFrame 41.5 ms (trackedPts=0)
10-01 14:46:33.698 W/FrameProbe(26752): nativeOnCameraFrame 35.3 ms (trackedPts=0)
10-01 14:46:33.835 W/FrameProbe(26752): nativeOnCameraFrame 34.5 ms (trackedPts=0)
10-01 14:46:33.962 W/FrameProbe(26752): nativeOnCameraFrame 39.6 ms (trackedPts=0)
10-01 14:46:34.011 I/ArPoseProbe(26752): fromTs=56.8% latest=43.2% total=1890
10-01 14:46:34.086 W/FrameProbe(26752): nativeOnCameraFrame 25.9 ms (trackedPts=0)
10-01 14:46:34.233 W/FrameProbe(26752): nativeOnCameraFrame 40.5 ms (trackedPts=0)
10-01 14:46:34.368 W/FrameProbe(26752): nativeOnCameraFrame 38.8 ms (trackedPts=0)
10-01 14:46:34.368 D/FpsProbe(26752): fps=30.0
10-01 14:46:34.480 W/FrameProbe(26752): nativeOnCameraFrame 26.1 ms (trackedPts=0)
10-01 14:46:34.623 W/FrameProbe(26752): nativeOnCameraFrame 33.0 ms (trackedPts=0)
10-01 14:46:34.776 W/FrameProbe(26752): nativeOnCameraFrame 26.7 ms (trackedPts=0)
10-01 14:46:34.835 I/CameraRange(26752): hold 自动/中 等待有效深度 aux=3 reason=policy-hold pending=none/0
10-01 14:46:34.889 W/FrameProbe(26752): nativeOnCameraFrame 26.6 ms (trackedPts=0)
10-01 14:46:35.016 W/FrameProbe(26752): nativeOnCameraFrame 27.0 ms (trackedPts=0)
10-01 14:46:35.153 W/FrameProbe(26752): nativeOnCameraFrame 20.8 ms (trackedPts=0)
10-01 14:46:35.296 W/FrameProbe(26752): nativeOnCameraFrame 37.4 ms (trackedPts=0)
10-01 14:46:35.362 D/FpsProbe(26752): fps=30.0
10-01 14:46:35.439 W/FrameProbe(26752): nativeOnCameraFrame 40.4 ms (trackedPts=0)
10-01 14:46:35.507 I/ArPoseProbe(26752): fromTs=58.4% latest=41.6% total=1980
10-01 14:46:35.571 W/FrameProbe(26752): nativeOnCameraFrame 46.9 ms (trackedPts=0)
10-01 14:46:35.690 W/FrameProbe(26752): nativeOnCameraFrame 33.0 ms (trackedPts=0)
10-01 14:46:35.827 W/FrameProbe(26752): nativeOnCameraFrame 35.5 ms (trackedPts=0)
10-01 14:46:35.898 I/DepthInferencePerf(26752): frames=120 preprocess p50=5.65651ms p95=13.438229ms | inference p50=143.07556ms p95=205.3125ms | copy p50=0.019948ms p95=0.036979ms | total p50=148.75233ms p95=222.65474ms
10-01 14:46:35.901 I/MobileScan3D(26752): FusionDiag depthFrames=120 usable=1 epochActive=0 epochSusp=0 fused=0 gated=119 | temporal checks=0 rejects=0 ratio=1.000 tested=0 agree=0 stale=0 refAgeMs=-1 | guard refs=0 checks=0 rejected=0 tested=0 ratio=1.000
10-01 14:46:35.901 I/MobileScan3D(26752): DepthProbe calib valid=1 scale=0.0015 shift=0.8958 conf=0.356 samples=864 spanRel=1.065 invZSpan=0.718 acc=8 rej=21 reason=scale jump rejected | fusionDepth min=0.406 max=0.791 mean=0.606 valid=65536 fallback=0 | scanMax=1.00 worldPerMeter=1.0000 worldScaleUsable=0 | epochA=0 susp=0
10-01 14:46:35.901 I/MobileScan3D(26752): EpochProbe active=0 susp=0 opens=0 index=0 suspendEvents=0 suspendedFrames=0 driftRejects=0 lastDriftRel=0.0000 frozenRecoveries=0 stableStreak=0 badStreak=96 suspendStreak=0 | frozen scale=1.0000 shift=0.0000 inv=0 refRaw=0.0000 refZ=0.0000 frozenN=0 frozenConf=0.000 | live scale=0.0015 shift=0.8958 conf=0.356 samples=864 inv=1 | norm A=0.00000 B=0.00000 reparms=0 lastScaleRel=0.0000 changesWhileEpoch=0
10-01 14:46:35.901 I/MobileScan3D(26752): StereoProbe worldPerMeter=0.9415 stable=0 frameScale=2.4871 medRel=0.043 denseRel=0.044 samples=96 | scaleAcc=2 scaleRej=11(noBase=0 few=2 resid=3 jump=6) | calibStereo acc=0 rej=0 uniq=0 copies=0 | geom batches=0 stale=0 dropNoPose=0 dropNoScale=0 dropResid=0 | submitted=14 anchors=1084 matched=13 inputRej=0 seen=120 miss=1
10-01 14:46:35.901 I/PerfStage(26752): entered=120 done=120 calib p50=0.3 p95=0.6 | temporal p50=0.0 p95=0.0 | weight p50=0.0 p95=0.0 | fuse p50=0.0 p95=0.0 | surfel p50=0.0 p95=0.0 | stereo p50=0.0 p95=0.0 | lock p50=0.0 p95=0.0 | total p50=1.4 p95=25.2 | tmask tested=0 agree=0 disagree=0 | lockWait=0.0
10-01 14:46:35.901 I/PerfGate(26752): depthEarly world=0 noSnap=0 staleGen=0 dup=0 | retain ok=120 noPose=80 mismatch=0 badTs=0 | poseTol hit=7 missWorld=0 missEmpty=0 missOver=5
10-01 14:46:35.945 W/FrameProbe(26752): nativeOnCameraFrame 21.3 ms (trackedPts=0)
10-01 14:46:36.093 W/FrameProbe(26752): nativeOnCameraFrame 24.6 ms (trackedPts=0)
10-01 14:46:36.225 W/FrameProbe(26752): nativeOnCameraFrame 25.1 ms (trackedPts=0)
10-01 14:46:36.354 W/FrameProbe(26752): nativeOnCameraFrame 27.8 ms (trackedPts=0)
10-01 14:46:36.398 D/FpsProbe(26752): fps=30.0
10-01 14:46:36.501 W/FrameProbe(26752): nativeOnCameraFrame 43.6 ms (trackedPts=0)
10-01 14:46:36.629 W/FrameProbe(26752): nativeOnCameraFrame 27.8 ms (trackedPts=0)
10-01 14:46:36.781 W/FrameProbe(26752): nativeOnCameraFrame 41.9 ms (trackedPts=0)
10-01 14:46:36.888 W/FrameProbe(26752): nativeOnCameraFrame 21.8 ms (trackedPts=0)
10-01 14:46:36.999 I/ArPoseProbe(26752): fromTs=59.9% latest=40.1% total=2070
10-01 14:46:37.012 W/FrameProbe(26752): nativeOnCameraFrame 23.6 ms (trackedPts=0)
10-01 14:46:37.158 W/FrameProbe(26752): nativeOnCameraFrame 35.5 ms (trackedPts=0)
10-01 14:46:37.311 W/FrameProbe(26752): nativeOnCameraFrame 51.2 ms (trackedPts=0)
10-01 14:46:37.437 W/FrameProbe(26752): nativeOnCameraFrame 39.9 ms (trackedPts=0)
10-01 14:46:37.447 D/FpsProbe(26752): fps=30.0
10-01 14:46:37.573 W/FrameProbe(26752): nativeOnCameraFrame 39.9 ms (trackedPts=0)
10-01 14:46:37.694 W/FrameProbe(26752): nativeOnCameraFrame 35.4 ms (trackedPts=0)
10-01 14:46:37.835 W/FrameProbe(26752): nativeOnCameraFrame 44.3 ms (trackedPts=0)
10-01 14:46:37.968 W/FrameProbe(26752): nativeOnCameraFrame 38.8 ms (trackedPts=0)
10-01 14:46:38.101 W/FrameProbe(26752): nativeOnCameraFrame 39.9 ms (trackedPts=0)
10-01 14:46:38.221 W/FrameProbe(26752): nativeOnCameraFrame 28.1 ms (trackedPts=0)
10-01 14:46:38.355 W/FrameProbe(26752): nativeOnCameraFrame 34.3 ms (trackedPts=0)
10-01 14:46:38.496 W/FrameProbe(26752): nativeOnCameraFrame 34.1 ms (trackedPts=0)
10-01 14:46:38.496 D/FpsProbe(26752): fps=30.0
10-01 14:46:38.496 I/ArPoseProbe(26752): fromTs=61.3% latest=38.7% total=2160
10-01 14:46:38.639 W/FrameProbe(26752): nativeOnCameraFrame 36.5 ms (trackedPts=0)
10-01 14:46:38.767 W/FrameProbe(26752): nativeOnCameraFrame 41.3 ms (trackedPts=0)
10-01 14:46:38.910 W/FrameProbe(26752): nativeOnCameraFrame 43.2 ms (trackedPts=0)
10-01 14:46:39.042 W/FrameProbe(26752): nativeOnCameraFrame 42.0 ms (trackedPts=0)
10-01 14:46:39.181 W/FrameProbe(26752): nativeOnCameraFrame 48.4 ms (trackedPts=0)
10-01 14:46:39.311 W/FrameProbe(26752): nativeOnCameraFrame 44.3 ms (trackedPts=0)
10-01 14:46:39.444 W/FrameProbe(26752): nativeOnCameraFrame 54.1 ms (trackedPts=0)
10-01 14:46:39.493 D/FpsProbe(26752): fps=30.0
10-01 14:46:39.588 W/FrameProbe(26752): nativeOnCameraFrame 58.6 ms (trackedPts=0)
10-01 14:46:39.706 W/FrameProbe(26752): nativeOnCameraFrame 52.1 ms (trackedPts=0)
10-01 14:46:39.836 W/FrameProbe(26752): nativeOnCameraFrame 38.7 ms (trackedPts=0)
10-01 14:46:39.912 I/CameraRange(26752): hold 自动/中 等待有效深度 aux=3 reason=policy-hold pending=none/0
10-01 14:46:39.978 W/FrameProbe(26752): nativeOnCameraFrame 46.3 ms (trackedPts=0)
10-01 14:46:39.989 I/ArPoseProbe(26752): fromTs=62.8% latest=37.2% total=2250
10-01 14:46:40.105 W/FrameProbe(26752): nativeOnCameraFrame 45.0 ms (trackedPts=0)
10-01 14:46:40.236 W/FrameProbe(26752): nativeOnCameraFrame 42.7 ms (trackedPts=0)
10-01 14:46:40.363 W/FrameProbe(26752): nativeOnCameraFrame 38.5 ms (trackedPts=0)
10-01 14:46:40.527 W/FrameProbe(26752): nativeOnCameraFrame 58.5 ms (trackedPts=0)
10-01 14:46:40.554 D/FpsProbe(26752): fps=29.0
10-01 14:46:40.635 W/FrameProbe(26752): nativeOnCameraFrame 43.2 ms (trackedPts=0)
10-01 14:46:40.774 W/FrameProbe(26752): nativeOnCameraFrame 42.9 ms (trackedPts=0)
10-01 14:46:40.902 W/FrameProbe(26752): nativeOnCameraFrame 40.6 ms (trackedPts=0)
10-01 14:46:41.045 W/FrameProbe(26752): nativeOnCameraFrame 44.1 ms (trackedPts=0)
10-01 14:46:41.184 W/FrameProbe(26752): nativeOnCameraFrame 55.4 ms (trackedPts=0)
10-01 14:46:41.296 W/FrameProbe(26752): nativeOnCameraFrame 39.8 ms (trackedPts=0)
10-01 14:46:41.444 W/FrameProbe(26752): nativeOnCameraFrame 54.5 ms (trackedPts=0)
10-01 14:46:41.454 I/DepthInferencePerf(26752): frames=150 preprocess p50=5.619532ms p95=9.007709ms | inference p50=142.92719ms p95=173.65808ms | copy p50=0.020052ms p95=0.036979ms | total p50=148.75233ms p95=180.1038ms
10-01 14:46:41.457 I/MobileScan3D(26752): DepthProbe calib valid=1 scale=0.0010 shift=1.8816 conf=0.463 samples=1373 spanRel=0.692 invZSpan=0.319 acc=13 rej=28 reason= | fusionDepth min=0.293 max=0.475 mean=0.412 valid=65536 fallback=0 | scanMax=1.00 worldPerMeter=1.0000 worldScaleUsable=0 | epochA=0 susp=0
10-01 14:46:41.457 I/MobileScan3D(26752): EpochProbe active=0 susp=0 opens=0 index=0 suspendEvents=0 suspendedFrames=0 driftRejects=0 lastDriftRel=0.0000 frozenRecoveries=0 stableStreak=0 badStreak=1 suspendStreak=0 | frozen scale=1.0000 shift=0.0000 inv=0 refRaw=0.0000 refZ=0.0000 frozenN=0 frozenConf=0.000 | live scale=0.0010 shift=1.8816 conf=0.463 samples=1373 inv=1 | norm A=0.00000 B=0.00000 reparms=0 lastScaleRel=0.0000 changesWhileEpoch=0
10-01 14:46:41.457 I/MobileScan3D(26752): StereoProbe worldPerMeter=0.9415 stable=0 frameScale=2.4871 medRel=0.043 denseRel=0.044 samples=96 | scaleAcc=2 scaleRej=11(noBase=0 few=2 resid=3 jump=6) | calibStereo acc=0 rej=0 uniq=0 copies=0 | geom batches=0 stale=0 dropNoPose=0 dropNoScale=0 dropResid=0 | submitted=16 anchors=1106 matched=13 inputRej=0 seen=150 miss=3
10-01 14:46:41.457 I/PerfStage(26752): entered=150 done=150 calib p50=0.3 p95=0.6 | temporal p50=0.0 p95=0.0 | weight p50=0.0 p95=0.0 | fuse p50=0.0 p95=0.0 | surfel p50=0.0 p95=0.0 | stereo p50=0.0 p95=0.0 | lock p50=0.0 p95=0.0 | total p50=1.4 p95=12.7 | tmask tested=0 agree=0 disagree=0 | lockWait=0.0
10-01 14:46:41.457 I/PerfGate(26752): depthEarly world=0 noSnap=0 staleGen=0 dup=0 | retain ok=150 noPose=86 mismatch=0 badTs=0 | poseTol hit=7 missWorld=0 missEmpty=0 missOver=5
10-01 14:46:41.481 I/ArPoseProbe(26752): fromTs=64.1% latest=35.9% total=2340
10-01 14:46:41.560 W/FrameProbe(26752): nativeOnCameraFrame 39.4 ms (trackedPts=0)
10-01 14:46:41.570 D/FpsProbe(26752): fps=30.0
10-01 14:46:41.605 I/MobileScan3D(26752): CalibProbe ns=118 vinsN=118 stereoUniq=0 total=110 | d p10=331.8 p50=475.8 p90=977.8 | z p10=0.272 p50=0.299 p90=0.418 | invz p10=2.356 p50=3.345 p90=3.653
10-01 14:46:41.606 I/CameraRange(26752): hold 自动/中 0.41m（估计） aux=3 reason=policy-hold pending=none/0
10-01 14:46:41.699 W/FrameProbe(26752): nativeOnCameraFrame 43.9 ms (trackedPts=0)
10-01 14:46:41.827 W/FrameProbe(26752): nativeOnCameraFrame 36.5 ms (trackedPts=0)
10-01 14:46:41.971 W/FrameProbe(26752): nativeOnCameraFrame 45.7 ms (trackedPts=0)
10-01 14:46:42.093 W/FrameProbe(26752): nativeOnCameraFrame 37.1 ms (trackedPts=0)
10-01 14:46:42.232 W/FrameProbe(26752): nativeOnCameraFrame 36.4 ms (trackedPts=0)
10-01 14:46:42.362 W/FrameProbe(26752): nativeOnCameraFrame 40.4 ms (trackedPts=0)
10-01 14:46:42.496 W/FrameProbe(26752): nativeOnCameraFrame 37.5 ms (trackedPts=0)
10-01 14:46:42.643 W/FrameProbe(26752): nativeOnCameraFrame 49.9 ms (trackedPts=0)
10-01 14:46:42.645 D/FpsProbe(26752): fps=30.0
10-01 14:46:42.682 I/CameraRange(26752): hold 自动/中 0.43m（估计） aux=3 reason=policy-hold pending=none/0
10-01 14:46:42.789 W/FrameProbe(26752): nativeOnCameraFrame 57.1 ms (trackedPts=0)
10-01 14:46:42.903 W/FrameProbe(26752): nativeOnCameraFrame 41.6 ms (trackedPts=0)
10-01 14:46:42.976 I/ArPoseProbe(26752): fromTs=65.1% latest=34.9% total=2430
10-01 14:46:43.035 W/FrameProbe(26752): nativeOnCameraFrame 41.1 ms (trackedPts=0)
10-01 14:46:43.197 W/FrameProbe(26752): nativeOnCameraFrame 57.4 ms (trackedPts=0)
10-01 14:46:43.914 I/MobileScan3D(26752): renderPoseAtTol match: deltaMs=268 newestAgeMs=268 hist=120
10-01 14:46:43.914 I/MobileScan3D(26752): ArAxesProbe raw down=(0.413,-0.910,0.045) fwd=(-0.909,-0.415,-0.041) post down=(0.413,-0.910,0.045) fwd=(-0.909,-0.415,-0.041) deltaMs=267
10-01 14:46:43.914 I/HqTexture(26752): pose relaxed: idx=0 ts=364402826733643 tol=500ms
10-01 14:46:44.063 I/MobileScan3D(26752): renderPoseAtTol match: deltaMs=401 newestAgeMs=401 hist=120
10-01 14:46:44.063 I/HqTexture(26752): pose relaxed: idx=1 ts=364402960041977 tol=500ms
10-01 14:46:44.744 W/FrameProbe(26752): nativeOnCameraFrame 69.8 ms (trackedPts=0)
10-01 14:46:44.745 D/FpsProbe(26752): fps=8.2 LOW
10-01 14:46:44.871 W/FrameProbe(26752): nativeOnCameraFrame 68.3 ms (trackedPts=0)
10-01 14:46:45.000 W/FrameProbe(26752): nativeOnCameraFrame 59.8 ms (trackedPts=0)
10-01 14:46:45.029 I/CameraRange(26752): hold 自动/中 0.42m（估计） aux=3 reason=policy-hold pending=none/0
10-01 14:46:45.124 W/FrameProbe(26752): nativeOnCameraFrame 55.2 ms (trackedPts=0)
10-01 14:46:45.193 W/FrameProbe(26752): nativeOnCameraFrame 18.6 ms (trackedPts=0)
10-01 14:46:45.246 W/FrameProbe(26752): nativeOnCameraFrame 42.3 ms (trackedPts=0)
10-01 14:46:45.392 W/FrameProbe(26752): nativeOnCameraFrame 62.2 ms (trackedPts=0)
10-01 14:46:45.522 W/FrameProbe(26752): nativeOnCameraFrame 60.1 ms (trackedPts=0)
10-01 14:46:45.648 W/FrameProbe(26752): nativeOnCameraFrame 46.8 ms (trackedPts=0)
10-01 14:46:45.715 D/FpsProbe(26752): fps=26.1
10-01 14:46:45.780 W/FrameProbe(26752): nativeOnCameraFrame 46.2 ms (trackedPts=0)
10-01 14:46:45.942 W/FrameProbe(26752): nativeOnCameraFrame 73.5 ms (trackedPts=0)
10-01 14:46:45.984 I/ArPoseProbe(26752): fromTs=65.7% latest=34.3% total=2520
10-01 14:46:46.008 I/HqTexture(26752): register ok: single_228653670837512.jpg idx=1 q=2.50 ts=364402960041977
10-01 14:46:46.067 W/FrameProbe(26752): nativeOnCameraFrame 52.6 ms (trackedPts=0)
10-01 14:46:46.182 W/FrameProbe(26752): nativeOnCameraFrame 48.0 ms (trackedPts=0)
10-01 14:46:46.216 I/CameraRange(26752): hold 自动/中 0.43m（估计） aux=3 reason=policy-hold pending=none/0
10-01 14:46:46.932 I/MobileScan3D(26752): renderPoseAtTol match: deltaMs=246 newestAgeMs=246 hist=120
10-01 14:46:46.932 I/MobileScan3D(26752): ArAxesProbe raw down=(0.481,-0.876,0.038) fwd=(-0.868,-0.481,-0.126) post down=(0.481,-0.876,0.038) fwd=(-0.868,-0.481,-0.126) deltaMs=246
10-01 14:46:46.932 I/HqTexture(26752): pose relaxed: idx=0 ts=364405846473539 tol=500ms
10-01 14:46:47.088 I/MobileScan3D(26752): renderPoseAtTol match: deltaMs=380 newestAgeMs=380 hist=120
10-01 14:46:47.088 I/HqTexture(26752): pose relaxed: idx=1 ts=364405979781872 tol=500ms
10-01 14:46:47.255 I/MobileScan3D(26752): renderPoseAtTol match: deltaMs=480 newestAgeMs=480 hist=120
10-01 14:46:47.255 I/HqTexture(26752): pose relaxed: idx=2 ts=364406079763122 tol=500ms
10-01 14:46:47.746 W/FrameProbe(26752): nativeOnCameraFrame 44.7 ms (trackedPts=0)
10-01 14:46:47.747 D/FpsProbe(26752): fps=7.5 LOW
10-01 14:46:47.917 W/FrameProbe(26752): nativeOnCameraFrame 80.6 ms (trackedPts=0)
10-01 14:46:47.965 W/FrameProbe(26752): nativeOnCameraFrame 23.6 ms (trackedPts=0)
10-01 14:46:48.061 W/FrameProbe(26752): nativeOnCameraFrame 80.8 ms (trackedPts=0)
10-01 14:46:48.086 W/FrameProbe(26752): nativeOnCameraFrame 17.3 ms (trackedPts=0)
10-01 14:46:48.164 W/FrameProbe(26752): nativeOnCameraFrame 63.3 ms (trackedPts=0)
10-01 14:46:48.190 W/FrameProbe(26752): nativeOnCameraFrame 16.0 ms (trackedPts=0)
10-01 14:46:48.226 W/FrameProbe(26752): nativeOnCameraFrame 17.7 ms (trackedPts=0)
10-01 14:46:48.243 I/CameraRange(26752): hold 自动/中 0.41m（估计） aux=3 reason=policy-hold pending=none/0
10-01 14:46:48.301 W/FrameProbe(26752): nativeOnCameraFrame 53.5 ms (trackedPts=0)
10-01 14:46:48.441 W/FrameProbe(26752): nativeOnCameraFrame 67.5 ms (trackedPts=0)
10-01 14:46:48.482 W/FrameProbe(26752): nativeOnCameraFrame 22.8 ms (trackedPts=0)
10-01 14:46:48.549 W/FrameProbe(26752): nativeOnCameraFrame 48.2 ms (trackedPts=0)
10-01 14:46:48.635 W/FrameProbe(26752): nativeOnCameraFrame 34.4 ms (trackedPts=0)
10-01 14:46:48.732 W/FrameProbe(26752): nativeOnCameraFrame 74.4 ms (trackedPts=0)
10-01 14:46:48.759 D/FpsProbe(26752): fps=19.4 LOW
10-01 14:46:48.827 W/FrameProbe(26752): nativeOnCameraFrame 51.7 ms (trackedPts=0)
10-01 14:46:48.946 W/FrameProbe(26752): nativeOnCameraFrame 45.8 ms (trackedPts=0)
10-01 14:46:49.087 W/FrameProbe(26752): nativeOnCameraFrame 54.5 ms (trackedPts=0)
10-01 14:46:49.119 I/ArPoseProbe(26752): fromTs=66.2% latest=33.8% total=2610
10-01 14:46:49.222 W/FrameProbe(26752): nativeOnCameraFrame 60.0 ms (trackedPts=0)
10-01 14:46:49.343 W/FrameProbe(26752): nativeOnCameraFrame 45.5 ms (trackedPts=0)
10-01 14:46:49.364 I/CameraRange(26752): hold 自动/中 0.40m（估计） aux=3 reason=policy-hold pending=none/0
10-01 14:46:49.504 W/FrameProbe(26752): nativeOnCameraFrame 71.9 ms (trackedPts=0)
10-01 14:46:49.531 W/FrameProbe(26752): nativeOnCameraFrame 18.6 ms (trackedPts=0)
10-01 14:46:49.574 I/HqTexture(26752): register ok: single_228656713111990.jpg idx=0 q=2.50 ts=364405846473539
10-01 14:46:49.639 W/FrameProbe(26752): nativeOnCameraFrame 57.3 ms (trackedPts=0)
10-01 14:46:49.753 W/FrameProbe(26752): nativeOnCameraFrame 53.0 ms (trackedPts=0)
10-01 14:46:49.781 D/FpsProbe(26752): fps=26.1
10-01 14:46:49.874 W/FrameProbe(26752): nativeOnCameraFrame 44.4 ms (trackedPts=0)
10-01 14:46:50.674 I/MobileScan3D(26752): renderPoseAtTol match: deltaMs=245 newestAgeMs=245 hist=120
10-01 14:46:50.674 I/MobileScan3D(26752): ArAxesProbe raw down=(0.431,-0.902,-0.005) fwd=(-0.896,-0.427,-0.125) post down=(0.431,-0.902,-0.005) fwd=(-0.896,-0.427,-0.125) deltaMs=244
10-01 14:46:50.674 I/HqTexture(26752): pose relaxed: idx=0 ts=364409542954216 tol=500ms
10-01 14:46:50.840 I/MobileScan3D(26752): renderPoseAtTol match: deltaMs=378 newestAgeMs=378 hist=120
10-01 14:46:50.840 I/HqTexture(26752): pose relaxed: idx=1 ts=364409676262549 tol=500ms
10-01 14:46:51.012 I/MobileScan3D(26752): renderPoseAtTol match: deltaMs=478 newestAgeMs=478 hist=120
10-01 14:46:51.012 I/HqTexture(26752): pose relaxed: idx=2 ts=364409776243799 tol=500ms
10-01 14:46:51.588 W/FrameProbe(26752): nativeOnCameraFrame 67.0 ms (trackedPts=0)
10-01 14:46:51.589 D/FpsProbe(26752): fps=3.4 LOW
10-01 14:46:52.032 W/FrameProbe(26752): nativeOnCameraFrame 61.9 ms (trackedPts=0)
10-01 14:46:52.156 W/FrameProbe(26752): nativeOnCameraFrame 53.9 ms (trackedPts=0)
10-01 14:46:52.309 W/FrameProbe(26752): nativeOnCameraFrame 69.1 ms (trackedPts=0)
10-01 14:46:52.372 I/CameraRange(26752): hold 自动/中 0.42m（估计） aux=3 reason=policy-hold pending=none/0
10-01 14:46:52.431 W/FrameProbe(26752): nativeOnCameraFrame 55.7 ms (trackedPts=0)
10-01 14:46:52.460 W/FrameProbe(26752): nativeOnCameraFrame 17.3 ms (trackedPts=0)
10-01 14:46:52.553 W/FrameProbe(26752): nativeOnCameraFrame 50.9 ms (trackedPts=0)
10-01 14:46:52.572 D/FpsProbe(26752): fps=13.9 LOW
10-01 14:46:52.671 I/ArPoseProbe(26752): fromTs=67.0% latest=33.0% total=2700
10-01 14:46:52.685 W/FrameProbe(26752): nativeOnCameraFrame 52.4 ms (trackedPts=0)
10-01 14:46:52.818 W/FrameProbe(26752): nativeOnCameraFrame 49.3 ms (trackedPts=0)
10-01 14:46:52.966 W/FrameProbe(26752): nativeOnCameraFrame 67.4 ms (trackedPts=0)
10-01 14:46:53.019 W/FrameProbe(26752): nativeOnCameraFrame 20.6 ms (trackedPts=0)
10-01 14:46:53.093 W/FrameProbe(26752): nativeOnCameraFrame 65.2 ms (trackedPts=0)
10-01 14:46:53.225 W/FrameProbe(26752): nativeOnCameraFrame 58.2 ms (trackedPts=0)
10-01 14:46:53.356 W/FrameProbe(26752): nativeOnCameraFrame 56.4 ms (trackedPts=0)
10-01 14:46:53.487 W/FrameProbe(26752): nativeOnCameraFrame 52.8 ms (trackedPts=0)
10-01 14:46:53.527 I/CameraRange(26752): hold 自动/中 0.43m（估计） aux=3 reason=policy-hold pending=none/0
10-01 14:46:53.614 W/FrameProbe(26752): nativeOnCameraFrame 46.6 ms (trackedPts=0)
10-01 14:46:53.615 D/FpsProbe(26752): fps=27.1
10-01 14:46:53.775 W/FrameProbe(26752): nativeOnCameraFrame 79.7 ms (trackedPts=0)
10-01 14:46:53.834 W/FrameProbe(26752): nativeOnCameraFrame 18.8 ms (trackedPts=0)
10-01 14:46:53.936 W/FrameProbe(26752): nativeOnCameraFrame 63.3 ms (trackedPts=0)
10-01 14:46:54.007 W/FrameProbe(26752): nativeOnCameraFrame 27.1 ms (trackedPts=0)
10-01 14:46:54.078 W/FrameProbe(26752): nativeOnCameraFrame 56.9 ms (trackedPts=0)
10-01 14:46:54.199 I/ArPoseProbe(26752): fromTs=67.6% latest=32.4% total=2790
10-01 14:46:54.326 W/FrameProbe(26752): nativeOnCameraFrame 65.4 ms (trackedPts=0)
10-01 14:46:54.479 W/FrameProbe(26752): nativeOnCameraFrame 79.3 ms (trackedPts=0)
10-01 14:46:54.546 I/HqTexture(26752): register ok: single_228660405299958.jpg idx=2 q=2.50 ts=364409776243799
10-01 14:46:54.610 W/FrameProbe(26752): nativeOnCameraFrame 56.5 ms (trackedPts=0)
10-01 14:46:54.624 D/FpsProbe(26752): fps=23.2 LOW
10-01 14:46:54.665 I/DepthInferencePerf(26752): frames=180 preprocess p50=5.782917ms p95=13.979167ms | inference p50=144.1359ms p95=279.82806ms | copy p50=0.022396ms p95=0.041615ms | total p50=149.82822ms p95=291.7942ms
10-01 14:46:54.668 I/MobileScan3D(26752): FusionDiag depthFrames=180 usable=1 epochActive=0 epochSusp=0 fused=0 gated=179 | temporal checks=0 rejects=0 ratio=1.000 tested=0 agree=0 stale=0 refAgeMs=-1 | guard refs=0 checks=0 rejected=0 tested=0 ratio=1.000
10-01 14:46:54.668 I/MobileScan3D(26752): DepthProbe calib valid=1 scale=0.0009 shift=2.1100 conf=0.524 samples=1483 spanRel=0.490 invZSpan=0.232 acc=14 rej=33 reason=reference depth span too narrow | fusionDepth min=0.301 max=0.474 mean=0.396 valid=65536 fallback=0 | scanMax=1.00 worldPerMeter=1.0000 worldScaleUsable=0 | epochA=0 susp=0
10-01 14:46:54.668 I/MobileScan3D(26752): EpochProbe active=0 susp=0 opens=0 index=0 suspendEvents=0 suspendedFrames=0 driftRejects=0 lastDriftRel=0.0000 frozenRecoveries=0 stableStreak=0 badStreak=29 suspendStreak=0 | frozen scale=1.0000 shift=0.0000 inv=0 refRaw=23.6374 refZ=0.0000 frozenN=0 frozenConf=0.000 | live scale=0.0009 shift=2.1100 conf=0.524 samples=1483 inv=1 | norm A=0.00000 B=0.00000 reparms=0 lastScaleRel=0.0000 changesWhileEpoch=0
10-01 14:46:54.668 I/MobileScan3D(26752): StereoProbe worldPerMeter=0.9568 stable=0 frameScale=1.0184 medRel=0.105 denseRel=0.118 samples=6 | scaleAcc=3 scaleRej=14(noBase=0 few=5 resid=3 jump=6) | calibStereo acc=0 rej=0 uniq=0 copies=0 | geom batches=0 stale=0 dropNoPose=0 dropNoScale=0 dropResid=0 | submitted=22 anchors=1221 matched=17 inputRej=0 seen=180 miss=5
10-01 14:46:54.668 I/PerfStage(26752): entered=180 done=180 calib p50=0.4 p95=0.7 | temporal p50=0.0 p95=0.0 | weight p50=0.0 p95=0.0 | fuse p50=0.0 p95=0.0 | surfel p50=0.0 p95=0.0 | stereo p50=0.0 p95=0.0 | lock p50=0.0 p95=0.0 | total p50=1.4 p95=12.7 | tmask tested=0 agree=0 disagree=0 | lockWait=0.0
10-01 14:46:54.668 I/PerfGate(26752): depthEarly world=0 noSnap=0 staleGen=0 dup=0 | retain ok=180 noPose=101 mismatch=0 badTs=0 | poseTol hit=15 missWorld=0 missEmpty=0 missOver=9
10-01 14:46:54.749 W/FrameProbe(26752): nativeOnCameraFrame 81.1 ms (trackedPts=0)
10-01 14:46:54.750 I/CameraRange(26752): hold 自动/中 0.42m（估计） aux=3 reason=policy-hold pending=none/0
10-01 14:46:54.845 W/FrameProbe(26752): nativeOnCameraFrame 45.8 ms (trackedPts=0)
10-01 14:46:54.894 W/FrameProbe(26752): nativeOnCameraFrame 23.7 ms (trackedPts=0)
10-01 14:46:55.000 W/FrameProbe(26752): nativeOnCameraFrame 54.0 ms (trackedPts=0)
10-01 14:46:55.109 W/FrameProbe(26752): nativeOnCameraFrame 41.3 ms (trackedPts=0)
10-01 14:46:55.923 I/MobileScan3D(26752): renderPoseAtTol match: deltaMs=293 newestAgeMs=293 hist=120
10-01 14:46:55.923 I/MobileScan3D(26752): ArAxesProbe raw down=(0.501,-0.865,0.028) fwd=(-0.863,-0.502,-0.056) post down=(0.501,-0.865,0.028) fwd=(-0.863,-0.502,-0.056) deltaMs=293
10-01 14:46:55.923 I/HqTexture(26752): pose relaxed: idx=0 ts=364414824569789 tol=500ms
10-01 14:46:56.086 I/MobileScan3D(26752): renderPoseAtTol match: deltaMs=426 newestAgeMs=426 hist=120
10-01 14:46:56.086 I/HqTexture(26752): pose relaxed: idx=1 ts=364414957878122 tol=500ms
10-01 14:46:56.789 W/FrameProbe(26752): nativeOnCameraFrame 65.2 ms (trackedPts=0)
10-01 14:46:56.790 D/FpsProbe(26752): fps=7.1 LOW
10-01 14:46:56.908 W/FrameProbe(26752): nativeOnCameraFrame 54.5 ms (trackedPts=0)
10-01 14:46:57.050 W/FrameProbe(26752): nativeOnCameraFrame 61.1 ms (trackedPts=0)
10-01 14:46:57.076 I/CameraRange(26752): hold 自动/中 0.37m（估计） aux=3 reason=policy-hold pending=none/0
10-01 14:46:57.180 W/FrameProbe(26752): nativeOnCameraFrame 55.4 ms (trackedPts=0)
10-01 14:46:57.296 W/FrameProbe(26752): nativeOnCameraFrame 46.7 ms (trackedPts=0)
10-01 14:46:57.353 I/ArPoseProbe(26752): fromTs=68.3% latest=31.7% total=2880
10-01 14:46:57.446 W/FrameProbe(26752): nativeOnCameraFrame 56.0 ms (trackedPts=0)
10-01 14:46:57.566 W/FrameProbe(26752): nativeOnCameraFrame 43.8 ms (trackedPts=0)
10-01 14:46:57.712 W/FrameProbe(26752): nativeOnCameraFrame 56.5 ms (trackedPts=0)
10-01 14:46:57.763 D/FpsProbe(26752): fps=27.1
10-01 14:46:57.834 W/FrameProbe(26752): nativeOnCameraFrame 46.6 ms (trackedPts=0)
10-01 14:46:57.910 W/FrameProbe(26752): nativeOnCameraFrame 18.0 ms (trackedPts=0)
10-01 14:46:57.974 W/FrameProbe(26752): nativeOnCameraFrame 51.3 ms (trackedPts=0)
10-01 14:46:58.008 W/HqTexture(26752): register skip: pose gate single_228665635572508.jpg idx=3 poseValid=false poseAtOk=false sensorTs=364415157840622
10-01 14:46:58.092 W/FrameProbe(26752): nativeOnCameraFrame 37.3 ms (trackedPts=0)
10-01 14:46:58.253 W/FrameProbe(26752): nativeOnCameraFrame 66.1 ms (trackedPts=0)
10-01 14:46:58.364 W/FrameProbe(26752): nativeOnCameraFrame 43.0 ms (trackedPts=0)
10-01 14:46:58.491 W/FrameProbe(26752): nativeOnCameraFrame 40.2 ms (trackedPts=0)
10-01 14:46:58.643 W/FrameProbe(26752): nativeOnCameraFrame 51.8 ms (trackedPts=0)
10-01 14:46:58.763 W/FrameProbe(26752): nativeOnCameraFrame 36.9 ms (trackedPts=0)
10-01 14:46:58.790 D/FpsProbe(26752): fps=28.1
10-01 14:46:58.864 I/ArPoseProbe(26752): fromTs=68.9% latest=31.1% total=2970
10-01 14:46:58.904 W/FrameProbe(26752): nativeOnCameraFrame 49.1 ms (trackedPts=0)
10-01 14:46:59.019 W/FrameProbe(26752): nativeOnCameraFrame 33.4 ms (trackedPts=0)
10-01 14:46:59.163 W/FrameProbe(26752): nativeOnCameraFrame 45.0 ms (trackedPts=0)
10-01 14:46:59.293 W/FrameProbe(26752): nativeOnCameraFrame 40.3 ms (trackedPts=0)
10-01 14:46:59.423 W/FrameProbe(26752): nativeOnCameraFrame 38.2 ms (trackedPts=0)
10-01 14:46:59.550 W/FrameProbe(26752): nativeOnCameraFrame 31.6 ms (trackedPts=0)
10-01 14:46:59.703 W/FrameProbe(26752): nativeOnCameraFrame 53.0 ms (trackedPts=0)
10-01 14:46:59.821 W/FrameProbe(26752): nativeOnCameraFrame 35.0 ms (trackedPts=0)
10-01 14:46:59.834 D/FpsProbe(26752): fps=30.0
10-01 14:46:59.958 W/FrameProbe(26752): nativeOnCameraFrame 37.0 ms (trackedPts=0)
10-01 14:47:00.095 W/FrameProbe(26752): nativeOnCameraFrame 41.0 ms (trackedPts=0)
10-01 14:47:00.220 W/FrameProbe(26752): nativeOnCameraFrame 34.9 ms (trackedPts=0)
10-01 14:47:00.368 W/FrameProbe(26752): nativeOnCameraFrame 47.4 ms (trackedPts=0)
10-01 14:47:00.368 I/ArPoseProbe(26752): fromTs=69.5% latest=30.5% total=3060
10-01 14:47:00.486 W/FrameProbe(26752): nativeOnCameraFrame 34.0 ms (trackedPts=0)
10-01 14:47:00.629 W/FrameProbe(26752): nativeOnCameraFrame 42.4 ms (trackedPts=0)
10-01 14:47:00.755 W/FrameProbe(26752): nativeOnCameraFrame 33.9 ms (trackedPts=0)
10-01 14:47:00.897 W/FrameProbe(26752): nativeOnCameraFrame 43.5 ms (trackedPts=0)
10-01 14:47:00.897 D/FpsProbe(26752): fps=30.0
10-01 14:47:01.018 W/FrameProbe(26752): nativeOnCameraFrame 35.9 ms (trackedPts=0)
10-01 14:47:01.165 W/FrameProbe(26752): nativeOnCameraFrame 46.6 ms (trackedPts=0)
10-01 14:47:01.314 W/FrameProbe(26752): nativeOnCameraFrame 59.1 ms (trackedPts=0)
10-01 14:47:01.451 W/FrameProbe(26752): nativeOnCameraFrame 62.3 ms (trackedPts=0)
10-01 14:47:01.581 W/FrameProbe(26752): nativeOnCameraFrame 60.7 ms (trackedPts=0)
10-01 14:47:01.707 W/FrameProbe(26752): nativeOnCameraFrame 53.9 ms (trackedPts=0)
10-01 14:47:01.726 I/CameraRange(26752): hold 自动/中 0.34m（估计） aux=3 reason=policy-hold pending=近/1
10-01 14:47:01.842 W/FrameProbe(26752): nativeOnCameraFrame 54.2 ms (trackedPts=0)
10-01 14:47:01.868 I/ArPoseProbe(26752): fromTs=70.3% latest=29.7% total=3150
10-01 14:47:01.890 D/FpsProbe(26752): fps=27.1
10-01 14:47:01.975 W/FrameProbe(26752): nativeOnCameraFrame 53.6 ms (trackedPts=0)
10-01 14:47:02.127 W/FrameProbe(26752): nativeOnCameraFrame 70.2 ms (trackedPts=0)
10-01 14:47:02.258 W/FrameProbe(26752): nativeOnCameraFrame 74.6 ms (trackedPts=0)
10-01 14:47:02.902 I/MobileScan3D(26752): renderPoseAtTol match: deltaMs=249 newestAgeMs=249 hist=120
10-01 14:47:02.902 I/MobileScan3D(26752): ArAxesProbe raw down=(0.646,-0.763,0.018) fwd=(-0.761,-0.646,-0.062) post down=(0.646,-0.763,0.018) fwd=(-0.761,-0.646,-0.062) deltaMs=249
10-01 14:47:02.902 I/HqTexture(26752): pose relaxed: idx=0 ts=364421801068227 tol=500ms
10-01 14:47:03.062 I/MobileScan3D(26752): renderPoseAtTol match: deltaMs=383 newestAgeMs=383 hist=120
10-01 14:47:03.062 I/HqTexture(26752): pose relaxed: idx=1 ts=364421934376560 tol=500ms
10-01 14:47:03.227 I/MobileScan3D(26752): renderPoseAtTol match: deltaMs=483 newestAgeMs=483 hist=120
10-01 14:47:03.227 I/HqTexture(26752): pose relaxed: idx=2 ts=364422034357810 tol=500ms
10-01 14:47:03.711 W/FrameProbe(26752): nativeOnCameraFrame 47.3 ms (trackedPts=0)
10-01 14:47:03.712 D/FpsProbe(26752): fps=4.5 LOW
10-01 14:47:03.868 W/FrameProbe(26752): nativeOnCameraFrame 78.1 ms (trackedPts=0)
10-01 14:47:03.944 W/FrameProbe(26752): nativeOnCameraFrame 17.2 ms (trackedPts=0)
10-01 14:47:04.028 W/FrameProbe(26752): nativeOnCameraFrame 72.7 ms (trackedPts=0)
10-01 14:47:04.144 W/FrameProbe(26752): nativeOnCameraFrame 79.3 ms (trackedPts=0)
10-01 14:47:04.158 I/CameraRange(26752): hold 近 0.29m（估计） reason=fill-light-busy
10-01 14:47:04.264 W/FrameProbe(26752): nativeOnCameraFrame 70.7 ms (trackedPts=0)
10-01 14:47:04.381 W/FrameProbe(26752): nativeOnCameraFrame 57.1 ms (trackedPts=0)
10-01 14:47:04.529 W/FrameProbe(26752): nativeOnCameraFrame 68.0 ms (trackedPts=0)
10-01 14:47:04.658 W/FrameProbe(26752): nativeOnCameraFrame 67.7 ms (trackedPts=0)
10-01 14:47:04.699 D/FpsProbe(26752): fps=22.3 LOW
10-01 14:47:04.783 W/FrameProbe(26752): nativeOnCameraFrame 60.9 ms (trackedPts=0)
10-01 14:47:04.943 W/FrameProbe(26752): nativeOnCameraFrame 81.3 ms (trackedPts=0)
10-01 14:47:04.943 I/ArPoseProbe(26752): fromTs=70.6% latest=29.4% total=3240
10-01 14:47:05.062 W/FrameProbe(26752): nativeOnCameraFrame 68.5 ms (trackedPts=0)
10-01 14:47:05.102 W/FrameProbe(26752): nativeOnCameraFrame 24.8 ms (trackedPts=0)
10-01 14:47:05.203 W/FrameProbe(26752): nativeOnCameraFrame 60.5 ms (trackedPts=0)
10-01 14:47:05.316 W/FrameProbe(26752): nativeOnCameraFrame 57.2 ms (trackedPts=0)
10-01 14:47:05.335 I/CameraRange(26752): hold 近 0.30m（估计） reason=fill-light-busy
10-01 14:47:05.448 W/FrameProbe(26752): nativeOnCameraFrame 60.8 ms (trackedPts=0)
10-01 14:47:05.491 W/FrameProbe(26752): nativeOnCameraFrame 23.7 ms (trackedPts=0)
10-01 14:47:05.683 W/FrameProbe(26752): nativeOnCameraFrame 97.7 ms (trackedPts=0)
10-01 14:47:05.761 W/FrameProbe(26752): nativeOnCameraFrame 65.9 ms (trackedPts=0)
10-01 14:47:05.809 W/FrameProbe(26752): nativeOnCameraFrame 33.2 ms (trackedPts=0)
10-01 14:47:05.810 D/FpsProbe(26752): fps=19.7 LOW
10-01 14:47:05.896 W/FrameProbe(26752): nativeOnCameraFrame 56.5 ms (trackedPts=0)
10-01 14:47:06.010 W/FrameProbe(26752): nativeOnCameraFrame 54.0 ms (trackedPts=0)
10-01 14:47:06.135 W/FrameProbe(26752): nativeOnCameraFrame 45.2 ms (trackedPts=0)
10-01 14:47:06.275 W/FrameProbe(26752): nativeOnCameraFrame 52.7 ms (trackedPts=0)
10-01 14:47:06.293 W/HqTexture(26752): register skip: pose gate single_228672663622505.jpg idx=3 poseValid=false poseAtOk=false sensorTs=364422134339060
10-01 14:47:06.330 I/DepthInferencePerf(26752): frames=210 preprocess p50=6.834792ms p95=17.360886ms | inference p50=159.68921ms p95=324.5001ms | copy p50=0.025052ms p95=0.050573ms | total p50=168.6012ms p95=338.50146ms
10-01 14:47:06.332 I/MobileScan3D(26752): DepthProbe calib valid=1 scale=0.0009 shift=3.1331 conf=0.535 samples=1856 spanRel=0.448 invZSpan=0.943 acc=18 rej=37 reason=scale jump rejected | fusionDepth min=0.220 max=0.319 mean=0.280 valid=65536 fallback=0 | scanMax=1.00 worldPerMeter=1.0000 worldScaleUsable=0 | epochA=0 susp=0
10-01 14:47:06.332 I/MobileScan3D(26752): EpochProbe active=0 susp=0 opens=0 index=0 suspendEvents=0 suspendedFrames=0 driftRejects=0 lastDriftRel=0.0000 frozenRecoveries=0 stableStreak=0 badStreak=8 suspendStreak=0 | frozen scale=1.0000 shift=0.0000 inv=0 refRaw=19.3522 refZ=0.0000 frozenN=0 frozenConf=0.000 | live scale=0.0009 shift=3.1331 conf=0.535 samples=1856 inv=1 | norm A=0.00000 B=0.00000 reparms=0 lastScaleRel=0.0000 changesWhileEpoch=0
10-01 14:47:06.332 I/MobileScan3D(26752): StereoProbe worldPerMeter=0.9333 stable=0 frameScale=0.8393 medRel=0.061 denseRel=0.061 samples=28 | scaleAcc=4 scaleRej=14(noBase=0 few=5 resid=3 jump=6) | calibStereo acc=0 rej=0 uniq=0 copies=0 | geom batches=0 stale=0 dropNoPose=0 dropNoScale=0 dropResid=0 | submitted=23 anchors=1317 matched=18 inputRej=0 seen=210 miss=5
10-01 14:47:06.332 I/PerfStage(26752): entered=210 done=210 calib p50=0.4 p95=0.9 | temporal p50=0.0 p95=0.0 | weight p50=0.0 p95=0.0 | fuse p50=0.0 p95=0.0 | surfel p50=0.0 p95=0.0 | stereo p50=0.0 p95=0.0 | lock p50=0.0 p95=0.0 | total p50=2.0 p95=24.2 | tmask tested=0 agree=0 disagree=0 | lockWait=0.0
10-01 14:47:06.332 I/PerfGate(26752): depthEarly world=0 noSnap=0 staleGen=0 dup=0 | retain ok=210 noPose=113 mismatch=0 badTs=0 | poseTol hit=20 missWorld=0 missEmpty=0 missOver=12
10-01 14:47:06.341 I/CameraRange(26752): steady 自动/近 0.30m（估计） aux=3(shared)
10-01 14:47:06.410 W/FrameProbe(26752): nativeOnCameraFrame 55.3 ms (trackedPts=0)
10-01 14:47:06.543 W/FrameProbe(26752): nativeOnCameraFrame 59.7 ms (trackedPts=0)
10-01 14:47:06.595 I/ArPoseProbe(26752): fromTs=70.9% latest=29.1% total=3330
10-01 14:47:06.668 I/MobileScan3D(26752): CalibProbe ns=100 vinsN=100 stereoUniq=0 total=78 | d p10=166.5 p50=826.2 p90=1151.4 | z p10=0.199 p50=0.261 p90=0.365 | invz p10=2.607 p50=3.779 p90=4.959
10-01 14:47:06.670 W/FrameProbe(26752): nativeOnCameraFrame 49.0 ms (trackedPts=0)
10-01 14:47:06.811 W/FrameProbe(26752): nativeOnCameraFrame 55.7 ms (trackedPts=0)
10-01 14:47:06.859 D/FpsProbe(26752): fps=25.3
10-01 14:47:06.937 W/FrameProbe(26752): nativeOnCameraFrame 49.8 ms (trackedPts=0)
10-01 14:47:07.075 W/FrameProbe(26752): nativeOnCameraFrame 53.2 ms (trackedPts=0)
10-01 14:47:07.214 W/FrameProbe(26752): nativeOnCameraFrame 55.6 ms (trackedPts=0)
10-01 14:47:07.341 W/FrameProbe(26752): nativeOnCameraFrame 54.2 ms (trackedPts=0)
10-01 14:47:07.464 W/FrameProbe(26752): nativeOnCameraFrame 44.3 ms (trackedPts=0)
10-01 14:47:07.484 I/CameraRange(26752): hold 自动/近 0.30m（估计） aux=3 reason=policy-hold pending=none/12
10-01 14:47:08.266 I/MobileScan3D(26752): renderPoseAtTol match: deltaMs=278 newestAgeMs=278 hist=120
10-01 14:47:08.266 I/MobileScan3D(26752): ArAxesProbe raw down=(0.523,-0.852,0.022) fwd=(-0.851,-0.524,-0.031) post down=(0.523,-0.852,0.022) fwd=(-0.851,-0.524,-0.031) deltaMs=278
10-01 14:47:08.266 I/HqTexture(26752): pose relaxed: idx=0 ts=364427165487445 tol=500ms
10-01 14:47:08.424 I/MobileScan3D(26752): renderPoseAtTol match: deltaMs=412 newestAgeMs=412 hist=120
10-01 14:47:08.424 I/HqTexture(26752): pose relaxed: idx=1 ts=364427298795779 tol=500ms
10-01 14:47:09.195 W/FrameProbe(26752): nativeOnCameraFrame 65.6 ms (trackedPts=0)
10-01 14:47:09.195 D/FpsProbe(26752): fps=9.1 LOW
10-01 14:47:09.426 I/CameraRange(26752): hold 自动/近 0.29m（估计） aux=3 reason=policy-hold pending=none/12
10-01 14:47:09.669 W/FrameProbe(26752): nativeOnCameraFrame 56.9 ms (trackedPts=0)
10-01 14:47:09.803 W/FrameProbe(26752): nativeOnCameraFrame 62.7 ms (trackedPts=0)
10-01 14:47:09.925 W/FrameProbe(26752): nativeOnCameraFrame 52.9 ms (trackedPts=0)
10-01 14:47:10.049 W/FrameProbe(26752): nativeOnCameraFrame 44.5 ms (trackedPts=0)
10-01 14:47:10.181 W/FrameProbe(26752): nativeOnCameraFrame 41.9 ms (trackedPts=0)
10-01 14:47:10.182 D/FpsProbe(26752): fps=14.9 LOW
10-01 14:47:10.182 I/ArPoseProbe(26752): fromTs=71.5% latest=28.5% total=3420
10-01 14:47:10.311 W/FrameProbe(26752): nativeOnCameraFrame 39.1 ms (trackedPts=0)
10-01 14:47:10.441 W/FrameProbe(26752): nativeOnCameraFrame 36.1 ms (trackedPts=0)
10-01 14:47:10.582 W/FrameProbe(26752): nativeOnCameraFrame 43.2 ms (trackedPts=0)
10-01 14:47:10.723 W/FrameProbe(26752): nativeOnCameraFrame 53.5 ms (trackedPts=0)
10-01 14:47:10.750 I/CameraRange(26752): hold 自动/近 0.30m（估计） aux=3 reason=policy-hold pending=none/12
10-01 14:47:10.848 W/FrameProbe(26752): nativeOnCameraFrame 43.0 ms (trackedPts=0)
10-01 14:47:10.992 W/FrameProbe(26752): nativeOnCameraFrame 54.2 ms (trackedPts=0)
10-01 14:47:11.104 W/FrameProbe(26752): nativeOnCameraFrame 36.2 ms (trackedPts=0)
10-01 14:47:11.176 D/FpsProbe(26752): fps=30.0
10-01 14:47:11.258 W/FrameProbe(26752): nativeOnCameraFrame 58.3 ms (trackedPts=0)
10-01 14:47:11.313 W/FrameProbe(26752): nativeOnCameraFrame 28.4 ms (trackedPts=0)
10-01 14:47:11.429 W/FrameProbe(26752): nativeOnCameraFrame 64.8 ms (trackedPts=0)
10-01 14:47:11.560 W/FrameProbe(26752): nativeOnCameraFrame 79.7 ms (trackedPts=0)
10-01 14:47:11.590 W/FrameProbe(26752): nativeOnCameraFrame 16.0 ms (trackedPts=0)
10-01 14:47:11.673 W/FrameProbe(26752): nativeOnCameraFrame 59.0 ms (trackedPts=0)
10-01 14:47:11.748 I/ArPoseProbe(26752): fromTs=71.8% latest=28.2% total=3510
10-01 14:47:11.789 W/FrameProbe(26752): nativeOnCameraFrame 53.4 ms (trackedPts=0)
10-01 14:47:11.915 W/FrameProbe(26752): nativeOnCameraFrame 42.3 ms (trackedPts=0)
10-01 14:47:11.969 I/HqTexture(26752): register ok: fused_228677993792399.jpg idx=0 q=2.50 ts=364427165487445
10-01 14:47:12.045 W/FrameProbe(26752): nativeOnCameraFrame 40.1 ms (trackedPts=0)
10-01 14:47:12.173 W/FrameProbe(26752): nativeOnCameraFrame 36.2 ms (trackedPts=0)
10-01 14:47:12.216 D/FpsProbe(26752): fps=25.2
10-01 14:47:12.305 W/FrameProbe(26752): nativeOnCameraFrame 35.8 ms (trackedPts=0)
10-01 14:47:12.451 W/FrameProbe(26752): nativeOnCameraFrame 37.4 ms (trackedPts=0)
10-01 14:47:12.588 W/FrameProbe(26752): nativeOnCameraFrame 48.4 ms (trackedPts=0)
10-01 14:47:12.701 W/FrameProbe(26752): nativeOnCameraFrame 31.8 ms (trackedPts=0)
10-01 14:47:12.837 W/FrameProbe(26752): nativeOnCameraFrame 35.7 ms (trackedPts=0)
10-01 14:47:12.984 W/FrameProbe(26752): nativeOnCameraFrame 48.0 ms (trackedPts=0)
10-01 14:47:13.111 W/FrameProbe(26752): nativeOnCameraFrame 41.8 ms (trackedPts=0)
10-01 14:47:13.236 W/FrameProbe(26752): nativeOnCameraFrame 30.3 ms (trackedPts=0)
10-01 14:47:13.241 I/ArPoseProbe(26752): fromTs=72.3% latest=27.8% total=3600
10-01 14:47:13.247 D/FpsProbe(26752): fps=30.0
10-01 14:47:13.375 W/FrameProbe(26752): nativeOnCameraFrame 41.5 ms (trackedPts=0)
10-01 14:47:13.510 W/FrameProbe(26752): nativeOnCameraFrame 42.8 ms (trackedPts=0)
10-01 14:47:13.654 W/FrameProbe(26752): nativeOnCameraFrame 52.3 ms (trackedPts=0)
10-01 14:47:13.791 W/FrameProbe(26752): nativeOnCameraFrame 53.2 ms (trackedPts=0)
10-01 14:47:13.901 W/FrameProbe(26752): nativeOnCameraFrame 28.9 ms (trackedPts=0)
10-01 14:47:14.042 W/FrameProbe(26752): nativeOnCameraFrame 38.7 ms (trackedPts=0)
10-01 14:47:14.178 W/FrameProbe(26752): nativeOnCameraFrame 44.2 ms (trackedPts=0)
10-01 14:47:14.314 W/FrameProbe(26752): nativeOnCameraFrame 44.6 ms (trackedPts=0)
10-01 14:47:14.315 D/FpsProbe(26752): fps=30.0
10-01 14:47:14.458 W/FrameProbe(26752): nativeOnCameraFrame 53.9 ms (trackedPts=0)
10-01 14:47:14.575 W/FrameProbe(26752): nativeOnCameraFrame 35.6 ms (trackedPts=0)
10-01 14:47:14.703 W/FrameProbe(26752): nativeOnCameraFrame 37.4 ms (trackedPts=0)
10-01 14:47:14.736 I/ArPoseProbe(26752): fromTs=72.7% latest=27.3% total=3690
10-01 14:47:14.836 W/FrameProbe(26752): nativeOnCameraFrame 32.3 ms (trackedPts=0)
10-01 14:47:14.976 W/FrameProbe(26752): nativeOnCameraFrame 42.7 ms (trackedPts=0)
10-01 14:47:15.068 W/FrameProbe(26752): nativeOnCameraFrame 21.0 ms (trackedPts=0)
10-01 14:47:15.113 W/FrameProbe(26752): nativeOnCameraFrame 38.8 ms (trackedPts=0)
10-01 14:47:15.240 W/FrameProbe(26752): nativeOnCameraFrame 37.5 ms (trackedPts=0)
10-01 14:47:15.322 D/FpsProbe(26752): fps=30.0
10-01 14:47:15.377 W/FrameProbe(26752): nativeOnCameraFrame 37.0 ms (trackedPts=0)
10-01 14:47:15.507 W/FrameProbe(26752): nativeOnCameraFrame 32.9 ms (trackedPts=0)
10-01 14:47:15.646 W/FrameProbe(26752): nativeOnCameraFrame 40.9 ms (trackedPts=0)
10-01 14:47:15.791 W/FrameProbe(26752): nativeOnCameraFrame 44.4 ms (trackedPts=0)
10-01 14:47:15.810 I/CameraRange(26752): hold 自动/近 0.30m（估计） aux=3 reason=policy-hold pending=none/12
10-01 14:47:15.902 W/FrameProbe(26752): nativeOnCameraFrame 35.9 ms (trackedPts=0)
10-01 14:47:16.043 W/FrameProbe(26752): nativeOnCameraFrame 37.8 ms (trackedPts=0)
10-01 14:47:16.170 W/FrameProbe(26752): nativeOnCameraFrame 36.4 ms (trackedPts=0)
10-01 14:47:16.230 I/ArPoseProbe(26752): fromTs=73.2% latest=26.8% total=3780
10-01 14:47:16.297 W/FrameProbe(26752): nativeOnCameraFrame 31.0 ms (trackedPts=0)
10-01 14:47:16.353 W/FrameProbe(26752): nativeOnCameraFrame 21.1 ms (trackedPts=0)
10-01 14:47:16.353 D/FpsProbe(26752): fps=30.0
10-01 14:47:16.448 W/FrameProbe(26752): nativeOnCameraFrame 39.0 ms (trackedPts=0)
10-01 14:47:16.562 W/FrameProbe(26752): nativeOnCameraFrame 29.3 ms (trackedPts=0)
10-01 14:47:16.700 W/FrameProbe(26752): nativeOnCameraFrame 30.5 ms (trackedPts=0)
10-01 14:47:16.834 W/FrameProbe(26752): nativeOnCameraFrame 33.6 ms (trackedPts=0)
10-01 14:47:16.969 W/FrameProbe(26752): nativeOnCameraFrame 26.7 ms (trackedPts=0)
10-01 14:47:17.033 I/DepthInferencePerf(26752): frames=240 preprocess p50=9.077396ms p95=17.360886ms | inference p50=231.20178ms p95=356.91046ms | copy p50=0.026302ms p95=0.058073ms | total p50=243.88551ms p95=371.25113ms
10-01 14:47:17.038 I/MobileScan3D(26752): FusionDiag depthFrames=240 usable=1 epochActive=0 epochSusp=0 fused=0 gated=239 | temporal checks=0 rejects=0 ratio=1.000 tested=0 agree=0 stale=0 refAgeMs=-1 | guard refs=0 checks=0 rejected=0 tested=0 ratio=1.000
10-01 14:47:17.038 I/MobileScan3D(26752): DepthProbe calib valid=1 scale=0.0009 shift=3.1331 conf=0.535 samples=1856 spanRel=0.448 invZSpan=0.943 acc=18 rej=40 reason=reference depth span too narrow | fusionDepth min=0.224 max=0.319 mean=0.282 valid=65536 fallback=0 | scanMax=1.00 worldPerMeter=1.0000 worldScaleUsable=0 | epochA=0 susp=0
10-01 14:47:17.038 I/MobileScan3D(26752): EpochProbe active=0 susp=0 opens=0 index=0 suspendEvents=0 suspendedFrames=0 driftRejects=0 lastDriftRel=0.0000 frozenRecoveries=0 stableStreak=0 badStreak=38 suspendStreak=0 | frozen scale=1.0000 shift=0.0000 inv=0 refRaw=44.4144 refZ=0.0000 frozenN=0 frozenConf=0.000 | live scale=0.0009 shift=3.1331 conf=0.535 samples=1856 inv=1 | norm A=0.00000 B=0.00000 reparms=0 lastScaleRel=0.0000 changesWhileEpoch=0
10-01 14:47:17.038 I/MobileScan3D(26752): StereoProbe worldPerMeter=0.9333 stable=0 frameScale=0.8393 medRel=0.061 denseRel=0.061 samples=1 | scaleAcc=4 scaleRej=15(noBase=0 few=6 resid=3 jump=6) | calibStereo acc=0 rej=0 uniq=0 copies=0 | geom batches=0 stale=0 dropNoPose=0 dropNoScale=0 dropResid=0 | submitted=24 anchors=1331 matched=19 inputRej=0 seen=240 miss=5
10-01 14:47:17.038 I/PerfStage(26752): entered=240 done=240 calib p50=0.5 p95=1.2 | temporal p50=0.0 p95=0.0 | weight p50=0.0 p95=0.0 | fuse p50=0.0 p95=0.0 | surfel p50=0.0 p95=0.0 | stereo p50=0.0 p95=0.0 | lock p50=0.0 p95=0.0 | total p50=2.6 p95=29.4 | tmask tested=0 agree=0 disagree=0 | lockWait=0.0
10-01 14:47:17.038 I/PerfGate(26752): depthEarly world=0 noSnap=0 staleGen=0 dup=0 | retain ok=240 noPose=117 mismatch=0 badTs=0 | poseTol hit=22 missWorld=0 missEmpty=0 missOver=14
10-01 14:47:17.107 W/FrameProbe(26752): nativeOnCameraFrame 40.0 ms (trackedPts=0)
10-01 14:47:17.233 W/FrameProbe(26752): nativeOnCameraFrame 30.6 ms (trackedPts=0)
10-01 14:47:17.378 W/FrameProbe(26752): nativeOnCameraFrame 35.2 ms (trackedPts=0)
10-01 14:47:17.390 D/FpsProbe(26752): fps=30.0
10-01 14:47:17.503 W/FrameProbe(26752): nativeOnCameraFrame 36.7 ms (trackedPts=0)
10-01 14:47:17.642 W/FrameProbe(26752): nativeOnCameraFrame 41.6 ms (trackedPts=0)
10-01 14:47:17.724 I/ArPoseProbe(26752): fromTs=73.6% latest=26.4% total=3870
10-01 14:47:17.777 W/FrameProbe(26752): nativeOnCameraFrame 34.6 ms (trackedPts=0)
10-01 14:47:17.911 W/FrameProbe(26752): nativeOnCameraFrame 36.9 ms (trackedPts=0)
10-01 14:47:18.042 W/FrameProbe(26752): nativeOnCameraFrame 33.9 ms (trackedPts=0)
10-01 14:47:18.180 W/FrameProbe(26752): nativeOnCameraFrame 42.7 ms (trackedPts=0)
10-01 14:47:18.313 W/FrameProbe(26752): nativeOnCameraFrame 35.3 ms (trackedPts=0)
10-01 14:47:18.429 W/FrameProbe(26752): nativeOnCameraFrame 29.7 ms (trackedPts=0)
10-01 14:47:18.430 D/FpsProbe(26752): fps=30.0
10-01 14:47:18.568 W/FrameProbe(26752): nativeOnCameraFrame 28.6 ms (trackedPts=0)
10-01 14:47:18.706 W/FrameProbe(26752): nativeOnCameraFrame 30.6 ms (trackedPts=0)
10-01 14:47:18.826 W/FrameProbe(26752): nativeOnCameraFrame 29.1 ms (trackedPts=0)
10-01 14:47:18.976 W/FrameProbe(26752): nativeOnCameraFrame 31.7 ms (trackedPts=0)
10-01 14:47:19.094 W/FrameProbe(26752): nativeOnCameraFrame 29.6 ms (trackedPts=0)
10-01 14:47:19.219 I/ArPoseProbe(26752): fromTs=74.1% latest=25.9% total=3960
10-01 14:47:19.247 W/FrameProbe(26752): nativeOnCameraFrame 43.0 ms (trackedPts=0)
10-01 14:47:19.397 W/FrameProbe(26752): nativeOnCameraFrame 52.9 ms (trackedPts=0)
10-01 14:47:19.444 D/FpsProbe(26752): fps=29.0
10-01 14:47:19.512 W/FrameProbe(26752): nativeOnCameraFrame 42.8 ms (trackedPts=0)
10-01 14:47:19.553 W/FrameProbe(26752): nativeOnCameraFrame 21.3 ms (trackedPts=0)
10-01 14:47:19.648 W/FrameProbe(26752): nativeOnCameraFrame 40.1 ms (trackedPts=0)
10-01 14:47:19.772 W/FrameProbe(26752): nativeOnCameraFrame 39.3 ms (trackedPts=0)
10-01 14:47:19.910 W/FrameProbe(26752): nativeOnCameraFrame 36.1 ms (trackedPts=0)
10-01 14:47:20.038 W/FrameProbe(26752): nativeOnCameraFrame 39.5 ms (trackedPts=0)
10-01 14:47:20.187 W/FrameProbe(26752): nativeOnCameraFrame 55.0 ms (trackedPts=0)
10-01 14:47:20.304 W/FrameProbe(26752): nativeOnCameraFrame 37.1 ms (trackedPts=0)
10-01 14:47:20.437 W/FrameProbe(26752): nativeOnCameraFrame 38.4 ms (trackedPts=0)
10-01 14:47:20.474 D/FpsProbe(26752): fps=30.0
10-01 14:47:20.584 W/FrameProbe(26752): nativeOnCameraFrame 51.8 ms (trackedPts=0)
10-01 14:47:20.704 W/FrameProbe(26752): nativeOnCameraFrame 32.0 ms (trackedPts=0)
10-01 14:47:20.713 I/ArPoseProbe(26752): fromTs=74.5% latest=25.5% total=4050
10-01 14:47:20.843 W/FrameProbe(26752): nativeOnCameraFrame 35.3 ms (trackedPts=0)
10-01 14:47:20.963 W/FrameProbe(26752): nativeOnCameraFrame 33.4 ms (trackedPts=0)
10-01 14:47:21.105 W/FrameProbe(26752): nativeOnCameraFrame 41.3 ms (trackedPts=0)
10-01 14:47:21.199 I/CameraRange(26752): hold 自动/近 0.30m（估计） aux=3 reason=policy-hold pending=none/12
10-01 14:47:21.246 W/FrameProbe(26752): nativeOnCameraFrame 39.7 ms (trackedPts=0)
10-01 14:47:21.376 W/FrameProbe(26752): nativeOnCameraFrame 40.2 ms (trackedPts=0)
10-01 14:47:21.513 W/FrameProbe(26752): nativeOnCameraFrame 42.1 ms (trackedPts=0)
10-01 14:47:21.524 D/FpsProbe(26752): fps=30.0
10-01 14:47:21.639 W/FrameProbe(26752): nativeOnCameraFrame 32.3 ms (trackedPts=0)
10-01 14:47:21.783 W/FrameProbe(26752): nativeOnCameraFrame 38.8 ms (trackedPts=0)
10-01 14:47:21.899 W/FrameProbe(26752): nativeOnCameraFrame 36.2 ms (trackedPts=0)
10-01 14:47:22.035 W/FrameProbe(26752): nativeOnCameraFrame 37.4 ms (trackedPts=0)
10-01 14:47:22.173 W/FrameProbe(26752): nativeOnCameraFrame 41.4 ms (trackedPts=0)
10-01 14:47:22.207 I/ArPoseProbe(26752): fromTs=74.8% latest=25.2% total=4140
10-01 14:47:22.309 W/FrameProbe(26752): nativeOnCameraFrame 43.7 ms (trackedPts=0)
10-01 14:47:22.438 W/FrameProbe(26752): nativeOnCameraFrame 38.5 ms (trackedPts=0)
10-01 14:47:22.578 W/FrameProbe(26752): nativeOnCameraFrame 37.0 ms (trackedPts=0)
10-01 14:47:22.578 D/FpsProbe(26752): fps=30.0
10-01 14:47:22.706 W/FrameProbe(26752): nativeOnCameraFrame 43.3 ms (trackedPts=0)
10-01 14:47:22.844 W/FrameProbe(26752): nativeOnCameraFrame 39.4 ms (trackedPts=0)
10-01 14:47:22.966 W/FrameProbe(26752): nativeOnCameraFrame 35.2 ms (trackedPts=0)
10-01 14:47:23.101 W/FrameProbe(26752): nativeOnCameraFrame 36.0 ms (trackedPts=0)
10-01 14:47:23.248 W/FrameProbe(26752): nativeOnCameraFrame 41.3 ms (trackedPts=0)
10-01 14:47:23.305 I/ThermalGuard(26752): thermal status -> 1 (depthMin=0ms)
10-01 14:47:23.375 W/FrameProbe(26752): nativeOnCameraFrame 41.8 ms (trackedPts=0)
10-01 14:47:23.521 W/FrameProbe(26752): nativeOnCameraFrame 48.0 ms (trackedPts=0)
10-01 14:47:23.582 D/FpsProbe(26752): fps=30.0
10-01 14:47:23.648 W/FrameProbe(26752): nativeOnCameraFrame 49.2 ms (trackedPts=0)
10-01 14:47:23.701 I/ArPoseProbe(26752): fromTs=75.1% latest=24.9% total=4230
10-01 14:47:23.773 W/FrameProbe(26752): nativeOnCameraFrame 37.2 ms (trackedPts=0)
10-01 14:47:23.913 W/FrameProbe(26752): nativeOnCameraFrame 44.2 ms (trackedPts=0)
10-01 14:47:24.045 W/FrameProbe(26752): nativeOnCameraFrame 49.7 ms (trackedPts=0)
10-01 14:47:24.181 W/FrameProbe(26752): nativeOnCameraFrame 49.1 ms (trackedPts=0)
10-01 14:47:24.304 W/FrameProbe(26752): nativeOnCameraFrame 37.0 ms (trackedPts=0)
10-01 14:47:24.460 W/FrameProbe(26752): nativeOnCameraFrame 47.6 ms (trackedPts=0)
10-01 14:47:24.587 W/FrameProbe(26752): nativeOnCameraFrame 51.3 ms (trackedPts=0)
10-01 14:47:24.613 D/FpsProbe(26752): fps=29.0
10-01 14:47:24.719 W/FrameProbe(26752): nativeOnCameraFrame 46.9 ms (trackedPts=0)
10-01 14:47:24.856 W/FrameProbe(26752): nativeOnCameraFrame 47.4 ms (trackedPts=0)
10-01 14:47:24.972 W/FrameProbe(26752): nativeOnCameraFrame 40.1 ms (trackedPts=0)
10-01 14:47:25.119 W/FrameProbe(26752): nativeOnCameraFrame 44.9 ms (trackedPts=0)
10-01 14:47:25.213 I/ArPoseProbe(26752): fromTs=75.4% latest=24.6% total=4320
10-01 14:47:25.256 W/FrameProbe(26752): nativeOnCameraFrame 47.3 ms (trackedPts=0)
10-01 14:47:25.372 W/FrameProbe(26752): nativeOnCameraFrame 42.4 ms (trackedPts=0)
10-01 14:47:25.508 W/FrameProbe(26752): nativeOnCameraFrame 41.3 ms (trackedPts=0)
10-01 14:47:25.641 W/FrameProbe(26752): nativeOnCameraFrame 42.7 ms (trackedPts=0)
10-01 14:47:25.655 D/FpsProbe(26752): fps=30.0
10-01 14:47:25.785 W/FrameProbe(26752): nativeOnCameraFrame 53.1 ms (trackedPts=0)
10-01 14:47:25.926 I/DepthInferencePerf(26752): frames=270 preprocess p50=10.704896ms p95=17.360886ms | inference p50=239.72885ms p95=356.91046ms | copy p50=0.02776ms p95=0.053177ms | total p50=250.31265ms p95=371.25113ms
10-01 14:47:25.932 I/MobileScan3D(26752): DepthProbe calib valid=1 scale=0.0009 shift=3.1331 conf=0.535 samples=1856 spanRel=0.448 invZSpan=0.943 acc=18 rej=41 reason=reference depth span too narrow | fusionDepth min=0.221 max=0.319 mean=0.282 valid=65536 fallback=0 | scanMax=1.00 worldPerMeter=1.0000 worldScaleUsable=0 | epochA=0 susp=0
10-01 14:47:25.932 I/MobileScan3D(26752): EpochProbe active=0 susp=0 opens=0 index=0 suspendEvents=0 suspendedFrames=0 driftRejects=0 lastDriftRel=0.0000 frozenRecoveries=0 stableStreak=0 badStreak=68 suspendStreak=0 | frozen scale=1.0000 shift=0.0000 inv=0 refRaw=30.2696 refZ=0.0000 frozenN=0 frozenConf=0.000 | live scale=0.0009 shift=3.1331 conf=0.535 samples=1856 inv=1 | norm A=0.00000 B=0.00000 reparms=0 lastScaleRel=0.0000 changesWhileEpoch=0
10-01 14:47:25.932 I/MobileScan3D(26752): StereoProbe worldPerMeter=0.9333 stable=0 frameScale=0.4878 medRel=0.057 denseRel=0.055 samples=4 | scaleAcc=4 scaleRej=18(noBase=0 few=8 resid=3 jump=7) | calibStereo acc=0 rej=0 uniq=0 copies=0 | geom batches=0 stale=0 dropNoPose=0 dropNoScale=307 dropResid=0 | submitted=29 anchors=1479 matched=22 inputRej=0 seen=270 miss=7
10-01 14:47:25.932 I/PerfStage(26752): entered=270 done=270 calib p50=0.5 p95=1.2 | temporal p50=0.0 p95=0.0 | weight p50=0.0 p95=0.0 | fuse p50=0.0 p95=0.0 | surfel p50=0.0 p95=0.0 | stereo p50=0.0 p95=0.0 | lock p50=0.0 p95=0.0 | total p50=2.8 p95=35.6 | tmask tested=0 agree=0 disagree=0 | lockWait=0.0
10-01 14:47:25.932 I/PerfGate(26752): depthEarly world=0 noSnap=0 staleGen=0 dup=0 | retain ok=270 noPose=131 mismatch=0 badTs=0 | poseTol hit=22 missWorld=0 missEmpty=0 missOver=14
10-01 14:47:25.934 W/FrameProbe(26752): nativeOnCameraFrame 56.7 ms (trackedPts=0)
10-01 14:47:26.065 W/FrameProbe(26752): nativeOnCameraFrame 63.2 ms (trackedPts=0)
10-01 14:47:26.184 W/FrameProbe(26752): nativeOnCameraFrame 52.4 ms (trackedPts=0)
10-01 14:47:26.201 I/CameraRange(26752): hold 自动/近 0.30m（估计） aux=3 reason=policy-hold pending=none/12
10-01 14:47:26.334 W/FrameProbe(26752): nativeOnCameraFrame 64.8 ms (trackedPts=0)
10-01 14:47:26.454 W/FrameProbe(26752): nativeOnCameraFrame 57.5 ms (trackedPts=0)
10-01 14:47:26.598 W/FrameProbe(26752): nativeOnCameraFrame 54.9 ms (trackedPts=0)
10-01 14:47:26.707 I/ArPoseProbe(26752): fromTs=75.7% latest=24.3% total=4410
10-01 14:47:26.730 W/FrameProbe(26752): nativeOnCameraFrame 60.5 ms (trackedPts=0)
10-01 14:47:26.731 D/FpsProbe(26752): fps=29.0
10-01 14:47:26.858 W/FrameProbe(26752): nativeOnCameraFrame 61.4 ms (trackedPts=0)
10-01 14:47:26.976 W/FrameProbe(26752): nativeOnCameraFrame 46.7 ms (trackedPts=0)
10-01 14:47:27.111 W/FrameProbe(26752): nativeOnCameraFrame 45.5 ms (trackedPts=0)
10-01 14:47:27.260 W/FrameProbe(26752): nativeOnCameraFrame 56.6 ms (trackedPts=0)
10-01 14:47:27.398 W/FrameProbe(26752): nativeOnCameraFrame 57.4 ms (trackedPts=0)
10-01 14:47:27.508 W/FrameProbe(26752): nativeOnCameraFrame 45.8 ms (trackedPts=0)
10-01 14:47:27.655 W/FrameProbe(26752): nativeOnCameraFrame 48.2 ms (trackedPts=0)
10-01 14:47:27.710 D/FpsProbe(26752): fps=28.1
10-01 14:47:27.789 W/FrameProbe(26752): nativeOnCameraFrame 52.8 ms (trackedPts=0)
10-01 14:47:27.811 I/CameraRange(26752): hold 自动/近 0.29m（估计） aux=3 reason=policy-hold pending=none/12
10-01 14:47:27.927 W/FrameProbe(26752): nativeOnCameraFrame 53.8 ms (trackedPts=0)
10-01 14:47:28.037 W/FrameProbe(26752): nativeOnCameraFrame 41.4 ms (trackedPts=0)
10-01 14:47:28.190 W/FrameProbe(26752): nativeOnCameraFrame 59.7 ms (trackedPts=0)
10-01 14:47:28.886 I/MobileScan3D(26752): renderPoseAtTol match: deltaMs=285 newestAgeMs=285 hist=120
10-01 14:47:28.886 I/MobileScan3D(26752): ArAxesProbe raw down=(0.304,-0.951,0.053) fwd=(-0.952,-0.305,-0.015) post down=(0.304,-0.951,0.053) fwd=(-0.952,-0.305,-0.015) deltaMs=285
10-01 14:47:28.886 I/HqTexture(26752): pose relaxed: idx=0 ts=364447751172654 tol=500ms
10-01 14:47:29.039 I/MobileScan3D(26752): renderPoseAtTol match: deltaMs=418 newestAgeMs=418 hist=120
10-01 14:47:29.039 I/HqTexture(26752): pose relaxed: idx=1 ts=364447884480987 tol=500ms
10-01 14:47:29.661 I/ArPoseProbe(26752): fromTs=76.0% latest=24.0% total=4500
10-01 14:47:29.717 W/FrameProbe(26752): nativeOnCameraFrame 76.4 ms (trackedPts=0)
10-01 14:47:29.717 D/FpsProbe(26752): fps=7.2 LOW
10-01 14:47:29.824 W/FrameProbe(26752): nativeOnCameraFrame 58.1 ms (trackedPts=0)
10-01 14:47:29.950 W/FrameProbe(26752): nativeOnCameraFrame 48.0 ms (trackedPts=0)
10-01 14:47:30.079 W/FrameProbe(26752): nativeOnCameraFrame 44.0 ms (trackedPts=0)
10-01 14:47:30.201 W/FrameProbe(26752): nativeOnCameraFrame 35.9 ms (trackedPts=0)
10-01 14:47:30.345 W/FrameProbe(26752): nativeOnCameraFrame 41.7 ms (trackedPts=0)
10-01 14:47:30.361 I/CameraRange(26752): hold 自动/近 0.30m（估计） aux=3 reason=policy-hold pending=none/12
10-01 14:47:30.468 W/FrameProbe(26752): nativeOnCameraFrame 33.8 ms (trackedPts=0)
10-01 14:47:30.617 W/FrameProbe(26752): nativeOnCameraFrame 47.4 ms (trackedPts=0)
10-01 14:47:30.670 D/FpsProbe(26752): fps=29.0
10-01 14:47:30.741 W/FrameProbe(26752): nativeOnCameraFrame 44.5 ms (trackedPts=0)
10-01 14:47:30.876 W/FrameProbe(26752): nativeOnCameraFrame 40.9 ms (trackedPts=0)
10-01 14:47:30.896 W/HqTexture(26752): register skip: pose gate single_228698584426297.jpg idx=2 poseValid=false poseAtOk=false sensorTs=364447984462237
10-01 14:47:31.016 W/FrameProbe(26752): nativeOnCameraFrame 49.3 ms (trackedPts=0)
10-01 14:47:31.787 I/MobileScan3D(26752): renderPoseAtTol match: deltaMs=251 newestAgeMs=251 hist=120
10-01 14:47:31.787 I/MobileScan3D(26752): ArAxesProbe raw down=(0.450,-0.892,0.039) fwd=(-0.893,-0.451,-0.009) post down=(0.450,-0.892,0.039) fwd=(-0.893,-0.451,-0.009) deltaMs=251
10-01 14:47:31.787 I/HqTexture(26752): pose relaxed: idx=0 ts=364450683935727 tol=500ms
10-01 14:47:31.943 I/MobileScan3D(26752): renderPoseAtTol match: deltaMs=384 newestAgeMs=384 hist=120
10-01 14:47:31.943 I/HqTexture(26752): pose relaxed: idx=1 ts=364450817244060 tol=500ms
10-01 14:47:32.107 I/MobileScan3D(26752): renderPoseAtTol match: deltaMs=484 newestAgeMs=484 hist=120
10-01 14:47:32.107 I/HqTexture(26752): pose relaxed: idx=2 ts=364450917225310 tol=500ms
10-01 14:47:32.616 W/FrameProbe(26752): nativeOnCameraFrame 68.2 ms (trackedPts=0)
10-01 14:47:32.616 D/FpsProbe(26752): fps=6.4 LOW
10-01 14:47:32.635 I/ArPoseProbe(26752): fromTs=76.3% latest=23.7% total=4590
10-01 14:47:32.729 W/FrameProbe(26752): nativeOnCameraFrame 58.9 ms (trackedPts=0)
10-01 14:47:32.847 W/FrameProbe(26752): nativeOnCameraFrame 45.1 ms (trackedPts=0)
10-01 14:47:32.887 I/CameraRange(26752): hold 自动/近 0.29m（估计） aux=3 reason=policy-hold pending=none/12
10-01 14:47:33.005 W/FrameProbe(26752): nativeOnCameraFrame 67.3 ms (trackedPts=0)
10-01 14:47:33.110 W/FrameProbe(26752): nativeOnCameraFrame 41.1 ms (trackedPts=0)
10-01 14:47:33.251 W/FrameProbe(26752): nativeOnCameraFrame 49.9 ms (trackedPts=0)
10-01 14:47:33.390 W/FrameProbe(26752): nativeOnCameraFrame 53.5 ms (trackedPts=0)
10-01 14:47:33.510 W/FrameProbe(26752): nativeOnCameraFrame 42.4 ms (trackedPts=0)
10-01 14:47:33.576 D/FpsProbe(26752): fps=27.1
10-01 14:47:33.654 W/FrameProbe(26752): nativeOnCameraFrame 52.2 ms (trackedPts=0)
10-01 14:47:33.792 W/FrameProbe(26752): nativeOnCameraFrame 57.5 ms (trackedPts=0)
10-01 14:47:33.926 W/FrameProbe(26752): nativeOnCameraFrame 57.4 ms (trackedPts=0)
10-01 14:47:33.957 W/HqTexture(26752): register skip: pose gate single_228701544261556.jpg idx=3 poseValid=false poseAtOk=false sensorTs=364451017206560
10-01 14:47:33.967 I/CameraRange(26752): hold 自动/近 0.30m（估计） aux=3 reason=policy-hold pending=none/12
10-01 14:47:34.038 W/FrameProbe(26752): nativeOnCameraFrame 37.0 ms (trackedPts=0)
10-01 14:47:34.191 W/FrameProbe(26752): nativeOnCameraFrame 56.3 ms (trackedPts=0)
10-01 14:47:34.194 I/ArPoseProbe(26752): fromTs=76.7% latest=23.3% total=4680
10-01 14:47:34.323 W/FrameProbe(26752): nativeOnCameraFrame 51.5 ms (trackedPts=0)
10-01 14:47:34.454 W/FrameProbe(26752): nativeOnCameraFrame 51.3 ms (trackedPts=0)
10-01 14:47:34.633 W/FrameProbe(26752): nativeOnCameraFrame 100.4 ms (trackedPts=0)
10-01 14:47:34.647 D/FpsProbe(26752): fps=26.3
10-01 14:47:34.710 W/FrameProbe(26752): nativeOnCameraFrame 41.9 ms (trackedPts=0)
10-01 14:47:34.856 W/FrameProbe(26752): nativeOnCameraFrame 52.2 ms (trackedPts=0)
10-01 14:47:35.581 I/MobileScan3D(26752): renderPoseAtTol match: deltaMs=270 newestAgeMs=270 hist=120
10-01 14:47:35.581 I/MobileScan3D(26752): ArAxesProbe raw down=(0.608,-0.793,0.042) fwd=(-0.793,-0.609,-0.015) post down=(0.608,-0.793,0.042) fwd=(-0.793,-0.609,-0.015) deltaMs=269
10-01 14:47:35.581 I/HqTexture(26752): pose relaxed: idx=0 ts=364454503252341 tol=500ms
10-01 14:47:35.733 I/MobileScan3D(26752): renderPoseAtTol match: deltaMs=403 newestAgeMs=403 hist=120
10-01 14:47:35.733 I/HqTexture(26752): pose relaxed: idx=1 ts=364454636560674 tol=500ms
10-01 14:47:36.420 W/FrameProbe(26752): nativeOnCameraFrame 71.5 ms (trackedPts=0)
10-01 14:47:36.420 D/FpsProbe(26752): fps=4.7 LOW
10-01 14:47:36.723 I/CameraRange(26752): hold 自动/近 0.29m（估计） aux=3 reason=policy-hold pending=none/12
10-01 14:47:36.882 W/FrameProbe(26752): nativeOnCameraFrame 58.5 ms (trackedPts=0)
10-01 14:47:36.995 W/FrameProbe(26752): nativeOnCameraFrame 51.9 ms (trackedPts=0)
10-01 14:47:37.126 W/FrameProbe(26752): nativeOnCameraFrame 45.4 ms (trackedPts=0)
10-01 14:47:37.257 W/FrameProbe(26752): nativeOnCameraFrame 48.7 ms (trackedPts=0)
10-01 14:47:37.305 W/FrameProbe(26752): nativeOnCameraFrame 19.4 ms (trackedPts=0)
10-01 14:47:37.380 W/FrameProbe(26752): nativeOnCameraFrame 36.1 ms (trackedPts=0)
10-01 14:47:37.404 D/FpsProbe(26752): fps=16.5 LOW
10-01 14:47:37.526 W/FrameProbe(26752): nativeOnCameraFrame 47.6 ms (trackedPts=0)
10-01 14:47:37.597 I/ArPoseProbe(26752): fromTs=77.1% latest=22.9% total=4770
10-01 14:47:37.656 W/FrameProbe(26752): nativeOnCameraFrame 46.8 ms (trackedPts=0)
10-01 14:47:37.798 W/FrameProbe(26752): nativeOnCameraFrame 54.9 ms (trackedPts=0)
10-01 14:47:37.915 W/FrameProbe(26752): nativeOnCameraFrame 38.8 ms (trackedPts=0)
10-01 14:47:37.950 W/FrameProbe(26752): nativeOnCameraFrame 23.8 ms (trackedPts=0)
10-01 14:47:37.950 I/CameraRange(26752): hold 自动/近 0.30m（估计） aux=3 reason=policy-hold pending=none/12
10-01 14:47:38.066 W/FrameProbe(26752): nativeOnCameraFrame 55.0 ms (trackedPts=0)
10-01 14:47:38.181 W/FrameProbe(26752): nativeOnCameraFrame 33.9 ms (trackedPts=0)
10-01 14:47:38.322 W/FrameProbe(26752): nativeOnCameraFrame 43.9 ms (trackedPts=0)
10-01 14:47:38.400 W/FrameProbe(26752): nativeOnCameraFrame 21.3 ms (trackedPts=0)
10-01 14:47:38.462 W/FrameProbe(26752): nativeOnCameraFrame 50.8 ms (trackedPts=0)
10-01 14:47:38.463 D/FpsProbe(26752): fps=30.0
10-01 14:47:38.613 W/FrameProbe(26752): nativeOnCameraFrame 68.0 ms (trackedPts=0)
10-01 14:47:38.732 W/FrameProbe(26752): nativeOnCameraFrame 53.8 ms (trackedPts=0)
10-01 14:47:38.866 W/FrameProbe(26752): nativeOnCameraFrame 51.7 ms (trackedPts=0)
10-01 14:47:38.931 W/FrameProbe(26752): nativeOnCameraFrame 21.4 ms (trackedPts=0)
10-01 14:47:39.052 W/FrameProbe(26752): nativeOnCameraFrame 64.4 ms (trackedPts=0)
10-01 14:47:39.172 W/FrameProbe(26752): nativeOnCameraFrame 57.7 ms (trackedPts=0)
10-01 14:47:39.194 I/ArPoseProbe(26752): fromTs=77.0% latest=23.0% total=4860
10-01 14:47:39.220 W/HqTexture(26752): register skip: pose gate single_228705345768586.jpg idx=3 poseValid=false poseAtOk=false sensorTs=364454836523174
10-01 14:47:39.281 W/FrameProbe(26752): nativeOnCameraFrame 35.3 ms (trackedPts=0)
10-01 14:47:39.434 W/FrameProbe(26752): nativeOnCameraFrame 53.0 ms (trackedPts=0)
10-01 14:47:39.463 D/FpsProbe(26752): fps=24.2 LOW
10-01 14:47:39.542 I/DepthInferencePerf(26752): frames=300 preprocess p50=10.651875ms p95=17.549791ms | inference p50=242.37209ms p95=349.32425ms | copy p50=0.028854ms p95=0.058073ms | total p50=251.86145ms p95=366.22595ms
10-01 14:47:39.546 I/MobileScan3D(26752): FusionDiag depthFrames=300 usable=1 epochActive=0 epochSusp=0 fused=0 gated=299 | temporal checks=0 rejects=0 ratio=1.000 tested=0 agree=0 stale=0 refAgeMs=-1 | guard refs=0 checks=0 rejected=0 tested=0 ratio=1.000
10-01 14:47:39.546 I/MobileScan3D(26752): DepthProbe calib valid=1 scale=0.0009 shift=3.1331 conf=0.535 samples=1856 spanRel=0.448 invZSpan=0.943 acc=18 rej=50 reason=reference depth span too narrow | fusionDepth min=0.226 max=0.319 mean=0.283 valid=65536 fallback=0 | scanMax=1.00 worldPerMeter=1.0000 worldScaleUsable=0 | epochA=0 susp=0
10-01 14:47:39.546 I/MobileScan3D(26752): EpochProbe active=0 susp=0 opens=0 index=0 suspendEvents=0 suspendedFrames=0 driftRejects=0 lastDriftRel=0.0000 frozenRecoveries=0 stableStreak=0 badStreak=98 suspendStreak=0 | frozen scale=1.0000 shift=0.0000 inv=0 refRaw=24.9521 refZ=0.0000 frozenN=0 frozenConf=0.000 | live scale=0.0009 shift=3.1331 conf=0.535 samples=1856 inv=1 | norm A=0.00000 B=0.00000 reparms=0 lastScaleRel=0.0000 changesWhileEpoch=0
10-01 14:47:39.546 I/MobileScan3D(26752): StereoProbe worldPerMeter=0.9333 stable=0 frameScale=0.7635 medRel=0.178 denseRel=0.194 samples=4 | scaleAcc=4 scaleRej=22(noBase=0 few=11 resid=4 jump=7) | calibStereo acc=0 rej=0 uniq=0 copies=0 | geom batches=0 stale=0 dropNoPose=0 dropNoScale=892 dropResid=0 | submitted=36 anchors=1606 matched=26 inputRej=0 seen=300 miss=10
10-01 14:47:39.546 I/PerfStage(26752): entered=300 done=300 calib p50=0.6 p95=1.2 | temporal p50=0.0 p95=0.0 | weight p50=0.0 p95=0.0 | fuse p50=0.0 p95=0.0 | surfel p50=0.0 p95=0.0 | stereo p50=0.0 p95=0.0 | lock p50=0.0 p95=0.0 | total p50=3.3 p95=35.6 | tmask tested=0 agree=0 disagree=0 | lockWait=0.0
10-01 14:47:39.546 I/PerfGate(26752): depthEarly world=0 noSnap=0 staleGen=0 dup=0 | retain ok=300 noPose=141 mismatch=0 badTs=0 | poseTol hit=29 missWorld=0 missEmpty=0 missOver=19
10-01 14:47:39.547 W/FrameProbe(26752): nativeOnCameraFrame 37.2 ms (trackedPts=0)
10-01 14:47:39.675 W/FrameProbe(26752): nativeOnCameraFrame 34.7 ms (trackedPts=0)
10-01 14:47:39.802 W/FrameProbe(26752): nativeOnCameraFrame 23.9 ms (trackedPts=0)
10-01 14:47:39.950 W/FrameProbe(26752): nativeOnCameraFrame 39.9 ms (trackedPts=0)
10-01 14:47:40.077 W/FrameProbe(26752): nativeOnCameraFrame 34.6 ms (trackedPts=0)
10-01 14:47:40.217 W/FrameProbe(26752): nativeOnCameraFrame 42.2 ms (trackedPts=0)
10-01 14:47:40.347 W/FrameProbe(26752): nativeOnCameraFrame 35.5 ms (trackedPts=0)
10-01 14:47:40.479 W/FrameProbe(26752): nativeOnCameraFrame 37.2 ms (trackedPts=0)
10-01 14:47:40.490 D/FpsProbe(26752): fps=30.0
10-01 14:47:40.619 W/FrameProbe(26752): nativeOnCameraFrame 41.4 ms (trackedPts=0)
10-01 14:47:40.685 I/ArPoseProbe(26752): fromTs=77.3% latest=22.7% total=4950
10-01 14:47:40.761 W/FrameProbe(26752): nativeOnCameraFrame 46.8 ms (trackedPts=0)
10-01 14:47:40.878 W/FrameProbe(26752): nativeOnCameraFrame 35.1 ms (trackedPts=0)
10-01 14:47:41.008 W/FrameProbe(26752): nativeOnCameraFrame 36.4 ms (trackedPts=0)
10-01 14:47:41.147 W/FrameProbe(26752): nativeOnCameraFrame 40.2 ms (trackedPts=0)
10-01 14:47:41.289 W/FrameProbe(26752): nativeOnCameraFrame 46.3 ms (trackedPts=0)
10-01 14:47:41.406 W/FrameProbe(26752): nativeOnCameraFrame 30.2 ms (trackedPts=0)
10-01 14:47:41.547 W/FrameProbe(26752): nativeOnCameraFrame 42.4 ms (trackedPts=0)
10-01 14:47:41.547 D/FpsProbe(26752): fps=30.0
10-01 14:47:41.686 W/FrameProbe(26752): nativeOnCameraFrame 42.0 ms (trackedPts=0)
10-01 14:47:41.819 W/FrameProbe(26752): nativeOnCameraFrame 42.2 ms (trackedPts=0)
10-01 14:47:41.952 W/FrameProbe(26752): nativeOnCameraFrame 40.8 ms (trackedPts=0)
10-01 14:47:42.088 W/FrameProbe(26752): nativeOnCameraFrame 44.8 ms (trackedPts=0)
10-01 14:47:42.196 I/ArPoseProbe(26752): fromTs=77.6% latest=22.4% total=5040
10-01 14:47:42.209 W/FrameProbe(26752): nativeOnCameraFrame 36.1 ms (trackedPts=0)
10-01 14:47:42.356 W/FrameProbe(26752): nativeOnCameraFrame 40.7 ms (trackedPts=0)
10-01 14:47:42.503 W/FrameProbe(26752): nativeOnCameraFrame 51.3 ms (trackedPts=0)
10-01 14:47:42.549 D/FpsProbe(26752): fps=30.0
10-01 14:47:42.613 W/FrameProbe(26752): nativeOnCameraFrame 31.5 ms (trackedPts=0)
10-01 14:47:42.754 W/FrameProbe(26752): nativeOnCameraFrame 39.5 ms (trackedPts=0)
10-01 14:47:42.875 W/FrameProbe(26752): nativeOnCameraFrame 37.9 ms (trackedPts=0)
10-01 14:47:43.018 W/FrameProbe(26752): nativeOnCameraFrame 44.5 ms (trackedPts=0)
10-01 14:47:43.144 W/FrameProbe(26752): nativeOnCameraFrame 35.9 ms (trackedPts=0)
10-01 14:47:43.159 I/CameraRange(26752): hold 自动/近 0.30m（估计） aux=3 reason=policy-hold pending=none/12
10-01 14:47:43.303 W/FrameProbe(26752): nativeOnCameraFrame 52.3 ms (trackedPts=0)
10-01 14:47:43.404 W/FrameProbe(26752): nativeOnCameraFrame 27.7 ms (trackedPts=0)
10-01 14:47:43.549 W/FrameProbe(26752): nativeOnCameraFrame 40.2 ms (trackedPts=0)
10-01 14:47:43.589 D/FpsProbe(26752): fps=30.0
10-01 14:47:43.696 W/FrameProbe(26752): nativeOnCameraFrame 48.6 ms (trackedPts=0)
10-01 14:47:43.697 I/ArPoseProbe(26752): fromTs=77.9% latest=22.1% total=5130
10-01 14:47:43.813 W/FrameProbe(26752): nativeOnCameraFrame 32.2 ms (trackedPts=0)
10-01 14:47:43.957 W/FrameProbe(26752): nativeOnCameraFrame 41.0 ms (trackedPts=0)
10-01 14:47:44.070 W/FrameProbe(26752): nativeOnCameraFrame 32.2 ms (trackedPts=0)
10-01 14:47:44.214 W/FrameProbe(26752): nativeOnCameraFrame 40.9 ms (trackedPts=0)
10-01 14:47:44.353 W/FrameProbe(26752): nativeOnCameraFrame 40.4 ms (trackedPts=0)
10-01 14:47:44.478 W/FrameProbe(26752): nativeOnCameraFrame 37.8 ms (trackedPts=0)
10-01 14:47:44.614 W/FrameProbe(26752): nativeOnCameraFrame 36.9 ms (trackedPts=0)
10-01 14:47:44.628 D/FpsProbe(26752): fps=30.0
10-01 14:47:44.745 W/FrameProbe(26752): nativeOnCameraFrame 38.6 ms (trackedPts=0)
10-01 14:47:44.870 W/FrameProbe(26752): nativeOnCameraFrame 30.7 ms (trackedPts=0)
10-01 14:47:45.018 W/FrameProbe(26752): nativeOnCameraFrame 33.2 ms (trackedPts=0)
10-01 14:47:45.149 W/FrameProbe(26752): nativeOnCameraFrame 37.2 ms (trackedPts=0)
10-01 14:47:45.185 I/ArPoseProbe(26752): fromTs=78.1% latest=21.9% total=5220
10-01 14:47:45.272 W/FrameProbe(26752): nativeOnCameraFrame 32.3 ms (trackedPts=0)
10-01 14:47:45.406 W/FrameProbe(26752): nativeOnCameraFrame 28.5 ms (trackedPts=0)
10-01 14:47:45.553 W/FrameProbe(26752): nativeOnCameraFrame 39.6 ms (trackedPts=0)
10-01 14:47:45.670 W/FrameProbe(26752): nativeOnCameraFrame 31.5 ms (trackedPts=0)
10-01 14:47:45.670 D/FpsProbe(26752): fps=30.0
10-01 14:47:45.827 W/FrameProbe(26752): nativeOnCameraFrame 44.5 ms (trackedPts=0)
10-01 14:47:45.952 W/FrameProbe(26752): nativeOnCameraFrame 35.9 ms (trackedPts=0)
10-01 14:47:46.082 W/FrameProbe(26752): nativeOnCameraFrame 38.3 ms (trackedPts=0)
10-01 14:47:46.214 W/FrameProbe(26752): nativeOnCameraFrame 35.6 ms (trackedPts=0)
10-01 14:47:46.346 W/FrameProbe(26752): nativeOnCameraFrame 39.8 ms (trackedPts=0)
10-01 14:47:46.478 W/FrameProbe(26752): nativeOnCameraFrame 34.7 ms (trackedPts=0)
10-01 14:47:46.625 W/FrameProbe(26752): nativeOnCameraFrame 45.2 ms (trackedPts=0)
10-01 14:47:46.677 D/FpsProbe(26752): fps=30.0
10-01 14:47:46.679 I/ArPoseProbe(26752): fromTs=78.4% latest=21.6% total=5310
10-01 14:47:46.742 W/FrameProbe(26752): nativeOnCameraFrame 38.4 ms (trackedPts=0)
10-01 14:47:46.892 W/FrameProbe(26752): nativeOnCameraFrame 42.9 ms (trackedPts=0)
10-01 14:47:47.013 W/FrameProbe(26752): nativeOnCameraFrame 34.4 ms (trackedPts=0)
10-01 14:47:47.146 W/FrameProbe(26752): nativeOnCameraFrame 37.4 ms (trackedPts=0)
10-01 14:47:47.290 W/FrameProbe(26752): nativeOnCameraFrame 42.4 ms (trackedPts=0)
10-01 14:47:47.421 W/FrameProbe(26752): nativeOnCameraFrame 41.5 ms (trackedPts=0)
10-01 14:47:47.545 W/FrameProbe(26752): nativeOnCameraFrame 34.9 ms (trackedPts=0)
10-01 14:47:47.679 W/FrameProbe(26752): nativeOnCameraFrame 33.6 ms (trackedPts=0)
10-01 14:47:47.713 D/FpsProbe(26752): fps=30.0
10-01 14:47:47.811 W/FrameProbe(26752): nativeOnCameraFrame 38.7 ms (trackedPts=0)
10-01 14:47:47.952 W/FrameProbe(26752): nativeOnCameraFrame 42.7 ms (trackedPts=0)
10-01 14:47:48.083 W/FrameProbe(26752): nativeOnCameraFrame 37.0 ms (trackedPts=0)
10-01 14:47:48.173 I/ArPoseProbe(26752): fromTs=78.8% latest=21.2% total=5400
10-01 14:47:48.215 W/FrameProbe(26752): nativeOnCameraFrame 35.0 ms (trackedPts=0)
10-01 14:47:48.305 I/DepthInferencePerf(26752): frames=330 preprocess p50=10.205885ms p95=14.765937ms | inference p50=240.77353ms p95=345.63162ms | copy p50=0.028906ms p95=0.058073ms | total p50=251.6249ms p95=360.20374ms
10-01 14:47:48.309 I/MobileScan3D(26752): DepthProbe calib valid=1 scale=0.0009 shift=3.1331 conf=0.535 samples=1856 spanRel=0.448 invZSpan=0.943 acc=18 rej=50 reason=reference depth span too narrow | fusionDepth min=0.226 max=0.319 mean=0.283 valid=65536 fallback=0 | scanMax=1.00 worldPerMeter=1.0000 worldScaleUsable=0 | epochA=0 susp=0
10-01 14:47:48.309 I/MobileScan3D(26752): EpochProbe active=0 susp=0 opens=0 index=0 suspendEvents=0 suspendedFrames=0 driftRejects=0 lastDriftRel=0.0000 frozenRecoveries=0 stableStreak=0 badStreak=128 suspendStreak=0 | frozen scale=1.0000 shift=0.0000 inv=0 refRaw=16.5382 refZ=0.0000 frozenN=0 frozenConf=0.000 | live scale=0.0009 shift=3.1331 conf=0.535 samples=1856 inv=1 | norm A=0.00000 B=0.00000 reparms=0 lastScaleRel=0.0000 changesWhileEpoch=0
10-01 14:47:48.309 I/MobileScan3D(26752): StereoProbe worldPerMeter=0.9333 stable=0 frameScale=0.7635 medRel=0.178 denseRel=0.194 samples=4 | scaleAcc=4 scaleRej=22(noBase=0 few=11 resid=4 jump=7) | calibStereo acc=0 rej=0 uniq=0 copies=0 | geom batches=0 stale=0 dropNoPose=0 dropNoScale=892 dropResid=0 | submitted=36 anchors=1606 matched=26 inputRej=0 seen=330 miss=10
10-01 14:47:48.309 I/PerfStage(26752): entered=330 done=330 calib p50=0.6 p95=1.1 | temporal p50=0.0 p95=0.0 | weight p50=0.0 p95=0.0 | fuse p50=0.0 p95=0.0 | surfel p50=0.0 p95=0.0 | stereo p50=0.0 p95=0.0 | lock p50=0.0 p95=0.0 | total p50=2.8 p95=34.5 | tmask tested=0 agree=0 disagree=0 | lockWait=0.0
10-01 14:47:48.309 I/PerfGate(26752): depthEarly world=0 noSnap=0 staleGen=0 dup=0 | retain ok=330 noPose=152 mismatch=0 badTs=0 | poseTol hit=29 missWorld=0 missEmpty=0 missOver=19
10-01 14:47:48.348 W/FrameProbe(26752): nativeOnCameraFrame 38.4 ms (trackedPts=0)
10-01 14:47:48.349 I/CameraRange(26752): hold 自动/近 0.30m（估计） aux=3 reason=policy-hold pending=none/12
10-01 14:47:48.470 W/FrameProbe(26752): nativeOnCameraFrame 31.1 ms (trackedPts=0)
10-01 14:47:48.615 W/FrameProbe(26752): nativeOnCameraFrame 38.3 ms (trackedPts=0)
10-01 14:47:48.736 W/FrameProbe(26752): nativeOnCameraFrame 26.5 ms (trackedPts=0)
10-01 14:47:48.749 D/FpsProbe(26752): fps=30.0
10-01 14:47:48.871 W/FrameProbe(26752): nativeOnCameraFrame 35.0 ms (trackedPts=0)
10-01 14:47:49.013 W/FrameProbe(26752): nativeOnCameraFrame 41.0 ms (trackedPts=0)
10-01 14:47:49.150 W/FrameProbe(26752): nativeOnCameraFrame 43.6 ms (trackedPts=0)
10-01 14:47:49.284 W/FrameProbe(26752): nativeOnCameraFrame 35.9 ms (trackedPts=0)
10-01 14:47:49.409 W/FrameProbe(26752): nativeOnCameraFrame 41.0 ms (trackedPts=0)
10-01 14:47:49.549 W/FrameProbe(26752): nativeOnCameraFrame 46.8 ms (trackedPts=0)
10-01 14:47:49.681 W/FrameProbe(26752): nativeOnCameraFrame 42.7 ms (trackedPts=0)
10-01 14:47:49.681 I/ArPoseProbe(26752): fromTs=79.0% latest=21.0% total=5490
10-01 14:47:49.814 W/FrameProbe(26752): nativeOnCameraFrame 33.5 ms (trackedPts=0)
10-01 14:47:49.814 D/FpsProbe(26752): fps=30.0
10-01 14:47:49.953 W/FrameProbe(26752): nativeOnCameraFrame 41.9 ms (trackedPts=0)
10-01 14:47:50.095 W/FrameProbe(26752): nativeOnCameraFrame 51.0 ms (trackedPts=0)
10-01 14:47:50.235 W/FrameProbe(26752): nativeOnCameraFrame 50.9 ms (trackedPts=0)
10-01 14:47:50.357 W/FrameProbe(26752): nativeOnCameraFrame 49.5 ms (trackedPts=0)
10-01 14:47:50.494 W/FrameProbe(26752): nativeOnCameraFrame 45.4 ms (trackedPts=0)
10-01 14:47:50.620 W/FrameProbe(26752): nativeOnCameraFrame 36.9 ms (trackedPts=0)
10-01 14:47:50.741 W/FrameProbe(26752): nativeOnCameraFrame 34.3 ms (trackedPts=0)
10-01 14:47:50.821 D/FpsProbe(26752): fps=29.0
10-01 14:47:50.876 W/FrameProbe(26752): nativeOnCameraFrame 29.8 ms (trackedPts=0)
10-01 14:47:51.012 W/FrameProbe(26752): nativeOnCameraFrame 38.1 ms (trackedPts=0)
10-01 14:47:51.157 W/FrameProbe(26752): nativeOnCameraFrame 42.0 ms (trackedPts=0)
10-01 14:47:51.178 I/ArPoseProbe(26752): fromTs=79.3% latest=20.7% total=5580
10-01 14:47:51.272 W/FrameProbe(26752): nativeOnCameraFrame 32.2 ms (trackedPts=0)
10-01 14:47:51.410 W/FrameProbe(26752): nativeOnCameraFrame 30.0 ms (trackedPts=0)
10-01 14:47:51.532 W/FrameProbe(26752): nativeOnCameraFrame 29.3 ms (trackedPts=0)
10-01 14:47:51.669 W/FrameProbe(26752): nativeOnCameraFrame 25.4 ms (trackedPts=0)
10-01 14:47:51.802 W/FrameProbe(26752): nativeOnCameraFrame 30.7 ms (trackedPts=0)
10-01 14:47:51.849 D/FpsProbe(26752): fps=30.0
10-01 14:47:51.939 W/FrameProbe(26752): nativeOnCameraFrame 34.3 ms (trackedPts=0)
10-01 14:47:52.079 W/FrameProbe(26752): nativeOnCameraFrame 32.2 ms (trackedPts=0)
10-01 14:47:52.198 W/FrameProbe(26752): nativeOnCameraFrame 28.9 ms (trackedPts=0)
10-01 14:47:52.340 W/FrameProbe(26752): nativeOnCameraFrame 30.2 ms (trackedPts=0)
10-01 14:47:52.478 W/FrameProbe(26752): nativeOnCameraFrame 41.6 ms (trackedPts=0)
10-01 14:47:52.627 W/FrameProbe(26752): nativeOnCameraFrame 41.1 ms (trackedPts=0)
10-01 14:47:52.673 I/ArPoseProbe(26752): fromTs=79.6% latest=20.4% total=5670
10-01 14:47:52.739 W/FrameProbe(26752): nativeOnCameraFrame 31.5 ms (trackedPts=0)
10-01 14:47:52.862 W/FrameProbe(26752): nativeOnCameraFrame 27.2 ms (trackedPts=0)
10-01 14:47:52.886 D/FpsProbe(26752): fps=30.0
10-01 14:47:53.006 W/FrameProbe(26752): nativeOnCameraFrame 32.6 ms (trackedPts=0)
10-01 14:47:53.138 W/FrameProbe(26752): nativeOnCameraFrame 32.0 ms (trackedPts=0)
10-01 14:47:53.276 W/FrameProbe(26752): nativeOnCameraFrame 38.3 ms (trackedPts=0)
10-01 14:47:53.417 W/FrameProbe(26752): nativeOnCameraFrame 31.5 ms (trackedPts=0)
10-01 14:47:53.543 W/FrameProbe(26752): nativeOnCameraFrame 37.1 ms (trackedPts=0)
10-01 14:47:53.577 I/CameraRange(26752): hold 自动/近 0.30m（估计） aux=3 reason=policy-hold pending=none/12
10-01 14:47:53.673 W/FrameProbe(26752): nativeOnCameraFrame 38.4 ms (trackedPts=0)
10-01 14:47:53.811 W/FrameProbe(26752): nativeOnCameraFrame 34.0 ms (trackedPts=0)
10-01 14:47:53.939 W/FrameProbe(26752): nativeOnCameraFrame 33.4 ms (trackedPts=0)
10-01 14:47:53.939 D/FpsProbe(26752): fps=30.0
10-01 14:47:54.081 W/FrameProbe(26752): nativeOnCameraFrame 35.8 ms (trackedPts=0)
10-01 14:47:54.167 I/ArPoseProbe(26752): fromTs=79.9% latest=20.1% total=5760
10-01 14:47:54.208 W/FrameProbe(26752): nativeOnCameraFrame 32.8 ms (trackedPts=0)
10-01 14:47:54.352 W/FrameProbe(26752): nativeOnCameraFrame 48.8 ms (trackedPts=0)
10-01 14:47:54.481 W/FrameProbe(26752): nativeOnCameraFrame 39.3 ms (trackedPts=0)
10-01 14:47:54.618 W/FrameProbe(26752): nativeOnCameraFrame 37.8 ms (trackedPts=0)
10-01 14:47:54.739 W/FrameProbe(26752): nativeOnCameraFrame 25.9 ms (trackedPts=0)
10-01 14:47:54.869 W/FrameProbe(26752): nativeOnCameraFrame 30.6 ms (trackedPts=0)
10-01 14:47:54.953 D/FpsProbe(26752): fps=30.0
10-01 14:47:55.012 W/FrameProbe(26752): nativeOnCameraFrame 34.8 ms (trackedPts=0)
10-01 14:47:55.143 W/FrameProbe(26752): nativeOnCameraFrame 38.9 ms (trackedPts=0)
10-01 14:47:55.280 W/FrameProbe(26752): nativeOnCameraFrame 40.7 ms (trackedPts=0)
10-01 14:47:55.414 W/FrameProbe(26752): nativeOnCameraFrame 36.1 ms (trackedPts=0)
10-01 14:47:55.547 W/FrameProbe(26752): nativeOnCameraFrame 42.4 ms (trackedPts=0)
10-01 14:47:55.673 W/FrameProbe(26752): nativeOnCameraFrame 28.3 ms (trackedPts=0)
10-01 14:47:55.674 I/ArPoseProbe(26752): fromTs=80.1% latest=19.9% total=5850
10-01 14:47:55.802 W/FrameProbe(26752): nativeOnCameraFrame 24.2 ms (trackedPts=0)
10-01 14:47:55.892 I/CameraRange(26752): hold 自动/近 0.29m（估计） aux=3 reason=policy-hold pending=none/12
10-01 14:47:55.954 W/FrameProbe(26752): nativeOnCameraFrame 38.1 ms (trackedPts=0)
10-01 14:47:55.982 D/FpsProbe(26752): fps=30.0
10-01 14:47:56.070 W/FrameProbe(26752): nativeOnCameraFrame 27.7 ms (trackedPts=0)
10-01 14:47:56.206 W/FrameProbe(26752): nativeOnCameraFrame 38.2 ms (trackedPts=0)
10-01 14:47:56.345 W/FrameProbe(26752): nativeOnCameraFrame 43.0 ms (trackedPts=0)
10-01 14:47:56.474 W/FrameProbe(26752): nativeOnCameraFrame 33.4 ms (trackedPts=0)
10-01 14:47:56.602 W/FrameProbe(26752): nativeOnCameraFrame 33.6 ms (trackedPts=0)
10-01 14:47:56.742 W/FrameProbe(26752): nativeOnCameraFrame 32.5 ms (trackedPts=0)
10-01 14:47:56.867 W/FrameProbe(26752): nativeOnCameraFrame 30.9 ms (trackedPts=0)
10-01 14:47:57.012 W/FrameProbe(26752): nativeOnCameraFrame 31.3 ms (trackedPts=0)
10-01 14:47:57.023 D/FpsProbe(26752): fps=30.0
10-01 14:47:57.153 W/FrameProbe(26752): nativeOnCameraFrame 39.2 ms (trackedPts=0)
10-01 14:47:57.155 I/ArPoseProbe(26752): fromTs=80.3% latest=19.7% total=5940
10-01 14:47:57.168 I/CameraRange(26752): hold 自动/近 0.30m（估计） aux=3 reason=policy-hold pending=none/12
10-01 14:47:57.295 W/FrameProbe(26752): nativeOnCameraFrame 49.0 ms (trackedPts=0)
10-01 14:47:57.412 W/FrameProbe(26752): nativeOnCameraFrame 43.6 ms (trackedPts=0)
10-01 14:47:57.555 W/FrameProbe(26752): nativeOnCameraFrame 40.8 ms (trackedPts=0)
10-01 14:47:57.678 W/FrameProbe(26752): nativeOnCameraFrame 38.1 ms (trackedPts=0)
10-01 14:47:57.713 I/DepthInferencePerf(26752): frames=360 preprocess p50=10.110521ms p95=16.241615ms | inference p50=247.14938ms p95=336.5128ms | copy p50=0.028177ms p95=0.0625ms | total p50=257.16278ms p95=352.8914ms
10-01 14:47:57.716 I/MobileScan3D(26752): FusionDiag depthFrames=360 usable=1 epochActive=0 epochSusp=0 fused=0 gated=359 | temporal checks=0 rejects=0 ratio=1.000 tested=0 agree=0 stale=0 refAgeMs=-1 | guard refs=0 checks=0 rejected=0 tested=0 ratio=1.000
10-01 14:47:57.716 I/MobileScan3D(26752): DepthProbe calib valid=1 scale=0.0009 shift=3.1331 conf=0.535 samples=1856 spanRel=0.448 invZSpan=0.943 acc=18 rej=50 reason=reference depth span too narrow | fusionDepth min=0.224 max=0.319 mean=0.283 valid=65536 fallback=0 | scanMax=1.00 worldPerMeter=1.0000 worldScaleUsable=0 | epochA=0 susp=0
10-01 14:47:57.716 I/MobileScan3D(26752): EpochProbe active=0 susp=0 opens=0 index=0 suspendEvents=0 suspendedFrames=0 driftRejects=0 lastDriftRel=0.0000 frozenRecoveries=0 stableStreak=0 badStreak=158 suspendStreak=0 | frozen scale=1.0000 shift=0.0000 inv=0 refRaw=24.6723 refZ=0.0000 frozenN=0 frozenConf=0.000 | live scale=0.0009 shift=3.1331 conf=0.535 samples=1856 inv=1 | norm A=0.00000 B=0.00000 reparms=0 lastScaleRel=0.0000 changesWhileEpoch=0
10-01 14:47:57.716 I/MobileScan3D(26752): StereoProbe worldPerMeter=0.9333 stable=0 frameScale=0.7635 medRel=0.178 denseRel=0.194 samples=4 | scaleAcc=4 scaleRej=22(noBase=0 few=11 resid=4 jump=7) | calibStereo acc=0 rej=0 uniq=0 copies=0 | geom batches=0 stale=0 dropNoPose=0 dropNoScale=892 dropResid=0 | submitted=36 anchors=1606 matched=26 inputRej=0 seen=360 miss=10
10-01 14:47:57.716 I/PerfStage(26752): entered=360 done=360 calib p50=0.6 p95=1.1 | temporal p50=0.0 p95=0.0 | weight p50=0.0 p95=0.0 | fuse p50=0.0 p95=0.0 | surfel p50=0.0 p95=0.0 | stereo p50=0.0 p95=0.0 | lock p50=0.0 p95=0.0 | total p50=2.8 p95=34.5 | tmask tested=0 agree=0 disagree=0 | lockWait=0.0
10-01 14:47:57.716 I/PerfGate(26752): depthEarly world=0 noSnap=0 staleGen=0 dup=0 | retain ok=360 noPose=158 mismatch=0 badTs=0 | poseTol hit=29 missWorld=0 missEmpty=0 missOver=19
10-01 14:47:57.802 W/FrameProbe(26752): nativeOnCameraFrame 32.2 ms (trackedPts=0)
10-01 14:47:57.938 W/FrameProbe(26752): nativeOnCameraFrame 32.2 ms (trackedPts=0)
10-01 14:47:58.074 W/FrameProbe(26752): nativeOnCameraFrame 40.9 ms (trackedPts=0)
10-01 14:47:58.074 D/FpsProbe(26752): fps=30.0
10-01 14:47:58.198 W/FrameProbe(26752): nativeOnCameraFrame 30.3 ms (trackedPts=0)
10-01 14:47:58.337 W/FrameProbe(26752): nativeOnCameraFrame 34.9 ms (trackedPts=0)
10-01 14:47:58.492 W/FrameProbe(26752): nativeOnCameraFrame 47.4 ms (trackedPts=0)
10-01 14:47:58.630 W/FrameProbe(26752): nativeOnCameraFrame 43.3 ms (trackedPts=0)
10-01 14:47:58.650 I/ArPoseProbe(26752): fromTs=80.6% latest=19.4% total=6030
10-01 14:47:58.739 W/FrameProbe(26752): nativeOnCameraFrame 35.3 ms (trackedPts=0)
10-01 14:47:58.889 W/FrameProbe(26752): nativeOnCameraFrame 42.0 ms (trackedPts=0)
10-01 14:47:59.018 W/FrameProbe(26752): nativeOnCameraFrame 49.9 ms (trackedPts=0)
10-01 14:47:59.085 D/FpsProbe(26752): fps=30.0
10-01 14:47:59.148 W/FrameProbe(26752): nativeOnCameraFrame 37.4 ms (trackedPts=0)
10-01 14:47:59.309 W/FrameProbe(26752): nativeOnCameraFrame 55.8 ms (trackedPts=0)
10-01 14:47:59.429 W/FrameProbe(26752): nativeOnCameraFrame 50.8 ms (trackedPts=0)
10-01 14:47:59.556 W/FrameProbe(26752): nativeOnCameraFrame 41.0 ms (trackedPts=0)
10-01 14:47:59.695 W/FrameProbe(26752): nativeOnCameraFrame 48.8 ms (trackedPts=0)
10-01 14:47:59.822 W/FrameProbe(26752): nativeOnCameraFrame 39.6 ms (trackedPts=0)
10-01 14:47:59.955 W/FrameProbe(26752): nativeOnCameraFrame 51.9 ms (trackedPts=0)
10-01 14:48:00.089 W/FrameProbe(26752): nativeOnCameraFrame 44.0 ms (trackedPts=0)
10-01 14:48:00.119 D/FpsProbe(26752): fps=27.1
10-01 14:48:00.178 I/ArPoseProbe(26752): fromTs=80.7% latest=19.3% total=6120
10-01 14:48:00.225 W/FrameProbe(26752): nativeOnCameraFrame 56.4 ms (trackedPts=0)
10-01 14:48:00.351 W/FrameProbe(26752): nativeOnCameraFrame 47.5 ms (trackedPts=0)
10-01 14:48:00.510 W/FrameProbe(26752): nativeOnCameraFrame 61.7 ms (trackedPts=0)
10-01 14:48:00.623 W/FrameProbe(26752): nativeOnCameraFrame 45.0 ms (trackedPts=0)
10-01 14:48:00.766 W/FrameProbe(26752): nativeOnCameraFrame 52.1 ms (trackedPts=0)
10-01 14:48:00.888 W/FrameProbe(26752): nativeOnCameraFrame 45.4 ms (trackedPts=0)
10-01 14:48:01.028 W/FrameProbe(26752): nativeOnCameraFrame 48.3 ms (trackedPts=0)
10-01 14:48:01.160 W/FrameProbe(26752): nativeOnCameraFrame 53.7 ms (trackedPts=0)
10-01 14:48:01.171 D/FpsProbe(26752): fps=29.0
10-01 14:48:01.289 W/FrameProbe(26752): nativeOnCameraFrame 52.5 ms (trackedPts=0)
10-01 14:48:01.416 W/FrameProbe(26752): nativeOnCameraFrame 41.1 ms (trackedPts=0)
10-01 14:48:01.553 W/FrameProbe(26752): nativeOnCameraFrame 51.5 ms (trackedPts=0)
10-01 14:48:01.677 W/FrameProbe(26752): nativeOnCameraFrame 32.9 ms (trackedPts=0)
10-01 14:48:01.690 I/ArPoseProbe(26752): fromTs=80.9% latest=19.1% total=6210
10-01 14:48:01.829 W/FrameProbe(26752): nativeOnCameraFrame 60.3 ms (trackedPts=0)
10-01 14:48:01.954 W/FrameProbe(26752): nativeOnCameraFrame 40.7 ms (trackedPts=0)
10-01 14:48:02.069 W/FrameProbe(26752): nativeOnCameraFrame 34.2 ms (trackedPts=0)
10-01 14:48:02.222 W/FrameProbe(26752): nativeOnCameraFrame 47.6 ms (trackedPts=0)
10-01 14:48:02.222 D/FpsProbe(26752): fps=30.0
10-01 14:48:02.242 I/CameraRange(26752): hold 自动/近 0.30m（估计） aux=3 reason=policy-hold pending=none/12
10-01 14:48:02.330 W/FrameProbe(26752): nativeOnCameraFrame 29.2 ms (trackedPts=0)
10-01 14:48:02.429 W/FrameProbe(26752): nativeOnCameraFrame 16.8 ms (trackedPts=0)
10-01 14:48:02.480 W/FrameProbe(26752): nativeOnCameraFrame 41.5 ms (trackedPts=0)
10-01 14:48:02.622 W/FrameProbe(26752): nativeOnCameraFrame 40.1 ms (trackedPts=0)
10-01 14:48:02.746 W/FrameProbe(26752): nativeOnCameraFrame 36.2 ms (trackedPts=0)
10-01 14:48:02.876 W/FrameProbe(26752): nativeOnCameraFrame 38.6 ms (trackedPts=0)
10-01 14:48:03.017 W/FrameProbe(26752): nativeOnCameraFrame 41.9 ms (trackedPts=0)
10-01 14:48:03.132 W/FrameProbe(26752): nativeOnCameraFrame 29.0 ms (trackedPts=0)
10-01 14:48:03.183 I/ArPoseProbe(26752): fromTs=81.1% latest=18.9% total=6300
10-01 14:48:03.209 D/FpsProbe(26752): fps=30.0
10-01 14:48:03.285 W/FrameProbe(26752): nativeOnCameraFrame 50.7 ms (trackedPts=0)
10-01 14:48:03.416 W/FrameProbe(26752): nativeOnCameraFrame 38.7 ms (trackedPts=0)
10-01 14:48:03.551 W/FrameProbe(26752): nativeOnCameraFrame 44.1 ms (trackedPts=0)
10-01 14:48:03.706 W/FrameProbe(26752): nativeOnCameraFrame 61.6 ms (trackedPts=0)
10-01 14:48:03.826 W/FrameProbe(26752): nativeOnCameraFrame 45.4 ms (trackedPts=0)
10-01 14:48:03.951 W/FrameProbe(26752): nativeOnCameraFrame 44.6 ms (trackedPts=0)
10-01 14:48:04.085 W/FrameProbe(26752): nativeOnCameraFrame 48.0 ms (trackedPts=0)
10-01 14:48:04.210 W/FrameProbe(26752): nativeOnCameraFrame 43.4 ms (trackedPts=0)
10-01 14:48:04.251 D/FpsProbe(26752): fps=30.0
10-01 14:48:04.358 W/FrameProbe(26752): nativeOnCameraFrame 55.2 ms (trackedPts=0)
10-01 14:48:04.489 W/FrameProbe(26752): nativeOnCameraFrame 42.0 ms (trackedPts=0)
10-01 14:48:04.620 W/FrameProbe(26752): nativeOnCameraFrame 42.9 ms (trackedPts=0)
10-01 14:48:04.677 I/ArPoseProbe(26752): fromTs=81.4% latest=18.6% total=6390
10-01 14:48:04.749 W/FrameProbe(26752): nativeOnCameraFrame 46.4 ms (trackedPts=0)
10-01 14:48:04.893 W/FrameProbe(26752): nativeOnCameraFrame 49.1 ms (trackedPts=0)
10-01 14:48:05.028 W/FrameProbe(26752): nativeOnCameraFrame 42.3 ms (trackedPts=0)
10-01 14:48:05.161 W/FrameProbe(26752): nativeOnCameraFrame 46.0 ms (trackedPts=0)
10-01 14:48:05.273 W/FrameProbe(26752): nativeOnCameraFrame 41.1 ms (trackedPts=0)
10-01 14:48:05.284 D/FpsProbe(26752): fps=30.0
10-01 14:48:05.409 W/FrameProbe(26752): nativeOnCameraFrame 36.1 ms (trackedPts=0)
10-01 14:48:05.550 W/FrameProbe(26752): nativeOnCameraFrame 48.4 ms (trackedPts=0)
10-01 14:48:05.685 W/FrameProbe(26752): nativeOnCameraFrame 43.7 ms (trackedPts=0)
10-01 14:48:06.496 I/MobileScan3D(26752): renderPoseAtTol match: deltaMs=264 newestAgeMs=264 hist=120
10-01 14:48:06.496 I/MobileScan3D(26752): ArAxesProbe raw down=(0.601,-0.796,0.076) fwd=(-0.799,-0.601,0.024) post down=(0.601,-0.796,0.076) fwd=(-0.799,-0.601,0.024) deltaMs=264
10-01 14:48:06.496 I/HqTexture(26752): pose relaxed: idx=0 ts=364485368128747 tol=500ms
10-01 14:48:06.643 I/MobileScan3D(26752): renderPoseAtTol match: deltaMs=397 newestAgeMs=397 hist=120
10-01 14:48:06.643 I/HqTexture(26752): pose relaxed: idx=1 ts=364485501437081 tol=500ms
10-01 14:48:06.800 I/MobileScan3D(26752): renderPoseAtTol match: deltaMs=497 newestAgeMs=497 hist=120
10-01 14:48:06.800 I/HqTexture(26752): pose relaxed: idx=2 ts=364485601418331 tol=500ms
10-01 14:48:07.316 W/FrameProbe(26752): nativeOnCameraFrame 56.0 ms (trackedPts=0)
10-01 14:48:07.316 D/FpsProbe(26752): fps=7.6 LOW
10-01 14:48:07.450 W/FrameProbe(26752): nativeOnCameraFrame 61.7 ms (trackedPts=0)
10-01 14:48:07.594 W/FrameProbe(26752): nativeOnCameraFrame 70.5 ms (trackedPts=0)
10-01 14:48:07.637 I/CameraRange(26752): hold 自动/近 0.25m（估计） aux=3 reason=policy-hold pending=none/12
10-01 14:48:07.699 I/ArPoseProbe(26752): fromTs=81.6% latest=18.4% total=6480
10-01 14:48:07.716 W/FrameProbe(26752): nativeOnCameraFrame 59.1 ms (trackedPts=0)
10-01 14:48:07.840 W/FrameProbe(26752): nativeOnCameraFrame 51.0 ms (trackedPts=0)
10-01 14:48:07.991 W/FrameProbe(26752): nativeOnCameraFrame 69.6 ms (trackedPts=0)
10-01 14:48:08.149 W/FrameProbe(26752): nativeOnCameraFrame 93.0 ms (trackedPts=0)
10-01 14:48:08.287 W/FrameProbe(26752): nativeOnCameraFrame 86.1 ms (trackedPts=0)
10-01 14:48:08.316 W/FrameProbe(26752): nativeOnCameraFrame 19.8 ms (trackedPts=0)
10-01 14:48:08.317 D/FpsProbe(26752): fps=21.3 LOW
10-01 14:48:08.361 I/DepthInferencePerf(26752): frames=390 preprocess p50=10.242552ms p95=16.984428ms | inference p50=252.28041ms p95=336.5128ms | copy p50=0.028698ms p95=0.068229ms | total p50=260.854ms p95=352.95386ms
10-01 14:48:08.399 I/MobileScan3D(26752): DepthProbe calib valid=1 scale=0.0009 shift=3.7028 conf=0.604 samples=1936 spanRel=0.326 invZSpan=1.040 acc=19 rej=50 reason= | fusionDepth min=0.206 max=0.270 mean=0.244 valid=65536 fallback=0 | scanMax=1.00 worldPerMeter=1.0000 worldScaleUsable=0 | epochA=0 susp=0
10-01 14:48:08.399 I/MobileScan3D(26752): EpochProbe active=0 susp=0 opens=0 index=0 suspendEvents=0 suspendedFrames=0 driftRejects=0 lastDriftRel=0.0000 frozenRecoveries=0 stableStreak=0 badStreak=2 suspendStreak=0 | frozen scale=1.0000 shift=0.0000 inv=0 refRaw=40.7172 refZ=0.0000 frozenN=0 frozenConf=0.000 | live scale=0.0009 shift=3.7028 conf=0.604 samples=1936 inv=1 | norm A=0.00000 B=0.00000 reparms=0 lastScaleRel=0.0000 changesWhileEpoch=0
10-01 14:48:08.399 I/MobileScan3D(26752): StereoProbe worldPerMeter=0.9333 stable=0 frameScale=0.3748 medRel=0.086 denseRel=0.095 samples=6 | scaleAcc=4 scaleRej=25(noBase=0 few=11 resid=4 jump=10) | calibStereo acc=0 rej=0 uniq=0 copies=0 | geom batches=0 stale=0 dropNoPose=0 dropNoScale=1106 dropResid=0 | submitted=40 anchors=1791 matched=29 inputRej=0 seen=390 miss=11
10-01 14:48:08.399 I/PerfStage(26752): entered=390 done=390 calib p50=0.6 p95=1.1 | temporal p50=0.0 p95=0.0 | weight p50=0.0 p95=0.0 | fuse p50=0.0 p95=0.0 | surfel p50=0.0 p95=0.0 | stereo p50=0.0 p95=0.0 | lock p50=0.0 p95=0.0 | total p50=2.7 p95=33.9 | tmask tested=0 agree=0 disagree=0 | lockWait=0.0
10-01 14:48:08.399 I/PerfGate(26752): depthEarly world=0 noSnap=0 staleGen=0 dup=0 | retain ok=390 noPose=165 mismatch=0 badTs=0 | poseTol hit=32 missWorld=0 missEmpty=0 missOver=20
10-01 14:48:08.401 W/FrameProbe(26752): nativeOnCameraFrame 70.8 ms (trackedPts=0)
10-01 14:48:08.509 W/FrameProbe(26752): nativeOnCameraFrame 53.6 ms (trackedPts=0)
10-01 14:48:08.666 W/FrameProbe(26752): nativeOnCameraFrame 77.8 ms (trackedPts=0)
10-01 14:48:08.730 W/FrameProbe(26752): nativeOnCameraFrame 26.5 ms (trackedPts=0)
10-01 14:48:08.808 I/MobileScan3D(26752): CalibProbe ns=114 vinsN=114 stereoUniq=0 total=95 | d p10=243.4 p50=451.1 p90=1286.5 | z p10=0.133 p50=0.147 p90=0.160 | invz p10=6.072 p50=6.823 p90=7.483
10-01 14:48:08.810 W/FrameProbe(26752): nativeOnCameraFrame 71.9 ms (trackedPts=0)
10-01 14:48:08.936 W/FrameProbe(26752): nativeOnCameraFrame 77.7 ms (trackedPts=0)
10-01 14:48:09.066 W/FrameProbe(26752): nativeOnCameraFrame 75.4 ms (trackedPts=0)
10-01 14:48:09.104 W/FrameProbe(26752): nativeOnCameraFrame 19.3 ms (trackedPts=0)
10-01 14:48:09.216 W/FrameProbe(26752): nativeOnCameraFrame 89.8 ms (trackedPts=0)
10-01 14:48:09.383 W/FrameProbe(26752): nativeOnCameraFrame 110.8 ms (trackedPts=0)
10-01 14:48:09.481 W/FrameProbe(26752): nativeOnCameraFrame 72.8 ms (trackedPts=0)
10-01 14:48:09.482 D/FpsProbe(26752): fps=20.0 LOW
10-01 14:48:09.482 I/ArPoseProbe(26752): fromTs=81.5% latest=18.5% total=6570
10-01 14:48:09.600 W/FrameProbe(26752): nativeOnCameraFrame 72.1 ms (trackedPts=0)
10-01 14:48:09.677 W/FrameProbe(26752): nativeOnCameraFrame 24.2 ms (trackedPts=0)
10-01 14:48:09.762 W/FrameProbe(26752): nativeOnCameraFrame 73.1 ms (trackedPts=0)
10-01 14:48:09.792 W/FrameProbe(26752): nativeOnCameraFrame 20.9 ms (trackedPts=0)
10-01 14:48:09.877 W/FrameProbe(26752): nativeOnCameraFrame 78.0 ms (trackedPts=0)
10-01 14:48:09.995 W/FrameProbe(26752): nativeOnCameraFrame 69.2 ms (trackedPts=0)
10-01 14:48:10.154 W/FrameProbe(26752): nativeOnCameraFrame 101.7 ms (trackedPts=0)
10-01 14:48:10.192 I/HqTexture(26752): register ok: single_228736215840189.jpg idx=0 q=2.50 ts=364485368128747
10-01 14:48:10.258 W/FrameProbe(26752): nativeOnCameraFrame 55.4 ms (trackedPts=0)
10-01 14:48:10.423 W/FrameProbe(26752): nativeOnCameraFrame 102.1 ms (trackedPts=0)
10-01 14:48:10.435 D/FpsProbe(26752): fps=18.4 LOW
10-01 14:48:10.511 W/FrameProbe(26752): nativeOnCameraFrame 57.7 ms (trackedPts=0)
10-01 14:48:10.641 W/FrameProbe(26752): nativeOnCameraFrame 56.7 ms (trackedPts=0)
10-01 14:48:10.777 W/FrameProbe(26752): nativeOnCameraFrame 57.1 ms (trackedPts=0)
10-01 14:48:10.913 W/FrameProbe(26752): nativeOnCameraFrame 60.8 ms (trackedPts=0)
10-01 14:48:11.037 W/FrameProbe(26752): nativeOnCameraFrame 47.6 ms (trackedPts=0)
10-01 14:48:11.102 I/ArPoseProbe(26752): fromTs=81.7% latest=18.3% total=6660
10-01 14:48:11.163 W/FrameProbe(26752): nativeOnCameraFrame 47.4 ms (trackedPts=0)
10-01 14:48:11.188 I/CameraRange(26752): hold 自动/近 0.26m（估计） aux=3 reason=policy-hold pending=none/12
10-01 14:48:11.305 W/FrameProbe(26752): nativeOnCameraFrame 52.5 ms (trackedPts=0)
10-01 14:48:11.452 W/FrameProbe(26752): nativeOnCameraFrame 58.0 ms (trackedPts=0)
10-01 14:48:11.465 D/FpsProbe(26752): fps=28.1
10-01 14:48:11.571 W/FrameProbe(26752): nativeOnCameraFrame 50.5 ms (trackedPts=0)
10-01 14:48:11.703 W/FrameProbe(26752): nativeOnCameraFrame 48.5 ms (trackedPts=0)
10-01 14:48:11.837 W/FrameProbe(26752): nativeOnCameraFrame 48.7 ms (trackedPts=0)
10-01 14:48:11.992 W/FrameProbe(26752): nativeOnCameraFrame 67.8 ms (trackedPts=0)
10-01 14:48:12.114 W/FrameProbe(26752): nativeOnCameraFrame 58.6 ms (trackedPts=0)
10-01 14:48:12.236 W/FrameProbe(26752): nativeOnCameraFrame 53.7 ms (trackedPts=0)
10-01 14:48:12.260 I/CameraRange(26752): hold 自动/近 0.22m（估计） aux=3 reason=policy-hold pending=none/12
10-01 14:48:12.376 W/FrameProbe(26752): nativeOnCameraFrame 55.3 ms (trackedPts=0)
10-01 14:48:12.508 W/FrameProbe(26752): nativeOnCameraFrame 53.9 ms (trackedPts=0)
10-01 14:48:12.523 D/FpsProbe(26752): fps=28.1
10-01 14:48:12.630 I/ArPoseProbe(26752): fromTs=81.9% latest=18.1% total=6750
10-01 14:48:12.643 W/FrameProbe(26752): nativeOnCameraFrame 48.4 ms (trackedPts=0)
10-01 14:48:12.774 W/FrameProbe(26752): nativeOnCameraFrame 50.6 ms (trackedPts=0)
10-01 14:48:12.916 W/FrameProbe(26752): nativeOnCameraFrame 52.0 ms (trackedPts=0)
10-01 14:48:13.041 W/FrameProbe(26752): nativeOnCameraFrame 49.9 ms (trackedPts=0)
10-01 14:48:13.324 I/CameraRange(26752): hold 自动/近 0.19m（估计） aux=3 reason=policy-hold pending=none/12
10-01 14:48:13.804 I/MobileScan3D(26752): renderPoseAtTol match: deltaMs=256 newestAgeMs=256 hist=120
10-01 14:48:13.804 I/MobileScan3D(26752): ArAxesProbe raw down=(0.503,-0.864,0.029) fwd=(-0.861,-0.498,0.101) post down=(0.503,-0.864,0.029) fwd=(-0.861,-0.498,0.101) deltaMs=255
10-01 14:48:13.804 I/HqTexture(26752): pose relaxed: idx=0 ts=364492708676039 tol=500ms
10-01 14:48:13.961 I/MobileScan3D(26752): renderPoseAtTol match: deltaMs=389 newestAgeMs=389 hist=120
10-01 14:48:13.961 I/HqTexture(26752): pose relaxed: idx=1 ts=364492841984372 tol=500ms
10-01 14:48:14.134 I/MobileScan3D(26752): renderPoseAtTol match: deltaMs=489 newestAgeMs=489 hist=120
10-01 14:48:14.134 I/HqTexture(26752): pose relaxed: idx=2 ts=364492941965622 tol=500ms
10-01 14:48:14.661 W/FrameProbe(26752): nativeOnCameraFrame 66.3 ms (trackedPts=0)
10-01 14:48:14.662 D/FpsProbe(26752): fps=8.6 LOW
10-01 14:48:14.773 W/FrameProbe(26752): nativeOnCameraFrame 59.7 ms (trackedPts=0)
10-01 14:48:14.902 W/FrameProbe(26752): nativeOnCameraFrame 55.8 ms (trackedPts=0)
10-01 14:48:15.037 W/FrameProbe(26752): nativeOnCameraFrame 54.9 ms (trackedPts=0)
10-01 14:48:15.175 W/FrameProbe(26752): nativeOnCameraFrame 58.7 ms (trackedPts=0)
10-01 14:48:15.311 W/FrameProbe(26752): nativeOnCameraFrame 61.2 ms (trackedPts=0)
10-01 14:48:15.453 W/FrameProbe(26752): nativeOnCameraFrame 72.5 ms (trackedPts=0)
10-01 14:48:15.565 W/FrameProbe(26752): nativeOnCameraFrame 51.3 ms (trackedPts=0)
10-01 14:48:15.617 D/FpsProbe(26752): fps=24.2 LOW
10-01 14:48:15.653 I/ArPoseProbe(26752): fromTs=82.0% latest=18.0% total=6840
10-01 14:48:15.699 W/FrameProbe(26752): nativeOnCameraFrame 49.7 ms (trackedPts=0)
10-01 14:48:15.852 W/FrameProbe(26752): nativeOnCameraFrame 71.9 ms (trackedPts=0)
10-01 14:48:15.972 W/FrameProbe(26752): nativeOnCameraFrame 57.0 ms (trackedPts=0)
10-01 14:48:16.099 W/FrameProbe(26752): nativeOnCameraFrame 50.0 ms (trackedPts=0)
10-01 14:48:16.228 W/FrameProbe(26752): nativeOnCameraFrame 44.3 ms (trackedPts=0)
10-01 14:48:16.360 W/FrameProbe(26752): nativeOnCameraFrame 46.7 ms (trackedPts=0)
10-01 14:48:16.392 W/FrameProbe(26752): nativeOnCameraFrame 19.8 ms (trackedPts=0)
10-01 14:48:16.421 W/FrameProbe(26752): nativeOnCameraFrame 16.5 ms (trackedPts=0)
10-01 14:48:16.466 W/FrameProbe(26752): nativeOnCameraFrame 32.0 ms (trackedPts=0)
10-01 14:48:16.537 W/FrameProbe(26752): nativeOnCameraFrame 61.4 ms (trackedPts=0)
10-01 14:48:16.626 W/FrameProbe(26752): nativeOnCameraFrame 42.8 ms (trackedPts=0)
10-01 14:48:16.685 D/FpsProbe(26752): fps=26.1
10-01 14:48:16.803 W/FrameProbe(26752): nativeOnCameraFrame 85.7 ms (trackedPts=0)
10-01 14:48:16.885 W/FrameProbe(26752): nativeOnCameraFrame 37.7 ms (trackedPts=0)
10-01 14:48:17.029 W/FrameProbe(26752): nativeOnCameraFrame 46.9 ms (trackedPts=0)
10-01 14:48:17.155 W/FrameProbe(26752): nativeOnCameraFrame 40.6 ms (trackedPts=0)
10-01 14:48:17.214 I/ArPoseProbe(26752): fromTs=82.0% latest=18.0% total=6930
10-01 14:48:17.291 W/FrameProbe(26752): nativeOnCameraFrame 43.2 ms (trackedPts=0)
10-01 14:48:17.348 I/HqTexture(26752): register ok: fused_228743551218363.jpg idx=0 q=2.50 ts=364492708676039
10-01 14:48:17.415 W/FrameProbe(26752): nativeOnCameraFrame 33.5 ms (trackedPts=0)
10-01 14:48:17.549 W/FrameProbe(26752): nativeOnCameraFrame 35.2 ms (trackedPts=0)
10-01 14:48:17.681 W/FrameProbe(26752): nativeOnCameraFrame 37.3 ms (trackedPts=0)
10-01 14:48:17.693 D/FpsProbe(26752): fps=28.1
10-01 14:48:17.817 W/FrameProbe(26752): nativeOnCameraFrame 37.0 ms (trackedPts=0)
10-01 14:48:17.954 W/FrameProbe(26752): nativeOnCameraFrame 40.2 ms (trackedPts=0)
10-01 14:48:18.074 W/FrameProbe(26752): nativeOnCameraFrame 26.2 ms (trackedPts=0)
10-01 14:48:18.218 W/FrameProbe(26752): nativeOnCameraFrame 37.2 ms (trackedPts=0)
10-01 14:48:18.346 W/FrameProbe(26752): nativeOnCameraFrame 33.3 ms (trackedPts=0)
10-01 14:48:18.493 W/FrameProbe(26752): nativeOnCameraFrame 43.0 ms (trackedPts=0)
10-01 14:48:18.514 I/CameraRange(26752): hold 自动/近 0.19m（估计） aux=3 reason=policy-hold pending=none/12
10-01 14:48:18.607 W/FrameProbe(26752): nativeOnCameraFrame 28.5 ms (trackedPts=0)
10-01 14:48:18.744 W/FrameProbe(26752): nativeOnCameraFrame 29.4 ms (trackedPts=0)
10-01 14:48:18.744 D/FpsProbe(26752): fps=30.0
10-01 14:48:18.745 I/ArPoseProbe(26752): fromTs=82.1% latest=17.9% total=7020
10-01 14:48:18.878 W/FrameProbe(26752): nativeOnCameraFrame 34.8 ms (trackedPts=0)
10-01 14:48:19.010 W/FrameProbe(26752): nativeOnCameraFrame 32.6 ms (trackedPts=0)
10-01 14:48:19.147 W/FrameProbe(26752): nativeOnCameraFrame 34.9 ms (trackedPts=0)
10-01 14:48:19.149 I/DepthInferencePerf(26752): frames=420 preprocess p50=10.213021ms p95=14.453698ms | inference p50=252.28041ms p95=334.823ms | copy p50=0.028489ms p95=0.068438ms | total p50=260.854ms p95=345.66412ms
10-01 14:48:19.151 I/MobileScan3D(26752): FusionDiag depthFrames=420 usable=1 epochActive=0 epochSusp=0 fused=0 gated=419 | temporal checks=0 rejects=0 ratio=1.000 tested=0 agree=0 stale=0 refAgeMs=-1 | guard refs=0 checks=0 rejected=0 tested=0 ratio=1.000
10-01 14:48:19.151 I/MobileScan3D(26752): DepthProbe calib valid=1 scale=0.0010 shift=5.1155 conf=0.533 samples=2204 spanRel=0.368 invZSpan=0.411 acc=22 rej=57 reason= | fusionDepth min=0.154 max=0.195 mean=0.181 valid=65536 fallback=0 | scanMax=1.00 worldPerMeter=1.0000 worldScaleUsable=0 | epochA=0 susp=0
10-01 14:48:19.151 I/MobileScan3D(26752): EpochProbe active=0 susp=0 opens=0 index=0 suspendEvents=0 suspendedFrames=0 driftRejects=0 lastDriftRel=0.0000 frozenRecoveries=0 stableStreak=0 badStreak=14 suspendStreak=0 | frozen scale=1.0000 shift=0.0000 inv=0 refRaw=38.7599 refZ=0.0000 frozenN=0 frozenConf=0.000 | live scale=0.0010 shift=5.1155 conf=0.533 samples=2204 inv=1 | norm A=0.00000 B=0.00000 reparms=0 lastScaleRel=0.0000 changesWhileEpoch=0
10-01 14:48:19.151 I/MobileScan3D(26752): StereoProbe worldPerMeter=0.9333 stable=0 frameScale=0.4822 medRel=0.024 denseRel=0.025 samples=84 | scaleAcc=4 scaleRej=26(noBase=0 few=11 resid=4 jump=11) | calibStereo acc=0 rej=0 uniq=0 copies=0 | geom batches=0 stale=0 dropNoPose=0 dropNoScale=1156 dropResid=0 | submitted=41 anchors=1887 matched=30 inputRej=0 seen=420 miss=11
10-01 14:48:19.151 I/PerfStage(26752): entered=420 done=420 calib p50=0.6 p95=0.9 | temporal p50=0.0 p95=0.0 | weight p50=0.0 p95=0.0 | fuse p50=0.0 p95=0.0 | surfel p50=0.0 p95=0.0 | stereo p50=0.0 p95=0.0 | lock p50=0.0 p95=0.0 | total p50=2.7 p95=35.1 | tmask tested=0 agree=0 disagree=0 | lockWait=0.0
10-01 14:48:19.151 I/PerfGate(26752): depthEarly world=0 noSnap=0 staleGen=0 dup=0 | retain ok=420 noPose=178 mismatch=0 badTs=0 | poseTol hit=35 missWorld=0 missEmpty=0 missOver=21
10-01 14:48:19.279 W/FrameProbe(26752): nativeOnCameraFrame 32.5 ms (trackedPts=0)
10-01 14:48:19.419 W/FrameProbe(26752): nativeOnCameraFrame 37.9 ms (trackedPts=0)
10-01 14:48:19.554 W/FrameProbe(26752): nativeOnCameraFrame 41.2 ms (trackedPts=0)
10-01 14:48:19.673 W/FrameProbe(26752): nativeOnCameraFrame 25.9 ms (trackedPts=0)
10-01 14:48:19.750 D/FpsProbe(26752): fps=30.0
10-01 14:48:19.803 W/FrameProbe(26752): nativeOnCameraFrame 23.5 ms (trackedPts=0)
10-01 14:48:19.949 W/FrameProbe(26752): nativeOnCameraFrame 39.3 ms (trackedPts=0)
10-01 14:48:20.080 W/FrameProbe(26752): nativeOnCameraFrame 39.6 ms (trackedPts=0)
10-01 14:48:20.208 W/FrameProbe(26752): nativeOnCameraFrame 31.6 ms (trackedPts=0)
10-01 14:48:20.234 I/ArPoseProbe(26752): fromTs=82.2% latest=17.8% total=7110
10-01 14:48:20.360 W/FrameProbe(26752): nativeOnCameraFrame 44.6 ms (trackedPts=0)
10-01 14:48:21.129 I/MobileScan3D(26752): renderPoseAtTol match: deltaMs=258 newestAgeMs=258 hist=120
10-01 14:48:21.129 I/MobileScan3D(26752): ArAxesProbe raw down=(0.479,-0.877,0.042) fwd=(-0.877,-0.476,0.068) post down=(0.479,-0.877,0.042) fwd=(-0.877,-0.476,0.068) deltaMs=257
10-01 14:48:21.129 I/HqTexture(26752): pose relaxed: idx=0 ts=364500002775935 tol=500ms
10-01 14:48:21.281 I/MobileScan3D(26752): renderPoseAtTol match: deltaMs=391 newestAgeMs=391 hist=120
10-01 14:48:21.281 I/HqTexture(26752): pose relaxed: idx=1 ts=364500136084268 tol=500ms
10-01 14:48:21.447 I/MobileScan3D(26752): renderPoseAtTol match: deltaMs=491 newestAgeMs=491 hist=120
10-01 14:48:21.447 I/HqTexture(26752): pose relaxed: idx=2 ts=364500236065518 tol=500ms
10-01 14:48:22.000 W/FrameProbe(26752): nativeOnCameraFrame 47.6 ms (trackedPts=0)
10-01 14:48:22.000 D/FpsProbe(26752): fps=9.1 LOW
10-01 14:48:22.596 W/FrameProbe(26752): nativeOnCameraFrame 65.4 ms (trackedPts=0)
10-01 14:48:22.691 W/FrameProbe(26752): nativeOnCameraFrame 55.1 ms (trackedPts=0)
10-01 14:48:22.815 W/FrameProbe(26752): nativeOnCameraFrame 46.0 ms (trackedPts=0)
10-01 14:48:22.943 W/FrameProbe(26752): nativeOnCameraFrame 42.4 ms (trackedPts=0)
10-01 14:48:22.977 D/FpsProbe(26752): fps=14.7 LOW
10-01 14:48:23.024 W/FrameProbe(26752): nativeOnCameraFrame 20.1 ms (trackedPts=0)
10-01 14:48:23.078 W/FrameProbe(26752): nativeOnCameraFrame 42.9 ms (trackedPts=0)
10-01 14:48:23.219 W/FrameProbe(26752): nativeOnCameraFrame 49.3 ms (trackedPts=0)
10-01 14:48:23.342 W/FrameProbe(26752): nativeOnCameraFrame 40.2 ms (trackedPts=0)
10-01 14:48:23.502 W/FrameProbe(26752): nativeOnCameraFrame 67.5 ms (trackedPts=0)
10-01 14:48:23.613 W/FrameProbe(26752): nativeOnCameraFrame 37.8 ms (trackedPts=0)
10-01 14:48:23.666 I/CameraRange(26752): hold 自动/近 0.19m（估计） aux=3 reason=policy-hold pending=none/12
10-01 14:48:23.771 W/FrameProbe(26752): nativeOnCameraFrame 67.1 ms (trackedPts=0)
10-01 14:48:23.771 I/ArPoseProbe(26752): fromTs=82.2% latest=17.8% total=7200
10-01 14:48:23.879 W/FrameProbe(26752): nativeOnCameraFrame 42.4 ms (trackedPts=0)
10-01 14:48:24.041 W/FrameProbe(26752): nativeOnCameraFrame 66.8 ms (trackedPts=0)
10-01 14:48:24.067 D/FpsProbe(26752): fps=27.2
10-01 14:48:24.155 W/FrameProbe(26752): nativeOnCameraFrame 57.0 ms (trackedPts=0)
10-01 14:48:24.293 W/FrameProbe(26752): nativeOnCameraFrame 52.9 ms (trackedPts=0)
10-01 14:48:24.408 W/FrameProbe(26752): nativeOnCameraFrame 38.3 ms (trackedPts=0)
10-01 14:48:24.544 W/FrameProbe(26752): nativeOnCameraFrame 41.5 ms (trackedPts=0)
10-01 14:48:24.574 W/FrameProbe(26752): nativeOnCameraFrame 22.5 ms (trackedPts=0)
10-01 14:48:24.690 W/FrameProbe(26752): nativeOnCameraFrame 52.3 ms (trackedPts=0)
10-01 14:48:24.788 I/HqTexture(26752): register ok: single_228750845547163.jpg idx=0 q=2.50 ts=364500002775935
10-01 14:48:24.847 W/FrameProbe(26752): nativeOnCameraFrame 44.3 ms (trackedPts=0)
10-01 14:48:24.955 W/FrameProbe(26752): nativeOnCameraFrame 52.9 ms (trackedPts=0)
10-01 14:48:25.082 W/FrameProbe(26752): nativeOnCameraFrame 47.7 ms (trackedPts=0)
10-01 14:48:25.096 D/FpsProbe(26752): fps=27.1
10-01 14:48:25.236 W/FrameProbe(26752): nativeOnCameraFrame 64.7 ms (trackedPts=0)
10-01 14:48:25.280 I/ArPoseProbe(26752): fromTs=82.2% latest=17.8% total=7290
10-01 14:48:25.340 W/FrameProbe(26752): nativeOnCameraFrame 72.4 ms (trackedPts=0)
10-01 14:48:25.401 W/FrameProbe(26752): nativeOnCameraFrame 56.1 ms (trackedPts=0)
10-01 14:48:25.534 W/FrameProbe(26752): nativeOnCameraFrame 66.2 ms (trackedPts=0)
10-01 14:48:25.647 W/FrameProbe(26752): nativeOnCameraFrame 49.9 ms (trackedPts=0)
10-01 14:48:25.787 W/FrameProbe(26752): nativeOnCameraFrame 52.0 ms (trackedPts=0)
10-01 14:48:25.923 W/FrameProbe(26752): nativeOnCameraFrame 55.9 ms (trackedPts=0)
10-01 14:48:26.044 W/FrameProbe(26752): nativeOnCameraFrame 43.4 ms (trackedPts=0)
10-01 14:48:26.112 D/FpsProbe(26752): fps=26.1
10-01 14:48:26.179 W/FrameProbe(26752): nativeOnCameraFrame 42.7 ms (trackedPts=0)
10-01 14:48:26.323 W/FrameProbe(26752): nativeOnCameraFrame 53.8 ms (trackedPts=0)
10-01 14:48:26.436 W/FrameProbe(26752): nativeOnCameraFrame 39.5 ms (trackedPts=0)
10-01 14:48:26.572 W/FrameProbe(26752): nativeOnCameraFrame 38.8 ms (trackedPts=0)
10-01 14:48:26.696 W/FrameProbe(26752): nativeOnCameraFrame 31.2 ms (trackedPts=0)
10-01 14:48:26.809 I/ArPoseProbe(26752): fromTs=82.3% latest=17.7% total=7380
10-01 14:48:26.838 W/FrameProbe(26752): nativeOnCameraFrame 42.7 ms (trackedPts=0)
10-01 14:48:26.983 W/FrameProbe(26752): nativeOnCameraFrame 46.9 ms (trackedPts=0)
10-01 14:48:27.102 W/FrameProbe(26752): nativeOnCameraFrame 35.0 ms (trackedPts=0)
10-01 14:48:27.138 D/FpsProbe(26752): fps=30.0
10-01 14:48:27.236 W/FrameProbe(26752): nativeOnCameraFrame 34.5 ms (trackedPts=0)
10-01 14:48:27.369 W/FrameProbe(26752): nativeOnCameraFrame 38.0 ms (trackedPts=0)
10-01 14:48:27.502 W/FrameProbe(26752): nativeOnCameraFrame 36.9 ms (trackedPts=0)
10-01 14:48:27.633 W/FrameProbe(26752): nativeOnCameraFrame 31.7 ms (trackedPts=0)
10-01 14:48:27.761 W/FrameProbe(26752): nativeOnCameraFrame 32.5 ms (trackedPts=0)
10-01 14:48:27.921 W/FrameProbe(26752): nativeOnCameraFrame 47.2 ms (trackedPts=0)
10-01 14:48:28.042 W/FrameProbe(26752): nativeOnCameraFrame 41.7 ms (trackedPts=0)
10-01 14:48:28.175 W/FrameProbe(26752): nativeOnCameraFrame 34.3 ms (trackedPts=0)
10-01 14:48:28.189 D/FpsProbe(26752): fps=30.0
10-01 14:48:28.298 W/FrameProbe(26752): nativeOnCameraFrame 34.7 ms (trackedPts=0)
10-01 14:48:28.304 I/ArPoseProbe(26752): fromTs=82.5% latest=17.5% total=7470
10-01 14:48:28.444 W/FrameProbe(26752): nativeOnCameraFrame 40.0 ms (trackedPts=0)
10-01 14:48:28.578 W/FrameProbe(26752): nativeOnCameraFrame 38.1 ms (trackedPts=0)
10-01 14:48:28.700 W/FrameProbe(26752): nativeOnCameraFrame 31.4 ms (trackedPts=0)
10-01 14:48:28.847 W/FrameProbe(26752): nativeOnCameraFrame 38.4 ms (trackedPts=0)
10-01 14:48:28.866 I/CameraRange(26752): hold 自动/近 0.19m（估计） aux=3 reason=policy-hold pending=none/12
10-01 14:48:28.969 W/FrameProbe(26752): nativeOnCameraFrame 32.9 ms (trackedPts=0)
10-01 14:48:29.101 W/FrameProbe(26752): nativeOnCameraFrame 38.5 ms (trackedPts=0)
10-01 14:48:29.230 W/FrameProbe(26752): nativeOnCameraFrame 29.7 ms (trackedPts=0)
10-01 14:48:29.231 D/FpsProbe(26752): fps=30.0
10-01 14:48:29.373 W/FrameProbe(26752): nativeOnCameraFrame 32.9 ms (trackedPts=0)
10-01 14:48:29.501 W/FrameProbe(26752): nativeOnCameraFrame 31.3 ms (trackedPts=0)
10-01 14:48:29.560 I/DepthInferencePerf(26752): frames=450 preprocess p50=10.288177ms p95=14.425938ms | inference p50=252.28041ms p95=334.823ms | copy p50=0.028177ms p95=0.052916ms | total p50=260.854ms p95=345.66412ms
10-01 14:48:29.563 I/MobileScan3D(26752): DepthProbe calib valid=1 scale=0.0010 shift=5.1155 conf=0.533 samples=2204 spanRel=0.368 invZSpan=0.411 acc=22 rej=58 reason=reference depth span too narrow | fusionDepth min=0.154 max=0.195 mean=0.182 valid=65536 fallback=0 | scanMax=1.00 worldPerMeter=1.0000 worldScaleUsable=0 | epochA=0 susp=0
10-01 14:48:29.563 I/MobileScan3D(26752): EpochProbe active=0 susp=0 opens=0 index=0 suspendEvents=0 suspendedFrames=0 driftRejects=0 lastDriftRel=0.0000 frozenRecoveries=0 stableStreak=0 badStreak=44 suspendStreak=0 | frozen scale=1.0000 shift=0.0000 inv=0 refRaw=49.8561 refZ=0.0000 frozenN=0 frozenConf=0.000 | live scale=0.0010 shift=5.1155 conf=0.533 samples=2204 inv=1 | norm A=0.00000 B=0.00000 reparms=0 lastScaleRel=0.0000 changesWhileEpoch=0
10-01 14:48:29.563 I/MobileScan3D(26752): StereoProbe worldPerMeter=0.9724 stable=0 frameScale=1.1287 medRel=0.050 denseRel=0.048 samples=16 | scaleAcc=5 scaleRej=26(noBase=0 few=11 resid=4 jump=11) | calibStereo acc=0 rej=0 uniq=0 copies=0 | geom batches=0 stale=0 dropNoPose=0 dropNoScale=1168 dropResid=0 | submitted=42 anchors=1911 matched=31 inputRej=0 seen=450 miss=11
10-01 14:48:29.563 I/PerfStage(26752): entered=450 done=450 calib p50=0.6 p95=0.9 | temporal p50=0.0 p95=0.0 | weight p50=0.0 p95=0.0 | fuse p50=0.0 p95=0.0 | surfel p50=0.0 p95=0.0 | stereo p50=0.0 p95=0.0 | lock p50=0.0 p95=0.0 | total p50=2.7 p95=35.1 | tmask tested=0 agree=0 disagree=0 | lockWait=0.0
10-01 14:48:29.563 I/PerfGate(26752): depthEarly world=0 noSnap=0 staleGen=0 dup=0 | retain ok=450 noPose=188 mismatch=0 badTs=0 | poseTol hit=38 missWorld=0 missEmpty=0 missOver=22
10-01 14:48:29.635 W/FrameProbe(26752): nativeOnCameraFrame 33.5 ms (trackedPts=0)
10-01 14:48:29.781 W/FrameProbe(26752): nativeOnCameraFrame 42.1 ms (trackedPts=0)
10-01 14:48:29.797 I/ArPoseProbe(26752): fromTs=82.6% latest=17.4% total=7560
10-01 14:48:29.897 W/FrameProbe(26752): nativeOnCameraFrame 30.9 ms (trackedPts=0)
10-01 14:48:30.021 W/FrameProbe(26752): nativeOnCameraFrame 25.8 ms (trackedPts=0)
10-01 14:48:30.165 W/FrameProbe(26752): nativeOnCameraFrame 34.2 ms (trackedPts=0)
10-01 14:48:30.243 D/FpsProbe(26752): fps=30.0
10-01 14:48:30.308 W/FrameProbe(26752): nativeOnCameraFrame 39.3 ms (trackedPts=0)
10-01 14:48:30.439 W/FrameProbe(26752): nativeOnCameraFrame 42.8 ms (trackedPts=0)
10-01 14:48:30.577 W/FrameProbe(26752): nativeOnCameraFrame 37.0 ms (trackedPts=0)
10-01 14:48:30.698 W/FrameProbe(26752): nativeOnCameraFrame 28.9 ms (trackedPts=0)
10-01 14:48:30.842 W/FrameProbe(26752): nativeOnCameraFrame 44.3 ms (trackedPts=0)
10-01 14:48:30.908 W/FrameProbe(26752): nativeOnCameraFrame 23.1 ms (trackedPts=0)
10-01 14:48:30.941 W/FrameProbe(26752): nativeOnCameraFrame 17.1 ms (trackedPts=0)
10-01 14:48:31.034 W/FrameProbe(26752): nativeOnCameraFrame 78.6 ms (trackedPts=0)
10-01 14:48:31.066 W/FrameProbe(26752): nativeOnCameraFrame 20.0 ms (trackedPts=0)
10-01 14:48:31.130 W/FrameProbe(26752): nativeOnCameraFrame 57.8 ms (trackedPts=0)
10-01 14:48:31.162 W/FrameProbe(26752): nativeOnCameraFrame 19.0 ms (trackedPts=0)
10-01 14:48:31.233 W/FrameProbe(26752): nativeOnCameraFrame 36.7 ms (trackedPts=0)
10-01 14:48:31.305 W/FrameProbe(26752): nativeOnCameraFrame 60.7 ms (trackedPts=0)
10-01 14:48:31.335 D/FpsProbe(26752): fps=24.4 LOW
10-01 14:48:31.391 I/ArPoseProbe(26752): fromTs=82.7% latest=17.3% total=7650
10-01 14:48:31.433 W/FrameProbe(26752): nativeOnCameraFrame 60.9 ms (trackedPts=0)
10-01 14:48:31.498 W/FrameProbe(26752): nativeOnCameraFrame 18.0 ms (trackedPts=0)
10-01 14:48:31.554 W/FrameProbe(26752): nativeOnCameraFrame 49.8 ms (trackedPts=0)
10-01 14:48:31.673 W/FrameProbe(26752): nativeOnCameraFrame 29.9 ms (trackedPts=0)
10-01 14:48:31.794 W/FrameProbe(26752): nativeOnCameraFrame 30.7 ms (trackedPts=0)
10-01 14:48:31.929 W/FrameProbe(26752): nativeOnCameraFrame 31.3 ms (trackedPts=0)
10-01 14:48:32.075 W/FrameProbe(26752): nativeOnCameraFrame 39.4 ms (trackedPts=0)
10-01 14:48:32.207 W/FrameProbe(26752): nativeOnCameraFrame 35.5 ms (trackedPts=0)
10-01 14:48:32.334 W/FrameProbe(26752): nativeOnCameraFrame 29.1 ms (trackedPts=0)
10-01 14:48:32.346 D/FpsProbe(26752): fps=29.0
10-01 14:48:32.475 W/FrameProbe(26752): nativeOnCameraFrame 44.7 ms (trackedPts=0)
10-01 14:48:32.612 W/FrameProbe(26752): nativeOnCameraFrame 46.2 ms (trackedPts=0)
10-01 14:48:32.743 W/FrameProbe(26752): nativeOnCameraFrame 36.3 ms (trackedPts=0)
10-01 14:48:32.898 W/FrameProbe(26752): nativeOnCameraFrame 55.7 ms (trackedPts=0)
10-01 14:48:32.901 I/ArPoseProbe(26752): fromTs=82.9% latest=17.1% total=7740
10-01 14:48:33.013 W/FrameProbe(26752): nativeOnCameraFrame 48.6 ms (trackedPts=0)
10-01 14:48:33.173 W/FrameProbe(26752): nativeOnCameraFrame 63.5 ms (trackedPts=0)
10-01 14:48:33.273 W/FrameProbe(26752): nativeOnCameraFrame 42.7 ms (trackedPts=0)
10-01 14:48:33.414 W/FrameProbe(26752): nativeOnCameraFrame 47.0 ms (trackedPts=0)
10-01 14:48:33.415 D/FpsProbe(26752): fps=28.1
10-01 14:48:33.560 W/FrameProbe(26752): nativeOnCameraFrame 50.9 ms (trackedPts=0)
10-01 14:48:33.699 W/FrameProbe(26752): nativeOnCameraFrame 56.9 ms (trackedPts=0)
10-01 14:48:33.815 W/FrameProbe(26752): nativeOnCameraFrame 53.2 ms (trackedPts=0)
10-01 14:48:33.958 W/FrameProbe(26752): nativeOnCameraFrame 62.0 ms (trackedPts=0)
10-01 14:48:34.093 W/FrameProbe(26752): nativeOnCameraFrame 59.9 ms (trackedPts=0)
10-01 14:48:34.114 I/CameraRange(26752): hold 自动/近 0.19m（估计） aux=3 reason=policy-hold pending=none/12
10-01 14:48:34.225 W/FrameProbe(26752): nativeOnCameraFrame 62.4 ms (trackedPts=0)
10-01 14:48:34.344 W/FrameProbe(26752): nativeOnCameraFrame 47.3 ms (trackedPts=0)
10-01 14:48:34.412 D/FpsProbe(26752): fps=28.1
10-01 14:48:34.414 I/ArPoseProbe(26752): fromTs=83.0% latest=17.0% total=7830
10-01 14:48:34.490 W/FrameProbe(26752): nativeOnCameraFrame 56.4 ms (trackedPts=0)
10-01 14:48:34.627 W/FrameProbe(26752): nativeOnCameraFrame 57.6 ms (trackedPts=0)
10-01 14:48:34.773 W/FrameProbe(26752): nativeOnCameraFrame 62.3 ms (trackedPts=0)
10-01 14:48:34.881 W/FrameProbe(26752): nativeOnCameraFrame 52.9 ms (trackedPts=0)
10-01 14:48:35.035 W/FrameProbe(26752): nativeOnCameraFrame 62.3 ms (trackedPts=0)
10-01 14:48:35.157 W/FrameProbe(26752): nativeOnCameraFrame 51.7 ms (trackedPts=0)
10-01 14:48:35.179 I/CameraRange(26752): hold 自动/近 0.18m（估计） aux=3 reason=policy-hold pending=none/12
10-01 14:48:35.278 W/FrameProbe(26752): nativeOnCameraFrame 41.7 ms (trackedPts=0)
10-01 14:48:35.409 W/FrameProbe(26752): nativeOnCameraFrame 38.9 ms (trackedPts=0)
10-01 14:48:35.437 D/FpsProbe(26752): fps=26.1
10-01 14:48:35.552 W/FrameProbe(26752): nativeOnCameraFrame 48.8 ms (trackedPts=0)
10-01 14:48:35.686 W/FrameProbe(26752): nativeOnCameraFrame 46.7 ms (trackedPts=0)
10-01 14:48:35.798 W/FrameProbe(26752): nativeOnCameraFrame 33.2 ms (trackedPts=0)
10-01 14:48:35.936 W/FrameProbe(26752): nativeOnCameraFrame 38.5 ms (trackedPts=0)
10-01 14:48:35.941 I/ArPoseProbe(26752): fromTs=83.1% latest=16.9% total=7920
10-01 14:48:36.067 W/FrameProbe(26752): nativeOnCameraFrame 35.0 ms (trackedPts=0)
10-01 14:48:36.206 W/FrameProbe(26752): nativeOnCameraFrame 38.3 ms (trackedPts=0)
10-01 14:48:36.343 W/FrameProbe(26752): nativeOnCameraFrame 44.8 ms (trackedPts=0)
10-01 14:48:36.464 W/FrameProbe(26752): nativeOnCameraFrame 32.4 ms (trackedPts=0)
10-01 14:48:36.476 D/FpsProbe(26752): fps=30.0
10-01 14:48:36.603 W/FrameProbe(26752): nativeOnCameraFrame 31.9 ms (trackedPts=0)
10-01 14:48:36.737 W/FrameProbe(26752): nativeOnCameraFrame 36.5 ms (trackedPts=0)
10-01 14:48:36.866 W/FrameProbe(26752): nativeOnCameraFrame 30.8 ms (trackedPts=0)
10-01 14:48:36.998 W/FrameProbe(26752): nativeOnCameraFrame 36.3 ms (trackedPts=0)
10-01 14:48:37.133 W/FrameProbe(26752): nativeOnCameraFrame 28.2 ms (trackedPts=0)
10-01 14:48:37.282 W/FrameProbe(26752): nativeOnCameraFrame 46.2 ms (trackedPts=0)
10-01 14:48:37.407 W/FrameProbe(26752): nativeOnCameraFrame 36.6 ms (trackedPts=0)
10-01 14:48:37.434 I/ArPoseProbe(26752): fromTs=83.3% latest=16.7% total=8010
10-01 14:48:37.554 W/FrameProbe(26752): nativeOnCameraFrame 49.3 ms (trackedPts=0)
10-01 14:48:37.554 D/FpsProbe(26752): fps=30.0
10-01 14:48:37.681 W/FrameProbe(26752): nativeOnCameraFrame 53.3 ms (trackedPts=0)
10-01 14:48:37.816 W/FrameProbe(26752): nativeOnCameraFrame 51.5 ms (trackedPts=0)
10-01 14:48:37.944 W/FrameProbe(26752): nativeOnCameraFrame 35.1 ms (trackedPts=0)
10-01 14:48:38.070 W/FrameProbe(26752): nativeOnCameraFrame 33.6 ms (trackedPts=0)
10-01 14:48:38.215 W/FrameProbe(26752): nativeOnCameraFrame 48.9 ms (trackedPts=0)
10-01 14:48:38.343 W/FrameProbe(26752): nativeOnCameraFrame 42.3 ms (trackedPts=0)
10-01 14:48:38.466 I/DepthInferencePerf(26752): frames=480 preprocess p50=10.396875ms p95=14.305886ms | inference p50=245.44167ms p95=337.11362ms | copy p50=0.030209ms p95=0.049427ms | total p50=257.81723ms p95=349.94296ms
10-01 14:48:38.487 I/MobileScan3D(26752): FusionDiag depthFrames=480 usable=1 epochActive=0 epochSusp=0 fused=0 gated=479 | temporal checks=0 rejects=0 ratio=1.000 tested=0 agree=0 stale=0 refAgeMs=-1 | guard refs=0 checks=0 rejected=0 tested=0 ratio=1.000
10-01 14:48:38.487 I/MobileScan3D(26752): DepthProbe calib valid=1 scale=0.0010 shift=5.1155 conf=0.533 samples=2204 spanRel=0.368 invZSpan=0.411 acc=22 rej=63 reason=confidence below gate | fusionDepth min=0.161 max=0.188 mean=0.178 valid=65536 fallback=0 | scanMax=1.00 worldPerMeter=1.0000 worldScaleUsable=0 | epochA=0 susp=0
10-01 14:48:38.487 I/MobileScan3D(26752): EpochProbe active=0 susp=0 opens=0 index=0 suspendEvents=0 suspendedFrames=0 driftRejects=0 lastDriftRel=0.0000 frozenRecoveries=0 stableStreak=0 badStreak=74 suspendStreak=0 | frozen scale=1.0000 shift=0.0000 inv=0 refRaw=0.0000 refZ=0.0000 frozenN=0 frozenConf=0.000 | live scale=0.0010 shift=5.1155 conf=0.533 samples=2204 inv=1 | norm A=0.00000 B=0.00000 reparms=0 lastScaleRel=0.0000 changesWhileEpoch=0
10-01 14:48:38.487 I/MobileScan3D(26752): StereoProbe worldPerMeter=0.9724 stable=0 frameScale=1.1287 medRel=0.050 denseRel=0.048 samples=16 | scaleAcc=5 scaleRej=26(noBase=0 few=11 resid=4 jump=11) | calibStereo acc=0 rej=0 uniq=0 copies=0 | geom batches=0 stale=0 dropNoPose=0 dropNoScale=1168 dropResid=0 | submitted=42 anchors=1911 matched=31 inputRej=0 seen=480 miss=11
10-01 14:48:38.487 I/PerfStage(26752): entered=480 done=480 calib p50=0.5 p95=1.2 | temporal p50=0.0 p95=0.0 | weight p50=0.0 p95=0.0 | fuse p50=0.0 p95=0.0 | surfel p50=0.0 p95=0.0 | stereo p50=0.0 p95=0.0 | lock p50=0.0 p95=0.0 | total p50=2.7 p95=35.7 | tmask tested=0 agree=0 disagree=0 | lockWait=0.0
10-01 14:48:38.487 I/PerfGate(26752): depthEarly world=0 noSnap=0 staleGen=0 dup=0 | retain ok=480 noPose=192 mismatch=0 badTs=0 | poseTol hit=38 missWorld=0 missEmpty=0 missOver=22
10-01 14:48:38.490 W/FrameProbe(26752): nativeOnCameraFrame 49.6 ms (trackedPts=0)
10-01 14:48:38.538 D/FpsProbe(26752): fps=30.0
10-01 14:48:38.609 W/FrameProbe(26752): nativeOnCameraFrame 38.2 ms (trackedPts=0)
10-01 14:48:38.754 I/MobileScan3D(26752): CalibProbe ns=46 vinsN=46 stereoUniq=0 total=42 | d p10=434.1 p50=628.1 p90=768.1 | z p10=4.183 p50=7.199 p90=42.984 | invz p10=0.022 p50=0.133 p90=0.233
10-01 14:48:38.756 W/FrameProbe(26752): nativeOnCameraFrame 49.4 ms (trackedPts=0)
10-01 14:48:38.874 W/FrameProbe(26752): nativeOnCameraFrame 32.9 ms (trackedPts=0)
10-01 14:48:38.929 I/ArPoseProbe(26752): fromTs=83.3% latest=16.7% total=8100
10-01 14:48:38.993 W/FrameProbe(26752): nativeOnCameraFrame 28.2 ms (trackedPts=0)
10-01 14:48:39.133 W/FrameProbe(26752): nativeOnCameraFrame 27.4 ms (trackedPts=0)
10-01 14:48:39.264 W/FrameProbe(26752): nativeOnCameraFrame 34.6 ms (trackedPts=0)
10-01 14:48:39.407 W/FrameProbe(26752): nativeOnCameraFrame 32.9 ms (trackedPts=0)
10-01 14:48:39.481 I/CameraRange(26752): hold 自动/近 0.17m（估计） aux=3 reason=policy-hold pending=none/12
10-01 14:48:39.532 W/FrameProbe(26752): nativeOnCameraFrame 37.5 ms (trackedPts=0)
10-01 14:48:39.572 D/FpsProbe(26752): fps=30.0
10-01 14:48:39.666 W/FrameProbe(26752): nativeOnCameraFrame 36.3 ms (trackedPts=0)
10-01 14:48:39.800 W/FrameProbe(26752): nativeOnCameraFrame 37.4 ms (trackedPts=0)
10-01 14:48:39.945 W/FrameProbe(26752): nativeOnCameraFrame 39.2 ms (trackedPts=0)
10-01 14:48:40.072 W/FrameProbe(26752): nativeOnCameraFrame 35.5 ms (trackedPts=0)
10-01 14:48:40.202 W/FrameProbe(26752): nativeOnCameraFrame 31.4 ms (trackedPts=0)
10-01 14:48:40.335 W/FrameProbe(26752): nativeOnCameraFrame 37.3 ms (trackedPts=0)
10-01 14:48:40.423 I/ArPoseProbe(26752): fromTs=83.4% latest=16.6% total=8190
10-01 14:48:40.473 W/FrameProbe(26752): nativeOnCameraFrame 35.8 ms (trackedPts=0)
10-01 14:48:40.608 W/FrameProbe(26752): nativeOnCameraFrame 34.2 ms (trackedPts=0)
10-01 14:48:40.618 D/FpsProbe(26752): fps=30.0
10-01 14:48:40.622 I/CameraRange(26752): hold 自动/近 0.18m（估计） aux=3 reason=policy-hold pending=none/12
10-01 14:48:40.734 W/FrameProbe(26752): nativeOnCameraFrame 36.7 ms (trackedPts=0)
10-01 14:48:40.865 W/FrameProbe(26752): nativeOnCameraFrame 34.1 ms (trackedPts=0)
10-01 14:48:40.996 W/FrameProbe(26752): nativeOnCameraFrame 33.7 ms (trackedPts=0)
10-01 14:48:41.129 W/FrameProbe(26752): nativeOnCameraFrame 34.1 ms (trackedPts=0)
10-01 14:48:41.267 W/FrameProbe(26752): nativeOnCameraFrame 31.7 ms (trackedPts=0)
10-01 14:48:41.400 W/FrameProbe(26752): nativeOnCameraFrame 26.4 ms (trackedPts=0)
10-01 14:48:41.535 W/FrameProbe(26752): nativeOnCameraFrame 30.4 ms (trackedPts=0)
10-01 14:48:41.664 W/FrameProbe(26752): nativeOnCameraFrame 33.3 ms (trackedPts=0)
10-01 14:48:41.665 D/FpsProbe(26752): fps=30.0
10-01 14:48:41.792 W/FrameProbe(26752): nativeOnCameraFrame 31.9 ms (trackedPts=0)
10-01 14:48:41.918 I/ArPoseProbe(26752): fromTs=83.5% latest=16.5% total=8280
10-01 14:48:41.929 W/FrameProbe(26752): nativeOnCameraFrame 32.6 ms (trackedPts=0)
10-01 14:48:42.059 W/FrameProbe(26752): nativeOnCameraFrame 24.1 ms (trackedPts=0)
10-01 14:48:42.198 W/FrameProbe(26752): nativeOnCameraFrame 27.1 ms (trackedPts=0)
10-01 14:48:42.316 W/FrameProbe(26752): nativeOnCameraFrame 20.9 ms (trackedPts=0)
10-01 14:48:42.457 W/FrameProbe(26752): nativeOnCameraFrame 27.8 ms (trackedPts=0)
10-01 14:48:42.589 W/FrameProbe(26752): nativeOnCameraFrame 21.8 ms (trackedPts=0)
10-01 14:48:42.676 D/FpsProbe(26752): fps=30.0
10-01 14:48:42.726 W/FrameProbe(26752): nativeOnCameraFrame 20.2 ms (trackedPts=0)
10-01 14:48:42.862 W/FrameProbe(26752): nativeOnCameraFrame 28.0 ms (trackedPts=0)
10-01 14:48:42.987 W/FrameProbe(26752): nativeOnCameraFrame 16.5 ms (trackedPts=0)
10-01 14:48:43.128 W/FrameProbe(26752): nativeOnCameraFrame 21.1 ms (trackedPts=0)
10-01 14:48:43.259 W/FrameProbe(26752): nativeOnCameraFrame 21.6 ms (trackedPts=0)
10-01 14:48:43.295 I/ThermalGuard(26752): thermal status -> 2 (depthMin=450ms)
10-01 14:48:43.406 W/FrameProbe(26752): nativeOnCameraFrame 30.7 ms (trackedPts=0)
10-01 14:48:43.413 I/ArPoseProbe(26752): fromTs=83.6% latest=16.4% total=8370
10-01 14:48:43.534 W/FrameProbe(26752): nativeOnCameraFrame 29.7 ms (trackedPts=0)
10-01 14:48:43.654 W/FrameProbe(26752): nativeOnCameraFrame 23.6 ms (trackedPts=0)
10-01 14:48:43.714 D/FpsProbe(26752): fps=30.0
10-01 14:48:43.785 W/FrameProbe(26752): nativeOnCameraFrame 22.5 ms (trackedPts=0)
10-01 14:48:43.928 W/FrameProbe(26752): nativeOnCameraFrame 22.4 ms (trackedPts=0)
10-01 14:48:44.186 W/FrameProbe(26752): nativeOnCameraFrame 22.5 ms (trackedPts=0)
10-01 14:48:44.327 W/FrameProbe(26752): nativeOnCameraFrame 30.9 ms (trackedPts=0)
10-01 14:48:44.459 W/FrameProbe(26752): nativeOnCameraFrame 29.0 ms (trackedPts=0)
10-01 14:48:44.603 W/FrameProbe(26752): nativeOnCameraFrame 38.6 ms (trackedPts=0)
10-01 14:48:44.746 W/FrameProbe(26752): nativeOnCameraFrame 38.9 ms (trackedPts=0)
10-01 14:48:44.764 D/FpsProbe(26752): fps=30.0
10-01 14:48:44.853 W/FrameProbe(26752): nativeOnCameraFrame 19.7 ms (trackedPts=0)
10-01 14:48:44.906 I/ArPoseProbe(26752): fromTs=83.6% latest=16.4% total=8460
10-01 14:48:44.978 I/CameraRange(26752): hold 自动/近 等待有效深度 aux=3 reason=policy-hold pending=none/12
10-01 14:48:45.124 W/FrameProbe(26752): nativeOnCameraFrame 24.9 ms (trackedPts=0)
10-01 14:48:45.256 W/FrameProbe(26752): nativeOnCameraFrame 24.6 ms (trackedPts=0)
10-01 14:48:45.395 W/FrameProbe(26752): nativeOnCameraFrame 21.0 ms (trackedPts=0)
10-01 14:48:45.517 W/FrameProbe(26752): nativeOnCameraFrame 20.9 ms (trackedPts=0)
10-01 14:48:45.657 W/FrameProbe(26752): nativeOnCameraFrame 21.4 ms (trackedPts=0)
10-01 14:48:45.779 D/FpsProbe(26752): fps=30.0
10-01 14:48:46.080 W/FrameProbe(26752): nativeOnCameraFrame 35.3 ms (trackedPts=0)
10-01 14:48:46.188 W/FrameProbe(26752): nativeOnCameraFrame 26.6 ms (trackedPts=0)
10-01 14:48:46.326 W/FrameProbe(26752): nativeOnCameraFrame 20.1 ms (trackedPts=0)
10-01 14:48:46.400 I/ArPoseProbe(26752): fromTs=83.8% latest=16.2% total=8550
10-01 14:48:46.486 I/CameraRange(26752): hold 自动/近 0.18m（估计） aux=3 reason=policy-hold pending=none/12
10-01 14:48:46.723 W/FrameProbe(26752): nativeOnCameraFrame 20.9 ms (trackedPts=0)
10-01 14:48:46.812 D/FpsProbe(26752): fps=30.0
10-01 14:48:46.861 W/FrameProbe(26752): nativeOnCameraFrame 21.7 ms (trackedPts=0)
10-01 14:48:47.453 W/FrameProbe(26752): nativeOnCameraFrame 16.6 ms (trackedPts=0)
10-01 14:48:47.547 W/FrameProbe(26752): nativeOnCameraFrame 39.1 ms (trackedPts=0)
10-01 14:48:47.790 W/FrameProbe(26752): nativeOnCameraFrame 19.3 ms (trackedPts=0)
10-01 14:48:47.836 D/FpsProbe(26752): fps=30.0
10-01 14:48:47.897 I/ArPoseProbe(26752): fromTs=83.9% latest=16.1% total=8640
10-01 14:48:48.586 W/FrameProbe(26752): nativeOnCameraFrame 21.9 ms (trackedPts=0)
10-01 14:48:48.725 W/FrameProbe(26752): nativeOnCameraFrame 19.0 ms (trackedPts=0)
10-01 14:48:48.847 W/FrameProbe(26752): nativeOnCameraFrame 20.2 ms (trackedPts=0)
10-01 14:48:48.877 D/FpsProbe(26752): fps=30.0
10-01 14:48:49.129 W/FrameProbe(26752): nativeOnCameraFrame 20.9 ms (trackedPts=0)
10-01 14:48:49.388 I/ArPoseProbe(26752): fromTs=84.1% latest=15.9% total=8730
10-01 14:48:49.528 W/FrameProbe(26752): nativeOnCameraFrame 29.3 ms (trackedPts=0)
10-01 14:48:49.657 W/FrameProbe(26752): nativeOnCameraFrame 27.9 ms (trackedPts=0)
10-01 14:48:49.777 W/FrameProbe(26752): nativeOnCameraFrame 16.8 ms (trackedPts=0)
10-01 14:48:49.928 W/FrameProbe(26752): nativeOnCameraFrame 22.8 ms (trackedPts=0)
10-01 14:48:49.929 D/FpsProbe(26752): fps=30.0
10-01 14:48:50.054 W/FrameProbe(26752): nativeOnCameraFrame 20.6 ms (trackedPts=0)
10-01 14:48:50.185 W/FrameProbe(26752): nativeOnCameraFrame 21.9 ms (trackedPts=0)
10-01 14:48:50.314 W/FrameProbe(26752): nativeOnCameraFrame 17.9 ms (trackedPts=0)
10-01 14:48:50.588 W/FrameProbe(26752): nativeOnCameraFrame 24.3 ms (trackedPts=0)
10-01 14:48:50.863 W/FrameProbe(26752): nativeOnCameraFrame 23.8 ms (trackedPts=0)
10-01 14:48:50.882 I/ArPoseProbe(26752): fromTs=84.2% latest=15.8% total=8820
10-01 14:48:50.941 D/FpsProbe(26752): fps=30.0
10-01 14:48:50.991 W/FrameProbe(26752): nativeOnCameraFrame 21.5 ms (trackedPts=0)
10-01 14:48:51.122 W/FrameProbe(26752): nativeOnCameraFrame 23.6 ms (trackedPts=0)
10-01 14:48:51.257 W/FrameProbe(26752): nativeOnCameraFrame 19.7 ms (trackedPts=0)
10-01 14:48:51.385 W/FrameProbe(26752): nativeOnCameraFrame 18.1 ms (trackedPts=0)
10-01 14:48:51.532 W/FrameProbe(26752): nativeOnCameraFrame 24.9 ms (trackedPts=0)
10-01 14:48:51.559 I/CameraRange(26752): hold 自动/近 0.18m（估计） aux=3 reason=policy-hold pending=none/12
10-01 14:48:51.647 W/FrameProbe(26752): nativeOnCameraFrame 19.4 ms (trackedPts=0)
10-01 14:48:51.968 D/FpsProbe(26752): fps=30.0
10-01 14:48:52.068 W/FrameProbe(26752): nativeOnCameraFrame 27.2 ms (trackedPts=0)
10-01 14:48:52.378 I/ArPoseProbe(26752): fromTs=84.3% latest=15.7% total=8910
10-01 14:48:52.712 W/FrameProbe(26752): nativeOnCameraFrame 16.7 ms (trackedPts=0)
10-01 14:48:53.004 D/FpsProbe(26752): fps=30.0
10-01 14:48:53.112 I/DepthInferencePerf(26752): frames=510 preprocess p50=10.434375ms p95=14.425938ms | inference p50=243.29457ms p95=347.58698ms | copy p50=0.030208ms p95=0.047188ms | total p50=255.02676ms p95=359.7573ms
10-01 14:48:53.115 I/PerfStage(26752): entered=510 done=509 calib p50=0.5 p95=1.3 | temporal p50=0.0 p95=0.0 | weight p50=0.0 p95=0.0 | fuse p50=0.0 p95=0.0 | surfel p50=0.0 p95=0.0 | stereo p50=0.0 p95=0.0 | lock p50=0.0 p95=0.0 | total p50=2.7 p95=32.3 | tmask tested=0 agree=0 disagree=0 | lockWait=0.0
10-01 14:48:53.115 I/PerfGate(26752): depthEarly world=0 noSnap=1 staleGen=0 dup=0 | retain ok=510 noPose=199 mismatch=0 badTs=0 | poseTol hit=38 missWorld=0 missEmpty=0 missOver=22
10-01 14:48:53.524 W/FrameProbe(26752): nativeOnCameraFrame 16.6 ms (trackedPts=0)
10-01 14:48:53.778 W/FrameProbe(26752): nativeOnCameraFrame 19.7 ms (trackedPts=0)
10-01 14:48:53.791 I/MobileScan3D(26752): DepthProbe calib valid=1 scale=0.0010 shift=5.1155 conf=0.533 samples=2204 spanRel=0.368 invZSpan=0.411 acc=22 rej=67 reason=confidence below gate | fusionDepth min=0.164 max=0.187 mean=0.177 valid=65536 fallback=0 | scanMax=1.00 worldPerMeter=1.0000 worldScaleUsable=0 | epochA=0 susp=0
10-01 14:48:53.791 I/MobileScan3D(26752): EpochProbe active=0 susp=0 opens=0 index=0 suspendEvents=0 suspendedFrames=0 driftRejects=0 lastDriftRel=0.0000 frozenRecoveries=0 stableStreak=0 badStreak=104 suspendStreak=0 | frozen scale=1.0000 shift=0.0000 inv=0 refRaw=0.0000 refZ=0.0000 frozenN=0 frozenConf=0.000 | live scale=0.0010 shift=5.1155 conf=0.533 samples=2204 inv=1 | norm A=0.00000 B=0.00000 reparms=0 lastScaleRel=0.0000 changesWhileEpoch=0
10-01 14:48:53.791 I/MobileScan3D(26752): StereoProbe worldPerMeter=0.9023 stable=0 frameScale=0.7759 medRel=0.035 denseRel=0.035 samples=96 | scaleAcc=7 scaleRej=31(noBase=0 few=13 resid=5 jump=13) | calibStereo acc=0 rej=0 uniq=0 copies=0 | geom batches=0 stale=0 dropNoPose=0 dropNoScale=1568 dropResid=0 | submitted=57 anchors=3091 matched=38 inputRej=0 seen=510 miss=19
10-01 14:48:53.870 I/ArPoseProbe(26752): fromTs=84.5% latest=15.5% total=9000
10-01 14:48:53.917 W/FrameProbe(26752): nativeOnCameraFrame 20.4 ms (trackedPts=0)
10-01 14:48:54.053 D/FpsProbe(26752): fps=30.0
10-01 14:48:54.183 W/FrameProbe(26752): nativeOnCameraFrame 22.2 ms (trackedPts=0)
10-01 14:48:54.719 W/FrameProbe(26752): nativeOnCameraFrame 20.6 ms (trackedPts=0)
10-01 14:48:55.078 D/FpsProbe(26752): fps=30.0
10-01 14:48:55.232 W/FrameProbe(26752): nativeOnCameraFrame 20.5 ms (trackedPts=0)
10-01 14:48:55.263 W/FrameProbe(26752): nativeOnCameraFrame 17.0 ms (trackedPts=0)
10-01 14:48:55.376 I/ArPoseProbe(26752): fromTs=83.9% latest=16.1% total=9090
10-01 14:48:55.535 W/FrameProbe(26752): nativeOnCameraFrame 29.0 ms (trackedPts=0)
10-01 14:48:56.010 W/FrameProbe(26752): nativeOnCameraFrame 16.7 ms (trackedPts=0)
10-01 14:48:56.069 W/FrameProbe(26752): nativeOnCameraFrame 24.5 ms (trackedPts=0)
10-01 14:48:56.108 D/FpsProbe(26752): fps=30.0
10-01 14:48:56.354 W/FrameProbe(26752): nativeOnCameraFrame 16.1 ms (trackedPts=0)
10-01 14:48:56.393 W/FrameProbe(26752): nativeOnCameraFrame 22.3 ms (trackedPts=0)
10-01 14:48:56.427 W/FrameProbe(26752): nativeOnCameraFrame 20.4 ms (trackedPts=0)
10-01 14:48:56.585 W/FrameProbe(26752): nativeOnCameraFrame 20.7 ms (trackedPts=0)
10-01 14:48:56.731 W/FrameProbe(26752): nativeOnCameraFrame 22.3 ms (trackedPts=0)
10-01 14:48:56.864 W/FrameProbe(26752): nativeOnCameraFrame 28.9 ms (trackedPts=0)
10-01 14:48:56.888 I/ArPoseProbe(26752): fromTs=83.0% latest=17.0% total=9180
10-01 14:48:57.140 D/FpsProbe(26752): fps=30.0
10-01 14:48:57.393 W/FrameProbe(26752): nativeOnCameraFrame 24.3 ms (trackedPts=0)
10-01 14:48:57.883 W/FrameProbe(26752): nativeOnCameraFrame 16.3 ms (trackedPts=0)
10-01 14:48:58.060 W/FrameProbe(26752): nativeOnCameraFrame 27.6 ms (trackedPts=0)
10-01 14:48:58.191 W/FrameProbe(26752): nativeOnCameraFrame 20.5 ms (trackedPts=0)
10-01 14:48:58.192 D/FpsProbe(26752): fps=30.0
10-01 14:48:58.394 W/FrameProbe(26752): nativeOnCameraFrame 26.2 ms (trackedPts=0)
10-01 14:48:58.427 I/ArPoseProbe(26752): fromTs=82.2% latest=17.8% total=9270
10-01 14:48:58.587 W/FrameProbe(26752): nativeOnCameraFrame 19.6 ms (trackedPts=0)
10-01 14:48:58.727 W/FrameProbe(26752): nativeOnCameraFrame 24.0 ms (trackedPts=0)
10-01 14:48:58.862 W/FrameProbe(26752): nativeOnCameraFrame 26.2 ms (trackedPts=0)
10-01 14:48:58.985 W/FrameProbe(26752): nativeOnCameraFrame 18.1 ms (trackedPts=0)
10-01 14:48:59.208 D/FpsProbe(26752): fps=30.0
10-01 14:48:59.247 W/FrameProbe(26752): nativeOnCameraFrame 18.2 ms (trackedPts=0)
10-01 14:48:59.520 W/FrameProbe(26752): nativeOnCameraFrame 26.0 ms (trackedPts=0)
10-01 14:48:59.787 W/FrameProbe(26752): nativeOnCameraFrame 21.5 ms (trackedPts=0)
10-01 14:48:59.927 W/FrameProbe(26752): nativeOnCameraFrame 22.0 ms (trackedPts=0)
10-01 14:48:59.927 I/ArPoseProbe(26752): fromTs=81.4% latest=18.6% total=9360
10-01 14:49:00.026 W/FrameProbe(26752): nativeOnCameraFrame 29.4 ms (trackedPts=0)
10-01 14:49:00.192 W/FrameProbe(26752): nativeOnCameraFrame 26.4 ms (trackedPts=0)
10-01 14:49:00.249 D/FpsProbe(26752): fps=30.0
10-01 14:49:00.454 W/FrameProbe(26752): nativeOnCameraFrame 22.2 ms (trackedPts=0)
10-01 14:49:00.726 W/FrameProbe(26752): nativeOnCameraFrame 26.3 ms (trackedPts=0)
10-01 14:49:01.120 W/FrameProbe(26752): nativeOnCameraFrame 16.3 ms (trackedPts=0)
10-01 14:49:01.188 W/FrameProbe(26752): nativeOnCameraFrame 20.2 ms (trackedPts=0)
10-01 14:49:01.265 D/FpsProbe(26752): fps=30.0
10-01 14:49:01.384 W/FrameProbe(26752): nativeOnCameraFrame 16.4 ms (trackedPts=0)
10-01 14:49:01.413 I/ArPoseProbe(26752): fromTs=80.7% latest=19.3% total=9450
10-01 14:49:01.690 W/FrameProbe(26752): nativeOnCameraFrame 20.2 ms (trackedPts=0)
10-01 14:49:02.057 W/FrameProbe(26752): nativeOnCameraFrame 25.7 ms (trackedPts=0)
10-01 14:49:02.187 W/FrameProbe(26752): nativeOnCameraFrame 27.5 ms (trackedPts=0)
10-01 14:49:02.279 W/FrameProbe(26752): nativeOnCameraFrame 19.6 ms (trackedPts=0)
10-01 14:49:02.317 D/FpsProbe(26752): fps=30.0
10-01 14:49:02.453 W/FrameProbe(26752): nativeOnCameraFrame 18.0 ms (trackedPts=0)
10-01 14:49:02.578 W/FrameProbe(26752): nativeOnCameraFrame 19.3 ms (trackedPts=0)
10-01 14:49:02.718 W/FrameProbe(26752): nativeOnCameraFrame 20.7 ms (trackedPts=0)
10-01 14:49:02.873 W/FrameProbe(26752): nativeOnCameraFrame 34.0 ms (trackedPts=0)
10-01 14:49:02.936 I/ArPoseProbe(26752): fromTs=79.9% latest=20.1% total=9540
10-01 14:49:03.333 D/FpsProbe(26752): fps=30.0
10-01 14:49:03.531 W/FrameProbe(26752): nativeOnCameraFrame 27.4 ms (trackedPts=0)
10-01 14:49:03.727 W/FrameProbe(26752): nativeOnCameraFrame 18.9 ms (trackedPts=0)
10-01 14:49:03.757 W/FrameProbe(26752): nativeOnCameraFrame 16.5 ms (trackedPts=0)
10-01 14:49:03.925 W/FrameProbe(26752): nativeOnCameraFrame 20.0 ms (trackedPts=0)
10-01 14:49:04.071 W/FrameProbe(26752): nativeOnCameraFrame 29.7 ms (trackedPts=0)
10-01 14:49:04.178 W/FrameProbe(26752): nativeOnCameraFrame 17.2 ms (trackedPts=0)
10-01 14:49:04.372 D/FpsProbe(26752): fps=30.0
10-01 14:49:04.426 W/FrameProbe(26752): nativeOnCameraFrame 20.5 ms (trackedPts=0)
10-01 14:49:04.459 W/FrameProbe(26752): nativeOnCameraFrame 16.9 ms (trackedPts=0)
10-01 14:49:04.459 I/ArPoseProbe(26752): fromTs=79.1% latest=20.9% total=9630
10-01 14:49:04.556 W/FrameProbe(26752): nativeOnCameraFrame 17.8 ms (trackedPts=0)
10-01 14:49:04.589 W/FrameProbe(26752): nativeOnCameraFrame 17.3 ms (trackedPts=0)
10-01 14:49:04.723 W/FrameProbe(26752): nativeOnCameraFrame 18.4 ms (trackedPts=0)
10-01 14:49:05.004 W/FrameProbe(26752): nativeOnCameraFrame 31.8 ms (trackedPts=0)
10-01 14:49:05.122 W/FrameProbe(26752): nativeOnCameraFrame 16.6 ms (trackedPts=0)
10-01 14:49:05.222 W/FrameProbe(26752): nativeOnCameraFrame 17.3 ms (trackedPts=0)
10-01 14:49:05.396 W/FrameProbe(26752): nativeOnCameraFrame 23.6 ms (trackedPts=0)
10-01 14:49:05.425 D/FpsProbe(26752): fps=30.0
10-01 14:49:05.940 I/ArPoseProbe(26752): fromTs=78.4% latest=21.6% total=9720
10-01 14:49:06.062 W/FrameProbe(26752): nativeOnCameraFrame 27.8 ms (trackedPts=0)
10-01 14:49:06.159 W/FrameProbe(26752): nativeOnCameraFrame 21.9 ms (trackedPts=0)
10-01 14:49:06.201 W/FrameProbe(26752): nativeOnCameraFrame 26.9 ms (trackedPts=0)
10-01 14:49:06.324 W/FrameProbe(26752): nativeOnCameraFrame 28.2 ms (trackedPts=0)
10-01 14:49:06.444 W/FrameProbe(26752): nativeOnCameraFrame 17.8 ms (trackedPts=0)
10-01 14:49:06.444 D/FpsProbe(26752): fps=30.0
10-01 14:49:06.749 W/FrameProbe(26752): nativeOnCameraFrame 19.0 ms (trackedPts=0)
10-01 14:49:06.847 W/FrameProbe(26752): nativeOnCameraFrame 16.2 ms (trackedPts=0)
10-01 14:49:07.259 W/FrameProbe(26752): nativeOnCameraFrame 29.5 ms (trackedPts=0)
10-01 14:49:07.454 I/ArPoseProbe(26752): fromTs=77.7% latest=22.3% total=9810
10-01 14:49:07.481 D/FpsProbe(26752): fps=30.0
10-01 14:49:07.525 W/FrameProbe(26752): nativeOnCameraFrame 19.5 ms (trackedPts=0)
10-01 14:49:07.659 W/FrameProbe(26752): nativeOnCameraFrame 20.6 ms (trackedPts=0)
10-01 14:49:07.916 W/FrameProbe(26752): nativeOnCameraFrame 21.7 ms (trackedPts=0)
10-01 14:49:08.020 W/FrameProbe(26752): nativeOnCameraFrame 16.5 ms (trackedPts=0)
10-01 14:49:08.060 W/FrameProbe(26752): nativeOnCameraFrame 24.0 ms (trackedPts=0)
10-01 14:49:08.150 W/FrameProbe(26752): nativeOnCameraFrame 18.9 ms (trackedPts=0)
10-01 14:49:08.204 W/FrameProbe(26752): nativeOnCameraFrame 30.8 ms (trackedPts=0)
10-01 14:49:08.236 W/FrameProbe(26752): nativeOnCameraFrame 19.2 ms (trackedPts=0)
10-01 14:49:08.517 D/FpsProbe(26752): fps=30.0
10-01 14:49:08.985 W/FrameProbe(26752): nativeOnCameraFrame 21.4 ms (trackedPts=0)
10-01 14:49:08.986 I/ArPoseProbe(26752): fromTs=77.0% latest=23.0% total=9900
10-01 14:49:09.220 W/FrameProbe(26752): nativeOnCameraFrame 17.0 ms (trackedPts=0)
10-01 14:49:09.255 W/FrameProbe(26752): nativeOnCameraFrame 20.8 ms (trackedPts=0)
10-01 14:49:09.353 W/FrameProbe(26752): nativeOnCameraFrame 18.0 ms (trackedPts=0)
10-01 14:49:09.523 W/FrameProbe(26752): nativeOnCameraFrame 17.1 ms (trackedPts=0)
10-01 14:49:09.551 D/FpsProbe(26752): fps=30.0
10-01 14:49:09.800 W/FrameProbe(26752): nativeOnCameraFrame 31.2 ms (trackedPts=0)
10-01 14:49:09.932 W/FrameProbe(26752): nativeOnCameraFrame 25.3 ms (trackedPts=0)
10-01 14:49:10.054 W/FrameProbe(26752): nativeOnCameraFrame 18.1 ms (trackedPts=0)
10-01 14:49:10.088 W/FrameProbe(26752): nativeOnCameraFrame 18.5 ms (trackedPts=0)
10-01 14:49:10.182 W/FrameProbe(26752): nativeOnCameraFrame 18.8 ms (trackedPts=0)
10-01 14:49:10.538 I/ArPoseProbe(26752): fromTs=76.3% latest=23.7% total=9990
10-01 14:49:10.708 W/FrameProbe(26752): nativeOnCameraFrame 281.6 ms (trackedPts=0)
10-01 14:49:10.774 W/FrameProbe(26752): nativeOnCameraFrame 57.6 ms (trackedPts=0)
10-01 14:49:10.774 D/FpsProbe(26752): fps=24.0 LOW
10-01 14:49:10.893 W/FrameProbe(26752): nativeOnCameraFrame 61.3 ms (trackedPts=0)
10-01 14:49:11.042 W/FrameProbe(26752): nativeOnCameraFrame 78.3 ms (trackedPts=0)
10-01 14:49:11.164 W/FrameProbe(26752): nativeOnCameraFrame 66.8 ms (trackedPts=0)
10-01 14:49:11.290 W/FrameProbe(26752): nativeOnCameraFrame 58.7 ms (trackedPts=0)
10-01 14:49:11.419 W/FrameProbe(26752): nativeOnCameraFrame 58.6 ms (trackedPts=0)
10-01 14:49:11.540 W/FrameProbe(26752): nativeOnCameraFrame 45.0 ms (trackedPts=0)
10-01 14:49:11.674 W/FrameProbe(26752): nativeOnCameraFrame 48.6 ms (trackedPts=0)
10-01 14:49:11.737 D/FpsProbe(26752): fps=25.2
10-01 14:49:11.813 W/FrameProbe(26752): nativeOnCameraFrame 49.2 ms (trackedPts=0)
10-01 14:49:11.953 W/FrameProbe(26752): nativeOnCameraFrame 52.5 ms (trackedPts=0)
10-01 14:49:12.087 W/FrameProbe(26752): nativeOnCameraFrame 58.1 ms (trackedPts=0)
10-01 14:49:12.213 W/FrameProbe(26752): nativeOnCameraFrame 57.8 ms (trackedPts=0)
10-01 14:49:12.216 I/ArPoseProbe(26752): fromTs=75.6% latest=24.4% total=10080
10-01 14:49:12.366 W/FrameProbe(26752): nativeOnCameraFrame 67.5 ms (trackedPts=0)
10-01 14:49:12.485 W/FrameProbe(26752): nativeOnCameraFrame 56.2 ms (trackedPts=0)
10-01 14:49:12.622 W/FrameProbe(26752): nativeOnCameraFrame 55.3 ms (trackedPts=0)
10-01 14:49:12.748 W/FrameProbe(26752): nativeOnCameraFrame 57.6 ms (trackedPts=0)
10-01 14:49:12.773 D/FpsProbe(26752): fps=26.1
10-01 14:49:12.881 W/FrameProbe(26752): nativeOnCameraFrame 59.0 ms (trackedPts=0)
10-01 14:49:13.018 W/FrameProbe(26752): nativeOnCameraFrame 56.3 ms (trackedPts=0)
10-01 14:49:13.147 W/FrameProbe(26752): nativeOnCameraFrame 58.9 ms (trackedPts=0)
10-01 14:49:13.288 W/FrameProbe(26752): nativeOnCameraFrame 56.5 ms (trackedPts=0)
10-01 14:49:13.421 W/FrameProbe(26752): nativeOnCameraFrame 62.1 ms (trackedPts=0)
10-01 14:49:13.556 W/FrameProbe(26752): nativeOnCameraFrame 59.7 ms (trackedPts=0)
10-01 14:49:13.685 W/FrameProbe(26752): nativeOnCameraFrame 55.6 ms (trackedPts=0)
10-01 14:49:13.808 I/ArPoseProbe(26752): fromTs=74.9% latest=25.1% total=10170
10-01 14:49:13.820 W/FrameProbe(26752): nativeOnCameraFrame 60.6 ms (trackedPts=0)
10-01 14:49:13.834 D/FpsProbe(26752): fps=27.2
10-01 14:49:13.945 W/FrameProbe(26752): nativeOnCameraFrame 52.3 ms (trackedPts=0)
10-01 14:49:14.093 W/FrameProbe(26752): nativeOnCameraFrame 59.6 ms (trackedPts=0)
10-01 14:49:14.220 W/FrameProbe(26752): nativeOnCameraFrame 58.0 ms (trackedPts=0)
10-01 14:49:14.358 W/FrameProbe(26752): nativeOnCameraFrame 61.7 ms (trackedPts=0)
10-01 14:49:14.482 W/FrameProbe(26752): nativeOnCameraFrame 55.5 ms (trackedPts=0)
10-01 14:49:14.621 W/FrameProbe(26752): nativeOnCameraFrame 63.0 ms (trackedPts=0)
10-01 14:49:14.771 W/FrameProbe(26752): nativeOnCameraFrame 72.1 ms (trackedPts=0)
10-01 14:49:14.898 W/FrameProbe(26752): nativeOnCameraFrame 67.7 ms (trackedPts=0)
10-01 14:49:14.909 D/FpsProbe(26752): fps=25.3
10-01 14:49:15.019 W/FrameProbe(26752): nativeOnCameraFrame 60.5 ms (trackedPts=0)
10-01 14:49:15.164 W/FrameProbe(26752): nativeOnCameraFrame 62.6 ms (trackedPts=0)
10-01 14:49:15.302 W/FrameProbe(26752): nativeOnCameraFrame 70.0 ms (trackedPts=0)
10-01 14:49:15.431 W/FrameProbe(26752): nativeOnCameraFrame 63.5 ms (trackedPts=0)
10-01 14:49:15.441 I/ArPoseProbe(26752): fromTs=74.3% latest=25.7% total=10260
10-01 14:49:15.550 W/FrameProbe(26752): nativeOnCameraFrame 49.4 ms (trackedPts=0)
10-01 14:49:15.686 W/FrameProbe(26752): nativeOnCameraFrame 57.4 ms (trackedPts=0)
10-01 14:49:15.837 W/FrameProbe(26752): nativeOnCameraFrame 69.0 ms (trackedPts=0)
10-01 14:49:15.951 W/FrameProbe(26752): nativeOnCameraFrame 56.4 ms (trackedPts=0)
10-01 14:49:15.962 D/FpsProbe(26752): fps=24.2 LOW
10-01 14:49:16.080 W/FrameProbe(26752): nativeOnCameraFrame 52.4 ms (trackedPts=0)
10-01 14:49:16.212 W/FrameProbe(26752): nativeOnCameraFrame 56.4 ms (trackedPts=0)
10-01 14:49:16.334 W/FrameProbe(26752): nativeOnCameraFrame 45.5 ms (trackedPts=0)
10-01 14:49:16.466 W/FrameProbe(26752): nativeOnCameraFrame 41.2 ms (trackedPts=0)
10-01 14:49:16.626 W/FrameProbe(26752): nativeOnCameraFrame 64.6 ms (trackedPts=0)
10-01 14:49:16.754 W/FrameProbe(26752): nativeOnCameraFrame 57.0 ms (trackedPts=0)
10-01 14:49:16.886 W/FrameProbe(26752): nativeOnCameraFrame 60.9 ms (trackedPts=0)
10-01 14:49:17.020 W/FrameProbe(26752): nativeOnCameraFrame 61.2 ms (trackedPts=0)
10-01 14:49:17.022 D/FpsProbe(26752): fps=27.1
10-01 14:49:17.047 I/ArPoseProbe(26752): fromTs=73.6% latest=26.4% total=10350
10-01 14:49:17.144 W/FrameProbe(26752): nativeOnCameraFrame 55.4 ms (trackedPts=0)
10-01 14:49:17.294 W/FrameProbe(26752): nativeOnCameraFrame 66.4 ms (trackedPts=0)
10-01 14:49:17.417 W/FrameProbe(26752): nativeOnCameraFrame 59.5 ms (trackedPts=0)
10-01 14:49:17.559 W/FrameProbe(26752): nativeOnCameraFrame 61.3 ms (trackedPts=0)
10-01 14:49:17.684 W/FrameProbe(26752): nativeOnCameraFrame 51.9 ms (trackedPts=0)
10-01 14:49:17.819 W/FrameProbe(26752): nativeOnCameraFrame 63.1 ms (trackedPts=0)
10-01 14:49:17.954 W/FrameProbe(26752): nativeOnCameraFrame 63.5 ms (trackedPts=0)
10-01 14:49:17.996 D/FpsProbe(26752): fps=25.2
10-01 14:49:18.088 W/FrameProbe(26752): nativeOnCameraFrame 55.5 ms (trackedPts=0)
10-01 14:49:18.220 W/FrameProbe(26752): nativeOnCameraFrame 66.3 ms (trackedPts=0)
10-01 14:49:18.350 W/FrameProbe(26752): nativeOnCameraFrame 56.9 ms (trackedPts=0)
10-01 14:49:18.483 W/FrameProbe(26752): nativeOnCameraFrame 61.6 ms (trackedPts=0)
10-01 14:49:18.616 W/FrameProbe(26752): nativeOnCameraFrame 57.0 ms (trackedPts=0)
10-01 14:49:18.657 I/ArPoseProbe(26752): fromTs=73.0% latest=27.0% total=10440
10-01 14:49:18.742 W/FrameProbe(26752): nativeOnCameraFrame 48.9 ms (trackedPts=0)
10-01 14:49:18.880 W/FrameProbe(26752): nativeOnCameraFrame 53.2 ms (trackedPts=0)
10-01 14:49:18.904 W/FrameProbe(26752): nativeOnCameraFrame 17.6 ms (trackedPts=0)
10-01 14:49:19.021 W/FrameProbe(26752): nativeOnCameraFrame 57.6 ms (trackedPts=0)
10-01 14:49:19.036 D/FpsProbe(26752): fps=26.1
10-01 14:49:19.156 W/FrameProbe(26752): nativeOnCameraFrame 58.6 ms (trackedPts=0)
10-01 14:49:19.276 W/FrameProbe(26752): nativeOnCameraFrame 50.5 ms (trackedPts=0)
10-01 14:49:19.416 W/FrameProbe(26752): nativeOnCameraFrame 58.3 ms (trackedPts=0)
10-01 14:49:19.552 W/FrameProbe(26752): nativeOnCameraFrame 51.2 ms (trackedPts=0)
10-01 14:49:19.686 W/FrameProbe(26752): nativeOnCameraFrame 58.4 ms (trackedPts=0)
10-01 14:49:19.800 W/FrameProbe(26752): nativeOnCameraFrame 44.0 ms (trackedPts=0)
10-01 14:49:19.948 W/FrameProbe(26752): nativeOnCameraFrame 54.0 ms (trackedPts=0)
10-01 14:49:20.079 W/FrameProbe(26752): nativeOnCameraFrame 57.6 ms (trackedPts=0)
10-01 14:49:20.093 D/FpsProbe(26752): fps=27.1
10-01 14:49:20.215 W/FrameProbe(26752): nativeOnCameraFrame 59.7 ms (trackedPts=0)
10-01 14:49:20.234 I/ArPoseProbe(26752): fromTs=72.4% latest=27.6% total=10530
10-01 14:49:20.350 W/FrameProbe(26752): nativeOnCameraFrame 57.0 ms (trackedPts=0)
10-01 14:49:20.489 W/FrameProbe(26752): nativeOnCameraFrame 58.1 ms (trackedPts=0)
10-01 14:49:20.624 W/FrameProbe(26752): nativeOnCameraFrame 61.3 ms (trackedPts=0)
10-01 14:49:20.759 W/FrameProbe(26752): nativeOnCameraFrame 61.5 ms (trackedPts=0)
10-01 14:49:20.889 W/FrameProbe(26752): nativeOnCameraFrame 60.6 ms (trackedPts=0)
10-01 14:49:21.015 W/FrameProbe(26752): nativeOnCameraFrame 60.7 ms (trackedPts=0)
10-01 14:49:21.157 W/FrameProbe(26752): nativeOnCameraFrame 62.4 ms (trackedPts=0)
10-01 14:49:21.158 D/FpsProbe(26752): fps=26.1
10-01 14:49:21.290 W/FrameProbe(26752): nativeOnCameraFrame 57.5 ms (trackedPts=0)
10-01 14:49:21.418 W/FrameProbe(26752): nativeOnCameraFrame 52.7 ms (trackedPts=0)
10-01 14:49:21.559 W/FrameProbe(26752): nativeOnCameraFrame 65.2 ms (trackedPts=0)
10-01 14:49:21.694 W/FrameProbe(26752): nativeOnCameraFrame 64.0 ms (trackedPts=0)
10-01 14:49:21.815 W/FrameProbe(26752): nativeOnCameraFrame 52.9 ms (trackedPts=0)
10-01 14:49:21.951 W/FrameProbe(26752): nativeOnCameraFrame 56.3 ms (trackedPts=0)
10-01 14:49:21.964 I/ArPoseProbe(26752): fromTs=71.8% latest=28.2% total=10620
10-01 14:49:22.082 W/FrameProbe(26752): nativeOnCameraFrame 61.2 ms (trackedPts=0)
10-01 14:49:22.130 D/FpsProbe(26752): fps=23.2 LOW
10-01 14:49:22.214 W/FrameProbe(26752): nativeOnCameraFrame 56.8 ms (trackedPts=0)
10-01 14:49:22.369 W/FrameProbe(26752): nativeOnCameraFrame 68.8 ms (trackedPts=0)
10-01 14:49:22.479 W/FrameProbe(26752): nativeOnCameraFrame 57.9 ms (trackedPts=0)
10-01 14:49:22.613 W/FrameProbe(26752): nativeOnCameraFrame 53.7 ms (trackedPts=0)
10-01 14:49:22.762 W/FrameProbe(26752): nativeOnCameraFrame 62.5 ms (trackedPts=0)
10-01 14:49:22.892 W/FrameProbe(26752): nativeOnCameraFrame 58.4 ms (trackedPts=0)
10-01 14:49:23.004 W/FrameProbe(26752): nativeOnCameraFrame 41.5 ms (trackedPts=0)
10-01 14:49:23.151 W/FrameProbe(26752): nativeOnCameraFrame 57.0 ms (trackedPts=0)
10-01 14:49:23.171 D/FpsProbe(26752): fps=27.1
10-01 14:49:23.266 W/FrameProbe(26752): nativeOnCameraFrame 37.2 ms (trackedPts=0)
10-01 14:49:23.402 W/FrameProbe(26752): nativeOnCameraFrame 42.1 ms (trackedPts=0)
10-01 14:49:23.537 I/ArPoseProbe(26752): fromTs=71.2% latest=28.8% total=10710
10-01 14:49:23.542 W/FrameProbe(26752): nativeOnCameraFrame 50.5 ms (trackedPts=0)
10-01 14:49:23.659 W/FrameProbe(26752): nativeOnCameraFrame 35.8 ms (trackedPts=0)
10-01 14:49:23.819 W/FrameProbe(26752): nativeOnCameraFrame 57.0 ms (trackedPts=0)
10-01 14:49:23.944 W/FrameProbe(26752): nativeOnCameraFrame 49.1 ms (trackedPts=0)
10-01 14:49:24.081 W/FrameProbe(26752): nativeOnCameraFrame 60.2 ms (trackedPts=0)
10-01 14:49:24.224 W/FrameProbe(26752): nativeOnCameraFrame 59.8 ms (trackedPts=0)
10-01 14:49:24.237 D/FpsProbe(26752): fps=30.0
10-01 14:49:24.347 W/FrameProbe(26752): nativeOnCameraFrame 56.9 ms (trackedPts=0)
10-01 14:49:24.483 W/FrameProbe(26752): nativeOnCameraFrame 54.2 ms (trackedPts=0)
10-01 14:49:24.610 W/FrameProbe(26752): nativeOnCameraFrame 53.5 ms (trackedPts=0)
10-01 14:49:24.732 W/FrameProbe(26752): nativeOnCameraFrame 40.1 ms (trackedPts=0)
10-01 14:49:24.880 W/FrameProbe(26752): nativeOnCameraFrame 57.3 ms (trackedPts=0)
10-01 14:49:25.018 W/FrameProbe(26752): nativeOnCameraFrame 54.0 ms (trackedPts=0)
10-01 14:49:25.048 I/ArPoseProbe(26752): fromTs=70.6% latest=29.4% total=10800
10-01 14:49:25.140 W/FrameProbe(26752): nativeOnCameraFrame 51.8 ms (trackedPts=0)
10-01 14:49:25.283 W/FrameProbe(26752): nativeOnCameraFrame 53.4 ms (trackedPts=0)
10-01 14:49:25.284 D/FpsProbe(26752): fps=29.0
10-01 14:49:25.394 W/FrameProbe(26752): nativeOnCameraFrame 30.8 ms (trackedPts=0)
10-01 14:49:25.552 W/FrameProbe(26752): nativeOnCameraFrame 53.0 ms (trackedPts=0)
10-01 14:49:25.672 W/FrameProbe(26752): nativeOnCameraFrame 40.2 ms (trackedPts=0)
10-01 14:49:25.817 W/FrameProbe(26752): nativeOnCameraFrame 53.2 ms (trackedPts=0)
10-01 14:49:25.955 W/FrameProbe(26752): nativeOnCameraFrame 64.0 ms (trackedPts=0)
10-01 14:49:26.070 W/FrameProbe(26752): nativeOnCameraFrame 43.8 ms (trackedPts=0)
10-01 14:49:26.190 W/FrameProbe(26752): nativeOnCameraFrame 36.6 ms (trackedPts=0)
10-01 14:49:26.270 D/FpsProbe(26752): fps=27.1
10-01 14:49:26.348 W/FrameProbe(26752): nativeOnCameraFrame 53.8 ms (trackedPts=0)
10-01 14:49:26.449 W/FrameProbe(26752): nativeOnCameraFrame 24.4 ms (trackedPts=0)
10-01 14:49:26.588 W/FrameProbe(26752): nativeOnCameraFrame 27.4 ms (trackedPts=0)
10-01 14:49:26.609 I/ArPoseProbe(26752): fromTs=70.0% latest=30.0% total=10890
10-01 14:49:26.759 W/FrameProbe(26752): nativeOnCameraFrame 57.5 ms (trackedPts=0)
10-01 14:49:26.852 W/FrameProbe(26752): nativeOnCameraFrame 30.9 ms (trackedPts=0)
10-01 14:49:27.016 W/FrameProbe(26752): nativeOnCameraFrame 50.7 ms (trackedPts=0)
10-01 14:49:27.160 W/FrameProbe(26752): nativeOnCameraFrame 59.2 ms (trackedPts=0)
10-01 14:49:27.273 W/FrameProbe(26752): nativeOnCameraFrame 47.9 ms (trackedPts=0)
10-01 14:49:27.302 D/FpsProbe(26752): fps=28.1
10-01 14:49:27.413 W/FrameProbe(26752): nativeOnCameraFrame 60.7 ms (trackedPts=0)
10-01 14:49:27.557 W/FrameProbe(26752): nativeOnCameraFrame 60.2 ms (trackedPts=0)
10-01 14:49:27.674 W/FrameProbe(26752): nativeOnCameraFrame 43.7 ms (trackedPts=0)
10-01 14:49:27.808 W/FrameProbe(26752): nativeOnCameraFrame 51.2 ms (trackedPts=0)
10-01 14:49:27.960 W/FrameProbe(26752): nativeOnCameraFrame 71.6 ms (trackedPts=0)
10-01 14:49:28.062 W/FrameProbe(26752): nativeOnCameraFrame 41.3 ms (trackedPts=0)
10-01 14:49:28.202 I/ArPoseProbe(26752): fromTs=69.4% latest=30.6% total=10980
10-01 14:49:28.238 W/FrameProbe(26752): nativeOnCameraFrame 75.5 ms (trackedPts=0)
10-01 14:49:28.356 W/FrameProbe(26752): nativeOnCameraFrame 66.5 ms (trackedPts=0)
10-01 14:49:28.367 D/FpsProbe(26752): fps=26.3
10-01 14:49:28.469 W/FrameProbe(26752): nativeOnCameraFrame 47.1 ms (trackedPts=0)
10-01 14:49:28.627 W/FrameProbe(26752): nativeOnCameraFrame 66.2 ms (trackedPts=0)
10-01 14:49:28.742 W/FrameProbe(26752): nativeOnCameraFrame 52.3 ms (trackedPts=0)
10-01 14:49:28.888 W/FrameProbe(26752): nativeOnCameraFrame 56.1 ms (trackedPts=0)
10-01 14:49:29.006 W/FrameProbe(26752): nativeOnCameraFrame 51.5 ms (trackedPts=0)
10-01 14:49:29.149 W/FrameProbe(26752): nativeOnCameraFrame 58.9 ms (trackedPts=0)
10-01 14:49:29.264 W/FrameProbe(26752): nativeOnCameraFrame 42.3 ms (trackedPts=0)
10-01 14:49:29.409 W/FrameProbe(26752): nativeOnCameraFrame 45.6 ms (trackedPts=0)
10-01 14:49:29.425 D/FpsProbe(26752): fps=27.1
10-01 14:49:29.543 W/FrameProbe(26752): nativeOnCameraFrame 42.4 ms (trackedPts=0)
10-01 14:49:29.659 W/FrameProbe(26752): nativeOnCameraFrame 34.6 ms (trackedPts=0)
10-01 14:49:29.780 I/ArPoseProbe(26752): fromTs=68.9% latest=31.1% total=11070
10-01 14:49:29.814 W/FrameProbe(26752): nativeOnCameraFrame 56.9 ms (trackedPts=0)
10-01 14:49:29.939 W/FrameProbe(26752): nativeOnCameraFrame 48.2 ms (trackedPts=0)
10-01 14:49:30.074 W/FrameProbe(26752): nativeOnCameraFrame 53.2 ms (trackedPts=0)
10-01 14:49:30.205 W/FrameProbe(26752): nativeOnCameraFrame 48.2 ms (trackedPts=0)
10-01 14:49:30.340 W/FrameProbe(26752): nativeOnCameraFrame 42.8 ms (trackedPts=0)
10-01 14:49:30.481 W/FrameProbe(26752): nativeOnCameraFrame 57.0 ms (trackedPts=0)
10-01 14:49:30.481 D/FpsProbe(26752): fps=30.0
10-01 14:49:30.606 W/FrameProbe(26752): nativeOnCameraFrame 44.3 ms (trackedPts=0)
10-01 14:49:30.753 W/FrameProbe(26752): nativeOnCameraFrame 59.4 ms (trackedPts=0)
10-01 14:49:30.883 W/FrameProbe(26752): nativeOnCameraFrame 53.5 ms (trackedPts=0)
10-01 14:49:31.027 W/FrameProbe(26752): nativeOnCameraFrame 62.0 ms (trackedPts=0)
10-01 14:49:31.139 W/FrameProbe(26752): nativeOnCameraFrame 51.2 ms (trackedPts=0)
10-01 14:49:31.272 W/FrameProbe(26752): nativeOnCameraFrame 51.4 ms (trackedPts=0)
10-01 14:49:31.341 I/ArPoseProbe(26752): fromTs=68.3% latest=31.7% total=11160
10-01 14:49:31.418 W/FrameProbe(26752): nativeOnCameraFrame 58.4 ms (trackedPts=0)
10-01 14:49:31.462 D/FpsProbe(26752): fps=25.2
10-01 14:49:31.548 W/FrameProbe(26752): nativeOnCameraFrame 53.6 ms (trackedPts=0)
10-01 14:49:31.662 W/FrameProbe(26752): nativeOnCameraFrame 38.7 ms (trackedPts=0)
10-01 14:49:31.824 W/FrameProbe(26752): nativeOnCameraFrame 62.6 ms (trackedPts=0)
10-01 14:49:31.947 W/FrameProbe(26752): nativeOnCameraFrame 53.6 ms (trackedPts=0)
10-01 14:49:32.092 W/FrameProbe(26752): nativeOnCameraFrame 59.1 ms (trackedPts=0)
10-01 14:49:32.212 W/FrameProbe(26752): nativeOnCameraFrame 55.2 ms (trackedPts=0)
10-01 14:49:32.351 W/FrameProbe(26752): nativeOnCameraFrame 60.9 ms (trackedPts=0)
10-01 14:49:32.479 W/FrameProbe(26752): nativeOnCameraFrame 49.3 ms (trackedPts=0)
10-01 14:49:32.504 D/FpsProbe(26752): fps=28.1
10-01 14:49:32.596 W/FrameProbe(26752): nativeOnCameraFrame 41.2 ms (trackedPts=0)
10-01 14:49:32.770 W/FrameProbe(26752): nativeOnCameraFrame 63.2 ms (trackedPts=0)
10-01 14:49:32.884 W/FrameProbe(26752): nativeOnCameraFrame 61.1 ms (trackedPts=0)
10-01 14:49:32.924 I/ArPoseProbe(26752): fromTs=67.8% latest=32.2% total=11250
10-01 14:49:33.015 W/FrameProbe(26752): nativeOnCameraFrame 60.4 ms (trackedPts=0)
10-01 14:49:33.132 W/FrameProbe(26752): nativeOnCameraFrame 38.0 ms (trackedPts=0)
10-01 14:49:33.271 W/FrameProbe(26752): nativeOnCameraFrame 43.7 ms (trackedPts=0)
10-01 14:49:33.389 W/FrameProbe(26752): nativeOnCameraFrame 33.2 ms (trackedPts=0)
10-01 14:49:33.540 W/FrameProbe(26752): nativeOnCameraFrame 45.7 ms (trackedPts=0)
10-01 14:49:33.553 D/FpsProbe(26752): fps=27.1
10-01 14:49:33.651 W/FrameProbe(26752): nativeOnCameraFrame 25.4 ms (trackedPts=0)
10-01 14:49:33.795 W/FrameProbe(26752): nativeOnCameraFrame 41.2 ms (trackedPts=0)
10-01 14:49:33.930 W/FrameProbe(26752): nativeOnCameraFrame 34.8 ms (trackedPts=0)
10-01 14:49:34.073 W/FrameProbe(26752): nativeOnCameraFrame 43.8 ms (trackedPts=0)
10-01 14:49:34.199 W/FrameProbe(26752): nativeOnCameraFrame 43.9 ms (trackedPts=0)
10-01 14:49:34.339 W/FrameProbe(26752): nativeOnCameraFrame 41.5 ms (trackedPts=0)
10-01 14:49:34.461 W/FrameProbe(26752): nativeOnCameraFrame 36.5 ms (trackedPts=0)
10-01 14:49:34.461 I/ArPoseProbe(26752): fromTs=67.2% latest=32.8% total=11340
10-01 14:49:34.605 W/FrameProbe(26752): nativeOnCameraFrame 41.6 ms (trackedPts=0)
10-01 14:49:34.605 D/FpsProbe(26752): fps=30.0
10-01 14:49:34.732 W/FrameProbe(26752): nativeOnCameraFrame 42.8 ms (trackedPts=0)
10-01 14:49:34.856 W/FrameProbe(26752): nativeOnCameraFrame 34.7 ms (trackedPts=0)
10-01 14:49:35.005 W/FrameProbe(26752): nativeOnCameraFrame 41.3 ms (trackedPts=0)
10-01 14:49:35.146 W/FrameProbe(26752): nativeOnCameraFrame 55.1 ms (trackedPts=0)
10-01 14:49:35.283 W/FrameProbe(26752): nativeOnCameraFrame 51.1 ms (trackedPts=0)
10-01 14:49:35.415 W/FrameProbe(26752): nativeOnCameraFrame 57.9 ms (trackedPts=0)
10-01 14:49:35.545 W/FrameProbe(26752): nativeOnCameraFrame 51.0 ms (trackedPts=0)
10-01 14:49:35.594 D/FpsProbe(26752): fps=28.1
10-01 14:49:35.670 W/FrameProbe(26752): nativeOnCameraFrame 48.1 ms (trackedPts=0)
10-01 14:49:35.829 W/FrameProbe(26752): nativeOnCameraFrame 62.3 ms (trackedPts=0)
10-01 14:49:35.953 W/FrameProbe(26752): nativeOnCameraFrame 62.0 ms (trackedPts=0)
10-01 14:49:36.006 I/ArPoseProbe(26752): fromTs=66.7% latest=33.3% total=11430
10-01 14:49:36.095 W/FrameProbe(26752): nativeOnCameraFrame 64.5 ms (trackedPts=0)
10-01 14:49:36.212 W/FrameProbe(26752): nativeOnCameraFrame 55.9 ms (trackedPts=0)
10-01 14:49:36.347 W/FrameProbe(26752): nativeOnCameraFrame 56.6 ms (trackedPts=0)
10-01 14:49:36.482 W/FrameProbe(26752): nativeOnCameraFrame 58.4 ms (trackedPts=0)
10-01 14:49:36.614 W/FrameProbe(26752): nativeOnCameraFrame 58.4 ms (trackedPts=0)
10-01 14:49:36.630 D/FpsProbe(26752): fps=25.2
10-01 14:49:36.746 W/FrameProbe(26752): nativeOnCameraFrame 58.0 ms (trackedPts=0)
10-01 14:49:36.898 W/FrameProbe(26752): nativeOnCameraFrame 68.5 ms (trackedPts=0)
10-01 14:49:37.033 W/FrameProbe(26752): nativeOnCameraFrame 69.7 ms (trackedPts=0)
10-01 14:49:37.147 W/FrameProbe(26752): nativeOnCameraFrame 59.3 ms (trackedPts=0)
10-01 14:49:37.288 W/FrameProbe(26752): nativeOnCameraFrame 59.3 ms (trackedPts=0)
10-01 14:49:37.419 W/FrameProbe(26752): nativeOnCameraFrame 57.7 ms (trackedPts=0)
10-01 14:49:37.548 W/FrameProbe(26752): nativeOnCameraFrame 53.8 ms (trackedPts=0)
10-01 14:49:37.617 I/ArPoseProbe(26752): fromTs=66.2% latest=33.8% total=11520
10-01 14:49:37.673 W/FrameProbe(26752): nativeOnCameraFrame 49.2 ms (trackedPts=0)
10-01 14:49:37.693 D/FpsProbe(26752): fps=27.1
10-01 14:49:37.809 W/FrameProbe(26752): nativeOnCameraFrame 45.5 ms (trackedPts=0)
10-01 14:49:37.933 W/FrameProbe(26752): nativeOnCameraFrame 45.3 ms (trackedPts=0)
10-01 14:49:38.083 W/FrameProbe(26752): nativeOnCameraFrame 60.0 ms (trackedPts=0)
10-01 14:49:38.195 W/FrameProbe(26752): nativeOnCameraFrame 43.6 ms (trackedPts=0)
10-01 14:49:38.344 W/FrameProbe(26752): nativeOnCameraFrame 54.5 ms (trackedPts=0)
10-01 14:49:38.492 W/FrameProbe(26752): nativeOnCameraFrame 58.8 ms (trackedPts=0)
10-01 14:49:38.614 W/FrameProbe(26752): nativeOnCameraFrame 55.9 ms (trackedPts=0)
10-01 14:49:38.747 W/FrameProbe(26752): nativeOnCameraFrame 55.8 ms (trackedPts=0)
10-01 14:49:38.748 D/FpsProbe(26752): fps=28.1
10-01 14:49:38.877 W/FrameProbe(26752): nativeOnCameraFrame 48.3 ms (trackedPts=0)
10-01 14:49:39.021 W/FrameProbe(26752): nativeOnCameraFrame 61.4 ms (trackedPts=0)
10-01 14:49:39.152 W/FrameProbe(26752): nativeOnCameraFrame 57.1 ms (trackedPts=0)
10-01 14:49:39.194 I/ArPoseProbe(26752): fromTs=65.7% latest=34.3% total=11610
10-01 14:49:39.243 W/FrameProbe(26752): nativeOnCameraFrame 24.7 ms (trackedPts=0)
10-01 14:49:39.401 W/FrameProbe(26752): nativeOnCameraFrame 41.4 ms (trackedPts=0)
10-01 14:49:39.545 W/FrameProbe(26752): nativeOnCameraFrame 56.9 ms (trackedPts=0)
10-01 14:49:39.665 W/FrameProbe(26752): nativeOnCameraFrame 44.0 ms (trackedPts=0)
10-01 14:49:39.704 W/FrameProbe(26752): nativeOnCameraFrame 16.5 ms (trackedPts=0)
10-01 14:49:39.739 D/FpsProbe(26752): fps=27.1
10-01 14:49:39.794 W/FrameProbe(26752): nativeOnCameraFrame 41.1 ms (trackedPts=0)
10-01 14:49:39.948 W/FrameProbe(26752): nativeOnCameraFrame 55.7 ms (trackedPts=0)
10-01 14:49:40.094 W/FrameProbe(26752): nativeOnCameraFrame 64.8 ms (trackedPts=0)
10-01 14:49:40.205 W/FrameProbe(26752): nativeOnCameraFrame 46.3 ms (trackedPts=0)
10-01 14:49:40.353 W/FrameProbe(26752): nativeOnCameraFrame 57.9 ms (trackedPts=0)
10-01 14:49:40.482 W/FrameProbe(26752): nativeOnCameraFrame 54.1 ms (trackedPts=0)
10-01 14:49:40.587 W/FrameProbe(26752): nativeOnCameraFrame 29.8 ms (trackedPts=0)
10-01 14:49:40.734 W/FrameProbe(26752): nativeOnCameraFrame 45.0 ms (trackedPts=0)
10-01 14:49:40.746 I/ArPoseProbe(26752): fromTs=65.1% latest=34.9% total=11700
10-01 14:49:40.759 D/FpsProbe(26752): fps=28.1
10-01 14:49:40.878 W/FrameProbe(26752): nativeOnCameraFrame 49.0 ms (trackedPts=0)
10-01 14:49:41.003 W/FrameProbe(26752): nativeOnCameraFrame 49.4 ms (trackedPts=0)
10-01 14:49:41.139 W/FrameProbe(26752): nativeOnCameraFrame 46.4 ms (trackedPts=0)
10-01 14:49:41.271 W/FrameProbe(26752): nativeOnCameraFrame 43.6 ms (trackedPts=0)
10-01 14:49:41.406 W/FrameProbe(26752): nativeOnCameraFrame 42.3 ms (trackedPts=0)
10-01 14:49:41.533 W/FrameProbe(26752): nativeOnCameraFrame 39.2 ms (trackedPts=0)
10-01 14:49:41.666 W/FrameProbe(26752): nativeOnCameraFrame 34.4 ms (trackedPts=0)
10-01 14:49:41.796 W/FrameProbe(26752): nativeOnCameraFrame 42.5 ms (trackedPts=0)
10-01 14:49:41.806 D/FpsProbe(26752): fps=30.0
10-01 14:49:41.935 W/FrameProbe(26752): nativeOnCameraFrame 45.5 ms (trackedPts=0)
10-01 14:49:42.059 W/FrameProbe(26752): nativeOnCameraFrame 36.3 ms (trackedPts=0)
10-01 14:49:42.191 W/FrameProbe(26752): nativeOnCameraFrame 35.2 ms (trackedPts=0)
10-01 14:49:42.251 I/ArPoseProbe(26752): fromTs=64.6% latest=35.4% total=11790
10-01 14:49:42.358 W/FrameProbe(26752): nativeOnCameraFrame 54.5 ms (trackedPts=0)
10-01 14:49:42.465 W/FrameProbe(26752): nativeOnCameraFrame 36.6 ms (trackedPts=0)
10-01 14:49:42.611 W/FrameProbe(26752): nativeOnCameraFrame 58.1 ms (trackedPts=0)
10-01 14:49:42.735 W/FrameProbe(26752): nativeOnCameraFrame 48.0 ms (trackedPts=0)
10-01 14:49:42.860 W/FrameProbe(26752): nativeOnCameraFrame 36.7 ms (trackedPts=0)
10-01 14:49:42.860 D/FpsProbe(26752): fps=29.0
10-01 14:49:43.004 W/FrameProbe(26752): nativeOnCameraFrame 45.0 ms (trackedPts=0)
10-01 14:49:43.145 W/FrameProbe(26752): nativeOnCameraFrame 51.6 ms (trackedPts=0)
10-01 14:49:43.271 W/FrameProbe(26752): nativeOnCameraFrame 43.1 ms (trackedPts=0)
10-01 14:49:43.389 W/FrameProbe(26752): nativeOnCameraFrame 40.0 ms (trackedPts=0)
10-01 14:49:43.519 W/FrameProbe(26752): nativeOnCameraFrame 24.8 ms (trackedPts=0)
10-01 14:49:43.669 W/FrameProbe(26752): nativeOnCameraFrame 44.5 ms (trackedPts=0)
10-01 14:49:43.760 I/ArPoseProbe(26752): fromTs=64.2% latest=35.8% total=11880
10-01 14:49:43.803 W/FrameProbe(26752): nativeOnCameraFrame 48.9 ms (trackedPts=0)
10-01 14:49:43.860 D/FpsProbe(26752): fps=30.0
10-01 14:49:43.939 W/FrameProbe(26752): nativeOnCameraFrame 44.1 ms (trackedPts=0)
10-01 14:49:44.049 W/FrameProbe(26752): nativeOnCameraFrame 29.6 ms (trackedPts=0)
10-01 14:49:44.197 W/FrameProbe(26752): nativeOnCameraFrame 45.7 ms (trackedPts=0)
10-01 14:49:44.337 W/FrameProbe(26752): nativeOnCameraFrame 47.6 ms (trackedPts=0)
10-01 14:49:44.469 W/FrameProbe(26752): nativeOnCameraFrame 46.8 ms (trackedPts=0)
10-01 14:49:44.601 W/FrameProbe(26752): nativeOnCameraFrame 42.3 ms (trackedPts=0)
10-01 14:49:44.767 W/FrameProbe(26752): nativeOnCameraFrame 69.0 ms (trackedPts=0)
10-01 14:49:44.893 W/FrameProbe(26752): nativeOnCameraFrame 61.1 ms (trackedPts=0)
10-01 14:49:44.904 D/FpsProbe(26752): fps=27.1
10-01 14:49:45.002 W/FrameProbe(26752): nativeOnCameraFrame 47.5 ms (trackedPts=0)
10-01 14:49:45.135 W/FrameProbe(26752): nativeOnCameraFrame 48.9 ms (trackedPts=0)
10-01 14:49:45.259 W/FrameProbe(26752): nativeOnCameraFrame 36.4 ms (trackedPts=0)
10-01 14:49:45.321 I/ArPoseProbe(26752): fromTs=63.7% latest=36.3% total=11970
10-01 14:49:45.406 W/FrameProbe(26752): nativeOnCameraFrame 44.7 ms (trackedPts=0)
10-01 14:49:45.528 W/FrameProbe(26752): nativeOnCameraFrame 41.1 ms (trackedPts=0)
10-01 14:49:45.672 W/FrameProbe(26752): nativeOnCameraFrame 41.1 ms (trackedPts=0)
10-01 14:49:45.800 W/FrameProbe(26752): nativeOnCameraFrame 45.3 ms (trackedPts=0)
10-01 14:49:45.939 W/FrameProbe(26752): nativeOnCameraFrame 51.4 ms (trackedPts=0)
10-01 14:49:45.953 D/FpsProbe(26752): fps=30.0
10-01 14:49:46.080 W/FrameProbe(26752): nativeOnCameraFrame 59.2 ms (trackedPts=0)
10-01 14:49:46.215 W/FrameProbe(26752): nativeOnCameraFrame 50.4 ms (trackedPts=0)
10-01 14:49:46.337 W/FrameProbe(26752): nativeOnCameraFrame 48.8 ms (trackedPts=0)
10-01 14:49:46.470 W/FrameProbe(26752): nativeOnCameraFrame 47.8 ms (trackedPts=0)
10-01 14:49:46.599 W/FrameProbe(26752): nativeOnCameraFrame 42.4 ms (trackedPts=0)
10-01 14:49:46.748 W/FrameProbe(26752): nativeOnCameraFrame 56.2 ms (trackedPts=0)
10-01 14:49:46.856 W/FrameProbe(26752): nativeOnCameraFrame 33.1 ms (trackedPts=0)
10-01 14:49:46.856 I/ArPoseProbe(26752): fromTs=63.2% latest=36.8% total=12060
10-01 14:49:46.998 W/FrameProbe(26752): nativeOnCameraFrame 44.7 ms (trackedPts=0)
10-01 14:49:46.998 D/FpsProbe(26752): fps=28.1
10-01 14:49:47.145 W/FrameProbe(26752): nativeOnCameraFrame 50.7 ms (trackedPts=0)
10-01 14:49:47.247 W/FrameProbe(26752): nativeOnCameraFrame 29.7 ms (trackedPts=0)
10-01 14:49:47.406 W/FrameProbe(26752): nativeOnCameraFrame 48.1 ms (trackedPts=0)
10-01 14:49:47.518 W/FrameProbe(26752): nativeOnCameraFrame 32.3 ms (trackedPts=0)
10-01 14:49:47.660 W/FrameProbe(26752): nativeOnCameraFrame 30.9 ms (trackedPts=0)
10-01 14:49:47.801 W/FrameProbe(26752): nativeOnCameraFrame 39.1 ms (trackedPts=0)
10-01 14:49:47.929 W/FrameProbe(26752): nativeOnCameraFrame 35.3 ms (trackedPts=0)
10-01 14:49:47.997 D/FpsProbe(26752): fps=30.0
10-01 14:49:48.059 W/FrameProbe(26752): nativeOnCameraFrame 34.3 ms (trackedPts=0)
10-01 14:49:48.205 W/FrameProbe(26752): nativeOnCameraFrame 44.9 ms (trackedPts=0)
10-01 14:49:48.338 W/FrameProbe(26752): nativeOnCameraFrame 42.9 ms (trackedPts=0)
10-01 14:49:48.365 I/ArPoseProbe(26752): fromTs=62.7% latest=37.3% total=12150
10-01 14:49:48.476 W/FrameProbe(26752): nativeOnCameraFrame 49.1 ms (trackedPts=0)
10-01 14:49:48.613 W/FrameProbe(26752): nativeOnCameraFrame 50.0 ms (trackedPts=0)
10-01 14:49:48.732 W/FrameProbe(26752): nativeOnCameraFrame 45.3 ms (trackedPts=0)
10-01 14:49:48.857 W/FrameProbe(26752): nativeOnCameraFrame 36.8 ms (trackedPts=0)
10-01 14:49:48.995 W/FrameProbe(26752): nativeOnCameraFrame 39.5 ms (trackedPts=0)
10-01 14:49:49.026 D/FpsProbe(26752): fps=30.0
10-01 14:49:49.147 W/FrameProbe(26752): nativeOnCameraFrame 49.6 ms (trackedPts=0)
10-01 14:49:49.259 W/FrameProbe(26752): nativeOnCameraFrame 39.2 ms (trackedPts=0)
10-01 14:49:49.396 W/FrameProbe(26752): nativeOnCameraFrame 46.1 ms (trackedPts=0)
10-01 14:49:49.542 W/FrameProbe(26752): nativeOnCameraFrame 49.7 ms (trackedPts=0)
10-01 14:49:49.659 W/FrameProbe(26752): nativeOnCameraFrame 38.3 ms (trackedPts=0)
10-01 14:49:49.794 W/FrameProbe(26752): nativeOnCameraFrame 43.6 ms (trackedPts=0)
10-01 14:49:49.887 I/ArPoseProbe(26752): fromTs=62.3% latest=37.7% total=12240
10-01 14:49:49.950 W/FrameProbe(26752): nativeOnCameraFrame 61.3 ms (trackedPts=0)
10-01 14:49:50.071 W/FrameProbe(26752): nativeOnCameraFrame 50.0 ms (trackedPts=0)
10-01 14:49:50.082 D/FpsProbe(26752): fps=29.0
10-01 14:49:50.208 W/FrameProbe(26752): nativeOnCameraFrame 50.7 ms (trackedPts=0)
10-01 14:49:50.345 W/FrameProbe(26752): nativeOnCameraFrame 60.2 ms (trackedPts=0)
10-01 14:49:50.478 W/FrameProbe(26752): nativeOnCameraFrame 57.3 ms (trackedPts=0)
10-01 14:49:50.623 W/FrameProbe(26752): nativeOnCameraFrame 60.9 ms (trackedPts=0)
10-01 14:49:50.754 W/FrameProbe(26752): nativeOnCameraFrame 63.2 ms (trackedPts=0)
10-01 14:49:50.872 W/FrameProbe(26752): nativeOnCameraFrame 53.1 ms (trackedPts=0)
10-01 14:49:51.014 W/FrameProbe(26752): nativeOnCameraFrame 58.7 ms (trackedPts=0)
10-01 14:49:51.152 W/FrameProbe(26752): nativeOnCameraFrame 62.5 ms (trackedPts=0)
10-01 14:49:51.152 D/FpsProbe(26752): fps=25.2
10-01 14:49:51.281 W/FrameProbe(26752): nativeOnCameraFrame 56.3 ms (trackedPts=0)
10-01 14:49:51.401 W/FrameProbe(26752): nativeOnCameraFrame 47.4 ms (trackedPts=0)
10-01 14:49:51.482 I/ArPoseProbe(26752): fromTs=61.8% latest=38.2% total=12330
10-01 14:49:51.553 W/FrameProbe(26752): nativeOnCameraFrame 63.0 ms (trackedPts=0)
10-01 14:49:51.678 W/FrameProbe(26752): nativeOnCameraFrame 57.0 ms (trackedPts=0)
10-01 14:49:51.826 W/FrameProbe(26752): nativeOnCameraFrame 65.7 ms (trackedPts=0)
10-01 14:49:51.969 W/FrameProbe(26752): nativeOnCameraFrame 68.3 ms (trackedPts=0)
10-01 14:49:52.085 W/FrameProbe(26752): nativeOnCameraFrame 63.1 ms (trackedPts=0)
10-01 14:49:52.131 D/FpsProbe(26752): fps=24.2 LOW
10-01 14:49:52.224 W/FrameProbe(26752): nativeOnCameraFrame 62.9 ms (trackedPts=0)
10-01 14:49:52.227 I/MobileScan3D(26752): nativeBuildMesh quality=1 ok=0 src=scene verts=0 tris=0 rawTris=0 compRemoved=0/0 decimated=0 ms=0.0 note=no triangles extracted
10-01 14:49:53.160 D/FpsProbe(26752): fps=29.0
10-01 14:49:53.871 I/ArPoseProbe(26752): fromTs=61.4% latest=38.6% total=12420
10-01 14:49:54.196 D/FpsProbe(26752): fps=30.0
10-01 14:49:55.227 D/FpsProbe(26752): fps=30.0
10-01 14:49:55.787 I/MobileScan3D(26752): nativeBuildMesh quality=1 ok=0 src=scene verts=0 tris=0 rawTris=0 compRemoved=0/0 decimated=0 ms=0.0 note=no triangles extracted
10-01 14:49:56.266 D/FpsProbe(26752): fps=30.0
10-01 14:49:56.880 I/ArPoseProbe(26752): fromTs=60.9% latest=39.1% total=12510
10-01 14:49:57.300 D/FpsProbe(26752): fps=30.0
10-01 14:49:57.797 I/CameraRange(26752): scan-start capabilities: primary=2 | id=3 fov=94.7 focal=2.31 minFocus=0.032m score=18.35 | cur=3
10-01 14:49:57.797 I/CameraRange(26752): note: only 1 selectable auxiliary lens -> distance-driven switching cannot change the aux id on this device
10-01 14:49:57.801 I/MobileScan3D(26752): V0.4 native create Vulkan=1
10-01 14:49:57.855 W/FrameProbe(26752): nativeOnCameraFrame 18.2 ms (trackedPts=0)
10-01 14:49:57.978 W/FrameProbe(26752): nativeOnCameraFrame 26.3 ms (trackedPts=0)
10-01 14:49:58.115 W/FrameProbe(26752): nativeOnCameraFrame 23.8 ms (trackedPts=0)
10-01 14:49:58.244 W/FrameProbe(26752): nativeOnCameraFrame 18.4 ms (trackedPts=0)
10-01 14:49:58.328 D/FpsProbe(26752): fps=29.0
10-01 14:49:58.374 W/FrameProbe(26752): nativeOnCameraFrame 24.0 ms (trackedPts=0)
10-01 14:49:58.509 W/FrameProbe(26752): nativeOnCameraFrame 21.7 ms (trackedPts=0)
10-01 14:49:58.636 W/FrameProbe(26752): nativeOnCameraFrame 17.7 ms (trackedPts=0)
10-01 14:49:58.778 W/FrameProbe(26752): nativeOnCameraFrame 18.9 ms (trackedPts=0)
10-01 14:49:58.820 I/ArPoseProbe(26752): fromTs=60.5% latest=39.5% total=12600
10-01 14:49:58.919 W/FrameProbe(26752): nativeOnCameraFrame 25.7 ms (trackedPts=0)
10-01 14:49:58.954 W/FrameProbe(26752): nativeOnCameraFrame 22.1 ms (trackedPts=0)
10-01 14:49:59.042 W/FrameProbe(26752): nativeOnCameraFrame 16.2 ms (trackedPts=0)
10-01 14:49:59.191 W/FrameProbe(26752): nativeOnCameraFrame 30.8 ms (trackedPts=0)
10-01 14:49:59.356 W/FrameProbe(26752): nativeOnCameraFrame 60.4 ms (trackedPts=0)
10-01 14:49:59.368 D/FpsProbe(26752): fps=29.0
10-01 14:49:59.559 W/FrameProbe(26752): nativeOnCameraFrame 131.4 ms (trackedPts=0)
10-01 14:49:59.608 W/FrameProbe(26752): nativeOnCameraFrame 43.4 ms (trackedPts=0)
10-01 14:49:59.752 W/FrameProbe(26752): nativeOnCameraFrame 64.9 ms (trackedPts=0)
10-01 14:50:00.039 W/FrameProbe(26752): nativeOnCameraFrame 214.6 ms (trackedPts=0)
10-01 14:50:00.119 W/FrameProbe(26752): nativeOnCameraFrame 71.7 ms (trackedPts=0)
10-01 14:50:00.209 W/FrameProbe(26752): nativeOnCameraFrame 59.8 ms (trackedPts=0)
10-01 14:50:00.350 I/MobileScan3D(26752): CalibProbe ns=101 vinsN=101 stereoUniq=0 total=80 | d p10=230.9 p50=620.2 p90=1251.7 | z p10=0.118 p50=0.148 p90=0.183 | invz p10=5.432 p50=6.728 p90=8.391
10-01 14:50:00.352 W/FrameProbe(26752): nativeOnCameraFrame 62.1 ms (trackedPts=0)
10-01 14:50:00.366 I/CameraRange(26752): hold 自动/近 等待有效深度 aux=3 reason=policy-hold pending=none/12
10-01 14:50:00.392 D/FpsProbe(26752): fps=18.4 LOW
10-01 14:50:00.483 W/FrameProbe(26752): nativeOnCameraFrame 62.0 ms (trackedPts=0)
10-01 14:50:00.527 I/ArPoseProbe(26752): fromTs=60.3% latest=39.7% total=12690
10-01 14:50:00.620 W/FrameProbe(26752): nativeOnCameraFrame 63.1 ms (trackedPts=0)
10-01 14:50:01.440 I/MobileScan3D(26752): renderPoseAtTol match: deltaMs=326 newestAgeMs=326 hist=16
10-01 14:50:01.440 I/MobileScan3D(26752): ArAxesProbe raw down=(0.741,-0.668,0.071) fwd=(-0.670,-0.742,0.007) post down=(0.741,-0.668,0.071) fwd=(-0.670,-0.742,0.007) deltaMs=325
10-01 14:50:01.440 I/HqTexture(26752): pose relaxed: idx=0 ts=364600341790362 tol=500ms
10-01 14:50:01.602 I/MobileScan3D(26752): renderPoseAtTol match: deltaMs=459 newestAgeMs=459 hist=16
10-01 14:50:01.602 I/HqTexture(26752): pose relaxed: idx=1 ts=364600475098695 tol=500ms
10-01 14:50:02.332 W/FrameProbe(26752): nativeOnCameraFrame 50.8 ms (trackedPts=0)
10-01 14:50:02.333 D/FpsProbe(26752): fps=3.7 LOW
10-01 14:50:02.475 W/FrameProbe(26752): nativeOnCameraFrame 61.9 ms (trackedPts=0)
10-01 14:50:02.623 W/FrameProbe(26752): nativeOnCameraFrame 70.6 ms (trackedPts=0)
10-01 14:50:02.728 W/FrameProbe(26752): nativeOnCameraFrame 42.0 ms (trackedPts=0)
10-01 14:50:02.864 W/FrameProbe(26752): nativeOnCameraFrame 52.8 ms (trackedPts=0)
10-01 14:50:02.992 W/FrameProbe(26752): nativeOnCameraFrame 49.7 ms (trackedPts=0)
10-01 14:50:03.123 W/FrameProbe(26752): nativeOnCameraFrame 44.1 ms (trackedPts=0)
10-01 14:50:03.273 W/FrameProbe(26752): nativeOnCameraFrame 63.0 ms (trackedPts=0)
10-01 14:50:03.316 D/FpsProbe(26752): fps=25.2
10-01 14:50:03.401 W/FrameProbe(26752): nativeOnCameraFrame 52.9 ms (trackedPts=0)
10-01 14:50:03.534 W/FrameProbe(26752): nativeOnCameraFrame 57.8 ms (trackedPts=0)
10-01 14:50:03.646 W/FrameProbe(26752): nativeOnCameraFrame 34.5 ms (trackedPts=0)
10-01 14:50:03.727 W/FrameProbe(26752): nativeOnCameraFrame 16.5 ms (trackedPts=0)
10-01 14:50:03.732 I/ArPoseProbe(26752): fromTs=60.4% latest=39.6% total=12780
10-01 14:50:03.802 W/FrameProbe(26752): nativeOnCameraFrame 58.8 ms (trackedPts=0)
10-01 14:50:03.842 W/FrameProbe(26752): nativeOnCameraFrame 23.2 ms (trackedPts=0)
10-01 14:50:03.933 W/FrameProbe(26752): nativeOnCameraFrame 54.0 ms (trackedPts=0)
10-01 14:50:04.052 W/FrameProbe(26752): nativeOnCameraFrame 43.2 ms (trackedPts=0)
10-01 14:50:04.189 W/FrameProbe(26752): nativeOnCameraFrame 44.0 ms (trackedPts=0)
10-01 14:50:04.266 W/FrameProbe(26752): nativeOnCameraFrame 16.6 ms (trackedPts=0)
10-01 14:50:04.363 W/FrameProbe(26752): nativeOnCameraFrame 78.3 ms (trackedPts=0)
10-01 14:50:04.387 D/FpsProbe(26752): fps=26.3
10-01 14:50:04.463 W/FrameProbe(26752): nativeOnCameraFrame 52.6 ms (trackedPts=0)
10-01 14:50:04.591 W/FrameProbe(26752): nativeOnCameraFrame 41.2 ms (trackedPts=0)
10-01 14:50:04.669 W/FrameProbe(26752): nativeOnCameraFrame 23.6 ms (trackedPts=0)
10-01 14:50:04.727 W/FrameProbe(26752): nativeOnCameraFrame 47.4 ms (trackedPts=0)
10-01 14:50:04.796 W/FrameProbe(26752): nativeOnCameraFrame 17.0 ms (trackedPts=0)
10-01 14:50:04.874 W/FrameProbe(26752): nativeOnCameraFrame 65.7 ms (trackedPts=0)
10-01 14:50:04.988 W/FrameProbe(26752): nativeOnCameraFrame 44.6 ms (trackedPts=0)
10-01 14:50:05.132 W/FrameProbe(26752): nativeOnCameraFrame 51.7 ms (trackedPts=0)
10-01 14:50:05.185 W/FrameProbe(26752): nativeOnCameraFrame 17.0 ms (trackedPts=0)
10-01 14:50:05.269 W/FrameProbe(26752): nativeOnCameraFrame 54.6 ms (trackedPts=0)
10-01 14:50:05.292 I/HqTexture(26752): register ok: fused_228851128907176.jpg idx=0 q=2.50 ts=364600341790362
10-01 14:50:05.326 I/ArPoseProbe(26752): fromTs=60.6% latest=39.4% total=12870
10-01 14:50:05.370 W/FrameProbe(26752): nativeOnCameraFrame 28.5 ms (trackedPts=0)
10-01 14:50:05.416 D/FpsProbe(26752): fps=27.1
10-01 14:50:05.436 I/CameraRange(26752): hold 自动/近 等待有效深度 aux=3 reason=policy-hold pending=none/12
10-01 14:50:05.500 W/FrameProbe(26752): nativeOnCameraFrame 20.8 ms (trackedPts=0)
10-01 14:50:05.632 W/FrameProbe(26752): nativeOnCameraFrame 24.4 ms (trackedPts=0)
10-01 14:50:05.777 W/FrameProbe(26752): nativeOnCameraFrame 32.0 ms (trackedPts=0)
10-01 14:50:05.831 W/FrameProbe(26752): nativeOnCameraFrame 16.3 ms (trackedPts=0)
10-01 14:50:05.951 W/FrameProbe(26752): nativeOnCameraFrame 72.8 ms (trackedPts=0)
10-01 14:50:06.063 W/FrameProbe(26752): nativeOnCameraFrame 55.3 ms (trackedPts=0)
10-01 14:50:06.166 W/FrameProbe(26752): nativeOnCameraFrame 21.6 ms (trackedPts=0)
10-01 14:50:06.303 W/FrameProbe(26752): nativeOnCameraFrame 27.2 ms (trackedPts=0)
10-01 14:50:06.436 W/FrameProbe(26752): nativeOnCameraFrame 27.4 ms (trackedPts=0)
10-01 14:50:06.452 D/FpsProbe(26752): fps=29.0
10-01 14:50:06.599 W/FrameProbe(26752): nativeOnCameraFrame 55.0 ms (trackedPts=0)
10-01 14:50:06.701 W/FrameProbe(26752): nativeOnCameraFrame 26.2 ms (trackedPts=0)
10-01 14:50:06.837 W/FrameProbe(26752): nativeOnCameraFrame 24.2 ms (trackedPts=0)
10-01 14:50:06.888 I/ArPoseProbe(26752): fromTs=60.8% latest=39.2% total=12960
10-01 14:50:06.989 W/FrameProbe(26752): nativeOnCameraFrame 45.4 ms (trackedPts=0)
10-01 14:50:07.122 W/FrameProbe(26752): nativeOnCameraFrame 47.7 ms (trackedPts=0)
10-01 14:50:07.241 W/FrameProbe(26752): nativeOnCameraFrame 33.6 ms (trackedPts=0)
10-01 14:50:07.372 W/FrameProbe(26752): nativeOnCameraFrame 27.2 ms (trackedPts=0)
10-01 14:50:07.510 W/FrameProbe(26752): nativeOnCameraFrame 36.1 ms (trackedPts=0)
10-01 14:50:07.510 D/FpsProbe(26752): fps=30.0
10-01 14:50:07.653 W/FrameProbe(26752): nativeOnCameraFrame 38.5 ms (trackedPts=0)
10-01 14:50:07.774 W/FrameProbe(26752): nativeOnCameraFrame 33.4 ms (trackedPts=0)
10-01 14:50:07.907 W/FrameProbe(26752): nativeOnCameraFrame 25.1 ms (trackedPts=0)
10-01 14:50:08.033 W/FrameProbe(26752): nativeOnCameraFrame 25.0 ms (trackedPts=0)
10-01 14:50:08.189 W/FrameProbe(26752): nativeOnCameraFrame 43.0 ms (trackedPts=0)
10-01 14:50:08.321 W/FrameProbe(26752): nativeOnCameraFrame 39.4 ms (trackedPts=0)
10-01 14:50:08.382 I/ArPoseProbe(26752): fromTs=60.7% latest=39.3% total=13050
10-01 14:50:08.441 W/FrameProbe(26752): nativeOnCameraFrame 34.4 ms (trackedPts=0)
10-01 14:50:08.523 D/FpsProbe(26752): fps=30.0
10-01 14:50:08.604 W/FrameProbe(26752): nativeOnCameraFrame 50.9 ms (trackedPts=0)
10-01 14:50:08.728 W/FrameProbe(26752): nativeOnCameraFrame 46.3 ms (trackedPts=0)
10-01 14:50:08.858 W/FrameProbe(26752): nativeOnCameraFrame 46.7 ms (trackedPts=0)
10-01 14:50:08.989 W/FrameProbe(26752): nativeOnCameraFrame 48.9 ms (trackedPts=0)
10-01 14:50:09.066 W/FrameProbe(26752): nativeOnCameraFrame 16.0 ms (trackedPts=0)
10-01 14:50:09.145 W/FrameProbe(26752): nativeOnCameraFrame 62.0 ms (trackedPts=0)
10-01 14:50:09.267 W/FrameProbe(26752): nativeOnCameraFrame 51.9 ms (trackedPts=0)
10-01 14:50:09.389 W/FrameProbe(26752): nativeOnCameraFrame 49.9 ms (trackedPts=0)
10-01 14:50:09.510 W/FrameProbe(26752): nativeOnCameraFrame 33.7 ms (trackedPts=0)
10-01 14:50:09.547 D/FpsProbe(26752): fps=28.1
10-01 14:50:09.629 W/FrameProbe(26752): nativeOnCameraFrame 25.2 ms (trackedPts=0)
10-01 14:50:09.791 W/FrameProbe(26752): nativeOnCameraFrame 40.5 ms (trackedPts=0)
10-01 14:50:09.907 W/FrameProbe(26752): nativeOnCameraFrame 33.8 ms (trackedPts=0)
10-01 14:50:09.926 I/ArPoseProbe(26752): fromTs=60.3% latest=39.7% total=13140
10-01 14:50:10.046 W/FrameProbe(26752): nativeOnCameraFrame 34.5 ms (trackedPts=0)
10-01 14:50:10.200 W/FrameProbe(26752): nativeOnCameraFrame 47.9 ms (trackedPts=0)
10-01 14:50:10.321 W/FrameProbe(26752): nativeOnCameraFrame 48.8 ms (trackedPts=0)
10-01 14:50:10.461 W/FrameProbe(26752): nativeOnCameraFrame 57.0 ms (trackedPts=0)
10-01 14:50:10.563 W/FrameProbe(26752): nativeOnCameraFrame 27.1 ms (trackedPts=0)
10-01 14:50:10.579 D/FpsProbe(26752): fps=29.0
10-01 14:50:10.695 W/FrameProbe(26752): nativeOnCameraFrame 20.2 ms (trackedPts=0)
10-01 14:50:10.855 W/FrameProbe(26752): nativeOnCameraFrame 37.0 ms (trackedPts=0)
10-01 14:50:10.992 W/FrameProbe(26752): nativeOnCameraFrame 42.3 ms (trackedPts=0)
10-01 14:50:11.122 W/FrameProbe(26752): nativeOnCameraFrame 40.1 ms (trackedPts=0)
10-01 14:50:11.247 W/FrameProbe(26752): nativeOnCameraFrame 31.9 ms (trackedPts=0)
10-01 14:50:11.392 W/FrameProbe(26752): nativeOnCameraFrame 42.3 ms (trackedPts=0)
10-01 14:50:11.436 I/ArPoseProbe(26752): fromTs=59.9% latest=40.1% total=13230
10-01 14:50:11.519 W/FrameProbe(26752): nativeOnCameraFrame 39.1 ms (trackedPts=0)
10-01 14:50:11.656 W/FrameProbe(26752): nativeOnCameraFrame 38.4 ms (trackedPts=0)
10-01 14:50:11.656 D/FpsProbe(26752): fps=30.0
10-01 14:50:11.784 W/FrameProbe(26752): nativeOnCameraFrame 37.3 ms (trackedPts=0)
10-01 14:50:11.918 W/FrameProbe(26752): nativeOnCameraFrame 37.1 ms (trackedPts=0)
10-01 14:50:12.045 W/FrameProbe(26752): nativeOnCameraFrame 32.2 ms (trackedPts=0)
10-01 14:50:12.192 W/FrameProbe(26752): nativeOnCameraFrame 35.0 ms (trackedPts=0)
10-01 14:50:12.312 W/FrameProbe(26752): nativeOnCameraFrame 35.7 ms (trackedPts=0)
10-01 14:50:12.448 W/FrameProbe(26752): nativeOnCameraFrame 36.9 ms (trackedPts=0)
10-01 14:50:12.578 W/FrameProbe(26752): nativeOnCameraFrame 32.6 ms (trackedPts=0)
10-01 14:50:12.657 D/FpsProbe(26752): fps=30.0
10-01 14:50:12.931 I/ArPoseProbe(26752): fromTs=59.5% latest=40.5% total=13320
10-01 14:50:13.642 W/FrameProbe(26752): nativeOnCameraFrame 33.1 ms (trackedPts=0)
10-01 14:50:13.687 D/FpsProbe(26752): fps=30.0
10-01 14:50:13.759 W/FrameProbe(26752): nativeOnCameraFrame 17.0 ms (trackedPts=0)
10-01 14:50:13.905 W/FrameProbe(26752): nativeOnCameraFrame 20.1 ms (trackedPts=0)
10-01 14:50:14.144 W/FrameProbe(26752): nativeOnCameraFrame 24.7 ms (trackedPts=0)
10-01 14:50:14.425 I/ArPoseProbe(26752): fromTs=59.1% latest=40.9% total=13410
10-01 14:50:14.632 W/FrameProbe(26752): nativeOnCameraFrame 16.2 ms (trackedPts=0)
10-01 14:50:14.688 W/FrameProbe(26752): nativeOnCameraFrame 16.3 ms (trackedPts=0)
10-01 14:50:14.734 D/FpsProbe(26752): fps=30.0
10-01 14:50:14.842 W/FrameProbe(26752): nativeOnCameraFrame 29.6 ms (trackedPts=0)
10-01 14:50:15.096 W/FrameProbe(26752): nativeOnCameraFrame 19.2 ms (trackedPts=0)
10-01 14:50:15.169 W/FrameProbe(26752): nativeOnCameraFrame 18.0 ms (trackedPts=0)
10-01 14:50:15.364 W/FrameProbe(26752): nativeOnCameraFrame 17.6 ms (trackedPts=0)
10-01 14:50:15.471 W/FrameProbe(26752): nativeOnCameraFrame 23.8 ms (trackedPts=0)
10-01 14:50:15.648 W/FrameProbe(26752): nativeOnCameraFrame 28.9 ms (trackedPts=0)
10-01 14:50:15.751 D/FpsProbe(26752): fps=30.0
10-01 14:50:15.889 W/FrameProbe(26752): nativeOnCameraFrame 16.7 ms (trackedPts=0)
10-01 14:50:15.945 I/ArPoseProbe(26752): fromTs=58.7% latest=41.3% total=13500
10-01 14:50:16.313 W/FrameProbe(26752): nativeOnCameraFrame 35.3 ms (trackedPts=0)
10-01 14:50:16.564 W/FrameProbe(26752): nativeOnCameraFrame 16.8 ms (trackedPts=0)
10-01 14:50:16.780 D/FpsProbe(26752): fps=30.0
10-01 14:50:16.829 W/FrameProbe(26752): nativeOnCameraFrame 21.3 ms (trackedPts=0)
10-01 14:50:16.947 W/FrameProbe(26752): nativeOnCameraFrame 28.4 ms (trackedPts=0)
10-01 14:50:16.988 W/FrameProbe(26752): nativeOnCameraFrame 26.2 ms (trackedPts=0)
10-01 14:50:17.165 W/FrameProbe(26752): nativeOnCameraFrame 21.6 ms (trackedPts=0)
10-01 14:50:17.232 W/FrameProbe(26752): nativeOnCameraFrame 16.8 ms (trackedPts=0)
10-01 14:50:17.364 W/FrameProbe(26752): nativeOnCameraFrame 21.9 ms (trackedPts=0)
10-01 14:50:17.466 I/ArPoseProbe(26752): fromTs=58.3% latest=41.7% total=13590
10-01 14:50:17.644 W/FrameProbe(26752): nativeOnCameraFrame 27.9 ms (trackedPts=0)
10-01 14:50:17.839 W/FrameProbe(26752): nativeOnCameraFrame 21.4 ms (trackedPts=0)
10-01 14:50:17.841 D/FpsProbe(26752): fps=30.0
10-01 14:50:18.562 W/FrameProbe(26752): nativeOnCameraFrame 157.0 ms (trackedPts=0)
10-01 14:50:18.618 W/FrameProbe(26752): nativeOnCameraFrame 46.4 ms (trackedPts=0)
10-01 14:50:18.746 W/FrameProbe(26752): nativeOnCameraFrame 70.6 ms (trackedPts=0)
10-01 14:50:18.866 W/FrameProbe(26752): nativeOnCameraFrame 60.2 ms (trackedPts=0)
10-01 14:50:18.879 D/FpsProbe(26752): fps=24.4 LOW
10-01 14:50:18.999 W/FrameProbe(26752): nativeOnCameraFrame 58.4 ms (trackedPts=0)
10-01 14:50:19.074 I/ArPoseProbe(26752): fromTs=57.9% latest=42.1% total=13680
10-01 14:50:19.314 W/FrameProbe(26752): nativeOnCameraFrame 235.3 ms (trackedPts=0)
10-01 14:50:19.387 W/FrameProbe(26752): nativeOnCameraFrame 66.8 ms (trackedPts=0)
10-01 14:50:19.513 W/FrameProbe(26752): nativeOnCameraFrame 67.7 ms (trackedPts=0)
10-01 14:50:19.625 W/FrameProbe(26752): nativeOnCameraFrame 52.5 ms (trackedPts=0)
10-01 14:50:19.754 W/FrameProbe(26752): nativeOnCameraFrame 46.9 ms (trackedPts=0)
10-01 14:50:19.909 W/FrameProbe(26752): nativeOnCameraFrame 58.2 ms (trackedPts=0)
10-01 14:50:19.918 D/FpsProbe(26752): fps=21.3 LOW
10-01 14:50:20.038 W/FrameProbe(26752): nativeOnCameraFrame 61.1 ms (trackedPts=0)
10-01 14:50:20.177 W/FrameProbe(26752): nativeOnCameraFrame 60.6 ms (trackedPts=0)
10-01 14:50:20.285 W/FrameProbe(26752): nativeOnCameraFrame 40.2 ms (trackedPts=0)
10-01 14:50:20.429 W/FrameProbe(26752): nativeOnCameraFrame 54.3 ms (trackedPts=0)
10-01 14:50:20.560 W/FrameProbe(26752): nativeOnCameraFrame 56.5 ms (trackedPts=0)
10-01 14:50:20.690 W/FrameProbe(26752): nativeOnCameraFrame 49.8 ms (trackedPts=0)
10-01 14:50:20.751 I/ArPoseProbe(26752): fromTs=57.5% latest=42.5% total=13770
10-01 14:50:20.838 W/FrameProbe(26752): nativeOnCameraFrame 59.3 ms (trackedPts=0)
10-01 14:50:20.953 W/FrameProbe(26752): nativeOnCameraFrame 50.2 ms (trackedPts=0)
10-01 14:50:20.964 D/FpsProbe(26752): fps=28.1
10-01 14:50:21.100 W/FrameProbe(26752): nativeOnCameraFrame 48.6 ms (trackedPts=0)
10-01 14:50:21.233 W/FrameProbe(26752): nativeOnCameraFrame 52.7 ms (trackedPts=0)
10-01 14:50:21.371 W/FrameProbe(26752): nativeOnCameraFrame 55.0 ms (trackedPts=0)
10-01 14:50:21.497 W/FrameProbe(26752): nativeOnCameraFrame 54.5 ms (trackedPts=0)
10-01 14:50:21.618 W/FrameProbe(26752): nativeOnCameraFrame 45.0 ms (trackedPts=0)
10-01 14:50:21.757 W/FrameProbe(26752): nativeOnCameraFrame 54.4 ms (trackedPts=0)
10-01 14:50:21.906 W/FrameProbe(26752): nativeOnCameraFrame 57.5 ms (trackedPts=0)
10-01 14:50:22.024 W/FrameProbe(26752): nativeOnCameraFrame 49.6 ms (trackedPts=0)
10-01 14:50:22.024 D/FpsProbe(26752): fps=26.1
10-01 14:50:22.166 W/FrameProbe(26752): nativeOnCameraFrame 64.1 ms (trackedPts=0)
10-01 14:50:22.288 W/FrameProbe(26752): nativeOnCameraFrame 49.0 ms (trackedPts=0)
10-01 14:50:22.346 I/ArPoseProbe(26752): fromTs=57.1% latest=42.9% total=13860
10-01 14:50:22.430 W/FrameProbe(26752): nativeOnCameraFrame 51.7 ms (trackedPts=0)
10-01 14:50:22.567 W/FrameProbe(26752): nativeOnCameraFrame 55.9 ms (trackedPts=0)
10-01 14:50:22.698 W/FrameProbe(26752): nativeOnCameraFrame 56.4 ms (trackedPts=0)
10-01 14:50:22.831 W/FrameProbe(26752): nativeOnCameraFrame 51.0 ms (trackedPts=0)
10-01 14:50:22.956 W/FrameProbe(26752): nativeOnCameraFrame 50.6 ms (trackedPts=0)
10-01 14:50:23.015 D/FpsProbe(26752): fps=26.1
10-01 14:50:23.087 W/FrameProbe(26752): nativeOnCameraFrame 51.1 ms (trackedPts=0)
10-01 14:50:23.228 W/FrameProbe(26752): nativeOnCameraFrame 51.1 ms (trackedPts=0)
10-01 14:50:23.359 W/FrameProbe(26752): nativeOnCameraFrame 45.8 ms (trackedPts=0)
10-01 14:50:23.498 W/FrameProbe(26752): nativeOnCameraFrame 62.5 ms (trackedPts=0)
10-01 14:50:23.639 W/FrameProbe(26752): nativeOnCameraFrame 57.8 ms (trackedPts=0)
10-01 14:50:23.755 W/FrameProbe(26752): nativeOnCameraFrame 54.5 ms (trackedPts=0)
10-01 14:50:23.898 W/FrameProbe(26752): nativeOnCameraFrame 56.7 ms (trackedPts=0)
10-01 14:50:23.912 I/ArPoseProbe(26752): fromTs=56.8% latest=43.2% total=13950
10-01 14:50:24.027 W/FrameProbe(26752): nativeOnCameraFrame 55.0 ms (trackedPts=0)
10-01 14:50:24.047 D/FpsProbe(26752): fps=29.0
10-01 14:50:24.154 W/FrameProbe(26752): nativeOnCameraFrame 53.5 ms (trackedPts=0)
10-01 14:50:24.276 W/FrameProbe(26752): nativeOnCameraFrame 39.1 ms (trackedPts=0)
10-01 14:50:24.420 W/FrameProbe(26752): nativeOnCameraFrame 50.7 ms (trackedPts=0)
10-01 14:50:24.557 W/FrameProbe(26752): nativeOnCameraFrame 50.6 ms (trackedPts=0)
10-01 14:50:24.666 W/FrameProbe(26752): nativeOnCameraFrame 28.2 ms (trackedPts=0)
10-01 14:50:24.821 W/FrameProbe(26752): nativeOnCameraFrame 41.5 ms (trackedPts=0)
10-01 14:50:24.957 W/FrameProbe(26752): nativeOnCameraFrame 54.6 ms (trackedPts=0)
10-01 14:50:25.107 W/FrameProbe(26752): nativeOnCameraFrame 60.8 ms (trackedPts=0)
10-01 14:50:25.120 D/FpsProbe(26752): fps=29.1
10-01 14:50:25.243 W/FrameProbe(26752): nativeOnCameraFrame 65.8 ms (trackedPts=0)
10-01 14:50:25.344 W/FrameProbe(26752): nativeOnCameraFrame 42.9 ms (trackedPts=0)
10-01 14:50:25.482 I/ArPoseProbe(26752): fromTs=56.4% latest=43.6% total=14040
10-01 14:50:25.498 W/FrameProbe(26752): nativeOnCameraFrame 49.8 ms (trackedPts=0)
10-01 14:50:25.620 W/FrameProbe(26752): nativeOnCameraFrame 51.1 ms (trackedPts=0)
10-01 14:50:25.737 W/FrameProbe(26752): nativeOnCameraFrame 34.1 ms (trackedPts=0)
10-01 14:50:25.902 W/FrameProbe(26752): nativeOnCameraFrame 60.1 ms (trackedPts=0)
10-01 14:50:26.024 W/FrameProbe(26752): nativeOnCameraFrame 53.4 ms (trackedPts=0)
10-01 14:50:26.166 W/FrameProbe(26752): nativeOnCameraFrame 57.1 ms (trackedPts=0)
10-01 14:50:26.176 D/FpsProbe(26752): fps=27.2
10-01 14:50:26.298 W/FrameProbe(26752): nativeOnCameraFrame 63.8 ms (trackedPts=0)
10-01 14:50:26.434 W/FrameProbe(26752): nativeOnCameraFrame 57.2 ms (trackedPts=0)
10-01 14:50:26.565 W/FrameProbe(26752): nativeOnCameraFrame 56.7 ms (trackedPts=0)
10-01 14:50:26.686 W/FrameProbe(26752): nativeOnCameraFrame 48.0 ms (trackedPts=0)
10-01 14:50:26.840 W/FrameProbe(26752): nativeOnCameraFrame 58.4 ms (trackedPts=0)
10-01 14:50:26.978 W/FrameProbe(26752): nativeOnCameraFrame 72.9 ms (trackedPts=0)
10-01 14:50:27.093 I/ArPoseProbe(26752): fromTs=56.0% latest=44.0% total=14130
10-01 14:50:27.104 W/FrameProbe(26752): nativeOnCameraFrame 57.1 ms (trackedPts=0)
10-01 14:50:27.222 W/FrameProbe(26752): nativeOnCameraFrame 48.1 ms (trackedPts=0)
10-01 14:50:27.240 D/FpsProbe(26752): fps=26.1
10-01 14:50:27.364 W/FrameProbe(26752): nativeOnCameraFrame 53.0 ms (trackedPts=0)
10-01 14:50:27.492 W/FrameProbe(26752): nativeOnCameraFrame 58.6 ms (trackedPts=0)
10-01 14:50:27.600 W/FrameProbe(26752): nativeOnCameraFrame 33.0 ms (trackedPts=0)
10-01 14:50:27.780 W/FrameProbe(26752): nativeOnCameraFrame 60.9 ms (trackedPts=0)
10-01 14:50:27.885 W/FrameProbe(26752): nativeOnCameraFrame 48.6 ms (trackedPts=0)
10-01 14:50:28.016 W/FrameProbe(26752): nativeOnCameraFrame 47.3 ms (trackedPts=0)
10-01 14:50:28.144 W/FrameProbe(26752): nativeOnCameraFrame 38.1 ms (trackedPts=0)
10-01 14:50:28.299 W/FrameProbe(26752): nativeOnCameraFrame 64.0 ms (trackedPts=0)
10-01 14:50:28.299 D/FpsProbe(26752): fps=28.1
10-01 14:50:28.424 W/FrameProbe(26752): nativeOnCameraFrame 42.5 ms (trackedPts=0)
10-01 14:50:28.552 W/FrameProbe(26752): nativeOnCameraFrame 43.6 ms (trackedPts=0)
10-01 14:50:28.638 I/ArPoseProbe(26752): fromTs=55.7% latest=44.3% total=14220
10-01 14:50:28.673 W/FrameProbe(26752): nativeOnCameraFrame 39.5 ms (trackedPts=0)
10-01 14:50:28.817 W/FrameProbe(26752): nativeOnCameraFrame 45.1 ms (trackedPts=0)
10-01 14:50:28.984 W/FrameProbe(26752): nativeOnCameraFrame 69.8 ms (trackedPts=0)
10-01 14:50:29.078 W/FrameProbe(26752): nativeOnCameraFrame 40.0 ms (trackedPts=0)
10-01 14:50:29.226 W/FrameProbe(26752): nativeOnCameraFrame 49.8 ms (trackedPts=0)
10-01 14:50:29.275 D/FpsProbe(26752): fps=28.1
10-01 14:50:29.373 W/FrameProbe(26752): nativeOnCameraFrame 59.4 ms (trackedPts=0)
10-01 14:50:29.497 W/FrameProbe(26752): nativeOnCameraFrame 59.2 ms (trackedPts=0)
10-01 14:50:29.635 W/FrameProbe(26752): nativeOnCameraFrame 60.2 ms (trackedPts=0)
10-01 14:50:29.775 W/FrameProbe(26752): nativeOnCameraFrame 61.3 ms (trackedPts=0)
10-01 14:50:29.905 W/FrameProbe(26752): nativeOnCameraFrame 62.8 ms (trackedPts=0)
10-01 14:50:30.019 W/FrameProbe(26752): nativeOnCameraFrame 50.6 ms (trackedPts=0)
10-01 14:50:30.157 W/FrameProbe(26752): nativeOnCameraFrame 53.3 ms (trackedPts=0)
10-01 14:50:30.232 I/ArPoseProbe(26752): fromTs=55.3% latest=44.7% total=14310
10-01 14:50:30.303 W/FrameProbe(26752): nativeOnCameraFrame 59.9 ms (trackedPts=0)
10-01 14:50:30.313 D/FpsProbe(26752): fps=24.2 LOW
10-01 14:50:30.426 W/FrameProbe(26752): nativeOnCameraFrame 59.0 ms (trackedPts=0)
10-01 14:50:30.552 W/FrameProbe(26752): nativeOnCameraFrame 50.7 ms (trackedPts=0)
10-01 14:50:30.695 W/FrameProbe(26752): nativeOnCameraFrame 49.7 ms (trackedPts=0)
10-01 14:50:30.802 W/FrameProbe(26752): nativeOnCameraFrame 31.8 ms (trackedPts=0)
10-01 14:50:30.965 W/FrameProbe(26752): nativeOnCameraFrame 54.5 ms (trackedPts=0)
10-01 14:50:31.088 W/FrameProbe(26752): nativeOnCameraFrame 51.6 ms (trackedPts=0)
10-01 14:50:31.238 W/FrameProbe(26752): nativeOnCameraFrame 57.6 ms (trackedPts=0)
10-01 14:50:31.332 W/FrameProbe(26752): nativeOnCameraFrame 30.1 ms (trackedPts=0)
10-01 14:50:31.348 D/FpsProbe(26752): fps=28.1
10-01 14:50:31.478 W/FrameProbe(26752): nativeOnCameraFrame 34.7 ms (trackedPts=0)
10-01 14:50:31.608 W/FrameProbe(26752): nativeOnCameraFrame 31.2 ms (trackedPts=0)
10-01 14:50:31.748 W/FrameProbe(26752): nativeOnCameraFrame 47.6 ms (trackedPts=0)
10-01 14:50:31.793 I/ArPoseProbe(26752): fromTs=55.0% latest=45.0% total=14400
10-01 14:50:31.893 W/FrameProbe(26752): nativeOnCameraFrame 59.9 ms (trackedPts=0)
10-01 14:50:32.007 W/FrameProbe(26752): nativeOnCameraFrame 32.5 ms (trackedPts=0)
10-01 14:50:32.137 W/FrameProbe(26752): nativeOnCameraFrame 31.2 ms (trackedPts=0)
10-01 14:50:32.286 W/FrameProbe(26752): nativeOnCameraFrame 50.3 ms (trackedPts=0)
10-01 14:50:32.431 W/FrameProbe(26752): nativeOnCameraFrame 58.2 ms (trackedPts=0)
10-01 14:50:32.432 D/FpsProbe(26752): fps=30.0
10-01 14:50:32.563 W/FrameProbe(26752): nativeOnCameraFrame 56.4 ms (trackedPts=0)
10-01 14:50:32.695 W/FrameProbe(26752): nativeOnCameraFrame 55.2 ms (trackedPts=0)
10-01 14:50:32.843 W/FrameProbe(26752): nativeOnCameraFrame 70.4 ms (trackedPts=0)
10-01 14:50:32.951 W/FrameProbe(26752): nativeOnCameraFrame 43.3 ms (trackedPts=0)
10-01 14:50:33.071 W/FrameProbe(26752): nativeOnCameraFrame 36.9 ms (trackedPts=0)
10-01 14:50:33.225 W/FrameProbe(26752): nativeOnCameraFrame 52.4 ms (trackedPts=0)
10-01 14:50:33.351 I/ArPoseProbe(26752): fromTs=54.7% latest=45.3% total=14490
10-01 14:50:33.364 W/FrameProbe(26752): nativeOnCameraFrame 52.8 ms (trackedPts=0)
10-01 14:50:33.412 D/FpsProbe(26752): fps=28.1
10-01 14:50:33.487 W/FrameProbe(26752): nativeOnCameraFrame 51.0 ms (trackedPts=0)
10-01 14:50:33.630 W/FrameProbe(26752): nativeOnCameraFrame 60.5 ms (trackedPts=0)
10-01 14:50:33.732 W/FrameProbe(26752): nativeOnCameraFrame 30.1 ms (trackedPts=0)
10-01 14:50:33.879 W/FrameProbe(26752): nativeOnCameraFrame 41.3 ms (trackedPts=0)
10-01 14:50:34.025 W/FrameProbe(26752): nativeOnCameraFrame 43.3 ms (trackedPts=0)
10-01 14:50:34.159 W/FrameProbe(26752): nativeOnCameraFrame 39.8 ms (trackedPts=0)
10-01 14:50:34.279 W/FrameProbe(26752): nativeOnCameraFrame 38.1 ms (trackedPts=0)
10-01 14:50:34.403 W/FrameProbe(26752): nativeOnCameraFrame 34.6 ms (trackedPts=0)
10-01 14:50:34.444 D/FpsProbe(26752): fps=29.0
10-01 14:50:34.534 W/FrameProbe(26752): nativeOnCameraFrame 32.2 ms (trackedPts=0)
10-01 14:50:34.670 W/FrameProbe(26752): nativeOnCameraFrame 33.2 ms (trackedPts=0)
10-01 14:50:34.823 W/FrameProbe(26752): nativeOnCameraFrame 43.9 ms (trackedPts=0)
10-01 14:50:34.848 I/ArPoseProbe(26752): fromTs=54.3% latest=45.7% total=14580
10-01 14:50:34.955 W/FrameProbe(26752): nativeOnCameraFrame 53.3 ms (trackedPts=0)
10-01 14:50:35.087 W/FrameProbe(26752): nativeOnCameraFrame 53.6 ms (trackedPts=0)
10-01 14:50:35.206 W/FrameProbe(26752): nativeOnCameraFrame 37.3 ms (trackedPts=0)
10-01 14:50:35.359 W/FrameProbe(26752): nativeOnCameraFrame 54.7 ms (trackedPts=0)
10-01 14:50:35.501 W/FrameProbe(26752): nativeOnCameraFrame 54.9 ms (trackedPts=0)
10-01 14:50:35.516 D/FpsProbe(26752): fps=29.1
10-01 14:50:35.629 W/FrameProbe(26752): nativeOnCameraFrame 54.5 ms (trackedPts=0)
10-01 14:50:35.767 W/FrameProbe(26752): nativeOnCameraFrame 61.3 ms (trackedPts=0)
10-01 14:50:35.894 W/FrameProbe(26752): nativeOnCameraFrame 58.1 ms (trackedPts=0)
10-01 14:50:36.035 W/FrameProbe(26752): nativeOnCameraFrame 57.9 ms (trackedPts=0)
10-01 14:50:36.164 W/FrameProbe(26752): nativeOnCameraFrame 58.4 ms (trackedPts=0)
10-01 14:50:36.297 W/FrameProbe(26752): nativeOnCameraFrame 60.4 ms (trackedPts=0)
10-01 14:50:36.410 W/FrameProbe(26752): nativeOnCameraFrame 41.1 ms (trackedPts=0)
10-01 14:50:36.426 I/ArPoseProbe(26752): fromTs=54.0% latest=46.0% total=14670
10-01 14:50:36.545 W/FrameProbe(26752): nativeOnCameraFrame 44.1 ms (trackedPts=0)
10-01 14:50:36.558 D/FpsProbe(26752): fps=27.1
10-01 14:50:36.682 W/FrameProbe(26752): nativeOnCameraFrame 48.9 ms (trackedPts=0)
10-01 14:50:36.822 W/FrameProbe(26752): nativeOnCameraFrame 43.4 ms (trackedPts=0)
10-01 14:50:36.950 W/FrameProbe(26752): nativeOnCameraFrame 47.4 ms (trackedPts=0)
10-01 14:50:37.087 W/FrameProbe(26752): nativeOnCameraFrame 50.8 ms (trackedPts=0)
10-01 14:50:37.217 W/FrameProbe(26752): nativeOnCameraFrame 48.5 ms (trackedPts=0)
10-01 14:50:37.364 W/FrameProbe(26752): nativeOnCameraFrame 54.2 ms (trackedPts=0)
10-01 14:50:37.487 W/FrameProbe(26752): nativeOnCameraFrame 40.6 ms (trackedPts=0)
10-01 14:50:37.618 W/FrameProbe(26752): nativeOnCameraFrame 49.9 ms (trackedPts=0)
10-01 14:50:37.619 D/FpsProbe(26752): fps=29.0
10-01 14:50:37.753 W/FrameProbe(26752): nativeOnCameraFrame 49.8 ms (trackedPts=0)
10-01 14:50:37.883 W/FrameProbe(26752): nativeOnCameraFrame 49.8 ms (trackedPts=0)
10-01 14:50:37.952 I/ArPoseProbe(26752): fromTs=53.7% latest=46.3% total=14760
10-01 14:50:38.047 W/FrameProbe(26752): nativeOnCameraFrame 60.7 ms (trackedPts=0)
10-01 14:50:38.153 W/FrameProbe(26752): nativeOnCameraFrame 52.7 ms (trackedPts=0)
10-01 14:50:38.298 W/FrameProbe(26752): nativeOnCameraFrame 52.6 ms (trackedPts=0)
10-01 14:50:38.396 W/FrameProbe(26752): nativeOnCameraFrame 29.5 ms (trackedPts=0)
10-01 14:50:38.559 W/FrameProbe(26752): nativeOnCameraFrame 50.0 ms (trackedPts=0)
10-01 14:50:38.619 D/FpsProbe(26752): fps=28.1
10-01 14:50:38.675 W/FrameProbe(26752): nativeOnCameraFrame 42.2 ms (trackedPts=0)
10-01 14:50:38.827 W/FrameProbe(26752): nativeOnCameraFrame 57.4 ms (trackedPts=0)
10-01 14:50:38.960 W/FrameProbe(26752): nativeOnCameraFrame 50.8 ms (trackedPts=0)
10-01 14:50:39.089 W/FrameProbe(26752): nativeOnCameraFrame 52.1 ms (trackedPts=0)
10-01 14:50:39.227 W/FrameProbe(26752): nativeOnCameraFrame 57.5 ms (trackedPts=0)
10-01 14:50:39.351 W/FrameProbe(26752): nativeOnCameraFrame 45.3 ms (trackedPts=0)
10-01 14:50:39.485 W/FrameProbe(26752): nativeOnCameraFrame 48.4 ms (trackedPts=0)
10-01 14:50:39.495 I/ArPoseProbe(26752): fromTs=53.3% latest=46.7% total=14850
10-01 14:50:39.619 W/FrameProbe(26752): nativeOnCameraFrame 54.7 ms (trackedPts=0)
10-01 14:50:39.644 D/FpsProbe(26752): fps=29.0
10-01 14:50:39.768 W/FrameProbe(26752): nativeOnCameraFrame 61.4 ms (trackedPts=0)
10-01 14:50:39.893 W/FrameProbe(26752): nativeOnCameraFrame 58.8 ms (trackedPts=0)
10-01 14:50:40.016 W/FrameProbe(26752): nativeOnCameraFrame 51.3 ms (trackedPts=0)
10-01 14:50:40.166 W/FrameProbe(26752): nativeOnCameraFrame 57.1 ms (trackedPts=0)
10-01 14:50:40.287 W/FrameProbe(26752): nativeOnCameraFrame 53.4 ms (trackedPts=0)
10-01 14:50:40.425 W/FrameProbe(26752): nativeOnCameraFrame 52.0 ms (trackedPts=0)
10-01 14:50:40.569 W/FrameProbe(26752): nativeOnCameraFrame 58.4 ms (trackedPts=0)
10-01 14:50:40.688 W/FrameProbe(26752): nativeOnCameraFrame 52.5 ms (trackedPts=0)
10-01 14:50:40.703 D/FpsProbe(26752): fps=26.3
10-01 14:50:40.830 W/FrameProbe(26752): nativeOnCameraFrame 59.7 ms (trackedPts=0)
10-01 14:50:40.954 W/FrameProbe(26752): nativeOnCameraFrame 56.4 ms (trackedPts=0)
10-01 14:50:41.093 W/FrameProbe(26752): nativeOnCameraFrame 53.9 ms (trackedPts=0)
10-01 14:50:41.093 I/ArPoseProbe(26752): fromTs=53.0% latest=47.0% total=14940
10-01 14:50:41.225 W/FrameProbe(26752): nativeOnCameraFrame 39.0 ms (trackedPts=0)
10-01 14:50:41.351 W/FrameProbe(26752): nativeOnCameraFrame 50.9 ms (trackedPts=0)
10-01 14:50:41.496 W/FrameProbe(26752): nativeOnCameraFrame 58.1 ms (trackedPts=0)
10-01 14:50:41.625 W/FrameProbe(26752): nativeOnCameraFrame 53.8 ms (trackedPts=0)
10-01 14:50:41.762 W/FrameProbe(26752): nativeOnCameraFrame 55.5 ms (trackedPts=0)
10-01 14:50:41.778 D/FpsProbe(26752): fps=29.0
10-01 14:50:41.879 W/FrameProbe(26752): nativeOnCameraFrame 37.5 ms (trackedPts=0)
10-01 14:50:42.027 W/FrameProbe(26752): nativeOnCameraFrame 55.6 ms (trackedPts=0)
10-01 14:50:42.170 W/FrameProbe(26752): nativeOnCameraFrame 54.1 ms (trackedPts=0)
10-01 14:50:42.294 W/FrameProbe(26752): nativeOnCameraFrame 55.3 ms (trackedPts=0)
10-01 14:50:42.427 W/FrameProbe(26752): nativeOnCameraFrame 62.7 ms (trackedPts=0)
10-01 14:50:42.557 W/FrameProbe(26752): nativeOnCameraFrame 51.6 ms (trackedPts=0)
10-01 14:50:42.636 I/ArPoseProbe(26752): fromTs=52.7% latest=47.3% total=15030
10-01 14:50:42.710 W/FrameProbe(26752): nativeOnCameraFrame 66.8 ms (trackedPts=0)
10-01 14:50:42.830 W/FrameProbe(26752): nativeOnCameraFrame 55.5 ms (trackedPts=0)
10-01 14:50:42.831 D/FpsProbe(26752): fps=27.1
10-01 14:50:42.960 W/FrameProbe(26752): nativeOnCameraFrame 50.0 ms (trackedPts=0)
10-01 14:50:43.091 W/FrameProbe(26752): nativeOnCameraFrame 53.5 ms (trackedPts=0)
10-01 14:50:43.219 W/FrameProbe(26752): nativeOnCameraFrame 50.2 ms (trackedPts=0)
10-01 14:50:43.351 W/FrameProbe(26752): nativeOnCameraFrame 49.6 ms (trackedPts=0)
10-01 14:50:43.481 W/FrameProbe(26752): nativeOnCameraFrame 43.7 ms (trackedPts=0)
10-01 14:50:43.622 W/FrameProbe(26752): nativeOnCameraFrame 47.6 ms (trackedPts=0)
10-01 14:50:43.759 W/FrameProbe(26752): nativeOnCameraFrame 46.9 ms (trackedPts=0)
10-01 14:50:43.809 D/FpsProbe(26752): fps=29.0
10-01 14:50:43.886 W/FrameProbe(26752): nativeOnCameraFrame 50.6 ms (trackedPts=0)
10-01 14:50:44.021 W/FrameProbe(26752): nativeOnCameraFrame 50.2 ms (trackedPts=0)
10-01 14:50:44.164 W/FrameProbe(26752): nativeOnCameraFrame 57.5 ms (trackedPts=0)
10-01 14:50:44.177 I/ArPoseProbe(26752): fromTs=52.4% latest=47.6% total=15120
10-01 14:50:44.292 W/FrameProbe(26752): nativeOnCameraFrame 56.5 ms (trackedPts=0)
10-01 14:50:44.428 W/FrameProbe(26752): nativeOnCameraFrame 51.7 ms (trackedPts=0)
10-01 14:50:44.557 W/FrameProbe(26752): nativeOnCameraFrame 51.6 ms (trackedPts=0)
10-01 14:50:44.693 W/FrameProbe(26752): nativeOnCameraFrame 52.2 ms (trackedPts=0)
10-01 14:50:44.818 W/FrameProbe(26752): nativeOnCameraFrame 41.3 ms (trackedPts=0)
10-01 14:50:44.846 D/FpsProbe(26752): fps=28.1
10-01 14:50:44.954 W/FrameProbe(26752): nativeOnCameraFrame 52.3 ms (trackedPts=0)
10-01 14:50:45.096 W/FrameProbe(26752): nativeOnCameraFrame 52.8 ms (trackedPts=0)
10-01 14:50:45.228 W/FrameProbe(26752): nativeOnCameraFrame 56.2 ms (trackedPts=0)
10-01 14:50:45.366 W/FrameProbe(26752): nativeOnCameraFrame 58.7 ms (trackedPts=0)
10-01 14:50:45.492 W/FrameProbe(26752): nativeOnCameraFrame 56.7 ms (trackedPts=0)
10-01 14:50:45.630 W/FrameProbe(26752): nativeOnCameraFrame 56.5 ms (trackedPts=0)
10-01 14:50:45.748 W/FrameProbe(26752): nativeOnCameraFrame 51.9 ms (trackedPts=0)
10-01 14:50:45.749 I/ArPoseProbe(26752): fromTs=52.1% latest=47.9% total=15210
10-01 14:50:45.891 W/FrameProbe(26752): nativeOnCameraFrame 50.7 ms (trackedPts=0)
10-01 14:50:45.904 D/FpsProbe(26752): fps=27.1
10-01 14:50:46.022 W/FrameProbe(26752): nativeOnCameraFrame 55.9 ms (trackedPts=0)
10-01 14:50:46.156 W/FrameProbe(26752): nativeOnCameraFrame 55.6 ms (trackedPts=0)
10-01 14:50:46.282 W/FrameProbe(26752): nativeOnCameraFrame 50.2 ms (trackedPts=0)
10-01 14:50:46.419 W/FrameProbe(26752): nativeOnCameraFrame 52.7 ms (trackedPts=0)
10-01 14:50:46.535 W/FrameProbe(26752): nativeOnCameraFrame 37.7 ms (trackedPts=0)
10-01 14:50:46.689 W/FrameProbe(26752): nativeOnCameraFrame 52.1 ms (trackedPts=0)
10-01 14:50:46.822 W/FrameProbe(26752): nativeOnCameraFrame 51.4 ms (trackedPts=0)
10-01 14:50:46.954 W/FrameProbe(26752): nativeOnCameraFrame 39.9 ms (trackedPts=0)
10-01 14:50:46.955 D/FpsProbe(26752): fps=30.0
10-01 14:50:47.081 W/FrameProbe(26752): nativeOnCameraFrame 47.7 ms (trackedPts=0)
10-01 14:50:47.239 W/FrameProbe(26752): nativeOnCameraFrame 62.3 ms (trackedPts=0)
10-01 14:50:47.251 I/ArPoseProbe(26752): fromTs=51.8% latest=48.2% total=15300
10-01 14:50:47.359 W/FrameProbe(26752): nativeOnCameraFrame 51.0 ms (trackedPts=0)
10-01 14:50:47.494 W/FrameProbe(26752): nativeOnCameraFrame 56.5 ms (trackedPts=0)
10-01 14:50:47.635 W/FrameProbe(26752): nativeOnCameraFrame 55.0 ms (trackedPts=0)
10-01 14:50:47.746 W/FrameProbe(26752): nativeOnCameraFrame 46.3 ms (trackedPts=0)
10-01 14:50:47.894 W/FrameProbe(26752): nativeOnCameraFrame 55.0 ms (trackedPts=0)
10-01 14:50:47.938 D/FpsProbe(26752): fps=28.1
10-01 14:50:48.011 W/FrameProbe(26752): nativeOnCameraFrame 37.4 ms (trackedPts=0)
10-01 14:50:48.160 W/FrameProbe(26752): nativeOnCameraFrame 55.0 ms (trackedPts=0)
10-01 14:50:48.303 W/FrameProbe(26752): nativeOnCameraFrame 62.8 ms (trackedPts=0)
10-01 14:50:48.422 W/FrameProbe(26752): nativeOnCameraFrame 50.6 ms (trackedPts=0)
10-01 14:50:48.562 W/FrameProbe(26752): nativeOnCameraFrame 53.4 ms (trackedPts=0)
10-01 14:50:48.677 W/FrameProbe(26752): nativeOnCameraFrame 47.9 ms (trackedPts=0)
10-01 14:50:48.834 W/FrameProbe(26752): nativeOnCameraFrame 61.3 ms (trackedPts=0)
10-01 14:50:48.842 I/ArPoseProbe(26752): fromTs=51.5% latest=48.5% total=15390
10-01 14:50:48.945 W/FrameProbe(26752): nativeOnCameraFrame 41.8 ms (trackedPts=0)
10-01 14:50:48.971 D/FpsProbe(26752): fps=27.1
10-01 14:50:49.078 W/FrameProbe(26752): nativeOnCameraFrame 44.9 ms (trackedPts=0)
10-01 14:50:49.231 W/FrameProbe(26752): nativeOnCameraFrame 56.5 ms (trackedPts=0)
10-01 14:50:49.355 W/FrameProbe(26752): nativeOnCameraFrame 52.2 ms (trackedPts=0)
10-01 14:50:49.493 W/FrameProbe(26752): nativeOnCameraFrame 55.3 ms (trackedPts=0)
10-01 14:50:49.620 W/FrameProbe(26752): nativeOnCameraFrame 51.8 ms (trackedPts=0)
10-01 14:50:49.768 W/FrameProbe(26752): nativeOnCameraFrame 57.4 ms (trackedPts=0)
10-01 14:50:49.881 W/FrameProbe(26752): nativeOnCameraFrame 51.1 ms (trackedPts=0)
10-01 14:50:50.016 W/FrameProbe(26752): nativeOnCameraFrame 51.1 ms (trackedPts=0)
10-01 14:50:50.028 D/FpsProbe(26752): fps=29.0
10-01 14:50:50.168 W/FrameProbe(26752): nativeOnCameraFrame 55.3 ms (trackedPts=0)
10-01 14:50:50.281 W/FrameProbe(26752): nativeOnCameraFrame 49.4 ms (trackedPts=0)
10-01 14:50:50.390 I/ArPoseProbe(26752): fromTs=51.2% latest=48.8% total=15480
10-01 14:50:50.436 W/FrameProbe(26752): nativeOnCameraFrame 58.5 ms (trackedPts=0)
10-01 14:50:50.550 W/FrameProbe(26752): nativeOnCameraFrame 52.4 ms (trackedPts=0)
10-01 14:50:50.682 W/FrameProbe(26752): nativeOnCameraFrame 52.3 ms (trackedPts=0)
10-01 14:50:50.836 W/FrameProbe(26752): nativeOnCameraFrame 50.5 ms (trackedPts=0)
10-01 14:50:50.952 W/FrameProbe(26752): nativeOnCameraFrame 48.0 ms (trackedPts=0)
10-01 14:50:51.068 W/FrameProbe(26752): nativeOnCameraFrame 36.7 ms (trackedPts=0)
10-01 14:50:51.068 D/FpsProbe(26752): fps=27.1
10-01 14:50:51.234 W/FrameProbe(26752): nativeOnCameraFrame 60.2 ms (trackedPts=0)
10-01 14:50:51.339 W/FrameProbe(26752): nativeOnCameraFrame 34.8 ms (trackedPts=0)
10-01 14:50:51.485 W/FrameProbe(26752): nativeOnCameraFrame 51.2 ms (trackedPts=0)
10-01 14:50:51.615 W/FrameProbe(26752): nativeOnCameraFrame 51.1 ms (trackedPts=0)
10-01 14:50:51.751 W/FrameProbe(26752): nativeOnCameraFrame 48.4 ms (trackedPts=0)
10-01 14:50:51.885 W/FrameProbe(26752): nativeOnCameraFrame 52.9 ms (trackedPts=0)
10-01 14:50:51.949 I/ArPoseProbe(26752): fromTs=50.9% latest=49.1% total=15570
10-01 14:50:52.028 W/FrameProbe(26752): nativeOnCameraFrame 55.2 ms (trackedPts=0)
10-01 14:50:52.073 D/FpsProbe(26752): fps=29.0
10-01 14:50:52.166 W/FrameProbe(26752): nativeOnCameraFrame 57.8 ms (trackedPts=0)
10-01 14:50:52.297 W/FrameProbe(26752): nativeOnCameraFrame 56.7 ms (trackedPts=0)
10-01 14:50:52.426 W/FrameProbe(26752): nativeOnCameraFrame 52.3 ms (trackedPts=0)
10-01 14:50:52.552 W/FrameProbe(26752): nativeOnCameraFrame 55.2 ms (trackedPts=0)
10-01 14:50:52.694 W/FrameProbe(26752): nativeOnCameraFrame 53.7 ms (trackedPts=0)
10-01 14:50:52.818 W/FrameProbe(26752): nativeOnCameraFrame 51.6 ms (trackedPts=0)
10-01 14:50:52.951 W/FrameProbe(26752): nativeOnCameraFrame 48.4 ms (trackedPts=0)
10-01 14:50:53.068 W/FrameProbe(26752): nativeOnCameraFrame 38.0 ms (trackedPts=0)
10-01 14:50:53.102 D/FpsProbe(26752): fps=28.1
10-01 14:50:53.215 W/FrameProbe(26752): nativeOnCameraFrame 47.7 ms (trackedPts=0)
10-01 14:50:53.368 W/FrameProbe(26752): nativeOnCameraFrame 57.6 ms (trackedPts=0)
10-01 14:50:53.485 W/FrameProbe(26752): nativeOnCameraFrame 45.7 ms (trackedPts=0)
10-01 14:50:53.499 I/ArPoseProbe(26752): fromTs=50.6% latest=49.4% total=15660
10-01 14:50:53.608 W/FrameProbe(26752): nativeOnCameraFrame 42.1 ms (trackedPts=0)
10-01 14:50:53.743 W/FrameProbe(26752): nativeOnCameraFrame 47.8 ms (trackedPts=0)
10-01 14:50:53.879 W/FrameProbe(26752): nativeOnCameraFrame 49.9 ms (trackedPts=0)
10-01 14:50:54.042 W/FrameProbe(26752): nativeOnCameraFrame 58.6 ms (trackedPts=0)
10-01 14:50:54.162 W/FrameProbe(26752): nativeOnCameraFrame 54.6 ms (trackedPts=0)
10-01 14:50:54.178 D/FpsProbe(26752): fps=27.2
10-01 14:50:54.282 W/FrameProbe(26752): nativeOnCameraFrame 52.3 ms (trackedPts=0)
10-01 14:50:54.402 W/FrameProbe(26752): nativeOnCameraFrame 37.9 ms (trackedPts=0)
10-01 14:50:54.553 W/FrameProbe(26752): nativeOnCameraFrame 49.0 ms (trackedPts=0)
10-01 14:50:54.692 W/FrameProbe(26752): nativeOnCameraFrame 53.9 ms (trackedPts=0)
10-01 14:50:54.813 W/FrameProbe(26752): nativeOnCameraFrame 39.2 ms (trackedPts=0)
10-01 14:50:54.961 W/FrameProbe(26752): nativeOnCameraFrame 55.5 ms (trackedPts=0)
10-01 14:50:55.085 W/FrameProbe(26752): nativeOnCameraFrame 52.5 ms (trackedPts=0)
10-01 14:50:55.085 I/ArPoseProbe(26752): fromTs=50.3% latest=49.7% total=15750
10-01 14:50:55.232 W/FrameProbe(26752): nativeOnCameraFrame 58.0 ms (trackedPts=0)
10-01 14:50:55.244 D/FpsProbe(26752): fps=29.0
10-01 14:50:55.338 W/FrameProbe(26752): nativeOnCameraFrame 42.9 ms (trackedPts=0)
10-01 14:50:55.468 W/FrameProbe(26752): nativeOnCameraFrame 37.3 ms (trackedPts=0)
10-01 14:50:55.630 W/FrameProbe(26752): nativeOnCameraFrame 57.9 ms (trackedPts=0)
10-01 14:50:55.753 W/FrameProbe(26752): nativeOnCameraFrame 58.4 ms (trackedPts=0)
10-01 14:50:55.875 W/FrameProbe(26752): nativeOnCameraFrame 47.3 ms (trackedPts=0)
10-01 14:50:56.035 W/FrameProbe(26752): nativeOnCameraFrame 63.6 ms (trackedPts=0)
10-01 14:50:56.143 W/FrameProbe(26752): nativeOnCameraFrame 45.7 ms (trackedPts=0)
10-01 14:50:56.287 W/FrameProbe(26752): nativeOnCameraFrame 50.6 ms (trackedPts=0)
10-01 14:50:56.288 D/FpsProbe(26752): fps=28.1
10-01 14:50:56.413 W/FrameProbe(26752): nativeOnCameraFrame 40.3 ms (trackedPts=0)
10-01 14:50:56.554 W/FrameProbe(26752): nativeOnCameraFrame 57.5 ms (trackedPts=0)
10-01 14:50:56.599 I/ArPoseProbe(26752): fromTs=50.0% latest=50.0% total=15840
10-01 14:50:56.691 W/FrameProbe(26752): nativeOnCameraFrame 52.3 ms (trackedPts=0)
10-01 14:50:56.818 W/FrameProbe(26752): nativeOnCameraFrame 54.6 ms (trackedPts=0)
10-01 14:50:56.933 W/FrameProbe(26752): nativeOnCameraFrame 38.5 ms (trackedPts=0)
10-01 14:50:57.087 W/FrameProbe(26752): nativeOnCameraFrame 54.5 ms (trackedPts=0)
10-01 14:50:57.205 W/FrameProbe(26752): nativeOnCameraFrame 43.3 ms (trackedPts=0)
10-01 14:50:57.279 D/FpsProbe(26752): fps=30.0
10-01 14:50:57.345 W/FrameProbe(26752): nativeOnCameraFrame 40.4 ms (trackedPts=0)
10-01 14:50:57.479 W/FrameProbe(26752): nativeOnCameraFrame 39.6 ms (trackedPts=0)
10-01 14:50:57.618 W/FrameProbe(26752): nativeOnCameraFrame 55.0 ms (trackedPts=0)
10-01 14:50:57.752 W/FrameProbe(26752): nativeOnCameraFrame 56.1 ms (trackedPts=0)
10-01 14:50:57.880 W/FrameProbe(26752): nativeOnCameraFrame 49.1 ms (trackedPts=0)
10-01 14:50:58.024 W/FrameProbe(26752): nativeOnCameraFrame 55.0 ms (trackedPts=0)
10-01 14:50:58.109 I/ArPoseProbe(26752): fromTs=49.7% latest=50.3% total=15930
10-01 14:50:58.151 W/FrameProbe(26752): nativeOnCameraFrame 55.1 ms (trackedPts=0)
10-01 14:50:58.278 W/FrameProbe(26752): nativeOnCameraFrame 49.9 ms (trackedPts=0)
10-01 14:50:58.310 D/FpsProbe(26752): fps=29.0
10-01 14:50:58.426 W/FrameProbe(26752): nativeOnCameraFrame 53.3 ms (trackedPts=0)
10-01 14:50:58.552 W/FrameProbe(26752): nativeOnCameraFrame 53.0 ms (trackedPts=0)
10-01 14:50:58.669 W/FrameProbe(26752): nativeOnCameraFrame 39.9 ms (trackedPts=0)
10-01 14:50:58.838 W/FrameProbe(26752): nativeOnCameraFrame 57.7 ms (trackedPts=0)
10-01 14:50:58.959 W/FrameProbe(26752): nativeOnCameraFrame 58.5 ms (trackedPts=0)
10-01 14:50:59.090 W/FrameProbe(26752): nativeOnCameraFrame 60.1 ms (trackedPts=0)
10-01 14:50:59.235 W/FrameProbe(26752): nativeOnCameraFrame 59.3 ms (trackedPts=0)
10-01 14:50:59.355 W/FrameProbe(26752): nativeOnCameraFrame 58.4 ms (trackedPts=0)
10-01 14:50:59.365 D/FpsProbe(26752): fps=25.2
10-01 14:50:59.495 W/FrameProbe(26752): nativeOnCameraFrame 54.0 ms (trackedPts=0)
10-01 14:50:59.629 W/FrameProbe(26752): nativeOnCameraFrame 63.7 ms (trackedPts=0)
10-01 14:50:59.720 I/ArPoseProbe(26752): fromTs=49.4% latest=50.6% total=16020
10-01 14:50:59.736 W/FrameProbe(26752): nativeOnCameraFrame 38.0 ms (trackedPts=0)
10-01 14:50:59.866 W/FrameProbe(26752): nativeOnCameraFrame 36.4 ms (trackedPts=0)
10-01 14:51:00.031 W/FrameProbe(26752): nativeOnCameraFrame 56.5 ms (trackedPts=0)
10-01 14:51:00.154 W/FrameProbe(26752): nativeOnCameraFrame 58.2 ms (trackedPts=0)
10-01 14:51:00.278 W/FrameProbe(26752): nativeOnCameraFrame 37.6 ms (trackedPts=0)
10-01 14:51:00.347 W/FrameProbe(26752): nativeOnCameraFrame 16.7 ms (trackedPts=0)
10-01 14:51:00.401 W/FrameProbe(26752): nativeOnCameraFrame 32.4 ms (trackedPts=0)
10-01 14:51:00.401 D/FpsProbe(26752): fps=28.1
10-01 14:51:00.541 W/FrameProbe(26752): nativeOnCameraFrame 41.4 ms (trackedPts=0)
10-01 14:51:00.687 W/FrameProbe(26752): nativeOnCameraFrame 50.9 ms (trackedPts=0)
10-01 14:51:00.827 W/FrameProbe(26752): nativeOnCameraFrame 59.3 ms (trackedPts=0)
10-01 14:51:00.960 W/FrameProbe(26752): nativeOnCameraFrame 56.2 ms (trackedPts=0)
10-01 14:51:01.089 W/FrameProbe(26752): nativeOnCameraFrame 58.0 ms (trackedPts=0)
10-01 14:51:01.233 W/FrameProbe(26752): nativeOnCameraFrame 71.2 ms (trackedPts=0)
10-01 14:51:01.248 I/ArPoseProbe(26752): fromTs=49.2% latest=50.8% total=16110
10-01 14:51:01.363 W/FrameProbe(26752): nativeOnCameraFrame 57.5 ms (trackedPts=0)
10-01 14:51:01.404 D/FpsProbe(26752): fps=27.1
10-01 14:51:01.466 W/FrameProbe(26752): nativeOnCameraFrame 34.3 ms (trackedPts=0)
10-01 14:51:01.633 W/FrameProbe(26752): nativeOnCameraFrame 63.7 ms (trackedPts=0)
10-01 14:51:01.752 W/FrameProbe(26752): nativeOnCameraFrame 58.3 ms (trackedPts=0)
10-01 14:51:01.875 W/FrameProbe(26752): nativeOnCameraFrame 37.3 ms (trackedPts=0)
10-01 14:51:02.023 W/FrameProbe(26752): nativeOnCameraFrame 59.9 ms (trackedPts=0)
10-01 14:51:02.130 W/FrameProbe(26752): nativeOnCameraFrame 32.1 ms (trackedPts=0)
10-01 14:51:02.291 W/FrameProbe(26752): nativeOnCameraFrame 51.0 ms (trackedPts=0)
10-01 14:51:02.431 W/FrameProbe(26752): nativeOnCameraFrame 56.8 ms (trackedPts=0)
10-01 14:51:02.443 D/FpsProbe(26752): fps=28.1
10-01 14:51:02.558 W/FrameProbe(26752): nativeOnCameraFrame 53.9 ms (trackedPts=0)
10-01 14:51:02.683 W/FrameProbe(26752): nativeOnCameraFrame 53.0 ms (trackedPts=0)
10-01 14:51:02.817 W/FrameProbe(26752): nativeOnCameraFrame 49.4 ms (trackedPts=0)
10-01 14:51:02.841 I/ArPoseProbe(26752): fromTs=48.9% latest=51.1% total=16200
10-01 14:51:02.968 W/FrameProbe(26752): nativeOnCameraFrame 56.1 ms (trackedPts=0)
10-01 14:51:03.082 W/FrameProbe(26752): nativeOnCameraFrame 52.8 ms (trackedPts=0)
10-01 14:51:03.232 W/FrameProbe(26752): nativeOnCameraFrame 58.8 ms (trackedPts=0)
10-01 14:51:03.343 W/FrameProbe(26752): nativeOnCameraFrame 39.1 ms (trackedPts=0)
10-01 14:51:03.490 W/FrameProbe(26752): nativeOnCameraFrame 61.9 ms (trackedPts=0)
10-01 14:51:03.506 D/FpsProbe(26752): fps=27.1
10-01 14:51:03.545 W/FrameProbe(26752): nativeOnCameraFrame 16.2 ms (trackedPts=0)
10-01 14:51:03.623 W/FrameProbe(26752): nativeOnCameraFrame 55.0 ms (trackedPts=0)
10-01 14:51:03.752 W/FrameProbe(26752): nativeOnCameraFrame 57.7 ms (trackedPts=0)
10-01 14:51:03.889 W/FrameProbe(26752): nativeOnCameraFrame 53.3 ms (trackedPts=0)
10-01 14:51:04.005 W/FrameProbe(26752): nativeOnCameraFrame 38.3 ms (trackedPts=0)
10-01 14:51:04.149 W/FrameProbe(26752): nativeOnCameraFrame 43.3 ms (trackedPts=0)
10-01 14:51:04.284 W/FrameProbe(26752): nativeOnCameraFrame 50.3 ms (trackedPts=0)
10-01 14:51:04.401 W/FrameProbe(26752): nativeOnCameraFrame 29.2 ms (trackedPts=0)
10-01 14:51:04.452 I/ArPoseProbe(26752): fromTs=48.6% latest=51.4% total=16290
10-01 14:51:04.555 W/FrameProbe(26752): nativeOnCameraFrame 56.7 ms (trackedPts=0)
10-01 14:51:04.555 D/FpsProbe(26752): fps=28.1
10-01 14:51:04.695 W/FrameProbe(26752): nativeOnCameraFrame 53.9 ms (trackedPts=0)
10-01 14:51:04.810 W/FrameProbe(26752): nativeOnCameraFrame 47.3 ms (trackedPts=0)
10-01 14:51:04.941 W/FrameProbe(26752): nativeOnCameraFrame 40.8 ms (trackedPts=0)
10-01 14:51:05.085 W/FrameProbe(26752): nativeOnCameraFrame 54.5 ms (trackedPts=0)
10-01 14:51:05.216 W/FrameProbe(26752): nativeOnCameraFrame 52.1 ms (trackedPts=0)
10-01 14:51:05.372 W/FrameProbe(26752): nativeOnCameraFrame 67.2 ms (trackedPts=0)
10-01 14:51:05.515 W/FrameProbe(26752): nativeOnCameraFrame 77.6 ms (trackedPts=0)
10-01 14:51:05.539 D/FpsProbe(26752): fps=26.1
10-01 14:51:05.623 W/FrameProbe(26752): nativeOnCameraFrame 61.8 ms (trackedPts=0)
10-01 14:51:05.752 W/FrameProbe(26752): nativeOnCameraFrame 54.8 ms (trackedPts=0)
10-01 14:51:05.901 W/FrameProbe(26752): nativeOnCameraFrame 60.6 ms (trackedPts=0)
10-01 14:51:06.030 W/FrameProbe(26752): nativeOnCameraFrame 58.3 ms (trackedPts=0)
10-01 14:51:06.113 I/ArPoseProbe(26752): fromTs=48.3% latest=51.7% total=16380
10-01 14:51:06.154 W/FrameProbe(26752): nativeOnCameraFrame 42.9 ms (trackedPts=0)
10-01 14:51:06.308 W/FrameProbe(26752): nativeOnCameraFrame 68.7 ms (trackedPts=0)
10-01 14:51:06.431 W/FrameProbe(26752): nativeOnCameraFrame 60.2 ms (trackedPts=0)
10-01 14:51:06.557 W/FrameProbe(26752): nativeOnCameraFrame 56.3 ms (trackedPts=0)
10-01 14:51:06.583 D/FpsProbe(26752): fps=25.2
10-01 14:51:06.682 W/FrameProbe(26752): nativeOnCameraFrame 46.7 ms (trackedPts=0)
10-01 14:51:06.805 W/FrameProbe(26752): nativeOnCameraFrame 43.2 ms (trackedPts=0)
10-01 14:51:06.938 W/FrameProbe(26752): nativeOnCameraFrame 41.7 ms (trackedPts=0)
10-01 14:51:07.075 W/FrameProbe(26752): nativeOnCameraFrame 43.4 ms (trackedPts=0)
10-01 14:51:07.227 W/FrameProbe(26752): nativeOnCameraFrame 58.2 ms (trackedPts=0)
10-01 14:51:07.359 W/FrameProbe(26752): nativeOnCameraFrame 64.0 ms (trackedPts=0)
10-01 14:51:07.478 W/FrameProbe(26752): nativeOnCameraFrame 49.2 ms (trackedPts=0)
10-01 14:51:07.620 W/FrameProbe(26752): nativeOnCameraFrame 58.6 ms (trackedPts=0)
10-01 14:51:07.635 D/FpsProbe(26752): fps=29.0
10-01 14:51:07.675 I/ArPoseProbe(26752): fromTs=48.1% latest=51.9% total=16470
10-01 14:51:07.755 W/FrameProbe(26752): nativeOnCameraFrame 57.9 ms (trackedPts=0)
10-01 14:51:07.879 W/FrameProbe(26752): nativeOnCameraFrame 49.6 ms (trackedPts=0)
10-01 14:51:08.015 W/FrameProbe(26752): nativeOnCameraFrame 53.7 ms (trackedPts=0)
10-01 14:51:08.148 W/FrameProbe(26752): nativeOnCameraFrame 54.4 ms (trackedPts=0)
10-01 14:51:08.283 W/FrameProbe(26752): nativeOnCameraFrame 44.6 ms (trackedPts=0)
10-01 14:51:08.416 W/FrameProbe(26752): nativeOnCameraFrame 44.9 ms (trackedPts=0)
10-01 14:51:08.537 W/FrameProbe(26752): nativeOnCameraFrame 34.8 ms (trackedPts=0)
10-01 14:51:08.679 W/FrameProbe(26752): nativeOnCameraFrame 50.4 ms (trackedPts=0)
10-01 14:51:08.679 D/FpsProbe(26752): fps=29.0
10-01 14:51:08.812 W/FrameProbe(26752): nativeOnCameraFrame 51.3 ms (trackedPts=0)
10-01 14:51:08.943 W/FrameProbe(26752): nativeOnCameraFrame 40.0 ms (trackedPts=0)
10-01 14:51:09.083 W/FrameProbe(26752): nativeOnCameraFrame 45.1 ms (trackedPts=0)
10-01 14:51:09.199 W/FrameProbe(26752): nativeOnCameraFrame 36.1 ms (trackedPts=0)
10-01 14:51:09.200 I/ArPoseProbe(26752): fromTs=47.8% latest=52.2% total=16560
10-01 14:51:09.355 W/FrameProbe(26752): nativeOnCameraFrame 45.3 ms (trackedPts=0)
10-01 14:51:09.476 W/FrameProbe(26752): nativeOnCameraFrame 46.8 ms (trackedPts=0)
10-01 14:51:09.608 W/FrameProbe(26752): nativeOnCameraFrame 48.3 ms (trackedPts=0)
10-01 14:51:09.674 D/FpsProbe(26752): fps=29.0
10-01 14:51:09.736 W/FrameProbe(26752): nativeOnCameraFrame 34.2 ms (trackedPts=0)
10-01 14:51:09.875 W/FrameProbe(26752): nativeOnCameraFrame 48.3 ms (trackedPts=0)
10-01 14:51:10.013 W/FrameProbe(26752): nativeOnCameraFrame 41.9 ms (trackedPts=0)
10-01 14:51:10.143 W/FrameProbe(26752): nativeOnCameraFrame 46.2 ms (trackedPts=0)
10-01 14:51:10.285 W/FrameProbe(26752): nativeOnCameraFrame 56.3 ms (trackedPts=0)
10-01 14:51:10.403 W/FrameProbe(26752): nativeOnCameraFrame 38.3 ms (trackedPts=0)
10-01 14:51:10.542 W/FrameProbe(26752): nativeOnCameraFrame 48.0 ms (trackedPts=0)
10-01 14:51:10.672 W/FrameProbe(26752): nativeOnCameraFrame 45.7 ms (trackedPts=0)
10-01 14:51:10.701 D/FpsProbe(26752): fps=30.0
10-01 14:51:10.713 I/ArPoseProbe(26752): fromTs=47.6% latest=52.4% total=16650
10-01 14:51:10.807 W/FrameProbe(26752): nativeOnCameraFrame 41.0 ms (trackedPts=0)
10-01 14:51:10.944 W/FrameProbe(26752): nativeOnCameraFrame 41.0 ms (trackedPts=0)
10-01 14:51:11.084 W/FrameProbe(26752): nativeOnCameraFrame 47.3 ms (trackedPts=0)
10-01 14:51:11.212 W/FrameProbe(26752): nativeOnCameraFrame 42.3 ms (trackedPts=0)
10-01 14:51:11.338 W/FrameProbe(26752): nativeOnCameraFrame 42.3 ms (trackedPts=0)
10-01 14:51:11.472 W/FrameProbe(26752): nativeOnCameraFrame 42.3 ms (trackedPts=0)
10-01 14:51:11.624 W/FrameProbe(26752): nativeOnCameraFrame 54.4 ms (trackedPts=0)
10-01 14:51:11.734 W/FrameProbe(26752): nativeOnCameraFrame 40.6 ms (trackedPts=0)
10-01 14:51:11.752 D/FpsProbe(26752): fps=30.0
10-01 14:51:11.871 W/FrameProbe(26752): nativeOnCameraFrame 43.9 ms (trackedPts=0)
10-01 14:51:11.992 W/FrameProbe(26752): nativeOnCameraFrame 31.5 ms (trackedPts=0)
10-01 14:51:12.125 W/FrameProbe(26752): nativeOnCameraFrame 31.2 ms (trackedPts=0)
10-01 14:51:12.242 I/ArPoseProbe(26752): fromTs=47.3% latest=52.7% total=16740
10-01 14:51:12.279 W/FrameProbe(26752): nativeOnCameraFrame 42.5 ms (trackedPts=0)
10-01 14:51:12.432 W/FrameProbe(26752): nativeOnCameraFrame 56.9 ms (trackedPts=0)
10-01 14:51:12.533 W/FrameProbe(26752): nativeOnCameraFrame 39.6 ms (trackedPts=0)
10-01 14:51:12.680 W/FrameProbe(26752): nativeOnCameraFrame 44.1 ms (trackedPts=0)
10-01 14:51:12.803 W/FrameProbe(26752): nativeOnCameraFrame 44.6 ms (trackedPts=0)
10-01 14:51:12.805 D/FpsProbe(26752): fps=29.0
10-01 14:51:12.937 W/FrameProbe(26752): nativeOnCameraFrame 44.9 ms (trackedPts=0)
10-01 14:51:13.079 W/FrameProbe(26752): nativeOnCameraFrame 44.0 ms (trackedPts=0)
10-01 14:51:13.210 W/FrameProbe(26752): nativeOnCameraFrame 44.4 ms (trackedPts=0)
10-01 14:51:13.342 W/FrameProbe(26752): nativeOnCameraFrame 42.4 ms (trackedPts=0)
10-01 14:51:13.471 W/FrameProbe(26752): nativeOnCameraFrame 45.1 ms (trackedPts=0)
10-01 14:51:13.607 W/FrameProbe(26752): nativeOnCameraFrame 42.8 ms (trackedPts=0)
10-01 14:51:13.757 W/FrameProbe(26752): nativeOnCameraFrame 47.4 ms (trackedPts=0)
10-01 14:51:13.774 I/ArPoseProbe(26752): fromTs=47.1% latest=52.9% total=16830
10-01 14:51:13.805 D/FpsProbe(26752): fps=29.0
10-01 14:51:13.874 W/FrameProbe(26752): nativeOnCameraFrame 42.8 ms (trackedPts=0)
10-01 14:51:14.007 W/FrameProbe(26752): nativeOnCameraFrame 44.2 ms (trackedPts=0)
10-01 14:51:14.145 W/FrameProbe(26752): nativeOnCameraFrame 42.8 ms (trackedPts=0)
10-01 14:51:14.281 W/FrameProbe(26752): nativeOnCameraFrame 45.2 ms (trackedPts=0)
10-01 14:51:14.412 W/FrameProbe(26752): nativeOnCameraFrame 44.5 ms (trackedPts=0)
10-01 14:51:14.561 W/FrameProbe(26752): nativeOnCameraFrame 55.5 ms (trackedPts=0)
10-01 14:51:14.675 W/FrameProbe(26752): nativeOnCameraFrame 43.4 ms (trackedPts=0)
10-01 14:51:14.818 W/FrameProbe(26752): nativeOnCameraFrame 45.2 ms (trackedPts=0)
10-01 14:51:14.841 D/FpsProbe(26752): fps=29.0
10-01 14:51:14.944 W/FrameProbe(26752): nativeOnCameraFrame 44.8 ms (trackedPts=0)
10-01 14:51:15.073 W/FrameProbe(26752): nativeOnCameraFrame 47.9 ms (trackedPts=0)
10-01 14:51:15.210 W/FrameProbe(26752): nativeOnCameraFrame 42.0 ms (trackedPts=0)
10-01 14:51:15.296 I/ArPoseProbe(26752): fromTs=46.8% latest=53.2% total=16920
10-01 14:51:15.329 W/FrameProbe(26752): nativeOnCameraFrame 31.8 ms (trackedPts=0)
10-01 14:51:15.486 W/FrameProbe(26752): nativeOnCameraFrame 48.6 ms (trackedPts=0)
10-01 14:51:15.616 W/FrameProbe(26752): nativeOnCameraFrame 44.4 ms (trackedPts=0)
10-01 14:51:15.756 W/FrameProbe(26752): nativeOnCameraFrame 50.8 ms (trackedPts=0)
10-01 14:51:15.872 W/FrameProbe(26752): nativeOnCameraFrame 44.3 ms (trackedPts=0)
10-01 14:51:15.884 D/FpsProbe(26752): fps=29.0
10-01 14:51:16.023 W/FrameProbe(26752): nativeOnCameraFrame 48.5 ms (trackedPts=0)
10-01 14:51:16.131 W/FrameProbe(26752): nativeOnCameraFrame 35.1 ms (trackedPts=0)
10-01 14:51:16.280 W/FrameProbe(26752): nativeOnCameraFrame 47.9 ms (trackedPts=0)
10-01 14:51:16.416 W/FrameProbe(26752): nativeOnCameraFrame 43.2 ms (trackedPts=0)
10-01 14:51:16.535 W/FrameProbe(26752): nativeOnCameraFrame 41.5 ms (trackedPts=0)
10-01 14:51:16.670 W/FrameProbe(26752): nativeOnCameraFrame 38.7 ms (trackedPts=0)
10-01 14:51:16.808 W/FrameProbe(26752): nativeOnCameraFrame 47.2 ms (trackedPts=0)
10-01 14:51:16.824 I/ArPoseProbe(26752): fromTs=46.6% latest=53.4% total=17010
10-01 14:51:16.942 W/FrameProbe(26752): nativeOnCameraFrame 48.1 ms (trackedPts=0)
10-01 14:51:16.942 D/FpsProbe(26752): fps=30.0
10-01 14:51:17.083 W/FrameProbe(26752): nativeOnCameraFrame 48.3 ms (trackedPts=0)
10-01 14:51:17.191 W/FrameProbe(26752): nativeOnCameraFrame 33.8 ms (trackedPts=0)
10-01 14:51:17.348 W/FrameProbe(26752): nativeOnCameraFrame 51.9 ms (trackedPts=0)
10-01 14:51:17.489 W/FrameProbe(26752): nativeOnCameraFrame 49.7 ms (trackedPts=0)
10-01 14:51:17.608 W/FrameProbe(26752): nativeOnCameraFrame 39.3 ms (trackedPts=0)
10-01 14:51:17.733 W/FrameProbe(26752): nativeOnCameraFrame 36.9 ms (trackedPts=0)
10-01 14:51:17.876 W/FrameProbe(26752): nativeOnCameraFrame 37.9 ms (trackedPts=0)
10-01 14:51:17.939 D/FpsProbe(26752): fps=28.1
10-01 14:51:18.010 W/FrameProbe(26752): nativeOnCameraFrame 50.9 ms (trackedPts=0)
10-01 14:51:18.138 W/FrameProbe(26752): nativeOnCameraFrame 39.4 ms (trackedPts=0)
10-01 14:51:18.270 W/FrameProbe(26752): nativeOnCameraFrame 41.5 ms (trackedPts=0)
10-01 14:51:18.353 I/ArPoseProbe(26752): fromTs=46.3% latest=53.7% total=17100
10-01 14:51:18.403 W/FrameProbe(26752): nativeOnCameraFrame 42.9 ms (trackedPts=0)
10-01 14:51:18.536 W/FrameProbe(26752): nativeOnCameraFrame 39.5 ms (trackedPts=0)
10-01 14:51:18.674 W/FrameProbe(26752): nativeOnCameraFrame 37.4 ms (trackedPts=0)
10-01 14:51:18.805 W/FrameProbe(26752): nativeOnCameraFrame 36.5 ms (trackedPts=0)
10-01 14:51:18.943 W/FrameProbe(26752): nativeOnCameraFrame 43.3 ms (trackedPts=0)
10-01 14:51:18.973 D/FpsProbe(26752): fps=30.0
10-01 14:51:19.077 W/FrameProbe(26752): nativeOnCameraFrame 42.3 ms (trackedPts=0)
10-01 14:51:19.204 W/FrameProbe(26752): nativeOnCameraFrame 43.1 ms (trackedPts=0)
10-01 14:51:19.349 W/FrameProbe(26752): nativeOnCameraFrame 43.0 ms (trackedPts=0)
10-01 14:51:19.474 W/FrameProbe(26752): nativeOnCameraFrame 44.1 ms (trackedPts=0)
10-01 14:51:19.609 W/FrameProbe(26752): nativeOnCameraFrame 38.9 ms (trackedPts=0)
10-01 14:51:19.730 W/FrameProbe(26752): nativeOnCameraFrame 36.0 ms (trackedPts=0)
10-01 14:51:19.874 W/FrameProbe(26752): nativeOnCameraFrame 44.7 ms (trackedPts=0)
10-01 14:51:19.878 I/ArPoseProbe(26752): fromTs=46.1% latest=53.9% total=17190
10-01 14:51:20.018 W/FrameProbe(26752): nativeOnCameraFrame 49.7 ms (trackedPts=0)
10-01 14:51:20.031 D/FpsProbe(26752): fps=30.0
10-01 14:51:20.133 W/FrameProbe(26752): nativeOnCameraFrame 41.0 ms (trackedPts=0)
10-01 14:51:20.275 W/FrameProbe(26752): nativeOnCameraFrame 40.7 ms (trackedPts=0)
10-01 14:51:20.393 W/FrameProbe(26752): nativeOnCameraFrame 31.6 ms (trackedPts=0)
10-01 14:51:20.533 W/FrameProbe(26752): nativeOnCameraFrame 37.2 ms (trackedPts=0)
10-01 14:51:20.673 W/FrameProbe(26752): nativeOnCameraFrame 37.9 ms (trackedPts=0)
10-01 14:51:20.798 W/FrameProbe(26752): nativeOnCameraFrame 35.0 ms (trackedPts=0)
10-01 14:51:20.947 W/FrameProbe(26752): nativeOnCameraFrame 44.3 ms (trackedPts=0)
10-01 14:51:21.071 W/FrameProbe(26752): nativeOnCameraFrame 36.8 ms (trackedPts=0)
10-01 14:51:21.072 D/FpsProbe(26752): fps=30.0
10-01 14:51:21.204 W/FrameProbe(26752): nativeOnCameraFrame 37.1 ms (trackedPts=0)
10-01 14:51:21.343 W/FrameProbe(26752): nativeOnCameraFrame 45.1 ms (trackedPts=0)
10-01 14:51:21.373 I/ArPoseProbe(26752): fromTs=45.8% latest=54.2% total=17280
10-01 14:51:21.486 W/FrameProbe(26752): nativeOnCameraFrame 49.5 ms (trackedPts=0)
10-01 14:51:21.600 W/FrameProbe(26752): nativeOnCameraFrame 41.2 ms (trackedPts=0)
10-01 14:51:21.739 W/FrameProbe(26752): nativeOnCameraFrame 35.6 ms (trackedPts=0)
10-01 14:51:21.864 W/FrameProbe(26752): nativeOnCameraFrame 39.8 ms (trackedPts=0)
10-01 14:51:22.011 W/FrameProbe(26752): nativeOnCameraFrame 48.7 ms (trackedPts=0)
10-01 14:51:22.066 D/FpsProbe(26752): fps=30.0
10-01 14:51:22.144 W/FrameProbe(26752): nativeOnCameraFrame 39.5 ms (trackedPts=0)
10-01 14:51:22.272 W/FrameProbe(26752): nativeOnCameraFrame 36.2 ms (trackedPts=0)
10-01 14:51:22.398 W/FrameProbe(26752): nativeOnCameraFrame 36.8 ms (trackedPts=0)
10-01 14:51:22.533 W/FrameProbe(26752): nativeOnCameraFrame 32.8 ms (trackedPts=0)
10-01 14:51:22.668 W/FrameProbe(26752): nativeOnCameraFrame 40.8 ms (trackedPts=0)
10-01 14:51:22.805 W/FrameProbe(26752): nativeOnCameraFrame 33.3 ms (trackedPts=0)
10-01 14:51:22.872 I/ArPoseProbe(26752): fromTs=45.6% latest=54.4% total=17370
10-01 14:51:22.921 W/FrameProbe(26752): nativeOnCameraFrame 26.8 ms (trackedPts=0)
10-01 14:51:23.067 W/FrameProbe(26752): nativeOnCameraFrame 31.1 ms (trackedPts=0)
10-01 14:51:23.110 D/FpsProbe(26752): fps=30.0
10-01 14:51:23.194 W/FrameProbe(26752): nativeOnCameraFrame 33.2 ms (trackedPts=0)
10-01 14:51:23.334 W/FrameProbe(26752): nativeOnCameraFrame 29.4 ms (trackedPts=0)
10-01 14:51:23.477 W/FrameProbe(26752): nativeOnCameraFrame 37.8 ms (trackedPts=0)
10-01 14:51:23.596 W/FrameProbe(26752): nativeOnCameraFrame 37.1 ms (trackedPts=0)
10-01 14:51:23.729 W/FrameProbe(26752): nativeOnCameraFrame 34.4 ms (trackedPts=0)
10-01 14:51:23.871 W/FrameProbe(26752): nativeOnCameraFrame 42.6 ms (trackedPts=0)
10-01 14:51:23.994 W/FrameProbe(26752): nativeOnCameraFrame 32.5 ms (trackedPts=0)
10-01 14:51:24.131 W/FrameProbe(26752): nativeOnCameraFrame 32.7 ms (trackedPts=0)
10-01 14:51:24.142 D/FpsProbe(26752): fps=30.0
10-01 14:51:24.264 W/FrameProbe(26752): nativeOnCameraFrame 36.7 ms (trackedPts=0)
10-01 14:51:24.378 I/ArPoseProbe(26752): fromTs=45.4% latest=54.6% total=17460
10-01 14:51:24.400 W/FrameProbe(26752): nativeOnCameraFrame 37.6 ms (trackedPts=0)
10-01 14:51:24.530 W/FrameProbe(26752): nativeOnCameraFrame 33.6 ms (trackedPts=0)
10-01 14:51:24.671 W/FrameProbe(26752): nativeOnCameraFrame 42.5 ms (trackedPts=0)
10-01 14:51:24.801 W/FrameProbe(26752): nativeOnCameraFrame 40.5 ms (trackedPts=0)
10-01 14:51:24.927 W/FrameProbe(26752): nativeOnCameraFrame 30.1 ms (trackedPts=0)
10-01 14:51:25.068 W/FrameProbe(26752): nativeOnCameraFrame 39.5 ms (trackedPts=0)
10-01 14:51:25.208 W/FrameProbe(26752): nativeOnCameraFrame 42.2 ms (trackedPts=0)
10-01 14:51:25.208 D/FpsProbe(26752): fps=30.0
10-01 14:51:25.331 W/FrameProbe(26752): nativeOnCameraFrame 32.8 ms (trackedPts=0)
10-01 14:51:25.466 W/FrameProbe(26752): nativeOnCameraFrame 30.8 ms (trackedPts=0)
10-01 14:51:25.600 W/FrameProbe(26752): nativeOnCameraFrame 33.9 ms (trackedPts=0)
10-01 14:51:25.727 W/FrameProbe(26752): nativeOnCameraFrame 32.7 ms (trackedPts=0)
10-01 14:51:25.867 W/FrameProbe(26752): nativeOnCameraFrame 31.6 ms (trackedPts=0)
10-01 14:51:25.873 I/ArPoseProbe(26752): fromTs=45.1% latest=54.9% total=17550
10-01 14:51:26.000 W/FrameProbe(26752): nativeOnCameraFrame 33.5 ms (trackedPts=0)
10-01 14:51:26.137 W/FrameProbe(26752): nativeOnCameraFrame 35.3 ms (trackedPts=0)
10-01 14:51:26.206 D/FpsProbe(26752): fps=30.0
10-01 14:51:26.267 W/FrameProbe(26752): nativeOnCameraFrame 33.1 ms (trackedPts=0)
10-01 14:51:26.407 W/FrameProbe(26752): nativeOnCameraFrame 38.7 ms (trackedPts=0)
10-01 14:51:26.533 W/FrameProbe(26752): nativeOnCameraFrame 38.9 ms (trackedPts=0)
10-01 14:51:26.586 W/FrameProbe(26752): nativeOnCameraFrame 17.5 ms (trackedPts=0)
10-01 14:51:26.665 W/FrameProbe(26752): nativeOnCameraFrame 30.8 ms (trackedPts=0)
10-01 14:51:26.808 W/FrameProbe(26752): nativeOnCameraFrame 38.7 ms (trackedPts=0)
10-01 14:51:26.943 W/FrameProbe(26752): nativeOnCameraFrame 47.3 ms (trackedPts=0)
10-01 14:51:27.063 W/FrameProbe(26752): nativeOnCameraFrame 37.3 ms (trackedPts=0)
10-01 14:51:27.238 D/FpsProbe(26752): fps=30.0
10-01 14:51:27.368 I/ArPoseProbe(26752): fromTs=44.9% latest=55.1% total=17640
10-01 14:51:27.579 W/FrameProbe(26752): nativeOnCameraFrame 19.1 ms (trackedPts=0)
10-01 14:51:27.980 W/FrameProbe(26752): nativeOnCameraFrame 16.4 ms (trackedPts=0)
10-01 14:51:28.118 W/FrameProbe(26752): nativeOnCameraFrame 22.4 ms (trackedPts=0)
10-01 14:51:28.273 D/FpsProbe(26752): fps=30.0
10-01 14:51:28.798 W/FrameProbe(26752): nativeOnCameraFrame 30.0 ms (trackedPts=0)
10-01 14:51:28.831 W/FrameProbe(26752): nativeOnCameraFrame 21.2 ms (trackedPts=0)
10-01 14:51:28.866 I/ArPoseProbe(26752): fromTs=44.7% latest=55.3% total=17730
10-01 14:51:29.185 W/FrameProbe(26752): nativeOnCameraFrame 16.2 ms (trackedPts=0)
10-01 14:51:29.311 D/FpsProbe(26752): fps=30.0
10-01 14:51:29.578 W/FrameProbe(26752): nativeOnCameraFrame 17.1 ms (trackedPts=0)
10-01 14:51:29.978 W/FrameProbe(26752): nativeOnCameraFrame 17.2 ms (trackedPts=0)
10-01 14:51:30.131 W/FrameProbe(26752): nativeOnCameraFrame 30.4 ms (trackedPts=0)
10-01 14:51:30.157 W/FrameProbe(26752): nativeOnCameraFrame 16.8 ms (trackedPts=0)
10-01 14:51:30.338 D/FpsProbe(26752): fps=30.0
10-01 14:51:30.372 I/ArPoseProbe(26752): fromTs=44.4% latest=55.6% total=17820
10-01 14:51:30.626 W/FrameProbe(26752): nativeOnCameraFrame 18.9 ms (trackedPts=0)
10-01 14:51:30.657 W/FrameProbe(26752): nativeOnCameraFrame 20.1 ms (trackedPts=0)
10-01 14:51:30.777 W/FrameProbe(26752): nativeOnCameraFrame 17.4 ms (trackedPts=0)
10-01 14:51:30.929 W/FrameProbe(26752): nativeOnCameraFrame 32.4 ms (trackedPts=0)
10-01 14:51:31.136 W/FrameProbe(26752): nativeOnCameraFrame 23.9 ms (trackedPts=0)
10-01 14:51:31.171 W/FrameProbe(26752): nativeOnCameraFrame 23.9 ms (trackedPts=0)
10-01 14:51:31.193 W/FrameProbe(26752): nativeOnCameraFrame 16.7 ms (trackedPts=0)
10-01 14:51:31.377 D/FpsProbe(26752): fps=30.0
10-01 14:51:31.728 W/FrameProbe(26752): nativeOnCameraFrame 30.7 ms (trackedPts=0)
10-01 14:51:31.886 I/ArPoseProbe(26752): fromTs=44.2% latest=55.8% total=17910
10-01 14:51:32.243 W/FrameProbe(26752): nativeOnCameraFrame 18.2 ms (trackedPts=0)
10-01 14:51:32.407 D/FpsProbe(26752): fps=30.0
10-01 14:51:32.792 W/FrameProbe(26752): nativeOnCameraFrame 20.4 ms (trackedPts=0)
10-01 14:51:32.994 W/FrameProbe(26752): nativeOnCameraFrame 27.8 ms (trackedPts=0)
10-01 14:51:33.286 W/FrameProbe(26752): nativeOnCameraFrame 16.9 ms (trackedPts=0)
10-01 14:51:33.318 W/FrameProbe(26752): nativeOnCameraFrame 18.6 ms (trackedPts=0)
10-01 14:51:33.379 I/ArPoseProbe(26752): fromTs=44.0% latest=56.0% total=18000
10-01 14:51:33.437 D/FpsProbe(26752): fps=30.0
10-01 14:51:33.582 W/FrameProbe(26752): nativeOnCameraFrame 22.9 ms (trackedPts=0)
10-01 14:51:33.751 W/FrameProbe(26752): nativeOnCameraFrame 17.0 ms (trackedPts=0)
10-01 14:51:34.473 D/FpsProbe(26752): fps=30.0
10-01 14:51:34.514 W/FrameProbe(26752): nativeOnCameraFrame 16.2 ms (trackedPts=0)
10-01 14:51:34.855 W/FrameProbe(26752): nativeOnCameraFrame 17.2 ms (trackedPts=0)
10-01 14:51:34.907 I/ArPoseProbe(26752): fromTs=43.8% latest=56.2% total=18090
10-01 14:51:35.448 W/FrameProbe(26752): nativeOnCameraFrame 16.3 ms (trackedPts=0)
10-01 14:51:35.505 D/FpsProbe(26752): fps=30.0
10-01 14:51:35.677 W/FrameProbe(26752): nativeOnCameraFrame 18.6 ms (trackedPts=0)
10-01 14:51:36.410 I/ArPoseProbe(26752): fromTs=43.6% latest=56.4% total=18180
10-01 14:51:36.479 W/FrameProbe(26752): nativeOnCameraFrame 16.7 ms (trackedPts=0)
10-01 14:51:36.541 D/FpsProbe(26752): fps=30.0
10-01 14:51:36.655 W/FrameProbe(26752): nativeOnCameraFrame 23.7 ms (trackedPts=0)
10-01 14:51:36.986 W/FrameProbe(26752): nativeOnCameraFrame 19.6 ms (trackedPts=0)
10-01 14:51:37.567 D/FpsProbe(26752): fps=30.0
10-01 14:51:37.912 I/ArPoseProbe(26752): fromTs=43.3% latest=56.7% total=18270
10-01 14:51:38.482 W/FrameProbe(26752): nativeOnCameraFrame 19.5 ms (trackedPts=0)
10-01 14:51:38.605 D/FpsProbe(26752): fps=30.0
10-01 14:51:38.760 W/FrameProbe(26752): nativeOnCameraFrame 16.4 ms (trackedPts=0)
10-01 14:51:39.262 W/FrameProbe(26752): nativeOnCameraFrame 29.0 ms (trackedPts=0)
10-01 14:51:39.317 W/FrameProbe(26752): nativeOnCameraFrame 17.5 ms (trackedPts=0)
10-01 14:51:39.435 I/ArPoseProbe(26752): fromTs=43.1% latest=56.9% total=18360
10-01 14:51:39.641 D/FpsProbe(26752): fps=30.0
10-01 14:51:40.662 D/FpsProbe(26752): fps=30.0
10-01 14:51:40.940 I/ArPoseProbe(26752): fromTs=42.9% latest=57.1% total=18450
10-01 14:51:41.145 W/FrameProbe(26752): nativeOnCameraFrame 16.8 ms (trackedPts=0)
10-01 14:51:41.324 W/FrameProbe(26752): nativeOnCameraFrame 17.9 ms (trackedPts=0)
10-01 14:51:41.460 W/FrameProbe(26752): nativeOnCameraFrame 19.8 ms (trackedPts=0)
10-01 14:51:41.491 W/FrameProbe(26752): nativeOnCameraFrame 19.3 ms (trackedPts=0)
10-01 14:51:41.697 D/FpsProbe(26752): fps=30.0
10-01 14:51:41.802 W/FrameProbe(26752): nativeOnCameraFrame 29.2 ms (trackedPts=0)
10-01 14:51:41.828 W/FrameProbe(26752): nativeOnCameraFrame 17.0 ms (trackedPts=0)
10-01 14:51:41.992 W/FrameProbe(26752): nativeOnCameraFrame 20.6 ms (trackedPts=0)
10-01 14:51:42.192 W/FrameProbe(26752): nativeOnCameraFrame 21.1 ms (trackedPts=0)
10-01 14:51:42.437 I/ArPoseProbe(26752): fromTs=42.7% latest=57.3% total=18540
10-01 14:51:42.566 W/FrameProbe(26752): nativeOnCameraFrame 16.6 ms (trackedPts=0)
10-01 14:51:42.625 W/FrameProbe(26752): nativeOnCameraFrame 18.5 ms (trackedPts=0)
10-01 14:51:42.733 D/FpsProbe(26752): fps=30.0
10-01 14:51:42.924 W/FrameProbe(26752): nativeOnCameraFrame 25.4 ms (trackedPts=0)
10-01 14:51:43.539 W/FrameProbe(26752): nativeOnCameraFrame 237.6 ms (trackedPts=0)
10-01 14:51:43.605 W/FrameProbe(26752): nativeOnCameraFrame 53.1 ms (trackedPts=0)
10-01 14:51:43.849 W/FrameProbe(26752): nativeOnCameraFrame 190.6 ms (trackedPts=0)
10-01 14:51:44.036 W/FrameProbe(26752): nativeOnCameraFrame 175.5 ms (trackedPts=0)
10-01 14:51:44.036 D/FpsProbe(26752): fps=19.4 LOW
10-01 14:51:44.226 W/FrameProbe(26752): nativeOnCameraFrame 180.7 ms (trackedPts=0)
10-01 14:51:44.337 I/ArPoseProbe(26752): fromTs=42.5% latest=57.5% total=18630
10-01 14:51:44.398 W/FrameProbe(26752): nativeOnCameraFrame 164.4 ms (trackedPts=0)
10-01 14:51:44.710 W/FrameProbe(26752): nativeOnCameraFrame 303.8 ms (trackedPts=0)
10-01 14:51:44.783 W/FrameProbe(26752): nativeOnCameraFrame 63.6 ms (trackedPts=0)
10-01 14:51:44.896 W/FrameProbe(26752): nativeOnCameraFrame 65.0 ms (trackedPts=0)
10-01 14:51:44.910 D/FpsProbe(26752): fps=7.7 LOW
10-01 14:51:45.017 W/FrameProbe(26752): nativeOnCameraFrame 58.6 ms (trackedPts=0)
10-01 14:51:45.156 W/FrameProbe(26752): nativeOnCameraFrame 59.3 ms (trackedPts=0)
10-01 14:51:45.294 W/FrameProbe(26752): nativeOnCameraFrame 62.2 ms (trackedPts=0)
10-01 14:51:45.415 W/FrameProbe(26752): nativeOnCameraFrame 59.9 ms (trackedPts=0)
10-01 14:51:45.562 W/FrameProbe(26752): nativeOnCameraFrame 65.1 ms (trackedPts=0)
10-01 14:51:45.691 W/FrameProbe(26752): nativeOnCameraFrame 63.7 ms (trackedPts=0)
10-01 14:51:45.832 W/FrameProbe(26752): nativeOnCameraFrame 64.7 ms (trackedPts=0)
10-01 14:51:45.957 W/FrameProbe(26752): nativeOnCameraFrame 61.7 ms (trackedPts=0)
10-01 14:51:45.974 D/FpsProbe(26752): fps=22.5 LOW
10-01 14:51:46.143 I/ArPoseProbe(26752): fromTs=42.3% latest=57.7% total=18720
10-01 14:51:46.449 W/FrameProbe(26752): nativeOnCameraFrame 17.2 ms (trackedPts=0)
10-01 14:51:46.717 W/FrameProbe(26752): nativeOnCameraFrame 21.2 ms (trackedPts=0)
10-01 14:51:46.846 W/FrameProbe(26752): nativeOnCameraFrame 20.1 ms (trackedPts=0)
10-01 14:51:46.992 W/FrameProbe(26752): nativeOnCameraFrame 22.8 ms (trackedPts=0)
10-01 14:51:47.005 D/FpsProbe(26752): fps=30.0
10-01 14:51:47.119 W/FrameProbe(26752): nativeOnCameraFrame 26.8 ms (trackedPts=0)
10-01 14:51:47.358 W/FrameProbe(26752): nativeOnCameraFrame 24.8 ms (trackedPts=0)
10-01 14:51:47.401 W/FrameProbe(26752): nativeOnCameraFrame 32.7 ms (trackedPts=0)
10-01 14:51:47.666 I/ArPoseProbe(26752): fromTs=42.1% latest=57.9% total=18810
10-01 14:51:47.918 W/FrameProbe(26752): nativeOnCameraFrame 19.1 ms (trackedPts=0)
10-01 14:51:48.061 W/FrameProbe(26752): nativeOnCameraFrame 33.7 ms (trackedPts=0)
10-01 14:51:48.062 D/FpsProbe(26752): fps=30.0
10-01 14:51:48.560 W/FrameProbe(26752): nativeOnCameraFrame 23.4 ms (trackedPts=0)
10-01 14:51:48.594 W/FrameProbe(26752): nativeOnCameraFrame 25.8 ms (trackedPts=0)
10-01 14:51:48.784 W/FrameProbe(26752): nativeOnCameraFrame 17.5 ms (trackedPts=0)
10-01 14:51:48.885 W/FrameProbe(26752): nativeOnCameraFrame 18.3 ms (trackedPts=0)
10-01 14:51:48.987 W/FrameProbe(26752): nativeOnCameraFrame 20.9 ms (trackedPts=0)
10-01 14:51:49.064 D/FpsProbe(26752): fps=30.0
10-01 14:51:49.172 I/ArPoseProbe(26752): fromTs=41.9% latest=58.1% total=18900
10-01 14:51:49.250 W/FrameProbe(26752): nativeOnCameraFrame 19.9 ms (trackedPts=0)
10-01 14:51:49.399 W/FrameProbe(26752): nativeOnCameraFrame 33.6 ms (trackedPts=0)
10-01 14:51:49.527 W/FrameProbe(26752): nativeOnCameraFrame 32.0 ms (trackedPts=0)
10-01 14:51:49.780 W/FrameProbe(26752): nativeOnCameraFrame 20.2 ms (trackedPts=0)
10-01 14:51:49.920 W/FrameProbe(26752): nativeOnCameraFrame 25.1 ms (trackedPts=0)
10-01 14:51:50.108 D/FpsProbe(26752): fps=30.0
10-01 14:51:50.592 W/FrameProbe(26752): nativeOnCameraFrame 26.1 ms (trackedPts=0)
10-01 14:51:50.697 I/ArPoseProbe(26752): fromTs=41.7% latest=58.3% total=18990
10-01 14:51:50.846 W/FrameProbe(26752): nativeOnCameraFrame 19.7 ms (trackedPts=0)
10-01 14:51:51.139 D/FpsProbe(26752): fps=30.0
10-01 14:51:51.320 W/FrameProbe(26752): nativeOnCameraFrame 18.0 ms (trackedPts=0)
10-01 14:51:51.388 W/FrameProbe(26752): nativeOnCameraFrame 22.7 ms (trackedPts=0)
10-01 14:51:52.174 D/FpsProbe(26752): fps=30.0
10-01 14:51:52.236 I/ArPoseProbe(26752): fromTs=41.5% latest=58.5% total=19080
10-01 14:51:52.583 W/FrameProbe(26752): nativeOnCameraFrame 22.5 ms (trackedPts=0)
10-01 14:51:52.724 W/FrameProbe(26752): nativeOnCameraFrame 27.0 ms (trackedPts=0)
10-01 14:51:52.856 W/FrameProbe(26752): nativeOnCameraFrame 23.2 ms (trackedPts=0)
10-01 14:51:53.116 W/FrameProbe(26752): nativeOnCameraFrame 21.2 ms (trackedPts=0)
10-01 14:51:53.216 D/FpsProbe(26752): fps=30.0
10-01 14:51:53.764 I/ArPoseProbe(26752): fromTs=41.3% latest=58.7% total=19170
10-01 14:51:54.046 W/FrameProbe(26752): nativeOnCameraFrame 17.4 ms (trackedPts=0)
10-01 14:51:54.234 D/FpsProbe(26752): fps=30.0
10-01 14:51:54.726 W/FrameProbe(26752): nativeOnCameraFrame 31.3 ms (trackedPts=0)
10-01 14:51:54.976 W/FrameProbe(26752): nativeOnCameraFrame 16.3 ms (trackedPts=0)
10-01 14:51:55.284 I/ArPoseProbe(26752): fromTs=41.1% latest=58.9% total=19260
10-01 14:51:55.286 W/FrameProbe(26752): nativeOnCameraFrame 16.1 ms (trackedPts=0)
10-01 14:51:55.287 D/FpsProbe(26752): fps=30.0
10-01 14:51:56.309 D/FpsProbe(26752): fps=30.0
10-01 14:51:56.552 W/FrameProbe(26752): nativeOnCameraFrame 19.0 ms (trackedPts=0)
10-01 14:51:56.602 W/FrameProbe(26752): nativeOnCameraFrame 33.5 ms (trackedPts=0)
10-01 14:51:56.770 I/ArPoseProbe(26752): fromTs=40.9% latest=59.1% total=19350
10-01 14:51:57.335 D/FpsProbe(26752): fps=30.0
10-01 14:51:57.626 W/FrameProbe(26752): nativeOnCameraFrame 25.1 ms (trackedPts=0)
10-01 14:51:57.797 W/FrameProbe(26752): nativeOnCameraFrame 28.7 ms (trackedPts=0)
10-01 14:51:58.273 I/ArPoseProbe(26752): fromTs=40.7% latest=59.3% total=19440
10-01 14:51:58.362 D/FpsProbe(26752): fps=30.0
10-01 14:51:58.520 W/FrameProbe(26752): nativeOnCameraFrame 20.8 ms (trackedPts=0)
10-01 14:51:59.398 W/FrameProbe(26752): nativeOnCameraFrame 31.3 ms (trackedPts=0)
10-01 14:51:59.425 D/FpsProbe(26752): fps=30.0
10-01 14:51:59.816 I/ArPoseProbe(26752): fromTs=40.5% latest=59.5% total=19530
10-01 14:52:00.049 W/FrameProbe(26752): nativeOnCameraFrame 22.0 ms (trackedPts=0)
10-01 14:52:00.119 W/FrameProbe(26752): nativeOnCameraFrame 20.2 ms (trackedPts=0)
10-01 14:52:00.156 W/FrameProbe(26752): nativeOnCameraFrame 20.8 ms (trackedPts=0)
10-01 14:52:00.250 W/FrameProbe(26752): nativeOnCameraFrame 18.0 ms (trackedPts=0)
10-01 14:52:00.285 W/FrameProbe(26752): nativeOnCameraFrame 19.4 ms (trackedPts=0)
10-01 14:52:00.439 W/FrameProbe(26752): nativeOnCameraFrame 17.1 ms (trackedPts=0)
10-01 14:52:00.439 D/FpsProbe(26752): fps=30.0
10-01 14:52:00.506 W/FrameProbe(26752): nativeOnCameraFrame 18.5 ms (trackedPts=0)
10-01 14:52:00.556 W/FrameProbe(26752): nativeOnCameraFrame 18.5 ms (trackedPts=0)
10-01 14:52:01.154 W/FrameProbe(26752): nativeOnCameraFrame 22.2 ms (trackedPts=0)
10-01 14:52:01.306 I/ArPoseProbe(26752): fromTs=40.4% latest=59.6% total=19620
10-01 14:52:01.486 W/FrameProbe(26752): nativeOnCameraFrame 20.1 ms (trackedPts=0)
10-01 14:52:01.487 D/FpsProbe(26752): fps=30.0
10-01 14:52:01.984 W/FrameProbe(26752): nativeOnCameraFrame 18.9 ms (trackedPts=0)
10-01 14:52:02.496 D/FpsProbe(26752): fps=30.0
10-01 14:52:02.828 I/ArPoseProbe(26752): fromTs=40.2% latest=59.8% total=19710
10-01 14:52:03.530 D/FpsProbe(26752): fps=30.0
10-01 14:52:03.714 W/FrameProbe(26752): nativeOnCameraFrame 22.0 ms (trackedPts=0)
10-01 14:52:04.329 I/ArPoseProbe(26752): fromTs=40.0% latest=60.0% total=19800
10-01 14:52:04.446 W/FrameProbe(26752): nativeOnCameraFrame 24.8 ms (trackedPts=0)
10-01 14:52:04.558 W/FrameProbe(26752): nativeOnCameraFrame 24.9 ms (trackedPts=0)
10-01 14:52:04.593 W/FrameProbe(26752): nativeOnCameraFrame 25.0 ms (trackedPts=0)
10-01 14:52:04.594 D/FpsProbe(26752): fps=30.0
10-01 14:52:04.720 W/FrameProbe(26752): nativeOnCameraFrame 29.1 ms (trackedPts=0)
10-01 14:52:05.118 W/FrameProbe(26752): nativeOnCameraFrame 25.9 ms (trackedPts=0)
10-01 14:52:05.221 W/FrameProbe(26752): nativeOnCameraFrame 20.2 ms (trackedPts=0)
10-01 14:52:05.516 W/FrameProbe(26752): nativeOnCameraFrame 21.7 ms (trackedPts=0)
10-01 14:52:05.601 D/FpsProbe(26752): fps=30.0
10-01 14:52:05.750 W/FrameProbe(26752): nativeOnCameraFrame 20.8 ms (trackedPts=0)
10-01 14:52:05.841 I/ArPoseProbe(26752): fromTs=39.8% latest=60.2% total=19890
10-01 14:52:05.925 W/FrameProbe(26752): nativeOnCameraFrame 27.1 ms (trackedPts=0)
10-01 14:52:06.632 D/FpsProbe(26752): fps=30.0
10-01 14:52:06.749 W/FrameProbe(26752): nativeOnCameraFrame 16.7 ms (trackedPts=0)
10-01 14:52:06.914 W/FrameProbe(26752): nativeOnCameraFrame 21.5 ms (trackedPts=0)
10-01 14:52:07.360 I/ArPoseProbe(26752): fromTs=39.6% latest=60.4% total=19980
10-01 14:52:07.668 D/FpsProbe(26752): fps=30.0
10-01 14:52:07.850 W/FrameProbe(26752): nativeOnCameraFrame 21.8 ms (trackedPts=0)
10-01 14:52:08.721 W/FrameProbe(26752): nativeOnCameraFrame 28.3 ms (trackedPts=0)
10-01 14:52:08.722 D/FpsProbe(26752): fps=30.0
10-01 14:52:08.880 I/ArPoseProbe(26752): fromTs=39.5% latest=60.5% total=20070
10-01 14:52:09.230 W/FrameProbe(26752): nativeOnCameraFrame 16.2 ms (trackedPts=0)
10-01 14:52:09.419 W/FrameProbe(26752): nativeOnCameraFrame 19.7 ms (trackedPts=0)
10-01 14:52:09.533 W/FrameProbe(26752): nativeOnCameraFrame 25.7 ms (trackedPts=0)
10-01 14:52:09.734 D/FpsProbe(26752): fps=30.0
10-01 14:52:09.776 W/FrameProbe(26752): nativeOnCameraFrame 20.9 ms (trackedPts=0)
10-01 14:52:09.985 W/FrameProbe(26752): nativeOnCameraFrame 21.0 ms (trackedPts=0)
10-01 14:52:10.104 W/FrameProbe(26752): nativeOnCameraFrame 17.4 ms (trackedPts=0)
10-01 14:52:10.372 I/ArPoseProbe(26752): fromTs=39.3% latest=60.7% total=20160
10-01 14:52:10.593 W/FrameProbe(26752): nativeOnCameraFrame 29.2 ms (trackedPts=0)
10-01 14:52:10.618 W/FrameProbe(26752): nativeOnCameraFrame 16.2 ms (trackedPts=0)
10-01 14:52:10.713 W/FrameProbe(26752): nativeOnCameraFrame 25.2 ms (trackedPts=0)
10-01 14:52:10.765 D/FpsProbe(26752): fps=30.0
10-01 14:52:11.046 W/FrameProbe(26752): nativeOnCameraFrame 17.2 ms (trackedPts=0)
10-01 14:52:11.147 W/FrameProbe(26752): nativeOnCameraFrame 17.1 ms (trackedPts=0)
10-01 14:52:11.602 W/FrameProbe(26752): nativeOnCameraFrame 20.7 ms (trackedPts=0)
10-01 14:52:11.807 D/FpsProbe(26752): fps=30.0
10-01 14:52:11.872 I/ArPoseProbe(26752): fromTs=39.1% latest=60.9% total=20250
10-01 14:52:12.582 W/FrameProbe(26752): nativeOnCameraFrame 26.1 ms (trackedPts=0)
10-01 14:52:12.827 D/FpsProbe(26752): fps=30.0
10-01 14:52:13.315 W/FrameProbe(26752): nativeOnCameraFrame 16.0 ms (trackedPts=0)
10-01 14:52:13.380 I/ArPoseProbe(26752): fromTs=38.9% latest=61.1% total=20340
10-01 14:52:13.845 W/FrameProbe(26752): nativeOnCameraFrame 16.1 ms (trackedPts=0)
10-01 14:52:13.871 D/FpsProbe(26752): fps=30.0
10-01 14:52:14.160 W/FrameProbe(26752): nativeOnCameraFrame 25.3 ms (trackedPts=0)
10-01 14:52:14.199 W/FrameProbe(26752): nativeOnCameraFrame 27.6 ms (trackedPts=0)
10-01 14:52:14.229 W/FrameProbe(26752): nativeOnCameraFrame 16.5 ms (trackedPts=0)
10-01 14:52:14.331 W/FrameProbe(26752): nativeOnCameraFrame 16.7 ms (trackedPts=0)
10-01 14:52:14.872 I/ArPoseProbe(26752): fromTs=38.8% latest=61.2% total=20430
10-01 14:52:14.894 D/FpsProbe(26752): fps=30.0
10-01 14:52:15.324 W/FrameProbe(26752): nativeOnCameraFrame 26.5 ms (trackedPts=0)
10-01 14:52:15.360 W/FrameProbe(26752): nativeOnCameraFrame 22.2 ms (trackedPts=0)
10-01 14:52:15.927 W/FrameProbe(26752): nativeOnCameraFrame 33.0 ms (trackedPts=0)
10-01 14:52:15.941 D/FpsProbe(26752): fps=30.0
10-01 14:52:16.385 I/ArPoseProbe(26752): fromTs=38.6% latest=61.4% total=20520
10-01 14:52:16.716 W/FrameProbe(26752): nativeOnCameraFrame 19.4 ms (trackedPts=0)
10-01 14:52:16.821 W/FrameProbe(26752): nativeOnCameraFrame 27.8 ms (trackedPts=0)
10-01 14:52:16.974 D/FpsProbe(26752): fps=30.0
10-01 14:52:17.656 W/FrameProbe(26752): nativeOnCameraFrame 28.0 ms (trackedPts=0)
10-01 14:52:17.879 I/ArPoseProbe(26752): fromTs=38.4% latest=61.6% total=20610
10-01 14:52:17.991 D/FpsProbe(26752): fps=30.0
10-01 14:52:18.436 W/FrameProbe(26752): nativeOnCameraFrame 16.2 ms (trackedPts=0)
10-01 14:52:18.682 W/FrameProbe(26752): nativeOnCameraFrame 17.6 ms (trackedPts=0)
10-01 14:52:19.034 D/FpsProbe(26752): fps=30.0
10-01 14:52:19.320 W/FrameProbe(26752): nativeOnCameraFrame 20.0 ms (trackedPts=0)
10-01 14:52:19.371 I/ArPoseProbe(26752): fromTs=38.3% latest=61.7% total=20700
10-01 14:52:19.486 W/FrameProbe(26752): nativeOnCameraFrame 22.3 ms (trackedPts=0)
10-01 14:52:19.517 W/FrameProbe(26752): nativeOnCameraFrame 20.9 ms (trackedPts=0)
10-01 14:52:19.789 W/FrameProbe(26752): nativeOnCameraFrame 28.6 ms (trackedPts=0)
10-01 14:52:20.036 W/FrameProbe(26752): nativeOnCameraFrame 17.4 ms (trackedPts=0)
10-01 14:52:20.065 D/FpsProbe(26752): fps=30.0
10-01 14:52:20.893 I/ArPoseProbe(26752): fromTs=38.1% latest=61.9% total=20790
10-01 14:52:21.017 W/FrameProbe(26752): nativeOnCameraFrame 21.2 ms (trackedPts=0)
10-01 14:52:21.092 D/FpsProbe(26752): fps=30.0
10-01 14:52:21.160 W/FrameProbe(26752): nativeOnCameraFrame 30.8 ms (trackedPts=0)
10-01 14:52:21.190 W/FrameProbe(26752): nativeOnCameraFrame 18.5 ms (trackedPts=0)
10-01 14:52:21.481 W/FrameProbe(26752): nativeOnCameraFrame 19.4 ms (trackedPts=0)
10-01 14:52:22.150 W/FrameProbe(26752): nativeOnCameraFrame 18.0 ms (trackedPts=0)
10-01 14:52:22.151 D/FpsProbe(26752): fps=30.0
10-01 14:52:22.412 I/ArPoseProbe(26752): fromTs=37.9% latest=62.1% total=20880
10-01 14:52:22.982 W/FrameProbe(26752): nativeOnCameraFrame 16.7 ms (trackedPts=0)
10-01 14:52:23.167 D/FpsProbe(26752): fps=30.0
10-01 14:52:23.398 W/FrameProbe(26752): nativeOnCameraFrame 28.1 ms (trackedPts=0)
10-01 14:52:23.422 W/FrameProbe(26752): nativeOnCameraFrame 16.5 ms (trackedPts=0)
10-01 14:52:23.905 I/ArPoseProbe(26752): fromTs=37.8% latest=62.2% total=20970
10-01 14:52:24.033 W/FrameProbe(26752): nativeOnCameraFrame 17.4 ms (trackedPts=0)
10-01 14:52:24.227 W/FrameProbe(26752): nativeOnCameraFrame 74.0 ms (trackedPts=0)
10-01 14:52:24.239 D/FpsProbe(26752): fps=29.1
10-01 14:52:24.416 W/FrameProbe(26752): nativeOnCameraFrame 122.6 ms (trackedPts=0)
10-01 14:52:24.539 W/FrameProbe(26752): nativeOnCameraFrame 105.0 ms (trackedPts=0)
10-01 14:52:24.721 W/FrameProbe(26752): nativeOnCameraFrame 154.0 ms (trackedPts=0)
10-01 14:52:24.891 W/FrameProbe(26752): nativeOnCameraFrame 160.0 ms (trackedPts=0)
10-01 14:52:25.062 W/FrameProbe(26752): nativeOnCameraFrame 167.3 ms (trackedPts=0)
10-01 14:52:25.244 W/FrameProbe(26752): nativeOnCameraFrame 165.7 ms (trackedPts=0)
10-01 14:52:25.417 W/FrameProbe(26752): nativeOnCameraFrame 162.7 ms (trackedPts=0)
10-01 14:52:25.417 D/FpsProbe(26752): fps=9.7 LOW
10-01 14:52:26.096 W/FrameProbe(26752): nativeOnCameraFrame 670.1 ms (trackedPts=0)
10-01 14:52:26.179 W/FrameProbe(26752): nativeOnCameraFrame 72.0 ms (trackedPts=0)
10-01 14:52:26.255 W/FrameProbe(26752): nativeOnCameraFrame 67.0 ms (trackedPts=0)
10-01 14:52:26.357 W/FrameProbe(26752): nativeOnCameraFrame 67.9 ms (trackedPts=0)
10-01 14:52:26.357 D/FpsProbe(26752): fps=4.8 LOW
10-01 14:52:26.461 I/ArPoseProbe(26752): fromTs=37.6% latest=62.4% total=21060
10-01 14:52:26.493 W/FrameProbe(26752): nativeOnCameraFrame 68.7 ms (trackedPts=0)
10-01 14:52:26.580 W/FrameProbe(26752): nativeOnCameraFrame 19.4 ms (trackedPts=0)
10-01 14:52:26.837 W/FrameProbe(26752): nativeOnCameraFrame 16.4 ms (trackedPts=0)
10-01 14:52:26.966 W/FrameProbe(26752): nativeOnCameraFrame 16.4 ms (trackedPts=0)
10-01 14:52:27.326 W/FrameProbe(26752): nativeOnCameraFrame 25.2 ms (trackedPts=0)
10-01 14:52:27.346 D/FpsProbe(26752): fps=28.1
10-01 14:52:27.601 W/FrameProbe(26752): nativeOnCameraFrame 16.7 ms (trackedPts=0)
10-01 14:52:27.642 W/FrameProbe(26752): nativeOnCameraFrame 20.4 ms (trackedPts=0)
10-01 14:52:27.777 W/FrameProbe(26752): nativeOnCameraFrame 17.4 ms (trackedPts=0)
10-01 14:52:28.037 I/ArPoseProbe(26752): fromTs=37.4% latest=62.6% total=21150
10-01 14:52:28.176 W/FrameProbe(26752): nativeOnCameraFrame 20.9 ms (trackedPts=0)
10-01 14:52:28.327 W/FrameProbe(26752): nativeOnCameraFrame 30.9 ms (trackedPts=0)
10-01 14:52:28.360 D/FpsProbe(26752): fps=30.0
10-01 14:52:28.626 W/FrameProbe(26752): nativeOnCameraFrame 207.5 ms (trackedPts=0)
10-01 14:52:28.702 W/FrameProbe(26752): nativeOnCameraFrame 68.7 ms (trackedPts=0)
10-01 14:52:28.811 W/FrameProbe(26752): nativeOnCameraFrame 57.4 ms (trackedPts=0)
10-01 14:52:28.950 W/FrameProbe(26752): nativeOnCameraFrame 63.9 ms (trackedPts=0)
10-01 14:52:29.071 W/FrameProbe(26752): nativeOnCameraFrame 62.8 ms (trackedPts=0)
10-01 14:52:29.218 W/FrameProbe(26752): nativeOnCameraFrame 64.3 ms (trackedPts=0)
10-01 14:52:29.344 W/FrameProbe(26752): nativeOnCameraFrame 58.8 ms (trackedPts=0)
10-01 14:52:29.392 D/FpsProbe(26752): fps=19.4 LOW
10-01 14:52:29.475 W/FrameProbe(26752): nativeOnCameraFrame 50.7 ms (trackedPts=0)
10-01 14:52:29.609 W/FrameProbe(26752): nativeOnCameraFrame 56.9 ms (trackedPts=0)
10-01 14:52:29.732 I/ArPoseProbe(26752): fromTs=37.3% latest=62.7% total=21240
10-01 14:52:29.752 W/FrameProbe(26752): nativeOnCameraFrame 72.0 ms (trackedPts=0)
10-01 14:52:29.877 W/FrameProbe(26752): nativeOnCameraFrame 59.7 ms (trackedPts=0)
10-01 14:52:30.013 W/FrameProbe(26752): nativeOnCameraFrame 55.6 ms (trackedPts=0)
10-01 14:52:30.146 W/FrameProbe(26752): nativeOnCameraFrame 60.9 ms (trackedPts=0)
10-01 14:52:30.285 W/FrameProbe(26752): nativeOnCameraFrame 65.5 ms (trackedPts=0)
10-01 14:52:30.418 W/FrameProbe(26752): nativeOnCameraFrame 62.0 ms (trackedPts=0)
10-01 14:52:30.435 D/FpsProbe(26752): fps=25.2
10-01 14:52:30.540 W/FrameProbe(26752): nativeOnCameraFrame 51.6 ms (trackedPts=0)
10-01 14:52:30.683 W/FrameProbe(26752): nativeOnCameraFrame 58.3 ms (trackedPts=0)
10-01 14:52:30.819 W/FrameProbe(26752): nativeOnCameraFrame 60.4 ms (trackedPts=0)
10-01 14:52:30.965 W/FrameProbe(26752): nativeOnCameraFrame 61.6 ms (trackedPts=0)
10-01 14:52:31.089 W/FrameProbe(26752): nativeOnCameraFrame 70.6 ms (trackedPts=0)
10-01 14:52:31.202 W/FrameProbe(26752): nativeOnCameraFrame 53.1 ms (trackedPts=0)
10-01 14:52:31.352 W/FrameProbe(26752): nativeOnCameraFrame 65.2 ms (trackedPts=0)
10-01 14:52:31.367 I/ArPoseProbe(26752): fromTs=37.1% latest=62.9% total=21330
10-01 14:52:31.474 W/FrameProbe(26752): nativeOnCameraFrame 47.0 ms (trackedPts=0)
10-01 14:52:31.498 D/FpsProbe(26752): fps=25.2
10-01 14:52:31.522 W/FrameProbe(26752): nativeOnCameraFrame 17.3 ms (trackedPts=0)
10-01 14:52:31.611 W/FrameProbe(26752): nativeOnCameraFrame 51.9 ms (trackedPts=0)
10-01 14:52:31.752 W/FrameProbe(26752): nativeOnCameraFrame 63.9 ms (trackedPts=0)
10-01 14:52:31.876 W/FrameProbe(26752): nativeOnCameraFrame 51.4 ms (trackedPts=0)
10-01 14:52:32.000 W/FrameProbe(26752): nativeOnCameraFrame 57.7 ms (trackedPts=0)
10-01 14:52:32.154 W/FrameProbe(26752): nativeOnCameraFrame 56.2 ms (trackedPts=0)
10-01 14:52:32.276 W/FrameProbe(26752): nativeOnCameraFrame 58.7 ms (trackedPts=0)
10-01 14:52:32.415 W/FrameProbe(26752): nativeOnCameraFrame 55.6 ms (trackedPts=0)
10-01 14:52:32.546 W/FrameProbe(26752): nativeOnCameraFrame 57.5 ms (trackedPts=0)
10-01 14:52:32.546 D/FpsProbe(26752): fps=26.1
10-01 14:52:32.686 W/FrameProbe(26752): nativeOnCameraFrame 67.1 ms (trackedPts=0)
10-01 14:52:32.829 W/FrameProbe(26752): nativeOnCameraFrame 66.0 ms (trackedPts=0)
10-01 14:52:32.938 W/FrameProbe(26752): nativeOnCameraFrame 63.7 ms (trackedPts=0)
10-01 14:52:33.003 I/ArPoseProbe(26752): fromTs=37.0% latest=63.0% total=21420
10-01 14:52:33.082 W/FrameProbe(26752): nativeOnCameraFrame 58.3 ms (trackedPts=0)
10-01 14:52:33.218 W/FrameProbe(26752): nativeOnCameraFrame 71.1 ms (trackedPts=0)
10-01 14:52:33.339 W/FrameProbe(26752): nativeOnCameraFrame 57.0 ms (trackedPts=0)
10-01 14:52:33.482 W/FrameProbe(26752): nativeOnCameraFrame 58.7 ms (trackedPts=0)
10-01 14:52:33.523 D/FpsProbe(26752): fps=23.2 LOW
10-01 14:52:33.608 W/FrameProbe(26752): nativeOnCameraFrame 57.2 ms (trackedPts=0)
10-01 14:52:33.738 W/FrameProbe(26752): nativeOnCameraFrame 52.6 ms (trackedPts=0)
10-01 14:52:33.877 W/FrameProbe(26752): nativeOnCameraFrame 60.7 ms (trackedPts=0)
10-01 14:52:34.004 W/FrameProbe(26752): nativeOnCameraFrame 52.6 ms (trackedPts=0)
10-01 14:52:34.141 W/FrameProbe(26752): nativeOnCameraFrame 57.5 ms (trackedPts=0)
10-01 14:52:34.291 W/FrameProbe(26752): nativeOnCameraFrame 60.0 ms (trackedPts=0)
10-01 14:52:34.404 W/FrameProbe(26752): nativeOnCameraFrame 54.0 ms (trackedPts=0)
10-01 14:52:34.540 W/FrameProbe(26752): nativeOnCameraFrame 56.8 ms (trackedPts=0)
10-01 14:52:34.561 D/FpsProbe(26752): fps=25.2
10-01 14:52:34.663 I/ArPoseProbe(26752): fromTs=36.8% latest=63.2% total=21510
10-01 14:52:34.694 W/FrameProbe(26752): nativeOnCameraFrame 61.4 ms (trackedPts=0)
10-01 14:52:34.822 W/FrameProbe(26752): nativeOnCameraFrame 60.1 ms (trackedPts=0)
10-01 14:52:34.928 W/FrameProbe(26752): nativeOnCameraFrame 46.5 ms (trackedPts=0)
10-01 14:52:35.069 W/FrameProbe(26752): nativeOnCameraFrame 52.0 ms (trackedPts=0)
10-01 14:52:35.220 W/FrameProbe(26752): nativeOnCameraFrame 57.9 ms (trackedPts=0)
10-01 14:52:35.332 W/FrameProbe(26752): nativeOnCameraFrame 50.8 ms (trackedPts=0)
10-01 14:52:35.468 W/FrameProbe(26752): nativeOnCameraFrame 46.1 ms (trackedPts=0)
10-01 14:52:35.622 W/FrameProbe(26752): nativeOnCameraFrame 64.3 ms (trackedPts=0)
10-01 14:52:35.632 D/FpsProbe(26752): fps=25.3
10-01 14:52:35.749 W/FrameProbe(26752): nativeOnCameraFrame 62.5 ms (trackedPts=0)
10-01 14:52:35.894 W/FrameProbe(26752): nativeOnCameraFrame 66.2 ms (trackedPts=0)
10-01 14:52:35.998 W/FrameProbe(26752): nativeOnCameraFrame 47.6 ms (trackedPts=0)
10-01 14:52:36.136 W/FrameProbe(26752): nativeOnCameraFrame 52.7 ms (trackedPts=0)
10-01 14:52:36.279 W/FrameProbe(26752): nativeOnCameraFrame 57.7 ms (trackedPts=0)
10-01 14:52:36.317 I/ArPoseProbe(26752): fromTs=36.7% latest=63.3% total=21600
10-01 14:52:36.395 W/FrameProbe(26752): nativeOnCameraFrame 45.8 ms (trackedPts=0)
10-01 14:52:36.545 W/FrameProbe(26752): nativeOnCameraFrame 54.7 ms (trackedPts=0)
10-01 14:52:36.694 W/FrameProbe(26752): nativeOnCameraFrame 65.9 ms (trackedPts=0)
10-01 14:52:36.710 D/FpsProbe(26752): fps=24.4 LOW
10-01 14:52:36.803 W/FrameProbe(26752): nativeOnCameraFrame 53.1 ms (trackedPts=0)
10-01 14:52:36.933 W/FrameProbe(26752): nativeOnCameraFrame 52.1 ms (trackedPts=0)
10-01 14:52:37.086 W/FrameProbe(26752): nativeOnCameraFrame 57.9 ms (trackedPts=0)
10-01 14:52:37.206 W/FrameProbe(26752): nativeOnCameraFrame 53.9 ms (trackedPts=0)
10-01 14:52:37.328 W/FrameProbe(26752): nativeOnCameraFrame 53.6 ms (trackedPts=0)
10-01 14:52:37.486 W/FrameProbe(26752): nativeOnCameraFrame 62.4 ms (trackedPts=0)
10-01 14:52:37.613 W/FrameProbe(26752): nativeOnCameraFrame 59.5 ms (trackedPts=0)
10-01 14:52:37.748 W/FrameProbe(26752): nativeOnCameraFrame 67.6 ms (trackedPts=0)
10-01 14:52:37.770 D/FpsProbe(26752): fps=25.3
10-01 14:52:37.862 W/FrameProbe(26752): nativeOnCameraFrame 47.7 ms (trackedPts=0)
10-01 14:52:37.968 I/ArPoseProbe(26752): fromTs=36.5% latest=63.5% total=21690
10-01 14:52:38.018 W/FrameProbe(26752): nativeOnCameraFrame 55.4 ms (trackedPts=0)
10-01 14:52:38.140 W/FrameProbe(26752): nativeOnCameraFrame 56.3 ms (trackedPts=0)
10-01 14:52:38.269 W/FrameProbe(26752): nativeOnCameraFrame 52.3 ms (trackedPts=0)
10-01 14:52:38.410 W/FrameProbe(26752): nativeOnCameraFrame 52.8 ms (trackedPts=0)
10-01 14:52:38.539 W/FrameProbe(26752): nativeOnCameraFrame 55.3 ms (trackedPts=0)
10-01 14:52:38.666 W/FrameProbe(26752): nativeOnCameraFrame 50.5 ms (trackedPts=0)
10-01 14:52:38.819 W/FrameProbe(26752): nativeOnCameraFrame 53.6 ms (trackedPts=0)
10-01 14:52:38.828 D/FpsProbe(26752): fps=25.3
10-01 14:52:38.944 W/FrameProbe(26752): nativeOnCameraFrame 53.4 ms (trackedPts=0)
10-01 14:52:39.074 W/FrameProbe(26752): nativeOnCameraFrame 57.7 ms (trackedPts=0)
10-01 14:52:39.205 W/FrameProbe(26752): nativeOnCameraFrame 46.9 ms (trackedPts=0)
10-01 14:52:39.348 W/FrameProbe(26752): nativeOnCameraFrame 65.4 ms (trackedPts=0)
10-01 14:52:39.471 W/FrameProbe(26752): nativeOnCameraFrame 47.0 ms (trackedPts=0)
10-01 14:52:39.594 I/ArPoseProbe(26752): fromTs=36.4% latest=63.6% total=21780
10-01 14:52:39.625 W/FrameProbe(26752): nativeOnCameraFrame 62.1 ms (trackedPts=0)
10-01 14:52:39.754 W/FrameProbe(26752): nativeOnCameraFrame 62.9 ms (trackedPts=0)
10-01 14:52:39.864 W/FrameProbe(26752): nativeOnCameraFrame 50.6 ms (trackedPts=0)
10-01 14:52:39.886 D/FpsProbe(26752): fps=26.1
10-01 14:52:40.022 W/FrameProbe(26752): nativeOnCameraFrame 62.6 ms (trackedPts=0)
10-01 14:52:40.153 W/FrameProbe(26752): nativeOnCameraFrame 58.4 ms (trackedPts=0)
10-01 14:52:40.277 W/FrameProbe(26752): nativeOnCameraFrame 61.7 ms (trackedPts=0)
10-01 14:52:40.389 W/FrameProbe(26752): nativeOnCameraFrame 50.5 ms (trackedPts=0)
10-01 14:52:40.532 W/FrameProbe(26752): nativeOnCameraFrame 50.8 ms (trackedPts=0)
10-01 14:52:40.676 W/FrameProbe(26752): nativeOnCameraFrame 61.1 ms (trackedPts=0)
10-01 14:52:40.803 W/FrameProbe(26752): nativeOnCameraFrame 47.8 ms (trackedPts=0)
10-01 14:52:40.955 W/FrameProbe(26752): nativeOnCameraFrame 64.8 ms (trackedPts=0)
10-01 14:52:40.955 D/FpsProbe(26752): fps=27.1
10-01 14:52:41.076 W/FrameProbe(26752): nativeOnCameraFrame 54.9 ms (trackedPts=0)
10-01 14:52:41.204 I/ArPoseProbe(26752): fromTs=36.2% latest=63.8% total=21870
10-01 14:52:41.232 W/FrameProbe(26752): nativeOnCameraFrame 78.2 ms (trackedPts=0)
10-01 14:52:41.352 W/FrameProbe(26752): nativeOnCameraFrame 64.2 ms (trackedPts=0)
10-01 14:52:41.474 W/FrameProbe(26752): nativeOnCameraFrame 55.2 ms (trackedPts=0)
10-01 14:52:41.546 W/FrameProbe(26752): nativeOnCameraFrame 17.9 ms (trackedPts=0)
10-01 14:52:41.618 W/FrameProbe(26752): nativeOnCameraFrame 54.4 ms (trackedPts=0)
10-01 14:52:41.735 W/FrameProbe(26752): nativeOnCameraFrame 53.0 ms (trackedPts=0)
10-01 14:52:41.865 W/FrameProbe(26752): nativeOnCameraFrame 54.3 ms (trackedPts=0)
10-01 14:52:41.939 D/FpsProbe(26752): fps=25.2
10-01 14:52:42.008 W/FrameProbe(26752): nativeOnCameraFrame 48.7 ms (trackedPts=0)
10-01 14:52:42.137 W/FrameProbe(26752): nativeOnCameraFrame 55.7 ms (trackedPts=0)
10-01 14:52:42.282 W/FrameProbe(26752): nativeOnCameraFrame 66.5 ms (trackedPts=0)
10-01 14:52:42.407 W/FrameProbe(26752): nativeOnCameraFrame 55.9 ms (trackedPts=0)
10-01 14:52:42.532 W/FrameProbe(26752): nativeOnCameraFrame 54.6 ms (trackedPts=0)
10-01 14:52:42.669 W/FrameProbe(26752): nativeOnCameraFrame 55.1 ms (trackedPts=0)
10-01 14:52:42.832 I/ArPoseProbe(26752): fromTs=36.1% latest=63.9% total=21960
10-01 14:52:42.835 W/FrameProbe(26752): nativeOnCameraFrame 71.7 ms (trackedPts=0)
10-01 14:52:42.933 W/FrameProbe(26752): nativeOnCameraFrame 49.4 ms (trackedPts=0)
10-01 14:52:42.970 D/FpsProbe(26752): fps=26.1
10-01 14:52:43.067 W/FrameProbe(26752): nativeOnCameraFrame 49.9 ms (trackedPts=0)
10-01 14:52:43.207 W/FrameProbe(26752): nativeOnCameraFrame 51.4 ms (trackedPts=0)
10-01 14:52:43.341 W/FrameProbe(26752): nativeOnCameraFrame 52.9 ms (trackedPts=0)
10-01 14:52:43.471 W/FrameProbe(26752): nativeOnCameraFrame 55.9 ms (trackedPts=0)
10-01 14:52:43.600 W/FrameProbe(26752): nativeOnCameraFrame 52.4 ms (trackedPts=0)
10-01 14:52:43.727 W/FrameProbe(26752): nativeOnCameraFrame 43.5 ms (trackedPts=0)
10-01 14:52:43.873 W/FrameProbe(26752): nativeOnCameraFrame 50.6 ms (trackedPts=0)
10-01 14:52:44.011 W/FrameProbe(26752): nativeOnCameraFrame 55.1 ms (trackedPts=0)
10-01 14:52:44.022 D/FpsProbe(26752): fps=25.3
10-01 14:52:44.155 W/FrameProbe(26752): nativeOnCameraFrame 65.5 ms (trackedPts=0)
10-01 14:52:44.272 W/FrameProbe(26752): nativeOnCameraFrame 52.5 ms (trackedPts=0)
10-01 14:52:44.405 W/FrameProbe(26752): nativeOnCameraFrame 49.1 ms (trackedPts=0)
10-01 14:52:44.427 I/ArPoseProbe(26752): fromTs=35.9% latest=64.1% total=22050
10-01 14:52:44.523 W/FrameProbe(26752): nativeOnCameraFrame 50.3 ms (trackedPts=0)
10-01 14:52:44.683 W/FrameProbe(26752): nativeOnCameraFrame 58.7 ms (trackedPts=0)
10-01 14:52:44.808 W/FrameProbe(26752): nativeOnCameraFrame 54.3 ms (trackedPts=0)
10-01 14:52:44.944 W/FrameProbe(26752): nativeOnCameraFrame 51.9 ms (trackedPts=0)
10-01 14:52:45.057 W/FrameProbe(26752): nativeOnCameraFrame 45.2 ms (trackedPts=0)
10-01 14:52:45.075 D/FpsProbe(26752): fps=26.1
10-01 14:52:45.199 W/FrameProbe(26752): nativeOnCameraFrame 51.9 ms (trackedPts=0)
10-01 14:52:45.345 W/FrameProbe(26752): nativeOnCameraFrame 57.6 ms (trackedPts=0)
10-01 14:52:45.458 W/FrameProbe(26752): nativeOnCameraFrame 44.6 ms (trackedPts=0)
10-01 14:52:45.612 W/FrameProbe(26752): nativeOnCameraFrame 57.3 ms (trackedPts=0)
10-01 14:52:45.723 W/FrameProbe(26752): nativeOnCameraFrame 45.1 ms (trackedPts=0)
10-01 14:52:45.868 W/FrameProbe(26752): nativeOnCameraFrame 54.7 ms (trackedPts=0)
10-01 14:52:45.995 W/FrameProbe(26752): nativeOnCameraFrame 48.5 ms (trackedPts=0)
10-01 14:52:46.009 I/ArPoseProbe(26752): fromTs=35.8% latest=64.2% total=22140
10-01 14:52:46.145 W/FrameProbe(26752): nativeOnCameraFrame 56.7 ms (trackedPts=0)
10-01 14:52:46.145 D/FpsProbe(26752): fps=28.1
10-01 14:52:46.283 W/FrameProbe(26752): nativeOnCameraFrame 57.9 ms (trackedPts=0)
10-01 14:52:46.407 W/FrameProbe(26752): nativeOnCameraFrame 51.0 ms (trackedPts=0)
10-01 14:52:46.530 W/FrameProbe(26752): nativeOnCameraFrame 49.9 ms (trackedPts=0)
10-01 14:52:46.684 W/FrameProbe(26752): nativeOnCameraFrame 62.5 ms (trackedPts=0)
10-01 14:52:46.809 W/FrameProbe(26752): nativeOnCameraFrame 58.5 ms (trackedPts=0)
10-01 14:52:46.959 W/FrameProbe(26752): nativeOnCameraFrame 78.3 ms (trackedPts=0)
10-01 14:52:47.092 W/FrameProbe(26752): nativeOnCameraFrame 69.8 ms (trackedPts=0)
10-01 14:52:47.122 D/FpsProbe(26752): fps=25.2
10-01 14:52:47.588 I/ArPoseProbe(26752): fromTs=35.6% latest=64.4% total=22230
10-01 14:52:48.162 D/FpsProbe(26752): fps=30.0
10-01 14:52:48.374 W/FrameProbe(26752): nativeOnCameraFrame 18.6 ms (trackedPts=0)
10-01 14:52:48.794 W/FrameProbe(26752): nativeOnCameraFrame 41.7 ms (trackedPts=0)
10-01 14:52:48.924 W/FrameProbe(26752): nativeOnCameraFrame 39.3 ms (trackedPts=0)
10-01 14:52:49.061 W/FrameProbe(26752): nativeOnCameraFrame 40.5 ms (trackedPts=0)
10-01 14:52:49.091 I/ArPoseProbe(26752): fromTs=35.5% latest=64.5% total=22320
10-01 14:52:49.180 W/FrameProbe(26752): nativeOnCameraFrame 29.3 ms (trackedPts=0)
10-01 14:52:49.207 D/FpsProbe(26752): fps=30.0
10-01 14:52:49.307 W/FrameProbe(26752): nativeOnCameraFrame 26.5 ms (trackedPts=0)
10-01 14:52:49.668 W/FrameProbe(26752): nativeOnCameraFrame 244.7 ms (trackedPts=0)
10-01 14:52:49.737 W/FrameProbe(26752): nativeOnCameraFrame 64.2 ms (trackedPts=0)
10-01 14:52:49.832 W/FrameProbe(26752): nativeOnCameraFrame 49.2 ms (trackedPts=0)
10-01 14:52:49.981 W/FrameProbe(26752): nativeOnCameraFrame 55.3 ms (trackedPts=0)
10-01 14:52:50.116 W/FrameProbe(26752): nativeOnCameraFrame 58.8 ms (trackedPts=0)
10-01 14:52:50.255 W/FrameProbe(26752): nativeOnCameraFrame 68.9 ms (trackedPts=0)
10-01 14:52:50.262 D/FpsProbe(26752): fps=19.7 LOW
10-01 14:52:50.381 W/FrameProbe(26752): nativeOnCameraFrame 66.5 ms (trackedPts=0)
10-01 14:52:50.506 W/FrameProbe(26752): nativeOnCameraFrame 67.1 ms (trackedPts=0)
10-01 14:52:50.546 W/FrameProbe(26752): nativeOnCameraFrame 17.3 ms (trackedPts=0)
10-01 14:52:50.631 W/FrameProbe(26752): nativeOnCameraFrame 51.9 ms (trackedPts=0)
10-01 14:52:50.782 W/FrameProbe(26752): nativeOnCameraFrame 55.9 ms (trackedPts=0)
10-01 14:52:50.820 I/ArPoseProbe(26752): fromTs=35.3% latest=64.7% total=22410
10-01 14:52:50.922 W/FrameProbe(26752): nativeOnCameraFrame 73.8 ms (trackedPts=0)
10-01 14:52:51.063 W/FrameProbe(26752): nativeOnCameraFrame 78.3 ms (trackedPts=0)
10-01 14:52:51.184 W/FrameProbe(26752): nativeOnCameraFrame 62.9 ms (trackedPts=0)
10-01 14:52:51.325 W/FrameProbe(26752): nativeOnCameraFrame 77.3 ms (trackedPts=0)
10-01 14:52:51.338 D/FpsProbe(26752): fps=24.4 LOW
10-01 14:52:51.443 W/FrameProbe(26752): nativeOnCameraFrame 60.8 ms (trackedPts=0)
10-01 14:52:51.578 W/FrameProbe(26752): nativeOnCameraFrame 55.1 ms (trackedPts=0)
10-01 14:52:51.702 W/FrameProbe(26752): nativeOnCameraFrame 65.8 ms (trackedPts=0)
10-01 14:52:51.859 W/FrameProbe(26752): nativeOnCameraFrame 71.4 ms (trackedPts=0)
10-01 14:52:51.969 W/FrameProbe(26752): nativeOnCameraFrame 63.4 ms (trackedPts=0)
10-01 14:52:52.122 W/FrameProbe(26752): nativeOnCameraFrame 64.6 ms (trackedPts=0)
10-01 14:52:52.249 W/FrameProbe(26752): nativeOnCameraFrame 61.9 ms (trackedPts=0)
10-01 14:52:52.390 W/FrameProbe(26752): nativeOnCameraFrame 62.7 ms (trackedPts=0)
10-01 14:52:52.402 D/FpsProbe(26752): fps=23.4 LOW
10-01 14:52:52.508 W/FrameProbe(26752): nativeOnCameraFrame 61.2 ms (trackedPts=0)
10-01 14:52:52.508 I/ArPoseProbe(26752): fromTs=35.2% latest=64.8% total=22500
10-01 14:52:52.646 W/FrameProbe(26752): nativeOnCameraFrame 65.7 ms (trackedPts=0)
10-01 14:52:52.786 W/FrameProbe(26752): nativeOnCameraFrame 63.9 ms (trackedPts=0)
10-01 14:52:52.883 W/FrameProbe(26752): nativeOnCameraFrame 41.7 ms (trackedPts=0)
10-01 14:52:53.063 W/FrameProbe(26752): nativeOnCameraFrame 69.2 ms (trackedPts=0)
10-01 14:52:53.170 W/FrameProbe(26752): nativeOnCameraFrame 52.9 ms (trackedPts=0)
10-01 14:52:53.323 W/FrameProbe(26752): nativeOnCameraFrame 62.6 ms (trackedPts=0)
10-01 14:52:53.442 W/FrameProbe(26752): nativeOnCameraFrame 59.3 ms (trackedPts=0)
10-01 14:52:53.461 D/FpsProbe(26752): fps=23.4 LOW
10-01 14:52:53.583 W/FrameProbe(26752): nativeOnCameraFrame 64.5 ms (trackedPts=0)
10-01 14:52:53.716 W/FrameProbe(26752): nativeOnCameraFrame 68.4 ms (trackedPts=0)
10-01 14:52:53.836 W/FrameProbe(26752): nativeOnCameraFrame 57.5 ms (trackedPts=0)
10-01 14:52:53.970 W/FrameProbe(26752): nativeOnCameraFrame 58.4 ms (trackedPts=0)
10-01 14:52:54.105 W/FrameProbe(26752): nativeOnCameraFrame 55.1 ms (trackedPts=0)
10-01 14:52:54.188 I/ArPoseProbe(26752): fromTs=35.1% latest=64.9% total=22590
10-01 14:52:54.239 W/FrameProbe(26752): nativeOnCameraFrame 58.7 ms (trackedPts=0)
10-01 14:52:54.377 W/FrameProbe(26752): nativeOnCameraFrame 72.7 ms (trackedPts=0)
10-01 14:52:54.527 W/FrameProbe(26752): nativeOnCameraFrame 65.3 ms (trackedPts=0)
10-01 14:52:54.533 D/FpsProbe(26752): fps=22.5 LOW
10-01 14:52:54.650 W/FrameProbe(26752): nativeOnCameraFrame 66.7 ms (trackedPts=0)
10-01 14:52:54.792 W/FrameProbe(26752): nativeOnCameraFrame 70.8 ms (trackedPts=0)
10-01 14:52:54.905 W/FrameProbe(26752): nativeOnCameraFrame 58.6 ms (trackedPts=0)
10-01 14:52:55.036 W/FrameProbe(26752): nativeOnCameraFrame 60.7 ms (trackedPts=0)
10-01 14:52:55.190 W/FrameProbe(26752): nativeOnCameraFrame 63.9 ms (trackedPts=0)
10-01 14:52:55.297 W/FrameProbe(26752): nativeOnCameraFrame 60.2 ms (trackedPts=0)
10-01 14:52:55.449 W/FrameProbe(26752): nativeOnCameraFrame 60.8 ms (trackedPts=0)
10-01 14:52:55.572 W/FrameProbe(26752): nativeOnCameraFrame 50.0 ms (trackedPts=0)
10-01 14:52:55.582 D/FpsProbe(26752): fps=24.2 LOW
10-01 14:52:55.716 W/FrameProbe(26752): nativeOnCameraFrame 60.7 ms (trackedPts=0)
10-01 14:52:55.846 W/FrameProbe(26752): nativeOnCameraFrame 57.5 ms (trackedPts=0)
10-01 14:52:55.857 I/ArPoseProbe(26752): fromTs=34.9% latest=65.1% total=22680
10-01 14:52:55.980 W/FrameProbe(26752): nativeOnCameraFrame 68.6 ms (trackedPts=0)
10-01 14:52:56.100 W/FrameProbe(26752): nativeOnCameraFrame 55.5 ms (trackedPts=0)
10-01 14:52:56.239 W/FrameProbe(26752): nativeOnCameraFrame 56.5 ms (trackedPts=0)
10-01 14:52:56.376 W/FrameProbe(26752): nativeOnCameraFrame 70.2 ms (trackedPts=0)
10-01 14:52:56.508 W/FrameProbe(26752): nativeOnCameraFrame 52.9 ms (trackedPts=0)
10-01 14:52:56.638 W/FrameProbe(26752): nativeOnCameraFrame 51.2 ms (trackedPts=0)
10-01 14:52:56.639 D/FpsProbe(26752): fps=23.2 LOW
10-01 14:52:56.783 W/FrameProbe(26752): nativeOnCameraFrame 53.5 ms (trackedPts=0)
10-01 14:52:56.923 W/FrameProbe(26752): nativeOnCameraFrame 72.9 ms (trackedPts=0)
10-01 14:52:57.031 W/FrameProbe(26752): nativeOnCameraFrame 51.9 ms (trackedPts=0)
10-01 14:52:57.170 W/FrameProbe(26752): nativeOnCameraFrame 56.9 ms (trackedPts=0)
10-01 14:52:57.299 W/FrameProbe(26752): nativeOnCameraFrame 62.5 ms (trackedPts=0)
10-01 14:52:57.440 W/FrameProbe(26752): nativeOnCameraFrame 62.1 ms (trackedPts=0)
10-01 14:52:57.526 I/ArPoseProbe(26752): fromTs=34.8% latest=65.2% total=22770
10-01 14:52:57.568 W/FrameProbe(26752): nativeOnCameraFrame 53.2 ms (trackedPts=0)
10-01 14:52:57.620 D/FpsProbe(26752): fps=26.1
10-01 14:52:57.724 W/FrameProbe(26752): nativeOnCameraFrame 70.4 ms (trackedPts=0)
10-01 14:52:57.847 W/FrameProbe(26752): nativeOnCameraFrame 67.7 ms (trackedPts=0)
10-01 14:52:57.970 W/FrameProbe(26752): nativeOnCameraFrame 59.6 ms (trackedPts=0)
10-01 14:52:58.100 W/FrameProbe(26752): nativeOnCameraFrame 52.7 ms (trackedPts=0)
10-01 14:52:58.240 W/FrameProbe(26752): nativeOnCameraFrame 63.5 ms (trackedPts=0)
10-01 14:52:58.364 W/FrameProbe(26752): nativeOnCameraFrame 54.2 ms (trackedPts=0)
10-01 14:52:58.505 W/FrameProbe(26752): nativeOnCameraFrame 61.9 ms (trackedPts=0)
10-01 14:52:58.650 W/FrameProbe(26752): nativeOnCameraFrame 62.0 ms (trackedPts=0)
10-01 14:52:58.662 D/FpsProbe(26752): fps=24.2 LOW
10-01 14:52:58.772 W/FrameProbe(26752): nativeOnCameraFrame 59.7 ms (trackedPts=0)
10-01 14:52:58.905 W/FrameProbe(26752): nativeOnCameraFrame 60.4 ms (trackedPts=0)
10-01 14:52:59.030 W/FrameProbe(26752): nativeOnCameraFrame 54.3 ms (trackedPts=0)
10-01 14:52:59.172 W/FrameProbe(26752): nativeOnCameraFrame 53.5 ms (trackedPts=0)
10-01 14:52:59.172 I/ArPoseProbe(26752): fromTs=34.6% latest=65.4% total=22860
10-01 14:52:59.312 W/FrameProbe(26752): nativeOnCameraFrame 73.7 ms (trackedPts=0)
10-01 14:52:59.458 W/FrameProbe(26752): nativeOnCameraFrame 68.4 ms (trackedPts=0)
10-01 14:52:59.568 W/FrameProbe(26752): nativeOnCameraFrame 57.0 ms (trackedPts=0)
10-01 14:52:59.713 W/FrameProbe(26752): nativeOnCameraFrame 67.2 ms (trackedPts=0)
10-01 14:52:59.725 D/FpsProbe(26752): fps=26.3
10-01 14:52:59.857 W/FrameProbe(26752): nativeOnCameraFrame 66.7 ms (trackedPts=0)
10-01 14:52:59.984 W/FrameProbe(26752): nativeOnCameraFrame 59.0 ms (trackedPts=0)
10-01 14:53:00.026 W/FrameProbe(26752): nativeOnCameraFrame 21.9 ms (trackedPts=0)
10-01 14:53:00.089 W/FrameProbe(26752): nativeOnCameraFrame 45.8 ms (trackedPts=0)
10-01 14:53:00.238 W/FrameProbe(26752): nativeOnCameraFrame 59.2 ms (trackedPts=0)
10-01 14:53:00.371 W/FrameProbe(26752): nativeOnCameraFrame 59.8 ms (trackedPts=0)
10-01 14:53:00.506 W/FrameProbe(26752): nativeOnCameraFrame 56.2 ms (trackedPts=0)
10-01 14:53:00.630 W/FrameProbe(26752): nativeOnCameraFrame 52.1 ms (trackedPts=0)
10-01 14:53:00.759 W/FrameProbe(26752): nativeOnCameraFrame 55.8 ms (trackedPts=0)
10-01 14:53:00.779 D/FpsProbe(26752): fps=25.2
10-01 14:53:00.798 I/ArPoseProbe(26752): fromTs=34.5% latest=65.5% total=22950
10-01 14:53:00.913 W/FrameProbe(26752): nativeOnCameraFrame 59.8 ms (trackedPts=0)
10-01 14:53:01.037 W/FrameProbe(26752): nativeOnCameraFrame 56.7 ms (trackedPts=0)
10-01 14:53:01.181 W/FrameProbe(26752): nativeOnCameraFrame 66.1 ms (trackedPts=0)
10-01 14:53:01.308 W/FrameProbe(26752): nativeOnCameraFrame 54.4 ms (trackedPts=0)
10-01 14:53:01.447 W/FrameProbe(26752): nativeOnCameraFrame 58.1 ms (trackedPts=0)
10-01 14:53:01.557 W/FrameProbe(26752): nativeOnCameraFrame 37.3 ms (trackedPts=0)
10-01 14:53:01.726 W/FrameProbe(26752): nativeOnCameraFrame 71.7 ms (trackedPts=0)
10-01 14:53:01.836 W/FrameProbe(26752): nativeOnCameraFrame 58.5 ms (trackedPts=0)
10-01 14:53:01.837 D/FpsProbe(26752): fps=25.2
10-01 14:53:01.970 W/FrameProbe(26752): nativeOnCameraFrame 54.4 ms (trackedPts=0)
10-01 14:53:02.112 W/FrameProbe(26752): nativeOnCameraFrame 58.1 ms (trackedPts=0)
10-01 14:53:02.247 W/FrameProbe(26752): nativeOnCameraFrame 64.6 ms (trackedPts=0)
10-01 14:53:02.372 W/FrameProbe(26752): nativeOnCameraFrame 52.9 ms (trackedPts=0)
10-01 14:53:02.442 I/ArPoseProbe(26752): fromTs=34.4% latest=65.6% total=23040
10-01 14:53:02.501 W/FrameProbe(26752): nativeOnCameraFrame 55.5 ms (trackedPts=0)
10-01 14:53:02.629 W/FrameProbe(26752): nativeOnCameraFrame 46.3 ms (trackedPts=0)
10-01 14:53:02.776 W/FrameProbe(26752): nativeOnCameraFrame 53.7 ms (trackedPts=0)
10-01 14:53:02.826 D/FpsProbe(26752): fps=25.2
10-01 14:53:02.913 W/FrameProbe(26752): nativeOnCameraFrame 55.1 ms (trackedPts=0)
10-01 14:53:03.032 W/FrameProbe(26752): nativeOnCameraFrame 59.5 ms (trackedPts=0)
10-01 14:53:03.181 W/FrameProbe(26752): nativeOnCameraFrame 60.4 ms (trackedPts=0)
10-01 14:53:03.328 W/FrameProbe(26752): nativeOnCameraFrame 69.5 ms (trackedPts=0)
10-01 14:53:03.447 W/FrameProbe(26752): nativeOnCameraFrame 62.5 ms (trackedPts=0)
10-01 14:53:03.563 W/FrameProbe(26752): nativeOnCameraFrame 53.9 ms (trackedPts=0)
10-01 14:53:03.702 W/FrameProbe(26752): nativeOnCameraFrame 54.6 ms (trackedPts=0)
10-01 14:53:03.831 W/FrameProbe(26752): nativeOnCameraFrame 57.3 ms (trackedPts=0)
10-01 14:53:03.844 D/FpsProbe(26752): fps=24.2 LOW
10-01 14:53:03.974 W/FrameProbe(26752): nativeOnCameraFrame 61.5 ms (trackedPts=0)
10-01 14:53:04.101 I/ArPoseProbe(26752): fromTs=34.2% latest=65.8% total=23130
10-01 14:53:04.108 W/FrameProbe(26752): nativeOnCameraFrame 52.2 ms (trackedPts=0)
10-01 14:53:04.230 W/FrameProbe(26752): nativeOnCameraFrame 52.9 ms (trackedPts=0)
10-01 14:53:04.367 W/FrameProbe(26752): nativeOnCameraFrame 55.8 ms (trackedPts=0)
10-01 14:53:04.504 W/FrameProbe(26752): nativeOnCameraFrame 57.9 ms (trackedPts=0)
10-01 14:53:04.630 W/FrameProbe(26752): nativeOnCameraFrame 53.5 ms (trackedPts=0)
10-01 14:53:04.773 W/FrameProbe(26752): nativeOnCameraFrame 60.9 ms (trackedPts=0)
10-01 14:53:04.915 W/FrameProbe(26752): nativeOnCameraFrame 57.9 ms (trackedPts=0)
10-01 14:53:04.923 D/FpsProbe(26752): fps=24.4 LOW
10-01 14:53:05.034 W/FrameProbe(26752): nativeOnCameraFrame 56.6 ms (trackedPts=0)
10-01 14:53:05.168 W/FrameProbe(26752): nativeOnCameraFrame 57.6 ms (trackedPts=0)
10-01 14:53:05.290 W/FrameProbe(26752): nativeOnCameraFrame 55.1 ms (trackedPts=0)
10-01 14:53:05.434 W/FrameProbe(26752): nativeOnCameraFrame 52.6 ms (trackedPts=0)
10-01 14:53:05.579 W/FrameProbe(26752): nativeOnCameraFrame 58.7 ms (trackedPts=0)
10-01 14:53:05.701 W/FrameProbe(26752): nativeOnCameraFrame 54.0 ms (trackedPts=0)
10-01 14:53:05.729 I/ArPoseProbe(26752): fromTs=34.1% latest=65.9% total=23220
10-01 14:53:05.834 W/FrameProbe(26752): nativeOnCameraFrame 58.9 ms (trackedPts=0)
10-01 14:53:05.966 W/FrameProbe(26752): nativeOnCameraFrame 52.2 ms (trackedPts=0)
10-01 14:53:05.985 D/FpsProbe(26752): fps=25.2
10-01 14:53:06.101 W/FrameProbe(26752): nativeOnCameraFrame 54.2 ms (trackedPts=0)
10-01 14:53:06.244 W/FrameProbe(26752): nativeOnCameraFrame 59.9 ms (trackedPts=0)
10-01 14:53:06.364 W/FrameProbe(26752): nativeOnCameraFrame 52.4 ms (trackedPts=0)
10-01 14:53:06.498 W/FrameProbe(26752): nativeOnCameraFrame 54.0 ms (trackedPts=0)
10-01 14:53:06.646 W/FrameProbe(26752): nativeOnCameraFrame 63.6 ms (trackedPts=0)
10-01 14:53:06.776 W/FrameProbe(26752): nativeOnCameraFrame 52.7 ms (trackedPts=0)
10-01 14:53:06.904 W/FrameProbe(26752): nativeOnCameraFrame 51.9 ms (trackedPts=0)
10-01 14:53:07.038 W/FrameProbe(26752): nativeOnCameraFrame 62.6 ms (trackedPts=0)
10-01 14:53:07.039 D/FpsProbe(26752): fps=28.1
10-01 14:53:07.170 W/FrameProbe(26752): nativeOnCameraFrame 57.1 ms (trackedPts=0)
10-01 14:53:07.293 W/FrameProbe(26752): nativeOnCameraFrame 56.5 ms (trackedPts=0)
10-01 14:53:07.314 I/ArPoseProbe(26752): fromTs=34.0% latest=66.0% total=23310
10-01 14:53:07.430 W/FrameProbe(26752): nativeOnCameraFrame 52.4 ms (trackedPts=0)
10-01 14:53:07.577 W/FrameProbe(26752): nativeOnCameraFrame 60.1 ms (trackedPts=0)
10-01 14:53:07.699 W/FrameProbe(26752): nativeOnCameraFrame 58.3 ms (trackedPts=0)
10-01 14:53:07.834 W/FrameProbe(26752): nativeOnCameraFrame 51.3 ms (trackedPts=0)
10-01 14:53:07.958 W/FrameProbe(26752): nativeOnCameraFrame 53.6 ms (trackedPts=0)
10-01 14:53:08.025 D/FpsProbe(26752): fps=27.1
10-01 14:53:08.096 W/FrameProbe(26752): nativeOnCameraFrame 53.0 ms (trackedPts=0)
10-01 14:53:08.253 W/FrameProbe(26752): nativeOnCameraFrame 59.2 ms (trackedPts=0)
10-01 14:53:08.374 W/FrameProbe(26752): nativeOnCameraFrame 61.1 ms (trackedPts=0)
10-01 14:53:08.505 W/FrameProbe(26752): nativeOnCameraFrame 62.6 ms (trackedPts=0)
10-01 14:53:08.629 W/FrameProbe(26752): nativeOnCameraFrame 57.8 ms (trackedPts=0)
10-01 14:53:08.771 W/FrameProbe(26752): nativeOnCameraFrame 60.2 ms (trackedPts=0)
10-01 14:53:08.888 W/FrameProbe(26752): nativeOnCameraFrame 54.9 ms (trackedPts=0)
10-01 14:53:08.889 I/ArPoseProbe(26752): fromTs=33.8% latest=66.2% total=23400
10-01 14:53:09.036 W/FrameProbe(26752): nativeOnCameraFrame 47.5 ms (trackedPts=0)
10-01 14:53:09.057 D/FpsProbe(26752): fps=26.1
10-01 14:53:09.158 W/FrameProbe(26752): nativeOnCameraFrame 55.6 ms (trackedPts=0)
10-01 14:53:09.314 W/FrameProbe(26752): nativeOnCameraFrame 61.7 ms (trackedPts=0)
10-01 14:53:09.434 W/FrameProbe(26752): nativeOnCameraFrame 49.9 ms (trackedPts=0)
10-01 14:53:09.587 W/FrameProbe(26752): nativeOnCameraFrame 62.8 ms (trackedPts=0)
10-01 14:53:09.707 W/FrameProbe(26752): nativeOnCameraFrame 60.0 ms (trackedPts=0)
10-01 14:53:09.829 W/FrameProbe(26752): nativeOnCameraFrame 53.0 ms (trackedPts=0)
10-01 14:53:09.960 W/FrameProbe(26752): nativeOnCameraFrame 51.1 ms (trackedPts=0)
10-01 14:53:10.114 W/FrameProbe(26752): nativeOnCameraFrame 59.4 ms (trackedPts=0)
10-01 14:53:10.123 D/FpsProbe(26752): fps=24.4 LOW
10-01 14:53:10.227 W/FrameProbe(26752): nativeOnCameraFrame 57.2 ms (trackedPts=0)
10-01 14:53:10.366 W/FrameProbe(26752): nativeOnCameraFrame 57.3 ms (trackedPts=0)
10-01 14:53:10.515 W/FrameProbe(26752): nativeOnCameraFrame 52.6 ms (trackedPts=0)
10-01 14:53:10.527 I/ArPoseProbe(26752): fromTs=33.7% latest=66.3% total=23490
10-01 14:53:10.652 W/FrameProbe(26752): nativeOnCameraFrame 59.6 ms (trackedPts=0)
10-01 14:53:10.786 W/FrameProbe(26752): nativeOnCameraFrame 63.7 ms (trackedPts=0)
10-01 14:53:10.914 W/FrameProbe(26752): nativeOnCameraFrame 57.6 ms (trackedPts=0)
10-01 14:53:11.038 W/FrameProbe(26752): nativeOnCameraFrame 54.1 ms (trackedPts=0)
10-01 14:53:11.163 W/FrameProbe(26752): nativeOnCameraFrame 50.8 ms (trackedPts=0)
10-01 14:53:11.181 D/FpsProbe(26752): fps=25.2
10-01 14:53:11.311 W/FrameProbe(26752): nativeOnCameraFrame 64.5 ms (trackedPts=0)
10-01 14:53:11.436 W/FrameProbe(26752): nativeOnCameraFrame 58.0 ms (trackedPts=0)
10-01 14:53:11.556 W/FrameProbe(26752): nativeOnCameraFrame 54.7 ms (trackedPts=0)
10-01 14:53:11.716 W/FrameProbe(26752): nativeOnCameraFrame 65.9 ms (trackedPts=0)
10-01 14:53:11.829 W/FrameProbe(26752): nativeOnCameraFrame 51.4 ms (trackedPts=0)
10-01 14:53:11.951 W/FrameProbe(26752): nativeOnCameraFrame 51.2 ms (trackedPts=0)
10-01 14:53:12.088 W/FrameProbe(26752): nativeOnCameraFrame 53.9 ms (trackedPts=0)
10-01 14:53:12.184 I/ArPoseProbe(26752): fromTs=33.6% latest=66.4% total=23580
10-01 14:53:12.248 W/FrameProbe(26752): nativeOnCameraFrame 55.1 ms (trackedPts=0)
10-01 14:53:12.248 D/FpsProbe(26752): fps=28.1
10-01 14:53:12.365 W/FrameProbe(26752): nativeOnCameraFrame 60.1 ms (trackedPts=0)
10-01 14:53:12.515 W/FrameProbe(26752): nativeOnCameraFrame 61.7 ms (trackedPts=0)
10-01 14:53:12.629 W/FrameProbe(26752): nativeOnCameraFrame 54.5 ms (trackedPts=0)
10-01 14:53:12.750 W/FrameProbe(26752): nativeOnCameraFrame 50.3 ms (trackedPts=0)
10-01 14:53:12.912 W/FrameProbe(26752): nativeOnCameraFrame 63.9 ms (trackedPts=0)
10-01 14:53:13.049 W/FrameProbe(26752): nativeOnCameraFrame 59.2 ms (trackedPts=0)
10-01 14:53:13.164 W/FrameProbe(26752): nativeOnCameraFrame 56.1 ms (trackedPts=0)
10-01 14:53:13.222 D/FpsProbe(26752): fps=26.1
10-01 14:53:13.312 W/FrameProbe(26752): nativeOnCameraFrame 61.8 ms (trackedPts=0)
10-01 14:53:13.444 W/FrameProbe(26752): nativeOnCameraFrame 63.1 ms (trackedPts=0)
10-01 14:53:13.570 W/FrameProbe(26752): nativeOnCameraFrame 51.2 ms (trackedPts=0)
10-01 14:53:13.690 W/FrameProbe(26752): nativeOnCameraFrame 56.7 ms (trackedPts=0)
10-01 14:53:13.799 I/ArPoseProbe(26752): fromTs=33.5% latest=66.5% total=23670
10-01 14:53:13.845 W/FrameProbe(26752): nativeOnCameraFrame 73.8 ms (trackedPts=0)
10-01 14:53:13.979 W/FrameProbe(26752): nativeOnCameraFrame 58.9 ms (trackedPts=0)
10-01 14:53:14.101 W/FrameProbe(26752): nativeOnCameraFrame 52.6 ms (trackedPts=0)
10-01 14:53:14.230 W/FrameProbe(26752): nativeOnCameraFrame 54.2 ms (trackedPts=0)
10-01 14:53:14.260 D/FpsProbe(26752): fps=25.2
10-01 14:53:14.362 W/FrameProbe(26752): nativeOnCameraFrame 55.1 ms (trackedPts=0)
10-01 14:53:14.485 W/FrameProbe(26752): nativeOnCameraFrame 50.2 ms (trackedPts=0)
10-01 14:53:14.626 W/FrameProbe(26752): nativeOnCameraFrame 45.2 ms (trackedPts=0)
10-01 14:53:14.771 W/FrameProbe(26752): nativeOnCameraFrame 57.7 ms (trackedPts=0)
10-01 14:53:14.899 W/FrameProbe(26752): nativeOnCameraFrame 54.1 ms (trackedPts=0)
10-01 14:53:15.030 W/FrameProbe(26752): nativeOnCameraFrame 54.4 ms (trackedPts=0)
10-01 14:53:15.165 W/FrameProbe(26752): nativeOnCameraFrame 53.8 ms (trackedPts=0)
10-01 14:53:15.304 W/FrameProbe(26752): nativeOnCameraFrame 53.6 ms (trackedPts=0)
10-01 14:53:15.322 D/FpsProbe(26752): fps=27.2
10-01 14:53:15.392 I/ArPoseProbe(26752): fromTs=33.3% latest=66.7% total=23760
10-01 14:53:15.427 W/FrameProbe(26752): nativeOnCameraFrame 58.2 ms (trackedPts=0)
10-01 14:53:15.554 W/FrameProbe(26752): nativeOnCameraFrame 45.9 ms (trackedPts=0)
10-01 14:53:15.694 W/FrameProbe(26752): nativeOnCameraFrame 57.3 ms (trackedPts=0)
10-01 14:53:15.840 W/FrameProbe(26752): nativeOnCameraFrame 50.0 ms (trackedPts=0)
10-01 14:53:15.959 W/FrameProbe(26752): nativeOnCameraFrame 57.3 ms (trackedPts=0)
10-01 14:53:16.114 W/FrameProbe(26752): nativeOnCameraFrame 59.2 ms (trackedPts=0)
10-01 14:53:16.228 W/FrameProbe(26752): nativeOnCameraFrame 51.9 ms (trackedPts=0)
10-01 14:53:16.358 W/FrameProbe(26752): nativeOnCameraFrame 50.9 ms (trackedPts=0)
10-01 14:53:16.377 D/FpsProbe(26752): fps=28.1
10-01 14:53:16.496 W/FrameProbe(26752): nativeOnCameraFrame 53.3 ms (trackedPts=0)
10-01 14:53:16.630 W/FrameProbe(26752): nativeOnCameraFrame 62.6 ms (trackedPts=0)
10-01 14:53:16.760 W/FrameProbe(26752): nativeOnCameraFrame 51.4 ms (trackedPts=0)
10-01 14:53:16.910 W/FrameProbe(26752): nativeOnCameraFrame 57.1 ms (trackedPts=0)
10-01 14:53:16.944 I/ArPoseProbe(26752): fromTs=33.2% latest=66.8% total=23850
10-01 14:53:17.036 W/FrameProbe(26752): nativeOnCameraFrame 56.5 ms (trackedPts=0)
10-01 14:53:17.174 W/FrameProbe(26752): nativeOnCameraFrame 54.6 ms (trackedPts=0)
10-01 14:53:17.300 W/FrameProbe(26752): nativeOnCameraFrame 53.1 ms (trackedPts=0)
10-01 14:53:17.435 W/FrameProbe(26752): nativeOnCameraFrame 51.4 ms (trackedPts=0)
10-01 14:53:17.436 D/FpsProbe(26752): fps=26.1
10-01 14:53:17.574 W/FrameProbe(26752): nativeOnCameraFrame 59.0 ms (trackedPts=0)
10-01 14:53:17.728 W/FrameProbe(26752): nativeOnCameraFrame 68.5 ms (trackedPts=0)
10-01 14:53:17.833 W/FrameProbe(26752): nativeOnCameraFrame 50.0 ms (trackedPts=0)
10-01 14:53:17.969 W/FrameProbe(26752): nativeOnCameraFrame 51.1 ms (trackedPts=0)
10-01 14:53:18.104 W/FrameProbe(26752): nativeOnCameraFrame 57.9 ms (trackedPts=0)
10-01 14:53:18.237 W/FrameProbe(26752): nativeOnCameraFrame 55.7 ms (trackedPts=0)
10-01 14:53:18.378 W/FrameProbe(26752): nativeOnCameraFrame 56.6 ms (trackedPts=0)
10-01 14:53:18.417 D/FpsProbe(26752): fps=23.2 LOW
10-01 14:53:18.489 W/FrameProbe(26752): nativeOnCameraFrame 53.7 ms (trackedPts=0)
10-01 14:53:18.575 W/FrameProbe(26752): nativeOnCameraFrame 16.5 ms (trackedPts=0)
10-01 14:53:18.627 W/FrameProbe(26752): nativeOnCameraFrame 48.3 ms (trackedPts=0)
10-01 14:53:18.627 I/ArPoseProbe(26752): fromTs=33.1% latest=66.9% total=23940
10-01 14:53:18.781 W/FrameProbe(26752): nativeOnCameraFrame 62.9 ms (trackedPts=0)
10-01 14:53:18.915 W/FrameProbe(26752): nativeOnCameraFrame 57.6 ms (trackedPts=0)
10-01 14:53:19.052 W/FrameProbe(26752): nativeOnCameraFrame 60.9 ms (trackedPts=0)
10-01 14:53:19.168 W/FrameProbe(26752): nativeOnCameraFrame 59.5 ms (trackedPts=0)
10-01 14:53:19.302 W/FrameProbe(26752): nativeOnCameraFrame 67.3 ms (trackedPts=0)
10-01 14:53:19.430 W/FrameProbe(26752): nativeOnCameraFrame 58.7 ms (trackedPts=0)
10-01 14:53:19.450 D/FpsProbe(26752): fps=24.2 LOW
10-01 14:53:19.550 W/FrameProbe(26752): nativeOnCameraFrame 44.7 ms (trackedPts=0)
10-01 14:53:19.712 W/FrameProbe(26752): nativeOnCameraFrame 61.6 ms (trackedPts=0)
10-01 14:53:19.830 W/FrameProbe(26752): nativeOnCameraFrame 53.2 ms (trackedPts=0)
10-01 14:53:19.965 W/FrameProbe(26752): nativeOnCameraFrame 54.6 ms (trackedPts=0)
10-01 14:53:20.113 W/FrameProbe(26752): nativeOnCameraFrame 56.4 ms (trackedPts=0)
10-01 14:53:20.230 W/FrameProbe(26752): nativeOnCameraFrame 52.9 ms (trackedPts=0)
10-01 14:53:20.282 I/ArPoseProbe(26752): fromTs=33.0% latest=67.0% total=24030
10-01 14:53:20.364 W/FrameProbe(26752): nativeOnCameraFrame 47.7 ms (trackedPts=0)
10-01 14:53:20.512 W/FrameProbe(26752): nativeOnCameraFrame 56.7 ms (trackedPts=0)
10-01 14:53:20.527 D/FpsProbe(26752): fps=23.4 LOW
10-01 14:53:20.644 W/FrameProbe(26752): nativeOnCameraFrame 78.6 ms (trackedPts=0)
10-01 14:53:20.680 W/FrameProbe(26752): nativeOnCameraFrame 16.4 ms (trackedPts=0)
10-01 14:53:20.780 W/FrameProbe(26752): nativeOnCameraFrame 61.5 ms (trackedPts=0)
10-01 14:53:20.899 W/FrameProbe(26752): nativeOnCameraFrame 57.7 ms (trackedPts=0)
10-01 14:53:21.026 W/FrameProbe(26752): nativeOnCameraFrame 48.1 ms (trackedPts=0)
10-01 14:53:21.161 W/FrameProbe(26752): nativeOnCameraFrame 53.4 ms (trackedPts=0)
10-01 14:53:21.285 W/FrameProbe(26752): nativeOnCameraFrame 50.2 ms (trackedPts=0)
10-01 14:53:21.447 W/FrameProbe(26752): nativeOnCameraFrame 63.4 ms (trackedPts=0)
10-01 14:53:21.552 W/FrameProbe(26752): nativeOnCameraFrame 44.0 ms (trackedPts=0)
10-01 14:53:21.564 D/FpsProbe(26752): fps=25.2
10-01 14:53:21.694 W/FrameProbe(26752): nativeOnCameraFrame 46.8 ms (trackedPts=0)
10-01 14:53:21.838 W/FrameProbe(26752): nativeOnCameraFrame 50.4 ms (trackedPts=0)
10-01 14:53:21.960 W/FrameProbe(26752): nativeOnCameraFrame 51.3 ms (trackedPts=0)
10-01 14:53:21.960 I/ArPoseProbe(26752): fromTs=32.8% latest=67.2% total=24120
10-01 14:53:22.086 W/FrameProbe(26752): nativeOnCameraFrame 47.2 ms (trackedPts=0)
10-01 14:53:22.230 W/FrameProbe(26752): nativeOnCameraFrame 59.8 ms (trackedPts=0)
10-01 14:53:22.362 W/FrameProbe(26752): nativeOnCameraFrame 55.5 ms (trackedPts=0)
10-01 14:53:22.504 W/FrameProbe(26752): nativeOnCameraFrame 54.1 ms (trackedPts=0)
10-01 14:53:22.640 W/FrameProbe(26752): nativeOnCameraFrame 53.1 ms (trackedPts=0)
10-01 14:53:22.641 D/FpsProbe(26752): fps=26.1
10-01 14:53:22.759 W/FrameProbe(26752): nativeOnCameraFrame 54.7 ms (trackedPts=0)
10-01 14:53:22.892 W/FrameProbe(26752): nativeOnCameraFrame 52.7 ms (trackedPts=0)
10-01 14:53:23.036 W/FrameProbe(26752): nativeOnCameraFrame 58.3 ms (trackedPts=0)
10-01 14:53:23.162 W/FrameProbe(26752): nativeOnCameraFrame 52.3 ms (trackedPts=0)
10-01 14:53:23.313 W/FrameProbe(26752): nativeOnCameraFrame 58.2 ms (trackedPts=0)
10-01 14:53:23.444 W/FrameProbe(26752): nativeOnCameraFrame 65.5 ms (trackedPts=0)
10-01 14:53:23.574 W/FrameProbe(26752): nativeOnCameraFrame 59.4 ms (trackedPts=0)
10-01 14:53:23.595 I/ArPoseProbe(26752): fromTs=32.7% latest=67.3% total=24210
10-01 14:53:23.616 D/FpsProbe(26752): fps=24.2 LOW
10-01 14:53:23.710 W/FrameProbe(26752): nativeOnCameraFrame 65.9 ms (trackedPts=0)
10-01 14:53:23.842 W/FrameProbe(26752): nativeOnCameraFrame 56.2 ms (trackedPts=0)
10-01 14:53:23.964 W/FrameProbe(26752): nativeOnCameraFrame 54.9 ms (trackedPts=0)
10-01 14:53:24.102 W/FrameProbe(26752): nativeOnCameraFrame 54.9 ms (trackedPts=0)
10-01 14:53:24.234 W/FrameProbe(26752): nativeOnCameraFrame 57.1 ms (trackedPts=0)
10-01 14:53:24.388 W/FrameProbe(26752): nativeOnCameraFrame 64.3 ms (trackedPts=0)
10-01 14:53:24.513 W/FrameProbe(26752): nativeOnCameraFrame 60.0 ms (trackedPts=0)
10-01 14:53:24.626 W/FrameProbe(26752): nativeOnCameraFrame 53.5 ms (trackedPts=0)
10-01 14:53:24.646 D/FpsProbe(26752): fps=25.2
10-01 14:53:24.774 W/FrameProbe(26752): nativeOnCameraFrame 55.1 ms (trackedPts=0)
10-01 14:53:24.899 W/FrameProbe(26752): nativeOnCameraFrame 58.1 ms (trackedPts=0)
10-01 14:53:25.046 W/FrameProbe(26752): nativeOnCameraFrame 52.4 ms (trackedPts=0)
10-01 14:53:25.153 W/FrameProbe(26752): nativeOnCameraFrame 48.5 ms (trackedPts=0)
10-01 14:53:25.222 I/ArPoseProbe(26752): fromTs=32.6% latest=67.4% total=24300
10-01 14:53:25.295 W/FrameProbe(26752): nativeOnCameraFrame 52.8 ms (trackedPts=0)
10-01 14:53:25.430 W/FrameProbe(26752): nativeOnCameraFrame 54.5 ms (trackedPts=0)
10-01 14:53:25.466 W/FrameProbe(26752): nativeOnCameraFrame 19.0 ms (trackedPts=0)
10-01 14:53:25.514 W/FrameProbe(26752): nativeOnCameraFrame 25.8 ms (trackedPts=0)
10-01 14:53:25.583 W/FrameProbe(26752): nativeOnCameraFrame 66.0 ms (trackedPts=0)
10-01 14:53:25.624 W/FrameProbe(26752): nativeOnCameraFrame 32.1 ms (trackedPts=0)
10-01 14:53:25.666 W/FrameProbe(26752): nativeOnCameraFrame 18.9 ms (trackedPts=0)
10-01 14:53:25.757 W/FrameProbe(26752): nativeOnCameraFrame 71.2 ms (trackedPts=0)
10-01 14:53:25.783 D/FpsProbe(26752): fps=23.6 LOW
10-01 14:53:25.890 W/FrameProbe(26752): nativeOnCameraFrame 73.3 ms (trackedPts=0)
10-01 14:53:26.013 W/FrameProbe(26752): nativeOnCameraFrame 61.9 ms (trackedPts=0)
10-01 14:53:26.136 W/FrameProbe(26752): nativeOnCameraFrame 58.3 ms (trackedPts=0)
10-01 14:53:26.271 W/FrameProbe(26752): nativeOnCameraFrame 60.9 ms (trackedPts=0)
10-01 14:53:26.411 W/FrameProbe(26752): nativeOnCameraFrame 61.3 ms (trackedPts=0)
10-01 14:53:26.538 W/FrameProbe(26752): nativeOnCameraFrame 53.8 ms (trackedPts=0)
10-01 14:53:26.674 W/FrameProbe(26752): nativeOnCameraFrame 54.7 ms (trackedPts=0)
10-01 14:53:26.807 W/FrameProbe(26752): nativeOnCameraFrame 59.5 ms (trackedPts=0)
10-01 14:53:26.820 D/FpsProbe(26752): fps=23.4 LOW
10-01 14:53:26.947 W/FrameProbe(26752): nativeOnCameraFrame 61.0 ms (trackedPts=0)
10-01 14:53:26.965 I/ArPoseProbe(26752): fromTs=32.5% latest=67.5% total=24390
10-01 14:53:27.078 W/FrameProbe(26752): nativeOnCameraFrame 64.3 ms (trackedPts=0)
10-01 14:53:27.209 W/FrameProbe(26752): nativeOnCameraFrame 58.0 ms (trackedPts=0)
10-01 14:53:27.361 W/FrameProbe(26752): nativeOnCameraFrame 68.6 ms (trackedPts=0)
10-01 14:53:27.463 W/FrameProbe(26752): nativeOnCameraFrame 56.8 ms (trackedPts=0)
10-01 14:53:27.608 W/FrameProbe(26752): nativeOnCameraFrame 55.1 ms (trackedPts=0)
10-01 14:53:27.731 W/FrameProbe(26752): nativeOnCameraFrame 55.7 ms (trackedPts=0)
10-01 14:53:27.884 W/FrameProbe(26752): nativeOnCameraFrame 62.6 ms (trackedPts=0)
10-01 14:53:27.892 D/FpsProbe(26752): fps=23.4 LOW
10-01 14:53:27.997 W/FrameProbe(26752): nativeOnCameraFrame 57.4 ms (trackedPts=0)
10-01 14:53:28.141 W/FrameProbe(26752): nativeOnCameraFrame 55.7 ms (trackedPts=0)
10-01 14:53:28.263 W/FrameProbe(26752): nativeOnCameraFrame 54.2 ms (trackedPts=0)
10-01 14:53:28.406 W/FrameProbe(26752): nativeOnCameraFrame 60.9 ms (trackedPts=0)
10-01 14:53:28.536 W/FrameProbe(26752): nativeOnCameraFrame 55.7 ms (trackedPts=0)
10-01 14:53:28.658 I/ArPoseProbe(26752): fromTs=32.3% latest=67.7% total=24480
10-01 14:53:28.666 W/FrameProbe(26752): nativeOnCameraFrame 63.5 ms (trackedPts=0)
10-01 14:53:28.807 W/FrameProbe(26752): nativeOnCameraFrame 54.8 ms (trackedPts=0)
10-01 14:53:28.929 W/FrameProbe(26752): nativeOnCameraFrame 59.0 ms (trackedPts=0)
10-01 14:53:28.948 D/FpsProbe(26752): fps=23.4 LOW
10-01 14:53:29.065 W/FrameProbe(26752): nativeOnCameraFrame 52.1 ms (trackedPts=0)
10-01 14:53:29.191 W/FrameProbe(26752): nativeOnCameraFrame 59.0 ms (trackedPts=0)
10-01 14:53:29.329 W/FrameProbe(26752): nativeOnCameraFrame 63.0 ms (trackedPts=0)
10-01 14:53:29.459 W/FrameProbe(26752): nativeOnCameraFrame 51.3 ms (trackedPts=0)
10-01 14:53:29.602 W/FrameProbe(26752): nativeOnCameraFrame 52.0 ms (trackedPts=0)
10-01 14:53:29.730 W/FrameProbe(26752): nativeOnCameraFrame 55.0 ms (trackedPts=0)
10-01 14:53:29.877 W/FrameProbe(26752): nativeOnCameraFrame 62.6 ms (trackedPts=0)
10-01 14:53:29.999 W/FrameProbe(26752): nativeOnCameraFrame 56.9 ms (trackedPts=0)
10-01 14:53:30.014 D/FpsProbe(26752): fps=28.1
10-01 14:53:30.146 W/FrameProbe(26752): nativeOnCameraFrame 59.2 ms (trackedPts=0)
10-01 14:53:30.251 I/ArPoseProbe(26752): fromTs=32.2% latest=67.8% total=24570
10-01 14:53:30.287 W/FrameProbe(26752): nativeOnCameraFrame 66.8 ms (trackedPts=0)
10-01 14:53:30.388 W/FrameProbe(26752): nativeOnCameraFrame 56.0 ms (trackedPts=0)
10-01 14:53:30.544 W/FrameProbe(26752): nativeOnCameraFrame 62.7 ms (trackedPts=0)
10-01 14:53:30.662 W/FrameProbe(26752): nativeOnCameraFrame 52.9 ms (trackedPts=0)
10-01 14:53:30.792 W/FrameProbe(26752): nativeOnCameraFrame 50.4 ms (trackedPts=0)
10-01 14:53:30.925 W/FrameProbe(26752): nativeOnCameraFrame 54.9 ms (trackedPts=0)
10-01 14:53:31.063 W/FrameProbe(26752): nativeOnCameraFrame 64.7 ms (trackedPts=0)
10-01 14:53:31.087 D/FpsProbe(26752): fps=24.4 LOW
10-01 14:53:31.187 W/FrameProbe(26752): nativeOnCameraFrame 53.8 ms (trackedPts=0)
10-01 14:53:31.325 W/FrameProbe(26752): nativeOnCameraFrame 49.8 ms (trackedPts=0)
10-01 14:53:31.467 W/FrameProbe(26752): nativeOnCameraFrame 51.7 ms (trackedPts=0)
10-01 14:53:31.591 W/FrameProbe(26752): nativeOnCameraFrame 53.2 ms (trackedPts=0)
10-01 14:53:31.723 W/FrameProbe(26752): nativeOnCameraFrame 59.2 ms (trackedPts=0)
10-01 14:53:31.873 W/FrameProbe(26752): nativeOnCameraFrame 53.8 ms (trackedPts=0)
10-01 14:53:31.875 I/ArPoseProbe(26752): fromTs=32.1% latest=67.9% total=24660
10-01 14:53:31.909 W/FrameProbe(26752): nativeOnCameraFrame 17.7 ms (trackedPts=0)
10-01 14:53:31.994 W/FrameProbe(26752): nativeOnCameraFrame 53.7 ms (trackedPts=0)
10-01 14:53:32.135 W/FrameProbe(26752): nativeOnCameraFrame 51.8 ms (trackedPts=0)
10-01 14:53:32.145 D/FpsProbe(26752): fps=29.0
10-01 14:53:32.275 W/FrameProbe(26752): nativeOnCameraFrame 58.5 ms (trackedPts=0)
10-01 14:53:32.393 W/FrameProbe(26752): nativeOnCameraFrame 54.6 ms (trackedPts=0)
10-01 14:53:32.531 W/FrameProbe(26752): nativeOnCameraFrame 54.1 ms (trackedPts=0)
10-01 14:53:32.646 W/FrameProbe(26752): nativeOnCameraFrame 48.9 ms (trackedPts=0)
10-01 14:53:32.811 W/FrameProbe(26752): nativeOnCameraFrame 55.3 ms (trackedPts=0)
10-01 14:53:32.931 W/FrameProbe(26752): nativeOnCameraFrame 55.7 ms (trackedPts=0)
10-01 14:53:32.979 W/FrameProbe(26752): nativeOnCameraFrame 16.2 ms (trackedPts=0)
10-01 14:53:33.069 W/FrameProbe(26752): nativeOnCameraFrame 61.8 ms (trackedPts=0)
10-01 14:53:33.183 W/FrameProbe(26752): nativeOnCameraFrame 51.2 ms (trackedPts=0)
10-01 14:53:33.183 D/FpsProbe(26752): fps=26.1
10-01 14:53:33.347 W/FrameProbe(26752): nativeOnCameraFrame 62.4 ms (trackedPts=0)
10-01 14:53:33.456 I/ArPoseProbe(26752): fromTs=32.0% latest=68.0% total=24750
10-01 14:53:33.467 W/FrameProbe(26752): nativeOnCameraFrame 53.0 ms (trackedPts=0)
10-01 14:53:33.610 W/FrameProbe(26752): nativeOnCameraFrame 59.4 ms (trackedPts=0)
10-01 14:53:33.731 W/FrameProbe(26752): nativeOnCameraFrame 53.9 ms (trackedPts=0)
10-01 14:53:33.868 W/FrameProbe(26752): nativeOnCameraFrame 55.5 ms (trackedPts=0)
10-01 14:53:34.001 W/FrameProbe(26752): nativeOnCameraFrame 57.7 ms (trackedPts=0)
10-01 14:53:34.144 W/FrameProbe(26752): nativeOnCameraFrame 57.7 ms (trackedPts=0)
10-01 14:53:34.187 D/FpsProbe(26752): fps=23.2 LOW
10-01 14:53:34.274 W/FrameProbe(26752): nativeOnCameraFrame 54.4 ms (trackedPts=0)
10-01 14:53:34.397 W/FrameProbe(26752): nativeOnCameraFrame 56.6 ms (trackedPts=0)
10-01 14:53:34.543 W/FrameProbe(26752): nativeOnCameraFrame 57.0 ms (trackedPts=0)
10-01 14:53:34.668 W/FrameProbe(26752): nativeOnCameraFrame 54.6 ms (trackedPts=0)
10-01 14:53:34.787 W/FrameProbe(26752): nativeOnCameraFrame 48.4 ms (trackedPts=0)
10-01 14:53:34.923 W/FrameProbe(26752): nativeOnCameraFrame 48.6 ms (trackedPts=0)
10-01 14:53:35.080 W/FrameProbe(26752): nativeOnCameraFrame 66.2 ms (trackedPts=0)
10-01 14:53:35.081 I/ArPoseProbe(26752): fromTs=31.9% latest=68.1% total=24840
10-01 14:53:35.198 W/FrameProbe(26752): nativeOnCameraFrame 54.4 ms (trackedPts=0)
10-01 14:53:35.217 D/FpsProbe(26752): fps=26.1
10-01 14:53:35.340 W/FrameProbe(26752): nativeOnCameraFrame 60.2 ms (trackedPts=0)
10-01 14:53:35.464 W/FrameProbe(26752): nativeOnCameraFrame 54.1 ms (trackedPts=0)
10-01 14:53:35.601 W/FrameProbe(26752): nativeOnCameraFrame 53.0 ms (trackedPts=0)
10-01 14:53:35.721 W/FrameProbe(26752): nativeOnCameraFrame 57.6 ms (trackedPts=0)
10-01 14:53:35.869 W/FrameProbe(26752): nativeOnCameraFrame 58.4 ms (trackedPts=0)
10-01 14:53:35.989 W/FrameProbe(26752): nativeOnCameraFrame 51.7 ms (trackedPts=0)
10-01 14:53:36.142 W/FrameProbe(26752): nativeOnCameraFrame 60.3 ms (trackedPts=0)
10-01 14:53:36.256 W/FrameProbe(26752): nativeOnCameraFrame 46.9 ms (trackedPts=0)
10-01 14:53:36.275 D/FpsProbe(26752): fps=26.1
10-01 14:53:36.388 W/FrameProbe(26752): nativeOnCameraFrame 54.0 ms (trackedPts=0)
10-01 14:53:36.524 W/FrameProbe(26752): nativeOnCameraFrame 60.1 ms (trackedPts=0)
10-01 14:53:36.606 W/FrameProbe(26752): nativeOnCameraFrame 17.4 ms (trackedPts=0)
10-01 14:53:36.685 W/FrameProbe(26752): nativeOnCameraFrame 65.1 ms (trackedPts=0)
10-01 14:53:36.725 I/ArPoseProbe(26752): fromTs=31.8% latest=68.2% total=24930
10-01 14:53:36.795 W/FrameProbe(26752): nativeOnCameraFrame 46.6 ms (trackedPts=0)
10-01 14:53:36.942 W/FrameProbe(26752): nativeOnCameraFrame 59.6 ms (trackedPts=0)
10-01 14:53:37.056 W/FrameProbe(26752): nativeOnCameraFrame 54.9 ms (trackedPts=0)
10-01 14:53:37.185 W/FrameProbe(26752): nativeOnCameraFrame 47.5 ms (trackedPts=0)
10-01 14:53:37.344 W/FrameProbe(26752): nativeOnCameraFrame 61.7 ms (trackedPts=0)
10-01 14:53:37.345 D/FpsProbe(26752): fps=27.1
10-01 14:53:37.466 W/FrameProbe(26752): nativeOnCameraFrame 57.0 ms (trackedPts=0)
10-01 14:53:37.620 W/FrameProbe(26752): nativeOnCameraFrame 66.4 ms (trackedPts=0)
10-01 14:53:37.743 W/FrameProbe(26752): nativeOnCameraFrame 70.1 ms (trackedPts=0)
10-01 14:53:37.868 W/FrameProbe(26752): nativeOnCameraFrame 69.1 ms (trackedPts=0)
10-01 14:53:37.989 W/FrameProbe(26752): nativeOnCameraFrame 56.9 ms (trackedPts=0)
10-01 14:53:38.131 W/FrameProbe(26752): nativeOnCameraFrame 54.8 ms (trackedPts=0)
10-01 14:53:38.277 W/FrameProbe(26752): nativeOnCameraFrame 65.3 ms (trackedPts=0)
10-01 14:53:38.314 D/FpsProbe(26752): fps=24.2 LOW
10-01 14:53:38.410 W/FrameProbe(26752): nativeOnCameraFrame 55.7 ms (trackedPts=0)
10-01 14:53:38.541 W/FrameProbe(26752): nativeOnCameraFrame 59.9 ms (trackedPts=0)
10-01 14:53:38.628 I/ArPoseProbe(26752): fromTs=31.7% latest=68.3% total=25020
10-01 14:53:38.653 W/FrameProbe(26752): nativeOnCameraFrame 55.9 ms (trackedPts=0)
10-01 14:53:38.807 W/FrameProbe(26752): nativeOnCameraFrame 56.6 ms (trackedPts=0)
10-01 14:53:38.924 W/FrameProbe(26752): nativeOnCameraFrame 44.2 ms (trackedPts=0)
10-01 14:53:39.063 W/FrameProbe(26752): nativeOnCameraFrame 49.9 ms (trackedPts=0)
10-01 14:53:39.200 W/FrameProbe(26752): nativeOnCameraFrame 55.8 ms (trackedPts=0)
10-01 14:53:39.329 W/FrameProbe(26752): nativeOnCameraFrame 57.7 ms (trackedPts=0)
10-01 14:53:39.364 D/FpsProbe(26752): fps=24.2 LOW
10-01 14:53:39.467 W/FrameProbe(26752): nativeOnCameraFrame 67.3 ms (trackedPts=0)
10-01 14:53:39.600 W/FrameProbe(26752): nativeOnCameraFrame 68.7 ms (trackedPts=0)
10-01 14:53:39.737 W/FrameProbe(26752): nativeOnCameraFrame 58.5 ms (trackedPts=0)
10-01 14:53:39.859 W/FrameProbe(26752): nativeOnCameraFrame 52.6 ms (trackedPts=0)
10-01 14:53:39.987 W/FrameProbe(26752): nativeOnCameraFrame 56.2 ms (trackedPts=0)
10-01 14:53:40.141 W/FrameProbe(26752): nativeOnCameraFrame 54.9 ms (trackedPts=0)
10-01 14:53:40.277 W/FrameProbe(26752): nativeOnCameraFrame 59.0 ms (trackedPts=0)
10-01 14:53:40.390 I/ArPoseProbe(26752): fromTs=31.5% latest=68.5% total=25110
10-01 14:53:40.397 W/FrameProbe(26752): nativeOnCameraFrame 55.4 ms (trackedPts=0)
10-01 14:53:40.422 D/FpsProbe(26752): fps=24.4 LOW
10-01 14:53:40.538 W/FrameProbe(26752): nativeOnCameraFrame 59.9 ms (trackedPts=0)
10-01 14:53:40.661 W/FrameProbe(26752): nativeOnCameraFrame 57.3 ms (trackedPts=0)
10-01 14:53:40.806 W/FrameProbe(26752): nativeOnCameraFrame 62.9 ms (trackedPts=0)
10-01 14:53:40.924 W/FrameProbe(26752): nativeOnCameraFrame 60.2 ms (trackedPts=0)
10-01 14:53:41.061 W/FrameProbe(26752): nativeOnCameraFrame 54.5 ms (trackedPts=0)
10-01 14:53:41.187 W/FrameProbe(26752): nativeOnCameraFrame 58.7 ms (trackedPts=0)
10-01 14:53:41.345 W/FrameProbe(26752): nativeOnCameraFrame 55.6 ms (trackedPts=0)
10-01 14:53:41.479 W/FrameProbe(26752): nativeOnCameraFrame 64.4 ms (trackedPts=0)
10-01 14:53:41.493 D/FpsProbe(26752): fps=24.4 LOW
10-01 14:53:41.607 W/FrameProbe(26752): nativeOnCameraFrame 56.3 ms (trackedPts=0)
10-01 14:53:41.746 W/FrameProbe(26752): nativeOnCameraFrame 68.7 ms (trackedPts=0)
10-01 14:53:41.862 W/FrameProbe(26752): nativeOnCameraFrame 61.5 ms (trackedPts=0)
10-01 14:53:41.989 W/FrameProbe(26752): nativeOnCameraFrame 48.6 ms (trackedPts=0)
10-01 14:53:42.031 I/ArPoseProbe(26752): fromTs=31.4% latest=68.6% total=25200
10-01 14:53:42.134 W/FrameProbe(26752): nativeOnCameraFrame 62.6 ms (trackedPts=0)
10-01 14:53:42.269 W/FrameProbe(26752): nativeOnCameraFrame 61.5 ms (trackedPts=0)
10-01 14:53:42.388 W/FrameProbe(26752): nativeOnCameraFrame 45.9 ms (trackedPts=0)
10-01 14:53:42.531 W/FrameProbe(26752): nativeOnCameraFrame 57.5 ms (trackedPts=0)
10-01 14:53:42.550 D/FpsProbe(26752): fps=25.3
10-01 14:53:42.673 W/FrameProbe(26752): nativeOnCameraFrame 62.1 ms (trackedPts=0)
10-01 14:53:42.791 W/FrameProbe(26752): nativeOnCameraFrame 52.2 ms (trackedPts=0)
10-01 14:53:42.932 W/FrameProbe(26752): nativeOnCameraFrame 62.9 ms (trackedPts=0)
10-01 14:53:43.063 W/FrameProbe(26752): nativeOnCameraFrame 55.3 ms (trackedPts=0)
10-01 14:53:43.186 W/FrameProbe(26752): nativeOnCameraFrame 52.0 ms (trackedPts=0)
10-01 14:53:43.338 W/FrameProbe(26752): nativeOnCameraFrame 57.2 ms (trackedPts=0)
10-01 14:53:43.475 W/FrameProbe(26752): nativeOnCameraFrame 55.5 ms (trackedPts=0)
10-01 14:53:43.590 W/FrameProbe(26752): nativeOnCameraFrame 52.7 ms (trackedPts=0)
10-01 14:53:43.610 D/FpsProbe(26752): fps=25.2
10-01 14:53:43.730 W/FrameProbe(26752): nativeOnCameraFrame 51.8 ms (trackedPts=0)
10-01 14:53:43.732 I/ArPoseProbe(26752): fromTs=31.3% latest=68.7% total=25290
10-01 14:53:43.870 W/FrameProbe(26752): nativeOnCameraFrame 62.6 ms (trackedPts=0)
10-01 14:53:43.989 W/FrameProbe(26752): nativeOnCameraFrame 51.5 ms (trackedPts=0)
10-01 14:53:44.126 W/FrameProbe(26752): nativeOnCameraFrame 62.9 ms (trackedPts=0)
10-01 14:53:44.282 W/FrameProbe(26752): nativeOnCameraFrame 59.9 ms (trackedPts=0)
10-01 14:53:44.393 W/FrameProbe(26752): nativeOnCameraFrame 54.4 ms (trackedPts=0)
10-01 14:53:44.525 W/FrameProbe(26752): nativeOnCameraFrame 53.4 ms (trackedPts=0)
10-01 14:53:44.657 W/FrameProbe(26752): nativeOnCameraFrame 52.4 ms (trackedPts=0)
10-01 14:53:44.658 D/FpsProbe(26752): fps=28.1
10-01 14:53:44.784 W/FrameProbe(26752): nativeOnCameraFrame 50.9 ms (trackedPts=0)
10-01 14:53:44.952 W/FrameProbe(26752): nativeOnCameraFrame 75.3 ms (trackedPts=0)
10-01 14:53:45.057 W/FrameProbe(26752): nativeOnCameraFrame 51.4 ms (trackedPts=0)
10-01 14:53:45.203 W/FrameProbe(26752): nativeOnCameraFrame 61.2 ms (trackedPts=0)
10-01 14:53:45.325 W/FrameProbe(26752): nativeOnCameraFrame 52.1 ms (trackedPts=0)
10-01 14:53:45.433 I/ArPoseProbe(26752): fromTs=31.2% latest=68.8% total=25380
10-01 14:53:45.460 W/FrameProbe(26752): nativeOnCameraFrame 58.9 ms (trackedPts=0)
10-01 14:53:45.583 W/FrameProbe(26752): nativeOnCameraFrame 56.0 ms (trackedPts=0)
10-01 14:53:45.652 D/FpsProbe(26752): fps=25.2
10-01 14:53:45.734 W/FrameProbe(26752): nativeOnCameraFrame 69.2 ms (trackedPts=0)
10-01 14:53:45.874 W/FrameProbe(26752): nativeOnCameraFrame 63.1 ms (trackedPts=0)
10-01 14:53:45.990 W/FrameProbe(26752): nativeOnCameraFrame 57.9 ms (trackedPts=0)
10-01 14:53:46.131 W/FrameProbe(26752): nativeOnCameraFrame 54.3 ms (trackedPts=0)
10-01 14:53:46.269 W/FrameProbe(26752): nativeOnCameraFrame 62.9 ms (trackedPts=0)
10-01 14:53:46.417 W/FrameProbe(26752): nativeOnCameraFrame 66.7 ms (trackedPts=0)
10-01 14:53:46.537 W/FrameProbe(26752): nativeOnCameraFrame 62.9 ms (trackedPts=0)
10-01 14:53:46.664 W/FrameProbe(26752): nativeOnCameraFrame 52.6 ms (trackedPts=0)
10-01 14:53:46.678 D/FpsProbe(26752): fps=23.2 LOW
10-01 14:53:46.713 W/FrameProbe(26752): nativeOnCameraFrame 17.0 ms (trackedPts=0)
10-01 14:53:46.802 W/FrameProbe(26752): nativeOnCameraFrame 67.5 ms (trackedPts=0)
10-01 14:53:46.941 W/FrameProbe(26752): nativeOnCameraFrame 60.1 ms (trackedPts=0)
10-01 14:53:47.078 W/FrameProbe(26752): nativeOnCameraFrame 62.2 ms (trackedPts=0)
10-01 14:53:47.205 W/FrameProbe(26752): nativeOnCameraFrame 57.8 ms (trackedPts=0)
10-01 14:53:47.328 W/FrameProbe(26752): nativeOnCameraFrame 58.9 ms (trackedPts=0)
10-01 14:53:47.356 I/ArPoseProbe(26752): fromTs=31.1% latest=68.9% total=25470
10-01 14:53:47.464 W/FrameProbe(26752): nativeOnCameraFrame 68.0 ms (trackedPts=0)
10-01 14:53:47.598 W/FrameProbe(26752): nativeOnCameraFrame 60.5 ms (trackedPts=0)
10-01 14:53:47.738 W/FrameProbe(26752): nativeOnCameraFrame 63.6 ms (trackedPts=0)
10-01 14:53:47.748 D/FpsProbe(26752): fps=22.5 LOW
10-01 14:53:47.872 W/FrameProbe(26752): nativeOnCameraFrame 63.6 ms (trackedPts=0)
10-01 14:53:47.996 W/FrameProbe(26752): nativeOnCameraFrame 57.3 ms (trackedPts=0)
10-01 14:53:48.134 W/FrameProbe(26752): nativeOnCameraFrame 58.4 ms (trackedPts=0)
10-01 14:53:48.264 W/FrameProbe(26752): nativeOnCameraFrame 54.0 ms (trackedPts=0)
10-01 14:53:48.426 W/FrameProbe(26752): nativeOnCameraFrame 71.2 ms (trackedPts=0)
10-01 14:53:48.521 W/FrameProbe(26752): nativeOnCameraFrame 49.3 ms (trackedPts=0)
10-01 14:53:48.650 W/FrameProbe(26752): nativeOnCameraFrame 49.2 ms (trackedPts=0)
10-01 14:53:48.803 W/FrameProbe(26752): nativeOnCameraFrame 54.8 ms (trackedPts=0)
10-01 14:53:48.811 D/FpsProbe(26752): fps=24.4 LOW
10-01 14:53:48.921 W/FrameProbe(26752): nativeOnCameraFrame 51.9 ms (trackedPts=0)
10-01 14:53:49.049 I/ArPoseProbe(26752): fromTs=31.0% latest=69.0% total=25560
10-01 14:53:49.075 W/FrameProbe(26752): nativeOnCameraFrame 64.9 ms (trackedPts=0)
10-01 14:53:49.210 W/FrameProbe(26752): nativeOnCameraFrame 69.6 ms (trackedPts=0)
10-01 14:53:49.343 W/FrameProbe(26752): nativeOnCameraFrame 67.2 ms (trackedPts=0)
10-01 14:53:49.453 W/FrameProbe(26752): nativeOnCameraFrame 51.3 ms (trackedPts=0)
10-01 14:53:49.580 W/FrameProbe(26752): nativeOnCameraFrame 48.2 ms (trackedPts=0)
10-01 14:53:49.748 W/FrameProbe(26752): nativeOnCameraFrame 60.5 ms (trackedPts=0)
10-01 14:53:49.874 W/FrameProbe(26752): nativeOnCameraFrame 67.5 ms (trackedPts=0)
10-01 14:53:49.891 D/FpsProbe(26752): fps=25.3
10-01 14:53:49.989 W/FrameProbe(26752): nativeOnCameraFrame 51.0 ms (trackedPts=0)
10-01 14:53:50.070 W/FrameProbe(26752): nativeOnCameraFrame 17.0 ms (trackedPts=0)
10-01 14:53:50.130 W/FrameProbe(26752): nativeOnCameraFrame 57.7 ms (trackedPts=0)
10-01 14:53:50.273 W/FrameProbe(26752): nativeOnCameraFrame 52.0 ms (trackedPts=0)
10-01 14:53:50.404 W/FrameProbe(26752): nativeOnCameraFrame 55.0 ms (trackedPts=0)
10-01 14:53:50.508 W/FrameProbe(26752): nativeOnCameraFrame 45.5 ms (trackedPts=0)
10-01 14:53:50.662 W/FrameProbe(26752): nativeOnCameraFrame 49.9 ms (trackedPts=0)
10-01 14:53:50.795 W/FrameProbe(26752): nativeOnCameraFrame 54.8 ms (trackedPts=0)
10-01 14:53:50.935 W/FrameProbe(26752): nativeOnCameraFrame 62.6 ms (trackedPts=0)
10-01 14:53:50.935 I/ArPoseProbe(26752): fromTs=30.9% latest=69.1% total=25650
10-01 14:53:50.957 D/FpsProbe(26752): fps=26.3
10-01 14:53:51.042 W/FrameProbe(26752): nativeOnCameraFrame 47.3 ms (trackedPts=0)
10-01 14:53:51.185 W/FrameProbe(26752): nativeOnCameraFrame 43.4 ms (trackedPts=0)
10-01 14:53:51.349 W/FrameProbe(26752): nativeOnCameraFrame 68.7 ms (trackedPts=0)
10-01 14:53:51.462 W/FrameProbe(26752): nativeOnCameraFrame 59.5 ms (trackedPts=0)
10-01 14:53:51.590 W/FrameProbe(26752): nativeOnCameraFrame 59.1 ms (trackedPts=0)
10-01 14:53:51.722 W/FrameProbe(26752): nativeOnCameraFrame 52.0 ms (trackedPts=0)
10-01 14:53:51.872 W/FrameProbe(26752): nativeOnCameraFrame 57.2 ms (trackedPts=0)
10-01 14:53:51.999 W/FrameProbe(26752): nativeOnCameraFrame 57.0 ms (trackedPts=0)
10-01 14:53:52.013 D/FpsProbe(26752): fps=27.2
10-01 14:53:52.129 W/FrameProbe(26752): nativeOnCameraFrame 56.6 ms (trackedPts=0)
10-01 14:53:52.277 W/FrameProbe(26752): nativeOnCameraFrame 63.4 ms (trackedPts=0)
10-01 14:53:52.392 W/FrameProbe(26752): nativeOnCameraFrame 55.2 ms (trackedPts=0)
10-01 14:53:52.542 W/FrameProbe(26752): nativeOnCameraFrame 54.7 ms (trackedPts=0)
10-01 14:53:52.672 W/FrameProbe(26752): nativeOnCameraFrame 59.8 ms (trackedPts=0)
10-01 14:53:52.685 I/ArPoseProbe(26752): fromTs=30.8% latest=69.2% total=25740
10-01 14:53:52.805 W/FrameProbe(26752): nativeOnCameraFrame 55.9 ms (trackedPts=0)
10-01 14:53:52.928 W/FrameProbe(26752): nativeOnCameraFrame 55.1 ms (trackedPts=0)
10-01 14:53:53.077 W/FrameProbe(26752): nativeOnCameraFrame 57.0 ms (trackedPts=0)
10-01 14:53:53.090 D/FpsProbe(26752): fps=22.5 LOW
10-01 14:53:53.185 W/FrameProbe(26752): nativeOnCameraFrame 59.2 ms (trackedPts=0)
10-01 14:53:53.319 W/FrameProbe(26752): nativeOnCameraFrame 50.8 ms (trackedPts=0)
10-01 14:53:53.469 W/FrameProbe(26752): nativeOnCameraFrame 54.0 ms (trackedPts=0)
10-01 14:53:53.588 W/FrameProbe(26752): nativeOnCameraFrame 50.7 ms (trackedPts=0)
10-01 14:53:53.721 W/FrameProbe(26752): nativeOnCameraFrame 58.2 ms (trackedPts=0)
10-01 14:53:53.868 W/FrameProbe(26752): nativeOnCameraFrame 61.2 ms (trackedPts=0)
10-01 14:53:54.007 W/FrameProbe(26752): nativeOnCameraFrame 58.7 ms (trackedPts=0)
10-01 14:53:54.121 W/FrameProbe(26752): nativeOnCameraFrame 55.1 ms (trackedPts=0)
10-01 14:53:54.140 D/FpsProbe(26752): fps=28.1
10-01 14:53:54.271 W/FrameProbe(26752): nativeOnCameraFrame 56.9 ms (trackedPts=0)
10-01 14:53:54.303 I/ArPoseProbe(26752): fromTs=30.7% latest=69.3% total=25830
10-01 14:53:54.409 W/FrameProbe(26752): nativeOnCameraFrame 57.1 ms (trackedPts=0)
10-01 14:53:54.517 W/FrameProbe(26752): nativeOnCameraFrame 56.4 ms (trackedPts=0)
10-01 14:53:54.649 W/FrameProbe(26752): nativeOnCameraFrame 52.3 ms (trackedPts=0)
10-01 14:53:54.792 W/FrameProbe(26752): nativeOnCameraFrame 53.7 ms (trackedPts=0)
10-01 14:53:54.930 W/FrameProbe(26752): nativeOnCameraFrame 59.0 ms (trackedPts=0)
10-01 14:53:55.062 W/FrameProbe(26752): nativeOnCameraFrame 59.1 ms (trackedPts=0)
10-01 14:53:55.188 W/FrameProbe(26752): nativeOnCameraFrame 61.0 ms (trackedPts=0)
10-01 14:53:55.188 D/FpsProbe(26752): fps=28.1
10-01 14:53:55.313 W/FrameProbe(26752): nativeOnCameraFrame 49.9 ms (trackedPts=0)
10-01 14:53:55.460 W/FrameProbe(26752): nativeOnCameraFrame 52.0 ms (trackedPts=0)
10-01 14:53:55.591 W/FrameProbe(26752): nativeOnCameraFrame 53.1 ms (trackedPts=0)
10-01 14:53:55.729 W/FrameProbe(26752): nativeOnCameraFrame 59.8 ms (trackedPts=0)
10-01 14:53:55.851 W/FrameProbe(26752): nativeOnCameraFrame 54.5 ms (trackedPts=0)
10-01 14:53:55.998 W/FrameProbe(26752): nativeOnCameraFrame 60.6 ms (trackedPts=0)
10-01 14:53:56.134 W/FrameProbe(26752): nativeOnCameraFrame 61.4 ms (trackedPts=0)
10-01 14:53:56.176 D/FpsProbe(26752): fps=27.1
10-01 14:53:56.188 I/ArPoseProbe(26752): fromTs=30.6% latest=69.4% total=25920
10-01 14:53:56.247 W/FrameProbe(26752): nativeOnCameraFrame 52.8 ms (trackedPts=0)
10-01 14:53:56.392 W/FrameProbe(26752): nativeOnCameraFrame 55.5 ms (trackedPts=0)
10-01 14:53:56.522 W/FrameProbe(26752): nativeOnCameraFrame 46.9 ms (trackedPts=0)
10-01 14:53:56.656 W/FrameProbe(26752): nativeOnCameraFrame 51.8 ms (trackedPts=0)
10-01 14:53:56.792 W/FrameProbe(26752): nativeOnCameraFrame 63.9 ms (trackedPts=0)
10-01 14:53:56.926 W/FrameProbe(26752): nativeOnCameraFrame 57.5 ms (trackedPts=0)
10-01 14:53:57.072 W/FrameProbe(26752): nativeOnCameraFrame 57.5 ms (trackedPts=0)
10-01 14:53:57.191 W/FrameProbe(26752): nativeOnCameraFrame 51.7 ms (trackedPts=0)
10-01 14:53:57.223 D/FpsProbe(26752): fps=26.1
10-01 14:53:57.323 W/FrameProbe(26752): nativeOnCameraFrame 54.1 ms (trackedPts=0)
10-01 14:53:57.470 W/FrameProbe(26752): nativeOnCameraFrame 59.3 ms (trackedPts=0)
10-01 14:53:57.592 W/FrameProbe(26752): nativeOnCameraFrame 55.2 ms (trackedPts=0)
10-01 14:53:57.728 W/FrameProbe(26752): nativeOnCameraFrame 56.2 ms (trackedPts=0)
10-01 14:53:57.815 I/ArPoseProbe(26752): fromTs=30.4% latest=69.6% total=26010
10-01 14:53:57.852 W/FrameProbe(26752): nativeOnCameraFrame 54.4 ms (trackedPts=0)
10-01 14:53:58.006 W/FrameProbe(26752): nativeOnCameraFrame 61.7 ms (trackedPts=0)
10-01 14:53:58.136 W/FrameProbe(26752): nativeOnCameraFrame 54.2 ms (trackedPts=0)
10-01 14:53:58.249 W/FrameProbe(26752): nativeOnCameraFrame 52.0 ms (trackedPts=0)
10-01 14:53:58.273 D/FpsProbe(26752): fps=26.1
10-01 14:53:58.389 W/FrameProbe(26752): nativeOnCameraFrame 58.1 ms (trackedPts=0)
10-01 14:53:58.535 W/FrameProbe(26752): nativeOnCameraFrame 59.8 ms (trackedPts=0)
10-01 14:53:58.651 W/FrameProbe(26752): nativeOnCameraFrame 51.0 ms (trackedPts=0)
10-01 14:53:58.800 W/FrameProbe(26752): nativeOnCameraFrame 58.2 ms (trackedPts=0)
10-01 14:53:58.919 W/FrameProbe(26752): nativeOnCameraFrame 54.9 ms (trackedPts=0)
10-01 14:53:59.060 W/FrameProbe(26752): nativeOnCameraFrame 54.0 ms (trackedPts=0)
10-01 14:53:59.189 W/FrameProbe(26752): nativeOnCameraFrame 57.8 ms (trackedPts=0)
10-01 14:53:59.343 W/FrameProbe(26752): nativeOnCameraFrame 60.6 ms (trackedPts=0)
10-01 14:53:59.343 D/FpsProbe(26752): fps=26.1
10-01 14:53:59.462 W/FrameProbe(26752): nativeOnCameraFrame 51.5 ms (trackedPts=0)
10-01 14:53:59.590 W/FrameProbe(26752): nativeOnCameraFrame 55.3 ms (trackedPts=0)
10-01 14:53:59.591 I/ArPoseProbe(26752): fromTs=30.3% latest=69.7% total=26100
10-01 14:53:59.733 W/FrameProbe(26752): nativeOnCameraFrame 55.9 ms (trackedPts=0)
10-01 14:53:59.870 W/FrameProbe(26752): nativeOnCameraFrame 62.7 ms (trackedPts=0)
10-01 14:53:59.997 W/FrameProbe(26752): nativeOnCameraFrame 53.9 ms (trackedPts=0)
10-01 14:54:00.133 W/FrameProbe(26752): nativeOnCameraFrame 49.0 ms (trackedPts=0)
10-01 14:54:00.259 W/FrameProbe(26752): nativeOnCameraFrame 49.4 ms (trackedPts=0)
10-01 14:54:00.315 D/FpsProbe(26752): fps=23.2 LOW
10-01 14:54:00.403 W/FrameProbe(26752): nativeOnCameraFrame 58.4 ms (trackedPts=0)
10-01 14:54:00.517 W/FrameProbe(26752): nativeOnCameraFrame 51.6 ms (trackedPts=0)
10-01 14:54:00.646 W/FrameProbe(26752): nativeOnCameraFrame 53.4 ms (trackedPts=0)
10-01 14:54:00.793 W/FrameProbe(26752): nativeOnCameraFrame 62.2 ms (trackedPts=0)
10-01 14:54:00.926 W/FrameProbe(26752): nativeOnCameraFrame 58.5 ms (trackedPts=0)
10-01 14:54:01.055 W/FrameProbe(26752): nativeOnCameraFrame 53.1 ms (trackedPts=0)
10-01 14:54:01.194 W/FrameProbe(26752): nativeOnCameraFrame 56.5 ms (trackedPts=0)
10-01 14:54:01.344 W/FrameProbe(26752): nativeOnCameraFrame 59.2 ms (trackedPts=0)
10-01 14:54:01.357 D/FpsProbe(26752): fps=25.2
10-01 14:54:01.452 I/ArPoseProbe(26752): fromTs=30.2% latest=69.8% total=26190
10-01 14:54:01.452 W/FrameProbe(26752): nativeOnCameraFrame 49.9 ms (trackedPts=0)
10-01 14:54:01.579 W/FrameProbe(26752): nativeOnCameraFrame 55.0 ms (trackedPts=0)
10-01 14:54:01.722 W/FrameProbe(26752): nativeOnCameraFrame 50.3 ms (trackedPts=0)
10-01 14:54:01.840 W/FrameProbe(26752): nativeOnCameraFrame 47.1 ms (trackedPts=0)
10-01 14:54:01.985 W/FrameProbe(26752): nativeOnCameraFrame 55.0 ms (trackedPts=0)
10-01 14:54:02.141 W/FrameProbe(26752): nativeOnCameraFrame 56.8 ms (trackedPts=0)
10-01 14:54:02.253 W/FrameProbe(26752): nativeOnCameraFrame 52.1 ms (trackedPts=0)
10-01 14:54:02.386 W/FrameProbe(26752): nativeOnCameraFrame 53.0 ms (trackedPts=0)
10-01 14:54:02.405 D/FpsProbe(26752): fps=28.1
10-01 14:54:02.538 W/FrameProbe(26752): nativeOnCameraFrame 55.8 ms (trackedPts=0)
10-01 14:54:02.672 W/FrameProbe(26752): nativeOnCameraFrame 60.9 ms (trackedPts=0)
10-01 14:54:02.797 W/FrameProbe(26752): nativeOnCameraFrame 58.8 ms (trackedPts=0)
10-01 14:54:02.921 W/FrameProbe(26752): nativeOnCameraFrame 61.5 ms (trackedPts=0)
10-01 14:54:03.046 I/ArPoseProbe(26752): fromTs=30.1% latest=69.9% total=26280
10-01 14:54:03.062 W/FrameProbe(26752): nativeOnCameraFrame 57.5 ms (trackedPts=0)
10-01 14:54:03.204 W/FrameProbe(26752): nativeOnCameraFrame 55.8 ms (trackedPts=0)
10-01 14:54:03.336 W/FrameProbe(26752): nativeOnCameraFrame 65.5 ms (trackedPts=0)
10-01 14:54:03.483 W/FrameProbe(26752): nativeOnCameraFrame 62.5 ms (trackedPts=0)
10-01 14:54:03.484 D/FpsProbe(26752): fps=23.2 LOW
10-01 14:54:03.601 W/FrameProbe(26752): nativeOnCameraFrame 62.0 ms (trackedPts=0)
10-01 14:54:03.728 W/FrameProbe(26752): nativeOnCameraFrame 62.6 ms (trackedPts=0)
10-01 14:54:03.864 W/FrameProbe(26752): nativeOnCameraFrame 61.0 ms (trackedPts=0)
10-01 14:54:04.001 W/FrameProbe(26752): nativeOnCameraFrame 54.7 ms (trackedPts=0)
10-01 14:54:04.126 W/FrameProbe(26752): nativeOnCameraFrame 56.2 ms (trackedPts=0)
10-01 14:54:04.258 W/FrameProbe(26752): nativeOnCameraFrame 60.5 ms (trackedPts=0)
10-01 14:54:04.386 W/FrameProbe(26752): nativeOnCameraFrame 57.1 ms (trackedPts=0)
10-01 14:54:04.442 D/FpsProbe(26752): fps=23.2 LOW
10-01 14:54:04.532 W/FrameProbe(26752): nativeOnCameraFrame 65.9 ms (trackedPts=0)
10-01 14:54:04.674 W/FrameProbe(26752): nativeOnCameraFrame 54.8 ms (trackedPts=0)
10-01 14:54:04.787 W/FrameProbe(26752): nativeOnCameraFrame 57.0 ms (trackedPts=0)
10-01 14:54:04.919 W/FrameProbe(26752): nativeOnCameraFrame 53.0 ms (trackedPts=0)
10-01 14:54:04.920 I/ArPoseProbe(26752): fromTs=30.0% latest=70.0% total=26370
10-01 14:54:05.072 W/FrameProbe(26752): nativeOnCameraFrame 56.5 ms (trackedPts=0)
10-01 14:54:05.177 W/FrameProbe(26752): nativeOnCameraFrame 53.6 ms (trackedPts=0)
10-01 14:54:05.327 W/FrameProbe(26752): nativeOnCameraFrame 55.6 ms (trackedPts=0)
10-01 14:54:05.447 W/FrameProbe(26752): nativeOnCameraFrame 54.5 ms (trackedPts=0)
10-01 14:54:05.480 D/FpsProbe(26752): fps=28.1
10-01 14:54:05.587 W/FrameProbe(26752): nativeOnCameraFrame 49.7 ms (trackedPts=0)
10-01 14:54:05.712 W/FrameProbe(26752): nativeOnCameraFrame 51.3 ms (trackedPts=0)
10-01 14:54:05.868 W/FrameProbe(26752): nativeOnCameraFrame 61.5 ms (trackedPts=0)
10-01 14:54:05.986 W/FrameProbe(26752): nativeOnCameraFrame 56.7 ms (trackedPts=0)
10-01 14:54:06.140 W/FrameProbe(26752): nativeOnCameraFrame 78.0 ms (trackedPts=0)
10-01 14:54:06.262 W/FrameProbe(26752): nativeOnCameraFrame 51.7 ms (trackedPts=0)
10-01 14:54:06.402 W/FrameProbe(26752): nativeOnCameraFrame 64.8 ms (trackedPts=0)
10-01 14:54:06.533 W/FrameProbe(26752): nativeOnCameraFrame 60.9 ms (trackedPts=0)
10-01 14:54:06.545 D/FpsProbe(26752): fps=26.1
10-01 14:54:06.548 I/ArPoseProbe(26752): fromTs=29.9% latest=70.1% total=26460
10-01 14:54:06.650 W/FrameProbe(26752): nativeOnCameraFrame 51.3 ms (trackedPts=0)
10-01 14:54:06.783 W/FrameProbe(26752): nativeOnCameraFrame 56.1 ms (trackedPts=0)
10-01 14:54:06.919 W/FrameProbe(26752): nativeOnCameraFrame 53.0 ms (trackedPts=0)
10-01 14:54:07.049 W/FrameProbe(26752): nativeOnCameraFrame 56.4 ms (trackedPts=0)
10-01 14:54:07.185 W/FrameProbe(26752): nativeOnCameraFrame 53.2 ms (trackedPts=0)
10-01 14:54:07.320 W/FrameProbe(26752): nativeOnCameraFrame 54.4 ms (trackedPts=0)
10-01 14:54:07.441 W/FrameProbe(26752): nativeOnCameraFrame 44.1 ms (trackedPts=0)
10-01 14:54:07.599 W/FrameProbe(26752): nativeOnCameraFrame 56.1 ms (trackedPts=0)
10-01 14:54:07.600 D/FpsProbe(26752): fps=27.1
10-01 14:54:07.719 W/FrameProbe(26752): nativeOnCameraFrame 50.9 ms (trackedPts=0)
10-01 14:54:07.867 W/FrameProbe(26752): nativeOnCameraFrame 65.2 ms (trackedPts=0)
10-01 14:54:07.990 W/FrameProbe(26752): nativeOnCameraFrame 53.1 ms (trackedPts=0)
10-01 14:54:08.133 W/FrameProbe(26752): nativeOnCameraFrame 55.3 ms (trackedPts=0)
10-01 14:54:08.266 W/FrameProbe(26752): nativeOnCameraFrame 56.2 ms (trackedPts=0)
10-01 14:54:08.266 I/ArPoseProbe(26752): fromTs=29.8% latest=70.2% total=26550
10-01 14:54:08.398 W/FrameProbe(26752): nativeOnCameraFrame 55.4 ms (trackedPts=0)
10-01 14:54:08.535 W/FrameProbe(26752): nativeOnCameraFrame 55.9 ms (trackedPts=0)
10-01 14:54:08.583 D/FpsProbe(26752): fps=26.1
10-01 14:54:08.658 W/FrameProbe(26752): nativeOnCameraFrame 58.4 ms (trackedPts=0)
10-01 14:54:08.794 W/FrameProbe(26752): nativeOnCameraFrame 57.9 ms (trackedPts=0)
10-01 14:54:08.935 W/FrameProbe(26752): nativeOnCameraFrame 60.9 ms (trackedPts=0)
10-01 14:54:09.058 W/FrameProbe(26752): nativeOnCameraFrame 56.3 ms (trackedPts=0)
10-01 14:54:09.201 W/FrameProbe(26752): nativeOnCameraFrame 66.1 ms (trackedPts=0)
10-01 14:54:09.312 W/FrameProbe(26752): nativeOnCameraFrame 55.9 ms (trackedPts=0)
10-01 14:54:09.449 W/FrameProbe(26752): nativeOnCameraFrame 53.2 ms (trackedPts=0)
10-01 14:54:09.604 W/FrameProbe(26752): nativeOnCameraFrame 57.2 ms (trackedPts=0)
10-01 14:54:09.611 D/FpsProbe(26752): fps=25.2
10-01 14:54:09.731 W/FrameProbe(26752): nativeOnCameraFrame 64.8 ms (trackedPts=0)
10-01 14:54:09.874 W/FrameProbe(26752): nativeOnCameraFrame 64.5 ms (trackedPts=0)
10-01 14:54:09.984 W/FrameProbe(26752): nativeOnCameraFrame 51.7 ms (trackedPts=0)
10-01 14:54:10.084 I/ArPoseProbe(26752): fromTs=29.7% latest=70.3% total=26640
10-01 14:54:10.122 W/FrameProbe(26752): nativeOnCameraFrame 53.0 ms (trackedPts=0)
10-01 14:54:10.248 W/FrameProbe(26752): nativeOnCameraFrame 58.0 ms (trackedPts=0)
10-01 14:54:10.409 W/FrameProbe(26752): nativeOnCameraFrame 62.5 ms (trackedPts=0)
10-01 14:54:10.519 W/FrameProbe(26752): nativeOnCameraFrame 51.9 ms (trackedPts=0)
10-01 14:54:10.651 W/FrameProbe(26752): nativeOnCameraFrame 60.3 ms (trackedPts=0)
10-01 14:54:10.672 D/FpsProbe(26752): fps=26.1
10-01 14:54:10.788 W/FrameProbe(26752): nativeOnCameraFrame 59.7 ms (trackedPts=0)
10-01 14:54:10.918 W/FrameProbe(26752): nativeOnCameraFrame 51.5 ms (trackedPts=0)
10-01 14:54:11.071 W/FrameProbe(26752): nativeOnCameraFrame 59.5 ms (trackedPts=0)
10-01 14:54:11.182 W/FrameProbe(26752): nativeOnCameraFrame 50.5 ms (trackedPts=0)
10-01 14:54:11.335 W/FrameProbe(26752): nativeOnCameraFrame 59.5 ms (trackedPts=0)
10-01 14:54:11.469 W/FrameProbe(26752): nativeOnCameraFrame 59.5 ms (trackedPts=0)
10-01 14:54:11.576 W/FrameProbe(26752): nativeOnCameraFrame 51.2 ms (trackedPts=0)
10-01 14:54:11.712 I/ArPoseProbe(26752): fromTs=29.6% latest=70.4% total=26730
10-01 14:54:11.715 W/FrameProbe(26752): nativeOnCameraFrame 59.8 ms (trackedPts=0)
10-01 14:54:11.716 D/FpsProbe(26752): fps=26.1
10-01 14:54:11.854 W/FrameProbe(26752): nativeOnCameraFrame 56.7 ms (trackedPts=0)
10-01 14:54:11.996 W/FrameProbe(26752): nativeOnCameraFrame 55.6 ms (trackedPts=0)
10-01 14:54:12.138 W/FrameProbe(26752): nativeOnCameraFrame 58.5 ms (trackedPts=0)
10-01 14:54:12.278 W/FrameProbe(26752): nativeOnCameraFrame 66.8 ms (trackedPts=0)
10-01 14:54:12.379 W/FrameProbe(26752): nativeOnCameraFrame 44.4 ms (trackedPts=0)
10-01 14:54:12.525 W/FrameProbe(26752): nativeOnCameraFrame 46.3 ms (trackedPts=0)
10-01 14:54:12.673 W/FrameProbe(26752): nativeOnCameraFrame 58.9 ms (trackedPts=0)
10-01 14:54:12.714 D/FpsProbe(26752): fps=25.2
10-01 14:54:12.796 W/FrameProbe(26752): nativeOnCameraFrame 62.5 ms (trackedPts=0)
10-01 14:54:12.929 W/FrameProbe(26752): nativeOnCameraFrame 55.7 ms (trackedPts=0)
10-01 14:54:13.066 W/FrameProbe(26752): nativeOnCameraFrame 59.0 ms (trackedPts=0)
10-01 14:54:13.198 W/FrameProbe(26752): nativeOnCameraFrame 55.4 ms (trackedPts=0)
10-01 14:54:13.319 W/FrameProbe(26752): nativeOnCameraFrame 51.8 ms (trackedPts=0)
10-01 14:54:13.456 W/FrameProbe(26752): nativeOnCameraFrame 58.4 ms (trackedPts=0)
10-01 14:54:33.022 I/ThermalGuard(18737): initial thermal status = 2 (depthMin=450ms meshScale=2)
10-01 14:54:33.179 I/ThermalGuard(18737): thermal status -> 2 (depthMin=450ms)
10-01 14:54:34.679 I/DepthProvider(18737): probe: 本机没有 DEPTH_OUTPUT 相机（走单目模型）
10-01 14:54:34.756 I/MobileScan3D(18737): V0.4 native create Vulkan=1
10-01 14:54:34.878 I/ThermalGuard(18737): initial thermal status = 2 (depthMin=450ms meshScale=2)
10-01 14:54:34.902 I/DepthProvider(18737): probe: 本机没有 DEPTH_OUTPUT 相机（走单目模型）
10-01 14:54:34.994 I/MobileScan3D(18737): V0.4 native create Vulkan=1
10-01 14:54:35.012 I/ThermalGuard(18737): thermal status -> 2 (depthMin=450ms)
10-01 14:54:35.588 I/ArAxesProbe(18737): cameraToView=[1.5183, 0.0000, -0.2591, 0.0000, -1.0000, 1.0000]
10-01 14:54:36.448 D/FpsProbe(18737): fps=24.2 LOW
10-01 14:54:36.844 I/CameraRange(18737): scan-start capabilities: primary=2 | id=3 fov=94.7 focal=2.31 minFocus=0.032m score=18.35 | cur=3
10-01 14:54:36.845 I/CameraRange(18737): note: only 1 selectable auxiliary lens -> distance-driven switching cannot change the aux id on this device
10-01 14:54:36.846 I/MobileScan3D(18737): V0.4 native create Vulkan=1
10-01 14:54:36.996 W/FrameProbe(18737): nativeOnCameraFrame 53.0 ms (trackedPts=0)
10-01 14:54:37.094 W/FrameProbe(18737): nativeOnCameraFrame 28.7 ms (trackedPts=0)
10-01 14:54:37.206 W/FrameProbe(18737): nativeOnCameraFrame 20.0 ms (trackedPts=0)
10-01 14:54:37.311 W/FrameProbe(18737): nativeOnCameraFrame 24.1 ms (trackedPts=0)
10-01 14:54:37.345 W/FrameProbe(18737): nativeOnCameraFrame 18.9 ms (trackedPts=0)
10-01 14:54:37.496 D/FpsProbe(18737): fps=25.2
10-01 14:54:37.739 W/FrameProbe(18737): nativeOnCameraFrame 19.8 ms (trackedPts=0)
10-01 14:54:37.864 I/ArPoseProbe(18737): fromTs=0.0% latest=100.0% total=90
10-01 14:54:38.525 D/FpsProbe(18737): fps=30.0
10-01 14:54:38.810 W/FrameProbe(18737): nativeOnCameraFrame 20.1 ms (trackedPts=0)
10-01 14:54:38.942 W/FrameProbe(18737): nativeOnCameraFrame 18.0 ms (trackedPts=0)
10-01 14:54:39.344 W/FrameProbe(18737): nativeOnCameraFrame 24.2 ms (trackedPts=0)
10-01 14:54:39.390 I/ArPoseProbe(18737): fromTs=0.0% latest=100.0% total=180
10-01 14:54:39.558 D/FpsProbe(18737): fps=30.0
10-01 14:54:40.003 W/FrameProbe(18737): nativeOnCameraFrame 16.5 ms (trackedPts=0)
10-01 14:54:40.274 W/FrameProbe(18737): nativeOnCameraFrame 20.1 ms (trackedPts=0)
10-01 14:54:40.595 D/FpsProbe(18737): fps=30.0
10-01 14:54:40.663 W/FrameProbe(18737): nativeOnCameraFrame 16.4 ms (trackedPts=0)
10-01 14:54:40.931 I/ArPoseProbe(18737): fromTs=0.0% latest=100.0% total=270
10-01 14:54:41.629 D/FpsProbe(18737): fps=30.0
10-01 14:54:41.712 W/FrameProbe(18737): nativeOnCameraFrame 19.8 ms (trackedPts=0)
10-01 14:54:41.740 W/FrameProbe(18737): nativeOnCameraFrame 16.7 ms (trackedPts=0)
10-01 14:54:42.004 W/FrameProbe(18737): nativeOnCameraFrame 19.0 ms (trackedPts=0)
10-01 14:54:42.309 W/FrameProbe(18737): nativeOnCameraFrame 16.3 ms (trackedPts=0)
10-01 14:54:42.414 W/FrameProbe(18737): nativeOnCameraFrame 19.9 ms (trackedPts=0)
10-01 14:54:42.438 I/ArPoseProbe(18737): fromTs=0.0% latest=100.0% total=360
10-01 14:54:42.658 D/FpsProbe(18737): fps=30.0
10-01 14:54:43.473 W/FrameProbe(18737): nativeOnCameraFrame 17.4 ms (trackedPts=0)
10-01 14:54:43.704 D/FpsProbe(18737): fps=30.0
10-01 14:54:43.873 W/FrameProbe(18737): nativeOnCameraFrame 17.5 ms (trackedPts=0)
10-01 14:54:43.962 I/ArPoseProbe(18737): fromTs=0.0% latest=100.0% total=450
10-01 14:54:44.534 W/FrameProbe(18737): nativeOnCameraFrame 16.2 ms (trackedPts=0)
10-01 14:54:44.665 W/FrameProbe(18737): nativeOnCameraFrame 16.3 ms (trackedPts=0)
10-01 14:54:44.721 D/FpsProbe(18737): fps=30.0
10-01 14:54:45.195 W/FrameProbe(18737): nativeOnCameraFrame 17.2 ms (trackedPts=0)
10-01 14:54:45.470 I/ArPoseProbe(18737): fromTs=0.0% latest=100.0% total=540
10-01 14:54:45.741 W/FrameProbe(18737): nativeOnCameraFrame 17.4 ms (trackedPts=0)
10-01 14:54:45.759 D/FpsProbe(18737): fps=30.0
10-01 14:54:46.186 W/FrameProbe(18737): nativeOnCameraFrame 71.1 ms (trackedPts=0)
10-01 14:54:46.354 W/FrameProbe(18737): nativeOnCameraFrame 104.3 ms (trackedPts=0)
10-01 14:54:46.552 W/FrameProbe(18737): nativeOnCameraFrame 164.5 ms (trackedPts=0)
10-01 14:54:46.847 W/FrameProbe(18737): nativeOnCameraFrame 285.8 ms (trackedPts=0)
10-01 14:54:46.967 W/FrameProbe(18737): nativeOnCameraFrame 110.5 ms (trackedPts=0)
10-01 14:54:46.968 D/FpsProbe(18737): fps=16.4 LOW
10-01 14:54:47.174 W/FrameProbe(18737): nativeOnCameraFrame 181.3 ms (trackedPts=0)
10-01 14:54:47.249 W/FrameProbe(18737): nativeOnCameraFrame 62.7 ms (trackedPts=0)
10-01 14:54:47.382 W/FrameProbe(18737): nativeOnCameraFrame 67.3 ms (trackedPts=0)
10-01 14:54:47.404 I/ArPoseProbe(18737): fromTs=1.6% latest=98.4% total=630
10-01 14:54:47.529 W/FrameProbe(18737): nativeOnCameraFrame 70.2 ms (trackedPts=0)
10-01 14:54:47.583 I/MobileScan3D(18737): CalibProbe ns=114 vinsN=114 stereoUniq=0 total=102 | d p10=222.9 p50=396.7 p90=896.1 | z p10=0.279 p50=0.367 p90=0.599 | invz p10=1.669 p50=2.705 p90=3.567
10-01 14:54:47.591 I/CameraRange(18737): hold 自动/中 等待有效深度 aux=3 reason=policy-hold pending=none/0
10-01 14:54:47.666 W/FrameProbe(18737): nativeOnCameraFrame 73.5 ms (trackedPts=0)
10-01 14:54:47.795 W/FrameProbe(18737): nativeOnCameraFrame 78.1 ms (trackedPts=0)
10-01 14:54:47.912 W/FrameProbe(18737): nativeOnCameraFrame 60.4 ms (trackedPts=0)
10-01 14:54:47.931 D/FpsProbe(18737): fps=17.8 LOW
10-01 14:54:48.053 W/FrameProbe(18737): nativeOnCameraFrame 70.6 ms (trackedPts=0)
10-01 14:54:48.183 W/FrameProbe(18737): nativeOnCameraFrame 67.7 ms (trackedPts=0)
10-01 14:54:48.324 W/FrameProbe(18737): nativeOnCameraFrame 67.8 ms (trackedPts=0)
10-01 14:54:48.464 W/FrameProbe(18737): nativeOnCameraFrame 73.5 ms (trackedPts=0)
10-01 14:54:48.580 W/FrameProbe(18737): nativeOnCameraFrame 62.3 ms (trackedPts=0)
10-01 14:54:48.700 W/FrameProbe(18737): nativeOnCameraFrame 51.0 ms (trackedPts=0)
10-01 14:54:48.852 W/FrameProbe(18737): nativeOnCameraFrame 60.2 ms (trackedPts=0)
10-01 14:54:48.995 W/FrameProbe(18737): nativeOnCameraFrame 76.7 ms (trackedPts=0)
10-01 14:54:49.019 D/FpsProbe(18737): fps=24.4 LOW
10-01 14:54:49.094 I/ArPoseProbe(18737): fromTs=12.5% latest=87.5% total=720
10-01 14:54:49.119 W/FrameProbe(18737): nativeOnCameraFrame 70.5 ms (trackedPts=0)
10-01 14:54:49.241 W/FrameProbe(18737): nativeOnCameraFrame 57.0 ms (trackedPts=0)
10-01 14:54:49.382 W/FrameProbe(18737): nativeOnCameraFrame 66.5 ms (trackedPts=0)
10-01 14:54:49.510 W/FrameProbe(18737): nativeOnCameraFrame 63.0 ms (trackedPts=0)
10-01 14:54:49.634 W/FrameProbe(18737): nativeOnCameraFrame 55.9 ms (trackedPts=0)
10-01 14:54:50.370 I/MobileScan3D(18737): renderPoseAtTol match: deltaMs=338 newestAgeMs=338 hist=47
10-01 14:54:50.370 I/MobileScan3D(18737): ArAxesProbe raw down=(0.419,-0.898,0.138) fwd=(-0.893,-0.434,-0.115) post down=(0.419,-0.898,0.138) fwd=(-0.893,-0.434,-0.115) deltaMs=337
10-01 14:54:50.370 I/HqTexture(18737): pose relaxed: idx=0 ts=364889252489997 tol=500ms
10-01 14:54:50.519 I/MobileScan3D(18737): renderPoseAtTol match: deltaMs=471 newestAgeMs=471 hist=47
10-01 14:54:50.519 I/HqTexture(18737): pose relaxed: idx=1 ts=364889385798331 tol=500ms
10-01 14:54:51.202 W/FrameProbe(18737): nativeOnCameraFrame 64.2 ms (trackedPts=0)
10-01 14:54:51.202 D/FpsProbe(18737): fps=7.5 LOW
10-01 14:54:51.349 W/FrameProbe(18737): nativeOnCameraFrame 86.4 ms (trackedPts=0)
10-01 14:54:51.394 W/FrameProbe(18737): nativeOnCameraFrame 27.3 ms (trackedPts=0)
10-01 14:54:51.528 W/FrameProbe(18737): nativeOnCameraFrame 119.6 ms (trackedPts=0)
10-01 14:54:51.632 W/FrameProbe(18737): nativeOnCameraFrame 79.6 ms (trackedPts=0)
10-01 14:54:51.710 W/FrameProbe(18737): nativeOnCameraFrame 19.6 ms (trackedPts=0)
10-01 14:54:51.813 W/FrameProbe(18737): nativeOnCameraFrame 79.0 ms (trackedPts=0)
10-01 14:54:51.895 W/FrameProbe(18737): nativeOnCameraFrame 67.3 ms (trackedPts=0)
10-01 14:54:52.024 W/FrameProbe(18737): nativeOnCameraFrame 66.9 ms (trackedPts=0)
10-01 14:54:52.071 W/FrameProbe(18737): nativeOnCameraFrame 29.8 ms (trackedPts=0)
10-01 14:54:52.096 W/FrameProbe(18737): nativeOnCameraFrame 19.0 ms (trackedPts=0)
10-01 14:54:52.185 W/FrameProbe(18737): nativeOnCameraFrame 72.2 ms (trackedPts=0)
10-01 14:54:52.215 D/FpsProbe(18737): fps=15.0 LOW
10-01 14:54:52.293 W/FrameProbe(18737): nativeOnCameraFrame 71.5 ms (trackedPts=0)
10-01 14:54:52.344 W/FrameProbe(18737): nativeOnCameraFrame 16.0 ms (trackedPts=0)
10-01 14:54:52.459 W/FrameProbe(18737): nativeOnCameraFrame 93.9 ms (trackedPts=0)
10-01 14:54:52.463 I/ArPoseProbe(18737): fromTs=18.5% latest=81.5% total=810
10-01 14:54:52.570 W/FrameProbe(18737): nativeOnCameraFrame 75.7 ms (trackedPts=0)
10-01 14:54:52.701 W/FrameProbe(18737): nativeOnCameraFrame 71.0 ms (trackedPts=0)
10-01 14:54:52.859 W/FrameProbe(18737): nativeOnCameraFrame 97.4 ms (trackedPts=0)
10-01 14:54:52.965 W/FrameProbe(18737): nativeOnCameraFrame 71.9 ms (trackedPts=0)
10-01 14:54:53.102 W/FrameProbe(18737): nativeOnCameraFrame 72.6 ms (trackedPts=0)
10-01 14:54:53.238 W/FrameProbe(18737): nativeOnCameraFrame 72.7 ms (trackedPts=0)
10-01 14:54:53.281 D/FpsProbe(18737): fps=17.8 LOW
10-01 14:54:53.290 I/CameraRange(18737): hold 自动/中 等待有效深度 aux=3 reason=policy-hold pending=none/0
10-01 14:54:53.329 I/ThermalGuard(18737): thermal status -> 3 (depthMin=800ms)
10-01 14:54:53.360 I/ThermalGuard(18737): thermal status -> 3 (depthMin=800ms)
10-01 14:54:53.433 W/FrameProbe(18737): nativeOnCameraFrame 139.2 ms (trackedPts=0)
10-01 14:54:53.600 W/FrameProbe(18737): nativeOnCameraFrame 136.6 ms (trackedPts=0)
10-01 14:54:53.821 W/FrameProbe(18737): nativeOnCameraFrame 183.2 ms (trackedPts=0)
10-01 14:54:54.004 W/FrameProbe(18737): nativeOnCameraFrame 158.0 ms (trackedPts=0)
10-01 14:54:54.150 W/FrameProbe(18737): nativeOnCameraFrame 112.0 ms (trackedPts=0)
10-01 14:54:54.312 W/FrameProbe(18737): nativeOnCameraFrame 146.9 ms (trackedPts=0)
10-01 14:54:54.523 W/FrameProbe(18737): nativeOnCameraFrame 181.2 ms (trackedPts=0)
10-01 14:54:54.524 D/FpsProbe(18737): fps=6.6 LOW
10-01 14:54:54.681 W/FrameProbe(18737): nativeOnCameraFrame 149.8 ms (trackedPts=0)
10-01 14:54:54.780 I/ArPoseProbe(18737): fromTs=20.4% latest=79.6% total=900
10-01 14:54:54.824 W/FrameProbe(18737): nativeOnCameraFrame 99.0 ms (trackedPts=0)
10-01 14:54:54.933 W/FrameProbe(18737): nativeOnCameraFrame 67.6 ms (trackedPts=0)
10-01 14:54:55.062 W/FrameProbe(18737): nativeOnCameraFrame 67.2 ms (trackedPts=0)
10-01 14:54:55.238 W/FrameProbe(18737): nativeOnCameraFrame 106.2 ms (trackedPts=0)
10-01 14:54:55.289 W/FrameProbe(18737): nativeOnCameraFrame 34.1 ms (trackedPts=0)
10-01 14:54:55.421 W/FrameProbe(18737): nativeOnCameraFrame 114.5 ms (trackedPts=0)
10-01 14:54:55.550 W/FrameProbe(18737): nativeOnCameraFrame 111.2 ms (trackedPts=0)
10-01 14:54:55.551 D/FpsProbe(18737): fps=11.8 LOW
10-01 14:54:55.659 W/FrameProbe(18737): nativeOnCameraFrame 88.2 ms (trackedPts=0)
10-01 14:54:55.824 W/FrameProbe(18737): nativeOnCameraFrame 112.5 ms (trackedPts=0)
10-01 14:54:55.925 W/FrameProbe(18737): nativeOnCameraFrame 77.1 ms (trackedPts=0)
10-01 14:54:56.045 W/FrameProbe(18737): nativeOnCameraFrame 88.9 ms (trackedPts=0)
10-01 14:54:56.136 W/FrameProbe(18737): nativeOnCameraFrame 76.9 ms (trackedPts=0)
10-01 14:54:56.190 W/FrameProbe(18737): nativeOnCameraFrame 31.0 ms (trackedPts=0)
10-01 14:54:56.311 W/FrameProbe(18737): nativeOnCameraFrame 99.2 ms (trackedPts=0)
10-01 14:54:56.350 W/FrameProbe(18737): nativeOnCameraFrame 24.5 ms (trackedPts=0)
10-01 14:54:56.432 W/FrameProbe(18737): nativeOnCameraFrame 73.4 ms (trackedPts=0)
10-01 14:54:56.460 W/FrameProbe(18737): nativeOnCameraFrame 22.6 ms (trackedPts=0)
10-01 14:54:56.557 W/FrameProbe(18737): nativeOnCameraFrame 79.6 ms (trackedPts=0)
10-01 14:54:56.557 D/FpsProbe(18737): fps=10.6 LOW
10-01 14:54:56.669 W/FrameProbe(18737): nativeOnCameraFrame 69.7 ms (trackedPts=0)
10-01 14:54:56.804 W/FrameProbe(18737): nativeOnCameraFrame 70.7 ms (trackedPts=0)
10-01 14:54:56.804 I/ArPoseProbe(18737): fromTs=24.2% latest=75.8% total=990
10-01 14:54:56.837 W/FrameProbe(18737): nativeOnCameraFrame 19.0 ms (trackedPts=0)
10-01 14:54:56.867 W/FrameProbe(18737): nativeOnCameraFrame 16.5 ms (trackedPts=0)
10-01 14:54:56.956 W/FrameProbe(18737): nativeOnCameraFrame 78.1 ms (trackedPts=0)
10-01 14:54:57.069 W/FrameProbe(18737): nativeOnCameraFrame 71.2 ms (trackedPts=0)
10-01 14:54:57.187 W/FrameProbe(18737): nativeOnCameraFrame 63.5 ms (trackedPts=0)
10-01 14:54:57.335 W/FrameProbe(18737): nativeOnCameraFrame 71.5 ms (trackedPts=0)
10-01 14:54:57.520 W/FrameProbe(18737): nativeOnCameraFrame 73.7 ms (trackedPts=0)
10-01 14:54:57.540 D/FpsProbe(18737): fps=19.7 LOW
10-01 14:54:57.634 W/FrameProbe(18737): nativeOnCameraFrame 75.6 ms (trackedPts=0)
10-01 14:54:57.836 W/FrameProbe(18737): nativeOnCameraFrame 133.9 ms (trackedPts=0)
10-01 14:54:57.940 W/FrameProbe(18737): nativeOnCameraFrame 89.5 ms (trackedPts=0)
10-01 14:54:58.048 W/FrameProbe(18737): nativeOnCameraFrame 77.6 ms (trackedPts=0)
10-01 14:54:58.157 W/FrameProbe(18737): nativeOnCameraFrame 56.6 ms (trackedPts=0)
10-01 14:54:58.292 W/FrameProbe(18737): nativeOnCameraFrame 68.0 ms (trackedPts=0)
10-01 14:54:58.413 W/FrameProbe(18737): nativeOnCameraFrame 49.9 ms (trackedPts=0)
10-01 14:54:58.563 W/FrameProbe(18737): nativeOnCameraFrame 66.4 ms (trackedPts=0)
10-01 14:54:58.580 D/FpsProbe(18737): fps=20.3 LOW
10-01 14:54:58.673 I/ArPoseProbe(18737): fromTs=29.1% latest=70.9% total=1080
10-01 14:54:58.687 W/FrameProbe(18737): nativeOnCameraFrame 59.5 ms (trackedPts=0)
10-01 14:54:58.714 I/HqTexture(18737): register ok: fused_229140032642639.jpg idx=0 q=2.50 ts=364889252489997
10-01 14:54:59.162 I/MobileScan3D(18737): nativeBuildMesh quality=0 ok=1 src=scene verts=10748 tris=19999 rawTris=61064 compRemoved=37/38 decimated=1 ms=423.8 note=ok
10-01 14:54:59.230 W/FrameProbe(18737): nativeOnCameraFrame 471.4 ms (trackedPts=0)
10-01 14:54:59.311 W/FrameProbe(18737): nativeOnCameraFrame 68.5 ms (trackedPts=0)
10-01 14:54:59.396 W/FrameProbe(18737): nativeOnCameraFrame 73.8 ms (trackedPts=0)
10-01 14:54:59.478 W/FrameProbe(18737): nativeOnCameraFrame 72.8 ms (trackedPts=0)
10-01 14:54:59.597 W/FrameProbe(18737): nativeOnCameraFrame 65.9 ms (trackedPts=0)
10-01 14:54:59.616 D/FpsProbe(18737): fps=10.6 LOW
10-01 14:54:59.732 W/FrameProbe(18737): nativeOnCameraFrame 74.8 ms (trackedPts=0)
10-01 14:54:59.877 W/FrameProbe(18737): nativeOnCameraFrame 75.1 ms (trackedPts=0)
10-01 14:55:00.000 W/FrameProbe(18737): nativeOnCameraFrame 70.3 ms (trackedPts=0)
10-01 14:55:00.155 W/FrameProbe(18737): nativeOnCameraFrame 89.6 ms (trackedPts=0)
10-01 14:55:00.267 W/FrameProbe(18737): nativeOnCameraFrame 78.7 ms (trackedPts=0)
10-01 14:55:00.353 W/FrameProbe(18737): nativeOnCameraFrame 55.4 ms (trackedPts=0)
10-01 14:55:00.434 W/FrameProbe(18737): nativeOnCameraFrame 69.5 ms (trackedPts=0)
10-01 14:55:00.463 W/FrameProbe(18737): nativeOnCameraFrame 17.7 ms (trackedPts=0)
10-01 14:55:00.561 W/FrameProbe(18737): nativeOnCameraFrame 67.2 ms (trackedPts=0)
10-01 14:55:00.693 W/FrameProbe(18737): nativeOnCameraFrame 67.8 ms (trackedPts=0)
10-01 14:55:00.693 D/FpsProbe(18737): fps=21.3 LOW
10-01 14:55:00.828 W/FrameProbe(18737): nativeOnCameraFrame 71.3 ms (trackedPts=0)
10-01 14:55:01.000 I/CameraRange(18737): hold 自动/中 等待有效深度 aux=3 reason=policy-hold pending=none/0
10-01 14:55:01.569 I/MobileScan3D(18737): renderPoseAtTol match: deltaMs=350 newestAgeMs=350 hist=120
10-01 14:55:01.569 I/MobileScan3D(18737): ArAxesProbe raw down=(-0.135,-0.991,0.012) fwd=(-0.986,0.133,-0.101) post down=(-0.135,-0.991,0.012) fwd=(-0.986,0.133,-0.101) deltaMs=350
10-01 14:55:01.570 I/HqTexture(18737): pose relaxed: idx=0 ts=364900437951872 tol=500ms
10-01 14:55:01.720 I/MobileScan3D(18737): renderPoseAtTol match: deltaMs=484 newestAgeMs=484 hist=120
10-01 14:55:01.720 I/HqTexture(18737): pose relaxed: idx=1 ts=364900571260206 tol=500ms
10-01 14:55:02.484 W/FrameProbe(18737): nativeOnCameraFrame 96.5 ms (trackedPts=0)
10-01 14:55:02.486 D/FpsProbe(18737): fps=2.3 LOW
10-01 14:55:02.543 I/ArPoseProbe(18737): fromTs=32.3% latest=67.7% total=1170
10-01 14:55:02.590 W/FrameProbe(18737): nativeOnCameraFrame 79.3 ms (trackedPts=0)
10-01 14:55:02.704 W/FrameProbe(18737): nativeOnCameraFrame 79.9 ms (trackedPts=0)
10-01 14:55:02.781 W/FrameProbe(18737): nativeOnCameraFrame 25.7 ms (trackedPts=0)
10-01 14:55:02.871 W/FrameProbe(18737): nativeOnCameraFrame 73.7 ms (trackedPts=0)
10-01 14:55:02.934 W/FrameProbe(18737): nativeOnCameraFrame 36.6 ms (trackedPts=0)
10-01 14:55:03.045 W/FrameProbe(18737): nativeOnCameraFrame 93.2 ms (trackedPts=0)
10-01 14:55:03.140 W/FrameProbe(18737): nativeOnCameraFrame 77.9 ms (trackedPts=0)
10-01 14:55:03.168 W/FrameProbe(18737): nativeOnCameraFrame 17.7 ms (trackedPts=0)
10-01 14:55:03.211 W/FrameProbe(18737): nativeOnCameraFrame 30.2 ms (trackedPts=0)
10-01 14:55:03.383 W/FrameProbe(18737): nativeOnCameraFrame 155.4 ms (trackedPts=0)
10-01 14:55:03.465 W/FrameProbe(18737): nativeOnCameraFrame 70.0 ms (trackedPts=0)
10-01 14:55:03.466 D/FpsProbe(18737): fps=12.6 LOW
10-01 14:55:03.530 W/FrameProbe(18737): nativeOnCameraFrame 25.5 ms (trackedPts=0)
10-01 14:55:03.633 W/FrameProbe(18737): nativeOnCameraFrame 86.6 ms (trackedPts=0)
10-01 14:55:03.747 W/FrameProbe(18737): nativeOnCameraFrame 70.6 ms (trackedPts=0)
10-01 14:55:03.768 W/FrameProbe(18737): nativeOnCameraFrame 16.1 ms (trackedPts=0)
10-01 14:55:03.868 W/FrameProbe(18737): nativeOnCameraFrame 69.4 ms (trackedPts=0)
10-01 14:55:04.002 W/FrameProbe(18737): nativeOnCameraFrame 72.9 ms (trackedPts=0)
10-01 14:55:04.132 W/FrameProbe(18737): nativeOnCameraFrame 72.3 ms (trackedPts=0)
10-01 14:55:04.194 W/FrameProbe(18737): nativeOnCameraFrame 27.4 ms (trackedPts=0)
10-01 14:55:04.291 W/FrameProbe(18737): nativeOnCameraFrame 89.4 ms (trackedPts=0)
10-01 14:55:04.323 W/FrameProbe(18737): nativeOnCameraFrame 24.4 ms (trackedPts=0)
10-01 14:55:04.459 W/FrameProbe(18737): nativeOnCameraFrame 126.5 ms (trackedPts=0)
10-01 14:55:04.601 I/ArPoseProbe(18737): fromTs=35.4% latest=64.6% total=1260
10-01 14:55:04.626 W/FrameProbe(18737): nativeOnCameraFrame 137.5 ms (trackedPts=0)
10-01 14:55:04.627 D/FpsProbe(18737): fps=18.8 LOW
10-01 14:55:04.846 W/FrameProbe(18737): nativeOnCameraFrame 188.7 ms (trackedPts=0)
10-01 14:55:04.929 W/FrameProbe(18737): nativeOnCameraFrame 53.5 ms (trackedPts=0)
10-01 14:55:05.050 W/FrameProbe(18737): nativeOnCameraFrame 62.8 ms (trackedPts=0)
10-01 14:55:05.194 W/FrameProbe(18737): nativeOnCameraFrame 71.1 ms (trackedPts=0)
10-01 14:55:05.333 W/FrameProbe(18737): nativeOnCameraFrame 77.7 ms (trackedPts=0)
10-01 14:55:05.385 W/FrameProbe(18737): nativeOnCameraFrame 16.9 ms (trackedPts=0)
10-01 14:55:05.503 W/FrameProbe(18737): nativeOnCameraFrame 109.8 ms (trackedPts=0)
10-01 14:55:05.531 D/FpsProbe(18737): fps=14.5 LOW
10-01 14:55:05.620 W/FrameProbe(18737): nativeOnCameraFrame 76.4 ms (trackedPts=0)
10-01 14:55:05.724 W/FrameProbe(18737): nativeOnCameraFrame 69.9 ms (trackedPts=0)
10-01 14:55:05.757 W/FrameProbe(18737): nativeOnCameraFrame 20.6 ms (trackedPts=0)
10-01 14:55:05.785 W/FrameProbe(18737): nativeOnCameraFrame 16.1 ms (trackedPts=0)
10-01 14:55:05.873 W/FrameProbe(18737): nativeOnCameraFrame 80.0 ms (trackedPts=0)
10-01 14:55:05.928 W/FrameProbe(18737): nativeOnCameraFrame 17.8 ms (trackedPts=0)
10-01 14:55:06.007 W/FrameProbe(18737): nativeOnCameraFrame 67.4 ms (trackedPts=0)
10-01 14:55:06.126 W/FrameProbe(18737): nativeOnCameraFrame 70.2 ms (trackedPts=0)
10-01 14:55:06.266 W/FrameProbe(18737): nativeOnCameraFrame 75.3 ms (trackedPts=0)
10-01 14:55:06.398 W/FrameProbe(18737): nativeOnCameraFrame 75.4 ms (trackedPts=0)
10-01 14:55:06.493 I/ArPoseProbe(18737): fromTs=38.2% latest=61.8% total=1350
10-01 14:55:06.523 W/FrameProbe(18737): nativeOnCameraFrame 68.7 ms (trackedPts=0)
10-01 14:55:06.539 D/FpsProbe(18737): fps=20.3 LOW
10-01 14:55:06.660 W/FrameProbe(18737): nativeOnCameraFrame 68.1 ms (trackedPts=0)
10-01 14:55:06.904 W/FrameProbe(18737): nativeOnCameraFrame 181.7 ms (trackedPts=0)
10-01 14:55:06.995 W/FrameProbe(18737): nativeOnCameraFrame 77.2 ms (trackedPts=0)
10-01 14:55:07.094 W/FrameProbe(18737): nativeOnCameraFrame 73.0 ms (trackedPts=0)
10-01 14:55:07.229 W/FrameProbe(18737): nativeOnCameraFrame 64.5 ms (trackedPts=0)
10-01 14:55:07.234 I/CameraRange(18737): hold 自动/中 等待有效深度 aux=3 reason=policy-hold pending=none/0
10-01 14:55:07.253 W/FrameProbe(18737): nativeOnCameraFrame 17.4 ms (trackedPts=0)
10-01 14:55:07.313 I/HqTexture(18737): register ok: fused_229151216493104.jpg idx=0 q=2.50 ts=364900437951872
10-01 14:55:07.387 W/FrameProbe(18737): nativeOnCameraFrame 66.2 ms (trackedPts=0)
10-01 14:55:07.531 W/FrameProbe(18737): nativeOnCameraFrame 70.9 ms (trackedPts=0)
10-01 14:55:07.562 D/FpsProbe(18737): fps=18.4 LOW
10-01 14:55:07.655 W/FrameProbe(18737): nativeOnCameraFrame 67.7 ms (trackedPts=0)
10-01 14:55:07.786 W/FrameProbe(18737): nativeOnCameraFrame 67.7 ms (trackedPts=0)
10-01 14:55:07.925 W/FrameProbe(18737): nativeOnCameraFrame 61.7 ms (trackedPts=0)
10-01 14:55:08.058 W/FrameProbe(18737): nativeOnCameraFrame 66.7 ms (trackedPts=0)
10-01 14:55:08.198 W/FrameProbe(18737): nativeOnCameraFrame 69.1 ms (trackedPts=0)
10-01 14:55:08.270 I/ArPoseProbe(18737): fromTs=41.6% latest=58.4% total=1440
10-01 14:55:08.334 W/FrameProbe(18737): nativeOnCameraFrame 71.9 ms (trackedPts=0)
10-01 14:55:08.457 W/FrameProbe(18737): nativeOnCameraFrame 61.9 ms (trackedPts=0)
10-01 14:55:08.596 W/FrameProbe(18737): nativeOnCameraFrame 70.7 ms (trackedPts=0)
10-01 14:55:08.614 D/FpsProbe(18737): fps=22.3 LOW
10-01 14:55:08.726 W/FrameProbe(18737): nativeOnCameraFrame 63.3 ms (trackedPts=0)
10-01 14:55:08.855 W/FrameProbe(18737): nativeOnCameraFrame 66.8 ms (trackedPts=0)
10-01 14:55:08.985 W/FrameProbe(18737): nativeOnCameraFrame 64.2 ms (trackedPts=0)
10-01 14:55:09.101 W/FrameProbe(18737): nativeOnCameraFrame 43.0 ms (trackedPts=0)
10-01 14:55:09.228 W/FrameProbe(18737): nativeOnCameraFrame 42.1 ms (trackedPts=0)
10-01 14:55:09.396 W/FrameProbe(18737): nativeOnCameraFrame 66.1 ms (trackedPts=0)
10-01 14:55:09.532 W/FrameProbe(18737): nativeOnCameraFrame 77.4 ms (trackedPts=0)
10-01 14:55:09.656 W/FrameProbe(18737): nativeOnCameraFrame 69.0 ms (trackedPts=0)
10-01 14:55:09.677 D/FpsProbe(18737): fps=24.4 LOW
10-01 14:55:09.783 W/FrameProbe(18737): nativeOnCameraFrame 62.8 ms (trackedPts=0)
10-01 14:55:09.925 W/FrameProbe(18737): nativeOnCameraFrame 63.2 ms (trackedPts=0)
10-01 14:55:09.926 I/ArPoseProbe(18737): fromTs=44.6% latest=55.4% total=1530
10-01 14:55:10.039 W/FrameProbe(18737): nativeOnCameraFrame 45.0 ms (trackedPts=0)
10-01 14:55:10.185 W/FrameProbe(18737): nativeOnCameraFrame 65.8 ms (trackedPts=0)
10-01 14:55:10.331 W/FrameProbe(18737): nativeOnCameraFrame 70.8 ms (trackedPts=0)
10-01 14:55:10.455 W/FrameProbe(18737): nativeOnCameraFrame 61.2 ms (trackedPts=0)
10-01 14:55:10.586 W/FrameProbe(18737): nativeOnCameraFrame 63.4 ms (trackedPts=0)
10-01 14:55:11.234 I/MobileScan3D(18737): renderPoseAtTol match: deltaMs=305 newestAgeMs=305 hist=120
10-01 14:55:11.234 I/MobileScan3D(18737): ArAxesProbe raw down=(-0.642,-0.767,0.020) fwd=(-0.708,0.602,0.370) post down=(-0.642,-0.767,0.020) fwd=(-0.708,0.602,0.370) deltaMs=304
10-01 14:55:11.234 I/HqTexture(18737): pose relaxed: idx=0 ts=364910190961560 tol=500ms
10-01 14:55:11.390 I/MobileScan3D(18737): renderPoseAtTol match: deltaMs=438 newestAgeMs=438 hist=120
10-01 14:55:11.390 I/HqTexture(18737): pose relaxed: idx=1 ts=364910324269893 tol=500ms
10-01 14:55:12.194 W/FrameProbe(18737): nativeOnCameraFrame 60.3 ms (trackedPts=0)
10-01 14:55:12.194 D/FpsProbe(18737): fps=9.3 LOW
10-01 14:55:12.804 W/FrameProbe(18737): nativeOnCameraFrame 65.4 ms (trackedPts=0)
10-01 14:55:12.943 W/FrameProbe(18737): nativeOnCameraFrame 80.5 ms (trackedPts=0)
10-01 14:55:13.076 W/FrameProbe(18737): nativeOnCameraFrame 71.3 ms (trackedPts=0)
10-01 14:55:13.097 W/FrameProbe(18737): nativeOnCameraFrame 18.6 ms (trackedPts=0)
10-01 14:55:13.214 W/FrameProbe(18737): nativeOnCameraFrame 76.1 ms (trackedPts=0)
10-01 14:55:13.214 D/FpsProbe(18737): fps=10.0 LOW
10-01 14:55:13.245 W/FrameProbe(18737): nativeOnCameraFrame 18.9 ms (trackedPts=0)
10-01 14:55:13.332 W/FrameProbe(18737): nativeOnCameraFrame 67.8 ms (trackedPts=0)
10-01 14:55:13.361 I/CameraRange(18737): hold 自动/中 等待有效深度 aux=3 reason=policy-hold pending=none/0
10-01 14:55:13.482 W/FrameProbe(18737): nativeOnCameraFrame 83.0 ms (trackedPts=0)
10-01 14:55:13.584 W/FrameProbe(18737): nativeOnCameraFrame 49.8 ms (trackedPts=0)
10-01 14:55:13.614 W/FrameProbe(18737): nativeOnCameraFrame 20.2 ms (trackedPts=0)
10-01 14:55:13.646 W/FrameProbe(18737): nativeOnCameraFrame 19.4 ms (trackedPts=0)
10-01 14:55:13.737 W/FrameProbe(18737): nativeOnCameraFrame 74.8 ms (trackedPts=0)
10-01 14:55:13.764 W/FrameProbe(18737): nativeOnCameraFrame 17.4 ms (trackedPts=0)
10-01 14:55:13.802 I/ArPoseProbe(18737): fromTs=46.9% latest=53.1% total=1620
10-01 14:55:13.880 W/FrameProbe(18737): nativeOnCameraFrame 85.1 ms (trackedPts=0)
10-01 14:55:13.926 W/FrameProbe(18737): nativeOnCameraFrame 18.0 ms (trackedPts=0)
10-01 14:55:14.004 W/FrameProbe(18737): nativeOnCameraFrame 71.3 ms (trackedPts=0)
10-01 14:55:14.175 W/FrameProbe(18737): nativeOnCameraFrame 112.3 ms (trackedPts=0)
10-01 14:55:14.199 D/FpsProbe(18737): fps=19.4 LOW
10-01 14:55:14.291 W/FrameProbe(18737): nativeOnCameraFrame 83.3 ms (trackedPts=0)
10-01 14:55:14.328 W/FrameProbe(18737): nativeOnCameraFrame 19.4 ms (trackedPts=0)
10-01 14:55:14.394 W/FrameProbe(18737): nativeOnCameraFrame 62.8 ms (trackedPts=0)
10-01 14:55:14.424 W/FrameProbe(18737): nativeOnCameraFrame 19.9 ms (trackedPts=0)
10-01 14:55:14.553 W/FrameProbe(18737): nativeOnCameraFrame 89.5 ms (trackedPts=0)
10-01 14:55:14.591 W/FrameProbe(18737): nativeOnCameraFrame 24.4 ms (trackedPts=0)
10-01 14:55:14.706 W/FrameProbe(18737): nativeOnCameraFrame 79.8 ms (trackedPts=0)
10-01 14:55:14.811 W/FrameProbe(18737): nativeOnCameraFrame 52.3 ms (trackedPts=0)
10-01 14:55:14.846 W/FrameProbe(18737): nativeOnCameraFrame 21.1 ms (trackedPts=0)
10-01 14:55:14.944 W/FrameProbe(18737): nativeOnCameraFrame 53.5 ms (trackedPts=0)
10-01 14:55:15.010 W/HqTexture(18737): register skip: pose gate single_229160988690235.jpg idx=3 poseValid=false poseAtOk=false sensorTs=364910524232393
10-01 14:55:15.094 W/FrameProbe(18737): nativeOnCameraFrame 62.6 ms (trackedPts=0)
10-01 14:55:15.201 W/FrameProbe(18737): nativeOnCameraFrame 40.5 ms (trackedPts=0)
10-01 14:55:15.225 D/FpsProbe(18737): fps=22.3 LOW
10-01 14:55:15.345 W/FrameProbe(18737): nativeOnCameraFrame 52.5 ms (trackedPts=0)
10-01 14:55:15.568 W/FrameProbe(18737): nativeOnCameraFrame 140.5 ms (trackedPts=0)
10-01 14:55:15.570 I/ArPoseProbe(18737): fromTs=48.8% latest=51.2% total=1710
10-01 14:55:15.647 W/FrameProbe(18737): nativeOnCameraFrame 70.5 ms (trackedPts=0)
10-01 14:55:15.753 W/FrameProbe(18737): nativeOnCameraFrame 57.0 ms (trackedPts=0)
10-01 14:55:15.913 W/FrameProbe(18737): nativeOnCameraFrame 68.6 ms (trackedPts=0)
10-01 14:55:16.013 W/FrameProbe(18737): nativeOnCameraFrame 57.4 ms (trackedPts=0)
10-01 14:55:16.147 W/FrameProbe(18737): nativeOnCameraFrame 54.9 ms (trackedPts=0)
10-01 14:55:16.280 W/FrameProbe(18737): nativeOnCameraFrame 54.8 ms (trackedPts=0)
10-01 14:55:16.281 D/FpsProbe(18737): fps=24.2 LOW
10-01 14:55:16.432 W/FrameProbe(18737): nativeOnCameraFrame 65.6 ms (trackedPts=0)
10-01 14:55:16.546 W/FrameProbe(18737): nativeOnCameraFrame 55.5 ms (trackedPts=0)
10-01 14:55:16.684 W/FrameProbe(18737): nativeOnCameraFrame 56.7 ms (trackedPts=0)
10-01 14:55:16.814 W/FrameProbe(18737): nativeOnCameraFrame 53.9 ms (trackedPts=0)
10-01 14:55:16.946 W/FrameProbe(18737): nativeOnCameraFrame 56.3 ms (trackedPts=0)
10-01 14:55:17.097 W/FrameProbe(18737): nativeOnCameraFrame 72.0 ms (trackedPts=0)
10-01 14:55:17.172 I/ArPoseProbe(18737): fromTs=50.8% latest=49.2% total=1800
10-01 14:55:17.224 W/FrameProbe(18737): nativeOnCameraFrame 65.5 ms (trackedPts=0)
10-01 14:55:17.277 D/FpsProbe(18737): fps=25.2
10-01 14:55:17.364 W/FrameProbe(18737): nativeOnCameraFrame 63.7 ms (trackedPts=0)
10-01 14:55:17.489 W/FrameProbe(18737): nativeOnCameraFrame 62.3 ms (trackedPts=0)
10-01 14:55:17.631 W/FrameProbe(18737): nativeOnCameraFrame 72.5 ms (trackedPts=0)
10-01 14:55:17.757 W/FrameProbe(18737): nativeOnCameraFrame 63.6 ms (trackedPts=0)
10-01 14:55:17.879 W/FrameProbe(18737): nativeOnCameraFrame 55.1 ms (trackedPts=0)
10-01 14:55:18.030 W/FrameProbe(18737): nativeOnCameraFrame 67.8 ms (trackedPts=0)
10-01 14:55:18.937 I/MobileScan3D(18737): renderPoseAtTol match: deltaMs=380 newestAgeMs=380 hist=120
10-01 14:55:18.937 I/MobileScan3D(18737): ArAxesProbe raw down=(0.182,-0.981,0.061) fwd=(-0.979,-0.175,0.104) post down=(0.182,-0.981,0.061) fwd=(-0.979,-0.175,0.104) deltaMs=380
10-01 14:55:18.937 I/HqTexture(18737): pose relaxed: idx=0 ts=364917802281820 tol=500ms
10-01 14:55:19.843 W/FrameProbe(18737): nativeOnCameraFrame 68.3 ms (trackedPts=0)
10-01 14:55:19.843 D/FpsProbe(18737): fps=7.6 LOW
10-01 14:55:19.948 W/FrameProbe(18737): nativeOnCameraFrame 59.7 ms (trackedPts=0)
10-01 14:55:20.097 W/FrameProbe(18737): nativeOnCameraFrame 74.2 ms (trackedPts=0)
10-01 14:55:20.137 W/FrameProbe(18737): nativeOnCameraFrame 24.1 ms (trackedPts=0)
10-01 14:55:20.179 W/FrameProbe(18737): nativeOnCameraFrame 22.2 ms (trackedPts=0)
10-01 14:55:20.264 W/FrameProbe(18737): nativeOnCameraFrame 70.4 ms (trackedPts=0)
10-01 14:55:20.388 W/FrameProbe(18737): nativeOnCameraFrame 61.6 ms (trackedPts=0)
10-01 14:55:20.413 I/CameraRange(18737): hold 自动/中 等待有效深度 aux=3 reason=policy-hold pending=none/0
10-01 14:55:20.520 W/FrameProbe(18737): nativeOnCameraFrame 64.4 ms (trackedPts=0)
10-01 14:55:20.623 I/ArPoseProbe(18737): fromTs=52.5% latest=47.5% total=1890
10-01 14:55:20.660 W/FrameProbe(18737): nativeOnCameraFrame 69.5 ms (trackedPts=0)
10-01 14:55:20.704 W/FrameProbe(18737): nativeOnCameraFrame 21.8 ms (trackedPts=0)
10-01 14:55:20.830 W/FrameProbe(18737): nativeOnCameraFrame 105.9 ms (trackedPts=0)
10-01 14:55:20.859 D/FpsProbe(18737): fps=18.8 LOW
10-01 14:55:20.967 W/FrameProbe(18737): nativeOnCameraFrame 98.0 ms (trackedPts=0)
10-01 14:55:21.076 W/FrameProbe(18737): nativeOnCameraFrame 67.3 ms (trackedPts=0)
10-01 14:55:21.201 W/FrameProbe(18737): nativeOnCameraFrame 75.2 ms (trackedPts=0)
10-01 14:55:21.236 W/FrameProbe(18737): nativeOnCameraFrame 21.7 ms (trackedPts=0)
10-01 14:55:21.348 W/FrameProbe(18737): nativeOnCameraFrame 79.5 ms (trackedPts=0)
10-01 14:55:21.472 W/FrameProbe(18737): nativeOnCameraFrame 83.3 ms (trackedPts=0)
10-01 14:55:21.518 W/FrameProbe(18737): nativeOnCameraFrame 29.6 ms (trackedPts=0)
10-01 14:55:21.609 W/FrameProbe(18737): nativeOnCameraFrame 79.8 ms (trackedPts=0)
10-01 14:55:21.661 W/FrameProbe(18737): nativeOnCameraFrame 28.9 ms (trackedPts=0)
10-01 14:55:21.777 W/FrameProbe(18737): nativeOnCameraFrame 96.7 ms (trackedPts=0)
10-01 14:55:21.967 W/FrameProbe(18737): nativeOnCameraFrame 144.5 ms (trackedPts=0)
10-01 14:55:22.055 W/FrameProbe(18737): nativeOnCameraFrame 73.8 ms (trackedPts=0)
10-01 14:55:22.055 D/FpsProbe(18737): fps=14.1 LOW
10-01 14:55:22.159 W/FrameProbe(18737): nativeOnCameraFrame 70.0 ms (trackedPts=0)
10-01 14:55:22.277 W/FrameProbe(18737): nativeOnCameraFrame 54.6 ms (trackedPts=0)
10-01 14:55:22.435 W/FrameProbe(18737): nativeOnCameraFrame 73.3 ms (trackedPts=0)
10-01 14:55:22.479 W/FrameProbe(18737): nativeOnCameraFrame 22.3 ms (trackedPts=0)
10-01 14:55:22.586 W/FrameProbe(18737): nativeOnCameraFrame 89.9 ms (trackedPts=0)
10-01 14:55:22.634 W/FrameProbe(18737): nativeOnCameraFrame 26.6 ms (trackedPts=0)
10-01 14:55:22.640 I/ArPoseProbe(18737): fromTs=53.1% latest=46.9% total=1980
10-01 14:55:22.741 W/FrameProbe(18737): nativeOnCameraFrame 96.4 ms (trackedPts=0)
10-01 14:55:22.864 W/FrameProbe(18737): nativeOnCameraFrame 108.3 ms (trackedPts=0)
10-01 14:55:22.909 W/FrameProbe(18737): nativeOnCameraFrame 23.4 ms (trackedPts=0)
10-01 14:55:22.990 W/FrameProbe(18737): nativeOnCameraFrame 68.8 ms (trackedPts=0)
10-01 14:55:23.010 D/FpsProbe(18737): fps=16.5 LOW
10-01 14:55:23.078 W/FrameProbe(18737): nativeOnCameraFrame 58.1 ms (trackedPts=0)
10-01 14:55:23.223 W/FrameProbe(18737): nativeOnCameraFrame 66.3 ms (trackedPts=0)
10-01 14:55:23.358 W/FrameProbe(18737): nativeOnCameraFrame 69.6 ms (trackedPts=0)
10-01 14:55:23.490 W/FrameProbe(18737): nativeOnCameraFrame 66.4 ms (trackedPts=0)
10-01 14:55:23.625 W/FrameProbe(18737): nativeOnCameraFrame 67.8 ms (trackedPts=0)
10-01 14:55:23.692 W/HqTexture(18737): register skip: pose gate single_229168532309972.jpg idx=1 poseValid=false poseAtOk=false sensorTs=364917935590154
10-01 14:55:23.773 W/FrameProbe(18737): nativeOnCameraFrame 72.7 ms (trackedPts=0)
10-01 14:55:23.885 W/FrameProbe(18737): nativeOnCameraFrame 59.9 ms (trackedPts=0)
10-01 14:55:24.026 W/FrameProbe(18737): nativeOnCameraFrame 69.4 ms (trackedPts=0)
10-01 14:55:24.043 D/FpsProbe(18737): fps=22.3 LOW
10-01 14:55:24.153 W/FrameProbe(18737): nativeOnCameraFrame 66.1 ms (trackedPts=0)
10-01 14:55:24.920 I/MobileScan3D(18737): renderPoseAtTol match: deltaMs=364 newestAgeMs=364 hist=120
10-01 14:55:24.920 I/MobileScan3D(18737): ArAxesProbe raw down=(0.106,-0.990,0.091) fwd=(-0.990,-0.097,0.099) post down=(0.106,-0.990,0.091) fwd=(-0.990,-0.097,0.099) deltaMs=363
10-01 14:55:24.920 I/HqTexture(18737): pose relaxed: idx=0 ts=364923782242237 tol=500ms
10-01 14:55:25.087 I/MobileScan3D(18737): renderPoseAtTol match: deltaMs=497 newestAgeMs=497 hist=120
10-01 14:55:25.087 I/HqTexture(18737): pose relaxed: idx=1 ts=364923915550570 tol=500ms
10-01 14:55:25.851 W/FrameProbe(18737): nativeOnCameraFrame 62.3 ms (trackedPts=0)
10-01 14:55:25.852 D/FpsProbe(18737): fps=1.7 LOW
10-01 14:55:25.950 W/FrameProbe(18737): nativeOnCameraFrame 73.6 ms (trackedPts=0)
10-01 14:55:25.983 W/FrameProbe(18737): nativeOnCameraFrame 17.5 ms (trackedPts=0)
10-01 14:55:26.022 W/FrameProbe(18737): nativeOnCameraFrame 23.2 ms (trackedPts=0)
10-01 14:55:26.109 W/FrameProbe(18737): nativeOnCameraFrame 77.2 ms (trackedPts=0)
10-01 14:55:26.154 I/ArPoseProbe(18737): fromTs=54.2% latest=45.8% total=2070
10-01 14:55:26.164 W/FrameProbe(18737): nativeOnCameraFrame 19.2 ms (trackedPts=0)
10-01 14:55:26.227 W/FrameProbe(18737): nativeOnCameraFrame 48.2 ms (trackedPts=0)
10-01 14:55:26.309 I/CameraRange(18737): hold 自动/中 等待有效深度 aux=3 reason=policy-hold pending=none/0
10-01 14:55:26.350 W/FrameProbe(18737): nativeOnCameraFrame 39.5 ms (trackedPts=0)
10-01 14:55:26.499 W/FrameProbe(18737): nativeOnCameraFrame 53.3 ms (trackedPts=0)
10-01 14:55:26.631 W/FrameProbe(18737): nativeOnCameraFrame 47.1 ms (trackedPts=0)
10-01 14:55:26.792 W/FrameProbe(18737): nativeOnCameraFrame 77.4 ms (trackedPts=0)
10-01 14:55:26.825 D/FpsProbe(18737): fps=23.2 LOW
10-01 14:55:26.855 W/FrameProbe(18737): nativeOnCameraFrame 18.2 ms (trackedPts=0)
10-01 14:55:26.940 W/FrameProbe(18737): nativeOnCameraFrame 72.7 ms (trackedPts=0)
10-01 14:55:26.987 W/FrameProbe(18737): nativeOnCameraFrame 23.5 ms (trackedPts=0)
10-01 14:55:27.057 W/FrameProbe(18737): nativeOnCameraFrame 61.5 ms (trackedPts=0)
10-01 14:55:27.185 W/FrameProbe(18737): nativeOnCameraFrame 71.2 ms (trackedPts=0)
10-01 14:55:27.210 W/FrameProbe(18737): nativeOnCameraFrame 16.5 ms (trackedPts=0)
10-01 14:55:27.314 W/FrameProbe(18737): nativeOnCameraFrame 69.0 ms (trackedPts=0)
10-01 14:55:27.343 W/FrameProbe(18737): nativeOnCameraFrame 19.6 ms (trackedPts=0)
10-01 14:55:27.450 W/FrameProbe(18737): nativeOnCameraFrame 72.6 ms (trackedPts=0)
10-01 14:55:27.507 W/FrameProbe(18737): nativeOnCameraFrame 26.3 ms (trackedPts=0)
10-01 14:55:27.617 W/FrameProbe(18737): nativeOnCameraFrame 96.0 ms (trackedPts=0)
10-01 14:55:27.647 W/FrameProbe(18737): nativeOnCameraFrame 21.0 ms (trackedPts=0)
10-01 14:55:27.766 W/FrameProbe(18737): nativeOnCameraFrame 97.9 ms (trackedPts=0)
10-01 14:55:27.844 W/FrameProbe(18737): nativeOnCameraFrame 66.7 ms (trackedPts=0)
10-01 14:55:27.868 D/FpsProbe(18737): fps=18.8 LOW
10-01 14:55:27.896 I/ArPoseProbe(18737): fromTs=55.4% latest=44.6% total=2160
10-01 14:55:27.977 W/FrameProbe(18737): nativeOnCameraFrame 66.4 ms (trackedPts=0)
10-01 14:55:28.114 W/FrameProbe(18737): nativeOnCameraFrame 69.6 ms (trackedPts=0)
10-01 14:55:28.235 W/FrameProbe(18737): nativeOnCameraFrame 59.5 ms (trackedPts=0)
10-01 14:55:28.300 W/FrameProbe(18737): nativeOnCameraFrame 17.4 ms (trackedPts=0)
10-01 14:55:28.387 W/FrameProbe(18737): nativeOnCameraFrame 76.1 ms (trackedPts=0)
10-01 14:55:28.443 W/FrameProbe(18737): nativeOnCameraFrame 34.6 ms (trackedPts=0)
10-01 14:55:28.592 W/FrameProbe(18737): nativeOnCameraFrame 127.4 ms (trackedPts=0)
10-01 14:55:28.688 W/FrameProbe(18737): nativeOnCameraFrame 86.6 ms (trackedPts=0)
10-01 14:55:28.756 W/FrameProbe(18737): nativeOnCameraFrame 45.1 ms (trackedPts=0)
10-01 14:55:28.836 W/FrameProbe(18737): nativeOnCameraFrame 66.2 ms (trackedPts=0)
10-01 14:55:28.952 W/FrameProbe(18737): nativeOnCameraFrame 68.3 ms (trackedPts=0)
10-01 14:55:28.953 D/FpsProbe(18737): fps=17.4 LOW
10-01 14:55:29.085 W/FrameProbe(18737): nativeOnCameraFrame 72.0 ms (trackedPts=0)
10-01 14:55:29.216 W/FrameProbe(18737): nativeOnCameraFrame 70.5 ms (trackedPts=0)
10-01 14:55:29.348 W/FrameProbe(18737): nativeOnCameraFrame 70.8 ms (trackedPts=0)
10-01 14:55:29.428 W/HqTexture(18737): register skip: pose gate single_229174540975959.jpg idx=3 poseValid=false poseAtOk=false sensorTs=364924115513070
10-01 14:55:29.508 W/FrameProbe(18737): nativeOnCameraFrame 66.4 ms (trackedPts=0)
10-01 14:55:30.252 I/MobileScan3D(18737): nativeBuildMesh quality=0 ok=1 src=scene verts=11180 tris=20000 rawTris=119795 compRemoved=79/86 decimated=1 ms=744.4 note=ok
10-01 14:55:30.414 W/FrameProbe(18737): nativeOnCameraFrame 143.8 ms (trackedPts=0)
10-01 14:55:30.507 W/FrameProbe(18737): nativeOnCameraFrame 83.1 ms (trackedPts=0)
10-01 14:55:30.508 D/FpsProbe(18737): fps=12.0 LOW
10-01 14:55:30.616 W/FrameProbe(18737): nativeOnCameraFrame 97.9 ms (trackedPts=0)
10-01 14:55:30.684 W/FrameProbe(18737): nativeOnCameraFrame 42.0 ms (trackedPts=0)
10-01 14:55:30.692 I/ArPoseProbe(18737): fromTs=55.9% latest=44.1% total=2250
10-01 14:55:30.848 W/FrameProbe(18737): nativeOnCameraFrame 56.6 ms (trackedPts=0)
10-01 14:55:30.881 W/FrameProbe(18737): nativeOnCameraFrame 23.7 ms (trackedPts=0)
10-01 14:55:30.964 W/FrameProbe(18737): nativeOnCameraFrame 51.5 ms (trackedPts=0)
10-01 14:55:30.996 I/DepthInferencePerf(18737): frames=30 preprocess p50=17.68375ms p95=41.476513ms | inference p50=334.61536ms p95=763.4961ms | copy p50=0.030573ms p95=0.097969ms | total p50=354.6085ms p95=787.56964ms
10-01 14:55:31.001 I/MobileScan3D(18737): DepthProbe calib valid=1 scale=0.0029 shift=1.8053 conf=0.444 samples=301 spanRel=0.825 invZSpan=3.109 acc=3 rej=5 reason=reference depth span too narrow | fusionDepth min=0.180 max=0.401 mean=0.274 valid=65536 fallback=0 | scanMax=1.00 worldPerMeter=1.0000 worldScaleUsable=0 | epochA=1 susp=1
10-01 14:55:31.001 I/MobileScan3D(18737): EpochProbe active=1 susp=1 opens=1 index=1 suspendEvents=1 suspendedFrames=17 driftRejects=0 lastDriftRel=0.1497 frozenRecoveries=0 stableStreak=0 badStreak=13 suspendStreak=13 | frozen scale=0.0022 shift=1.5350 inv=1 refRaw=0.0000 refZ=0.6514 frozenN=212 frozenConf=0.448 | live scale=0.0029 shift=1.8053 conf=0.444 samples=301 inv=1 | norm A=0.00000 B=0.00000 reparms=0 lastScaleRel=0.0000 changesWhileEpoch=0
10-01 14:55:31.001 I/MobileScan3D(18737): StereoProbe worldPerMeter=1.2985 stable=0 frameScale=1.4902 medRel=0.120 denseRel=0.126 samples=96 | scaleAcc=2 scaleRej=0(noBase=0 few=0 resid=0 jump=0) | calibStereo acc=0 rej=0 uniq=0 copies=0 | geom batches=0 stale=0 dropNoPose=0 dropNoScale=0 dropResid=0 | submitted=16 anchors=1196 matched=2 inputRej=0 seen=30 miss=14
10-01 14:55:31.002 I/PerfStage(18737): entered=30 done=30 calib p50=0.7 p95=3.1 | temporal p50=3.2 p95=7.4 | weight p50=0.9 p95=1.3 | fuse p50=58.2 p95=59.0 | surfel p50=17.8 p95=23.7 | stereo p50=0.0 p95=0.0 | lock p50=0.0 p95=2.3 | total p50=20.5 p95=151.3 | tmask tested=0 agree=0 disagree=0 | lockWait=0.0
10-01 14:55:31.002 I/PerfGate(18737): depthEarly world=0 noSnap=0 staleGen=0 dup=0 | retain ok=30 noPose=301 mismatch=0 badTs=0 | poseTol hit=9 missWorld=0 missEmpty=0 missOver=11
10-01 14:55:31.119 W/FrameProbe(18737): nativeOnCameraFrame 65.9 ms (trackedPts=0)
10-01 14:55:31.127 D/FpsProbe(18737): fps=13.1 LOW
10-01 14:55:31.214 W/FrameProbe(18737): nativeOnCameraFrame 39.3 ms (trackedPts=0)
10-01 14:55:31.358 W/FrameProbe(18737): nativeOnCameraFrame 51.8 ms (trackedPts=0)
10-01 14:55:31.494 W/FrameProbe(18737): nativeOnCameraFrame 50.3 ms (trackedPts=0)
10-01 14:55:31.518 W/FrameProbe(18737): nativeOnCameraFrame 16.9 ms (trackedPts=0)
10-01 14:55:31.626 W/FrameProbe(18737): nativeOnCameraFrame 50.5 ms (trackedPts=0)
10-01 14:55:31.747 W/FrameProbe(18737): nativeOnCameraFrame 36.4 ms (trackedPts=0)
10-01 14:55:31.896 W/FrameProbe(18737): nativeOnCameraFrame 52.0 ms (trackedPts=0)
10-01 14:55:32.038 W/FrameProbe(18737): nativeOnCameraFrame 51.6 ms (trackedPts=0)
10-01 14:55:32.176 W/FrameProbe(18737): nativeOnCameraFrame 55.9 ms (trackedPts=0)
10-01 14:55:32.176 I/CameraRange(18737): hold 自动/中 等待有效深度 aux=3 reason=policy-hold pending=none/0
10-01 14:55:32.189 D/FpsProbe(18737): fps=28.1
10-01 14:55:32.279 I/ArPoseProbe(18737): fromTs=57.1% latest=42.9% total=2340
10-01 14:55:32.309 W/FrameProbe(18737): nativeOnCameraFrame 56.4 ms (trackedPts=0)
10-01 14:55:32.450 W/FrameProbe(18737): nativeOnCameraFrame 64.9 ms (trackedPts=0)
10-01 14:55:32.582 W/FrameProbe(18737): nativeOnCameraFrame 62.2 ms (trackedPts=0)
10-01 14:55:32.736 W/FrameProbe(18737): nativeOnCameraFrame 76.3 ms (trackedPts=0)
10-01 14:55:32.825 W/FrameProbe(18737): nativeOnCameraFrame 52.7 ms (trackedPts=0)
10-01 14:55:32.959 W/FrameProbe(18737): nativeOnCameraFrame 49.8 ms (trackedPts=0)
10-01 14:55:32.985 W/FrameProbe(18737): nativeOnCameraFrame 17.5 ms (trackedPts=0)
10-01 14:55:33.128 W/FrameProbe(18737): nativeOnCameraFrame 74.6 ms (trackedPts=0)
10-01 14:55:33.255 W/FrameProbe(18737): nativeOnCameraFrame 68.3 ms (trackedPts=0)
10-01 14:55:33.277 D/FpsProbe(18737): fps=23.4 LOW
10-01 14:55:33.383 W/FrameProbe(18737): nativeOnCameraFrame 73.0 ms (trackedPts=0)
10-01 14:55:33.504 W/FrameProbe(18737): nativeOnCameraFrame 55.8 ms (trackedPts=0)
10-01 14:55:33.653 W/FrameProbe(18737): nativeOnCameraFrame 68.1 ms (trackedPts=0)
10-01 14:55:33.769 W/FrameProbe(18737): nativeOnCameraFrame 52.8 ms (trackedPts=0)
10-01 14:55:33.912 W/FrameProbe(18737): nativeOnCameraFrame 57.7 ms (trackedPts=0)
10-01 14:55:33.958 I/ArPoseProbe(18737): fromTs=58.3% latest=41.7% total=2430
10-01 14:55:34.058 W/FrameProbe(18737): nativeOnCameraFrame 79.4 ms (trackedPts=0)
10-01 14:55:34.086 W/FrameProbe(18737): nativeOnCameraFrame 16.4 ms (trackedPts=0)
10-01 14:55:34.185 W/FrameProbe(18737): nativeOnCameraFrame 73.2 ms (trackedPts=0)
10-01 14:55:34.307 W/FrameProbe(18737): nativeOnCameraFrame 47.6 ms (trackedPts=0)
10-01 14:55:34.323 D/FpsProbe(18737): fps=23.4 LOW
10-01 14:55:34.445 W/FrameProbe(18737): nativeOnCameraFrame 60.5 ms (trackedPts=0)
10-01 14:55:34.565 W/FrameProbe(18737): nativeOnCameraFrame 47.8 ms (trackedPts=0)
10-01 14:55:34.705 W/FrameProbe(18737): nativeOnCameraFrame 64.9 ms (trackedPts=0)
10-01 14:55:34.845 W/FrameProbe(18737): nativeOnCameraFrame 62.9 ms (trackedPts=0)
10-01 14:55:34.971 W/FrameProbe(18737): nativeOnCameraFrame 60.2 ms (trackedPts=0)
10-01 14:55:35.089 W/FrameProbe(18737): nativeOnCameraFrame 53.9 ms (trackedPts=0)
10-01 14:55:35.241 W/FrameProbe(18737): nativeOnCameraFrame 64.3 ms (trackedPts=0)
10-01 14:55:35.378 W/FrameProbe(18737): nativeOnCameraFrame 65.7 ms (trackedPts=0)
10-01 14:55:35.392 D/FpsProbe(18737): fps=25.3
10-01 14:55:35.515 W/FrameProbe(18737): nativeOnCameraFrame 70.4 ms (trackedPts=0)
10-01 14:55:35.575 W/FrameProbe(18737): nativeOnCameraFrame 16.7 ms (trackedPts=0)
10-01 14:55:35.616 I/ArPoseProbe(18737): fromTs=59.6% latest=40.4% total=2520
10-01 14:55:35.640 W/FrameProbe(18737): nativeOnCameraFrame 51.8 ms (trackedPts=0)
10-01 14:55:35.742 W/FrameProbe(18737): nativeOnCameraFrame 35.5 ms (trackedPts=0)
10-01 14:55:35.902 W/FrameProbe(18737): nativeOnCameraFrame 63.1 ms (trackedPts=0)
10-01 14:55:36.041 W/FrameProbe(18737): nativeOnCameraFrame 60.0 ms (trackedPts=0)
10-01 14:55:36.163 W/FrameProbe(18737): nativeOnCameraFrame 52.8 ms (trackedPts=0)
10-01 14:55:36.307 W/FrameProbe(18737): nativeOnCameraFrame 61.7 ms (trackedPts=0)
10-01 14:55:36.428 W/FrameProbe(18737): nativeOnCameraFrame 50.8 ms (trackedPts=0)
10-01 14:55:36.455 D/FpsProbe(18737): fps=25.2
10-01 14:55:36.570 W/FrameProbe(18737): nativeOnCameraFrame 60.5 ms (trackedPts=0)
10-01 14:55:36.706 W/FrameProbe(18737): nativeOnCameraFrame 58.4 ms (trackedPts=0)
10-01 14:55:36.849 W/FrameProbe(18737): nativeOnCameraFrame 67.0 ms (trackedPts=0)
10-01 14:55:36.875 W/FrameProbe(18737): nativeOnCameraFrame 17.1 ms (trackedPts=0)
10-01 14:55:36.973 W/FrameProbe(18737): nativeOnCameraFrame 64.4 ms (trackedPts=0)
10-01 14:55:37.107 W/FrameProbe(18737): nativeOnCameraFrame 65.8 ms (trackedPts=0)
10-01 14:55:37.228 W/FrameProbe(18737): nativeOnCameraFrame 57.3 ms (trackedPts=0)
10-01 14:55:37.278 I/ArPoseProbe(18737): fromTs=60.7% latest=39.3% total=2610
10-01 14:55:37.348 W/FrameProbe(18737): nativeOnCameraFrame 43.6 ms (trackedPts=0)
10-01 14:55:37.519 W/FrameProbe(18737): nativeOnCameraFrame 66.5 ms (trackedPts=0)
10-01 14:55:37.519 D/FpsProbe(18737): fps=25.2
10-01 14:55:37.638 W/FrameProbe(18737): nativeOnCameraFrame 58.8 ms (trackedPts=0)
10-01 14:55:37.776 W/FrameProbe(18737): nativeOnCameraFrame 59.6 ms (trackedPts=0)
10-01 14:55:37.886 W/FrameProbe(18737): nativeOnCameraFrame 48.2 ms (trackedPts=0)
10-01 14:55:38.026 W/FrameProbe(18737): nativeOnCameraFrame 47.5 ms (trackedPts=0)
10-01 14:55:38.171 W/FrameProbe(18737): nativeOnCameraFrame 57.9 ms (trackedPts=0)
10-01 14:55:38.238 I/CameraRange(18737): hold 自动/中 等待有效深度 aux=3 reason=policy-hold pending=none/0
10-01 14:55:38.288 W/FrameProbe(18737): nativeOnCameraFrame 49.0 ms (trackedPts=0)
10-01 14:55:38.436 W/FrameProbe(18737): nativeOnCameraFrame 54.3 ms (trackedPts=0)
10-01 14:55:38.499 D/FpsProbe(18737): fps=27.1
10-01 14:55:38.574 W/FrameProbe(18737): nativeOnCameraFrame 66.2 ms (trackedPts=0)
10-01 14:55:38.712 W/FrameProbe(18737): nativeOnCameraFrame 62.2 ms (trackedPts=0)
10-01 14:55:38.838 W/FrameProbe(18737): nativeOnCameraFrame 61.8 ms (trackedPts=0)
10-01 14:55:38.888 I/ArPoseProbe(18737): fromTs=61.7% latest=38.3% total=2700
10-01 14:55:38.964 W/FrameProbe(18737): nativeOnCameraFrame 58.2 ms (trackedPts=0)
10-01 14:55:39.097 W/FrameProbe(18737): nativeOnCameraFrame 56.5 ms (trackedPts=0)
10-01 14:55:39.249 W/FrameProbe(18737): nativeOnCameraFrame 69.2 ms (trackedPts=0)
10-01 14:55:39.363 W/FrameProbe(18737): nativeOnCameraFrame 59.8 ms (trackedPts=0)
10-01 14:55:39.526 W/FrameProbe(18737): nativeOnCameraFrame 78.8 ms (trackedPts=0)
10-01 14:55:39.552 D/FpsProbe(18737): fps=24.2 LOW
10-01 14:55:39.640 W/FrameProbe(18737): nativeOnCameraFrame 58.5 ms (trackedPts=0)
10-01 14:55:39.761 W/FrameProbe(18737): nativeOnCameraFrame 57.6 ms (trackedPts=0)
10-01 14:55:40.522 I/MobileScan3D(18737): renderPoseAtTol match: deltaMs=354 newestAgeMs=354 hist=120
10-01 14:55:40.522 I/MobileScan3D(18737): ArAxesProbe raw down=(-0.655,-0.747,0.110) fwd=(-0.745,0.663,0.069) post down=(-0.655,-0.747,0.110) fwd=(-0.745,0.663,0.069) deltaMs=353
10-01 14:55:40.522 I/HqTexture(18737): pose relaxed: idx=0 ts=364939391939633 tol=500ms
10-01 14:55:40.684 I/MobileScan3D(18737): renderPoseAtTol match: deltaMs=487 newestAgeMs=487 hist=120
10-01 14:55:40.684 I/HqTexture(18737): pose relaxed: idx=1 ts=364939525247966 tol=500ms
10-01 14:55:41.508 W/FrameProbe(18737): nativeOnCameraFrame 97.0 ms (trackedPts=0)
10-01 14:55:41.508 D/FpsProbe(18737): fps=3.2 LOW
10-01 14:55:42.086 W/FrameProbe(18737): nativeOnCameraFrame 83.2 ms (trackedPts=0)
10-01 14:55:42.205 W/FrameProbe(18737): nativeOnCameraFrame 66.8 ms (trackedPts=0)
10-01 14:55:42.319 W/FrameProbe(18737): nativeOnCameraFrame 68.8 ms (trackedPts=0)
10-01 14:55:42.448 W/FrameProbe(18737): nativeOnCameraFrame 69.3 ms (trackedPts=0)
10-01 14:55:42.469 D/FpsProbe(18737): fps=8.6 LOW
10-01 14:55:42.500 W/FrameProbe(18737): nativeOnCameraFrame 18.9 ms (trackedPts=0)
10-01 14:55:42.586 W/FrameProbe(18737): nativeOnCameraFrame 74.4 ms (trackedPts=0)
10-01 14:55:42.614 W/FrameProbe(18737): nativeOnCameraFrame 16.3 ms (trackedPts=0)
10-01 14:55:42.714 W/FrameProbe(18737): nativeOnCameraFrame 68.9 ms (trackedPts=0)
10-01 14:55:42.828 I/ArPoseProbe(18737): fromTs=62.3% latest=37.7% total=2790
10-01 14:55:42.864 W/FrameProbe(18737): nativeOnCameraFrame 85.0 ms (trackedPts=0)
10-01 14:55:42.982 W/FrameProbe(18737): nativeOnCameraFrame 70.8 ms (trackedPts=0)
10-01 14:55:43.131 W/FrameProbe(18737): nativeOnCameraFrame 88.7 ms (trackedPts=0)
10-01 14:55:43.174 W/FrameProbe(18737): nativeOnCameraFrame 28.8 ms (trackedPts=0)
10-01 14:55:43.268 W/FrameProbe(18737): nativeOnCameraFrame 85.2 ms (trackedPts=0)
10-01 14:55:43.402 W/FrameProbe(18737): nativeOnCameraFrame 83.2 ms (trackedPts=0)
10-01 14:55:43.430 W/FrameProbe(18737): nativeOnCameraFrame 16.8 ms (trackedPts=0)
10-01 14:55:43.517 W/FrameProbe(18737): nativeOnCameraFrame 69.2 ms (trackedPts=0)
10-01 14:55:43.548 W/FrameProbe(18737): nativeOnCameraFrame 17.7 ms (trackedPts=0)
10-01 14:55:43.548 D/FpsProbe(18737): fps=18.8 LOW
10-01 14:55:43.655 W/FrameProbe(18737): nativeOnCameraFrame 71.4 ms (trackedPts=0)
10-01 14:55:43.721 I/CameraRange(18737): hold 自动/中 等待有效深度 aux=3 reason=policy-hold pending=none/0
10-01 14:55:43.806 W/FrameProbe(18737): nativeOnCameraFrame 82.5 ms (trackedPts=0)
10-01 14:55:43.834 W/FrameProbe(18737): nativeOnCameraFrame 18.1 ms (trackedPts=0)
10-01 14:55:43.917 W/FrameProbe(18737): nativeOnCameraFrame 68.8 ms (trackedPts=0)
10-01 14:55:43.946 W/FrameProbe(18737): nativeOnCameraFrame 17.7 ms (trackedPts=0)
10-01 14:55:44.034 W/FrameProbe(18737): nativeOnCameraFrame 54.0 ms (trackedPts=0)
10-01 14:55:44.111 W/FrameProbe(18737): nativeOnCameraFrame 29.2 ms (trackedPts=0)
10-01 14:55:44.201 W/FrameProbe(18737): nativeOnCameraFrame 77.6 ms (trackedPts=0)
10-01 14:55:44.290 W/FrameProbe(18737): nativeOnCameraFrame 45.8 ms (trackedPts=0)
10-01 14:55:44.436 W/FrameProbe(18737): nativeOnCameraFrame 56.5 ms (trackedPts=0)
10-01 14:55:44.551 W/FrameProbe(18737): nativeOnCameraFrame 40.7 ms (trackedPts=0)
10-01 14:55:44.575 D/FpsProbe(18737): fps=22.3 LOW
10-01 14:55:44.600 I/ArPoseProbe(18737): fromTs=63.2% latest=36.8% total=2880
10-01 14:55:44.695 W/FrameProbe(18737): nativeOnCameraFrame 55.2 ms (trackedPts=0)
10-01 14:55:44.843 W/FrameProbe(18737): nativeOnCameraFrame 65.4 ms (trackedPts=0)
10-01 14:55:45.040 W/FrameProbe(18737): nativeOnCameraFrame 129.0 ms (trackedPts=0)
10-01 14:55:45.119 W/FrameProbe(18737): nativeOnCameraFrame 65.7 ms (trackedPts=0)
10-01 14:55:45.146 W/FrameProbe(18737): nativeOnCameraFrame 20.0 ms (trackedPts=0)
10-01 14:55:45.171 W/FrameProbe(18737): nativeOnCameraFrame 17.0 ms (trackedPts=0)
10-01 14:55:45.253 W/FrameProbe(18737): nativeOnCameraFrame 65.2 ms (trackedPts=0)
10-01 14:55:45.376 W/FrameProbe(18737): nativeOnCameraFrame 64.8 ms (trackedPts=0)
10-01 14:55:45.500 W/FrameProbe(18737): nativeOnCameraFrame 57.8 ms (trackedPts=0)
10-01 14:55:45.626 W/FrameProbe(18737): nativeOnCameraFrame 48.4 ms (trackedPts=0)
10-01 14:55:45.626 D/FpsProbe(18737): fps=22.3 LOW
10-01 14:55:45.771 W/FrameProbe(18737): nativeOnCameraFrame 63.8 ms (trackedPts=0)
10-01 14:55:46.504 I/MobileScan3D(18737): renderPoseAtTol match: deltaMs=292 newestAgeMs=292 hist=120
10-01 14:55:46.504 I/MobileScan3D(18737): ArAxesProbe raw down=(0.622,-0.754,0.211) fwd=(-0.769,-0.639,-0.013) post down=(0.622,-0.754,0.211) fwd=(-0.769,-0.639,-0.013) deltaMs=292
10-01 14:55:46.504 I/HqTexture(18737): pose relaxed: idx=0 ts=364945366615570 tol=500ms
10-01 14:55:46.660 I/MobileScan3D(18737): renderPoseAtTol match: deltaMs=425 newestAgeMs=425 hist=120
10-01 14:55:46.660 I/HqTexture(18737): pose relaxed: idx=1 ts=364945499923904 tol=500ms
10-01 14:55:47.373 W/FrameProbe(18737): nativeOnCameraFrame 57.7 ms (trackedPts=0)
10-01 14:55:47.373 D/FpsProbe(18737): fps=2.9 LOW
10-01 14:55:47.492 W/FrameProbe(18737): nativeOnCameraFrame 60.0 ms (trackedPts=0)
10-01 14:55:47.635 W/FrameProbe(18737): nativeOnCameraFrame 67.9 ms (trackedPts=0)
10-01 14:55:47.786 W/FrameProbe(18737): nativeOnCameraFrame 83.3 ms (trackedPts=0)
10-01 14:55:47.817 W/FrameProbe(18737): nativeOnCameraFrame 18.1 ms (trackedPts=0)
10-01 14:55:47.843 I/ArPoseProbe(18737): fromTs=63.9% latest=36.1% total=2970
10-01 14:55:47.920 W/FrameProbe(18737): nativeOnCameraFrame 69.1 ms (trackedPts=0)
10-01 14:55:48.031 W/FrameProbe(18737): nativeOnCameraFrame 66.1 ms (trackedPts=0)
10-01 14:55:48.170 W/FrameProbe(18737): nativeOnCameraFrame 65.7 ms (trackedPts=0)
10-01 14:55:48.212 W/FrameProbe(18737): nativeOnCameraFrame 21.3 ms (trackedPts=0)
10-01 14:55:48.293 W/FrameProbe(18737): nativeOnCameraFrame 46.5 ms (trackedPts=0)
10-01 14:55:48.356 W/FrameProbe(18737): nativeOnCameraFrame 26.1 ms (trackedPts=0)
10-01 14:55:48.357 D/FpsProbe(18737): fps=22.3 LOW
10-01 14:55:48.431 W/FrameProbe(18737): nativeOnCameraFrame 62.9 ms (trackedPts=0)
10-01 14:55:48.565 W/FrameProbe(18737): nativeOnCameraFrame 65.6 ms (trackedPts=0)
10-01 14:55:48.701 W/FrameProbe(18737): nativeOnCameraFrame 67.8 ms (trackedPts=0)
10-01 14:55:48.833 W/FrameProbe(18737): nativeOnCameraFrame 68.7 ms (trackedPts=0)
10-01 14:55:48.859 W/FrameProbe(18737): nativeOnCameraFrame 17.3 ms (trackedPts=0)
10-01 14:55:48.959 W/FrameProbe(18737): nativeOnCameraFrame 58.6 ms (trackedPts=0)
10-01 14:55:48.986 I/CameraRange(18737): hold 自动/中 等待有效深度 aux=3 reason=policy-hold pending=none/0
10-01 14:55:49.090 W/FrameProbe(18737): nativeOnCameraFrame 58.4 ms (trackedPts=0)
10-01 14:55:49.221 W/FrameProbe(18737): nativeOnCameraFrame 55.4 ms (trackedPts=0)
10-01 14:55:49.308 W/FrameProbe(18737): nativeOnCameraFrame 76.7 ms (trackedPts=0)
10-01 14:55:49.341 W/FrameProbe(18737): nativeOnCameraFrame 16.8 ms (trackedPts=0)
10-01 14:55:49.419 W/FrameProbe(18737): nativeOnCameraFrame 75.5 ms (trackedPts=0)
10-01 14:55:49.443 D/FpsProbe(18737): fps=20.0 LOW
10-01 14:55:49.531 W/FrameProbe(18737): nativeOnCameraFrame 65.0 ms (trackedPts=0)
10-01 14:55:49.669 W/FrameProbe(18737): nativeOnCameraFrame 67.2 ms (trackedPts=0)
10-01 14:55:49.691 I/ArPoseProbe(18737): fromTs=64.6% latest=35.4% total=3060
10-01 14:55:49.803 W/FrameProbe(18737): nativeOnCameraFrame 68.3 ms (trackedPts=0)
10-01 14:55:49.941 W/FrameProbe(18737): nativeOnCameraFrame 74.9 ms (trackedPts=0)
10-01 14:55:49.975 W/FrameProbe(18737): nativeOnCameraFrame 20.2 ms (trackedPts=0)
10-01 14:55:50.006 W/FrameProbe(18737): nativeOnCameraFrame 18.9 ms (trackedPts=0)
10-01 14:55:50.105 W/FrameProbe(18737): nativeOnCameraFrame 90.7 ms (trackedPts=0)
10-01 14:55:50.152 W/FrameProbe(18737): nativeOnCameraFrame 19.8 ms (trackedPts=0)
10-01 14:55:50.240 W/FrameProbe(18737): nativeOnCameraFrame 81.1 ms (trackedPts=0)
10-01 14:55:50.268 W/FrameProbe(18737): nativeOnCameraFrame 16.2 ms (trackedPts=0)
10-01 14:55:50.372 W/FrameProbe(18737): nativeOnCameraFrame 92.3 ms (trackedPts=0)
10-01 14:55:50.471 W/FrameProbe(18737): nativeOnCameraFrame 71.7 ms (trackedPts=0)
10-01 14:55:50.504 W/FrameProbe(18737): nativeOnCameraFrame 19.3 ms (trackedPts=0)
10-01 14:55:50.504 D/FpsProbe(18737): fps=19.4 LOW
10-01 14:55:50.537 W/FrameProbe(18737): nativeOnCameraFrame 24.3 ms (trackedPts=0)
10-01 14:55:50.632 W/FrameProbe(18737): nativeOnCameraFrame 85.5 ms (trackedPts=0)
10-01 14:55:50.737 W/FrameProbe(18737): nativeOnCameraFrame 69.9 ms (trackedPts=0)
10-01 14:55:50.864 W/FrameProbe(18737): nativeOnCameraFrame 64.8 ms (trackedPts=0)
10-01 14:55:50.946 W/HqTexture(18737): register skip: pose gate single_229196157996732.jpg idx=2 poseValid=false poseAtOk=false sensorTs=364945599905154
10-01 14:55:51.023 W/FrameProbe(18737): nativeOnCameraFrame 69.5 ms (trackedPts=0)
10-01 14:55:51.186 W/FrameProbe(18737): nativeOnCameraFrame 119.4 ms (trackedPts=0)
10-01 14:55:51.274 W/FrameProbe(18737): nativeOnCameraFrame 74.6 ms (trackedPts=0)
10-01 14:55:51.405 W/FrameProbe(18737): nativeOnCameraFrame 71.9 ms (trackedPts=0)
10-01 14:55:51.490 W/FrameProbe(18737): nativeOnCameraFrame 72.5 ms (trackedPts=0)
10-01 14:55:51.585 I/ArPoseProbe(18737): fromTs=65.2% latest=34.8% total=3150
10-01 14:55:51.587 W/FrameProbe(18737): nativeOnCameraFrame 88.0 ms (trackedPts=0)
10-01 14:55:51.587 D/FpsProbe(18737): fps=17.4 LOW
10-01 14:55:51.709 W/FrameProbe(18737): nativeOnCameraFrame 71.5 ms (trackedPts=0)
10-01 14:55:51.839 W/FrameProbe(18737): nativeOnCameraFrame 70.6 ms (trackedPts=0)
10-01 14:55:51.974 W/FrameProbe(18737): nativeOnCameraFrame 74.2 ms (trackedPts=0)
10-01 14:55:52.002 W/FrameProbe(18737): nativeOnCameraFrame 17.7 ms (trackedPts=0)
10-01 14:55:52.091 W/FrameProbe(18737): nativeOnCameraFrame 58.2 ms (trackedPts=0)
10-01 14:55:52.241 W/FrameProbe(18737): nativeOnCameraFrame 75.8 ms (trackedPts=0)
10-01 14:55:52.362 W/FrameProbe(18737): nativeOnCameraFrame 63.7 ms (trackedPts=0)
10-01 14:55:52.494 W/FrameProbe(18737): nativeOnCameraFrame 62.1 ms (trackedPts=0)
10-01 14:55:52.544 D/FpsProbe(18737): fps=21.3 LOW
10-01 14:55:52.636 W/FrameProbe(18737): nativeOnCameraFrame 71.6 ms (trackedPts=0)
10-01 14:55:52.766 W/FrameProbe(18737): nativeOnCameraFrame 62.0 ms (trackedPts=0)
10-01 14:55:52.825 W/FrameProbe(18737): nativeOnCameraFrame 24.0 ms (trackedPts=0)
10-01 14:55:52.905 W/FrameProbe(18737): nativeOnCameraFrame 71.1 ms (trackedPts=0)
10-01 14:55:53.031 W/FrameProbe(18737): nativeOnCameraFrame 60.1 ms (trackedPts=0)
10-01 14:55:53.170 W/FrameProbe(18737): nativeOnCameraFrame 63.9 ms (trackedPts=0)
10-01 14:55:53.292 W/FrameProbe(18737): nativeOnCameraFrame 63.3 ms (trackedPts=0)
10-01 14:55:53.319 I/ArPoseProbe(18737): fromTs=66.1% latest=33.9% total=3240
10-01 14:55:53.325 W/FrameProbe(18737): nativeOnCameraFrame 17.7 ms (trackedPts=0)
10-01 14:55:53.437 W/FrameProbe(18737): nativeOnCameraFrame 62.5 ms (trackedPts=0)
10-01 14:55:53.574 W/FrameProbe(18737): nativeOnCameraFrame 70.5 ms (trackedPts=0)
10-01 14:55:53.597 D/FpsProbe(18737): fps=22.3 LOW
10-01 14:55:53.696 W/FrameProbe(18737): nativeOnCameraFrame 62.3 ms (trackedPts=0)
10-01 14:55:53.827 W/FrameProbe(18737): nativeOnCameraFrame 66.0 ms (trackedPts=0)
10-01 14:55:53.977 W/FrameProbe(18737): nativeOnCameraFrame 70.9 ms (trackedPts=0)
10-01 14:55:54.106 W/FrameProbe(18737): nativeOnCameraFrame 69.5 ms (trackedPts=0)
10-01 14:55:54.242 W/FrameProbe(18737): nativeOnCameraFrame 71.6 ms (trackedPts=0)
10-01 14:55:54.376 W/FrameProbe(18737): nativeOnCameraFrame 69.8 ms (trackedPts=0)
10-01 14:55:54.497 W/FrameProbe(18737): nativeOnCameraFrame 65.3 ms (trackedPts=0)
10-01 14:55:54.632 W/FrameProbe(18737): nativeOnCameraFrame 67.0 ms (trackedPts=0)
10-01 14:55:54.653 D/FpsProbe(18737): fps=22.5 LOW
10-01 14:55:54.776 W/FrameProbe(18737): nativeOnCameraFrame 76.9 ms (trackedPts=0)
10-01 14:55:54.915 W/FrameProbe(18737): nativeOnCameraFrame 76.8 ms (trackedPts=0)
10-01 14:55:55.010 I/ArPoseProbe(18737): fromTs=66.8% latest=33.2% total=3330
10-01 14:55:55.043 W/FrameProbe(18737): nativeOnCameraFrame 74.7 ms (trackedPts=0)
10-01 14:55:55.080 I/CameraRange(18737): hold 自动/中 等待有效深度 aux=3 reason=policy-hold pending=none/0
10-01 14:55:55.154 W/FrameProbe(18737): nativeOnCameraFrame 59.8 ms (trackedPts=0)
10-01 14:55:55.187 W/FrameProbe(18737): nativeOnCameraFrame 18.6 ms (trackedPts=0)
10-01 14:55:55.307 W/FrameProbe(18737): nativeOnCameraFrame 73.1 ms (trackedPts=0)
10-01 14:55:55.439 W/FrameProbe(18737): nativeOnCameraFrame 71.9 ms (trackedPts=0)
10-01 14:55:55.560 W/FrameProbe(18737): nativeOnCameraFrame 62.1 ms (trackedPts=0)
10-01 14:55:55.713 W/FrameProbe(18737): nativeOnCameraFrame 69.9 ms (trackedPts=0)
10-01 14:55:55.733 D/FpsProbe(18737): fps=23.4 LOW
10-01 14:55:55.825 W/FrameProbe(18737): nativeOnCameraFrame 63.5 ms (trackedPts=0)
10-01 14:55:55.963 W/FrameProbe(18737): nativeOnCameraFrame 69.0 ms (trackedPts=0)
10-01 14:55:56.090 W/FrameProbe(18737): nativeOnCameraFrame 61.0 ms (trackedPts=0)
10-01 14:55:56.929 I/MobileScan3D(18737): renderPoseAtTol match: deltaMs=298 newestAgeMs=298 hist=120
10-01 14:55:56.930 I/MobileScan3D(18737): ArAxesProbe raw down=(-0.232,-0.973,-0.009) fwd=(-0.970,0.231,0.080) post down=(-0.232,-0.973,-0.009) fwd=(-0.970,0.231,0.080) deltaMs=297
10-01 14:55:56.930 I/HqTexture(18737): pose relaxed: idx=0 ts=364955792812341 tol=500ms
10-01 14:55:57.088 I/MobileScan3D(18737): renderPoseAtTol match: deltaMs=431 newestAgeMs=431 hist=120
10-01 14:55:57.088 I/HqTexture(18737): pose relaxed: idx=1 ts=364955926120674 tol=500ms
10-01 14:55:57.779 W/FrameProbe(18737): nativeOnCameraFrame 48.8 ms (trackedPts=0)
10-01 14:55:57.779 D/FpsProbe(18737): fps=5.9 LOW
10-01 14:55:57.819 W/FrameProbe(18737): nativeOnCameraFrame 27.0 ms (trackedPts=0)
10-01 14:55:57.918 W/FrameProbe(18737): nativeOnCameraFrame 69.3 ms (trackedPts=0)
10-01 14:55:57.945 W/FrameProbe(18737): nativeOnCameraFrame 16.8 ms (trackedPts=0)
10-01 14:55:58.079 W/FrameProbe(18737): nativeOnCameraFrame 89.2 ms (trackedPts=0)
10-01 14:55:58.214 W/FrameProbe(18737): nativeOnCameraFrame 83.9 ms (trackedPts=0)
10-01 14:55:58.312 W/FrameProbe(18737): nativeOnCameraFrame 60.4 ms (trackedPts=0)
10-01 14:55:58.312 I/ArPoseProbe(18737): fromTs=67.3% latest=32.7% total=3420
10-01 14:55:58.449 W/FrameProbe(18737): nativeOnCameraFrame 67.9 ms (trackedPts=0)
10-01 14:55:58.585 W/FrameProbe(18737): nativeOnCameraFrame 71.3 ms (trackedPts=0)
10-01 14:55:58.629 W/FrameProbe(18737): nativeOnCameraFrame 36.4 ms (trackedPts=0)
10-01 14:55:58.658 W/FrameProbe(18737): nativeOnCameraFrame 17.4 ms (trackedPts=0)
10-01 14:55:58.750 W/FrameProbe(18737): nativeOnCameraFrame 82.7 ms (trackedPts=0)
10-01 14:55:58.778 D/FpsProbe(18737): fps=19.4 LOW
10-01 14:55:58.857 W/FrameProbe(18737): nativeOnCameraFrame 64.8 ms (trackedPts=0)
10-01 14:55:58.885 W/FrameProbe(18737): nativeOnCameraFrame 16.6 ms (trackedPts=0)
10-01 14:55:58.983 W/FrameProbe(18737): nativeOnCameraFrame 66.3 ms (trackedPts=0)
10-01 14:55:59.124 W/FrameProbe(18737): nativeOnCameraFrame 70.4 ms (trackedPts=0)
10-01 14:55:59.262 W/FrameProbe(18737): nativeOnCameraFrame 77.8 ms (trackedPts=0)
10-01 14:55:59.386 W/FrameProbe(18737): nativeOnCameraFrame 69.1 ms (trackedPts=0)
10-01 14:55:59.424 W/FrameProbe(18737): nativeOnCameraFrame 24.7 ms (trackedPts=0)
10-01 14:55:59.453 W/FrameProbe(18737): nativeOnCameraFrame 17.5 ms (trackedPts=0)
10-01 14:55:59.585 W/FrameProbe(18737): nativeOnCameraFrame 119.4 ms (trackedPts=0)
10-01 14:55:59.766 W/FrameProbe(18737): nativeOnCameraFrame 155.8 ms (trackedPts=0)
10-01 14:55:59.839 W/FrameProbe(18737): nativeOnCameraFrame 51.4 ms (trackedPts=0)
10-01 14:55:59.841 D/FpsProbe(18737): fps=17.4 LOW
10-01 14:55:59.981 W/FrameProbe(18737): nativeOnCameraFrame 61.7 ms (trackedPts=0)
10-01 14:56:00.120 W/FrameProbe(18737): nativeOnCameraFrame 69.0 ms (trackedPts=0)
10-01 14:56:00.174 I/ArPoseProbe(18737): fromTs=67.5% latest=32.5% total=3510
10-01 14:56:00.256 W/FrameProbe(18737): nativeOnCameraFrame 76.3 ms (trackedPts=0)
10-01 14:56:00.285 W/FrameProbe(18737): nativeOnCameraFrame 18.6 ms (trackedPts=0)
10-01 14:56:00.412 W/FrameProbe(18737): nativeOnCameraFrame 91.6 ms (trackedPts=0)
10-01 14:56:00.437 W/FrameProbe(18737): nativeOnCameraFrame 17.1 ms (trackedPts=0)
10-01 14:56:00.531 W/FrameProbe(18737): nativeOnCameraFrame 79.6 ms (trackedPts=0)
10-01 14:56:00.567 W/FrameProbe(18737): nativeOnCameraFrame 21.6 ms (trackedPts=0)
10-01 14:56:00.602 W/FrameProbe(18737): nativeOnCameraFrame 20.7 ms (trackedPts=0)
10-01 14:56:00.682 W/FrameProbe(18737): nativeOnCameraFrame 71.7 ms (trackedPts=0)
10-01 14:56:00.723 W/FrameProbe(18737): nativeOnCameraFrame 19.6 ms (trackedPts=0)
10-01 14:56:00.836 W/FrameProbe(18737): nativeOnCameraFrame 100.6 ms (trackedPts=0)
10-01 14:56:00.920 W/FrameProbe(18737): nativeOnCameraFrame 71.7 ms (trackedPts=0)
10-01 14:56:00.921 D/FpsProbe(18737): fps=18.8 LOW
10-01 14:56:00.960 W/FrameProbe(18737): nativeOnCameraFrame 25.2 ms (trackedPts=0)
10-01 14:56:01.066 W/FrameProbe(18737): nativeOnCameraFrame 71.4 ms (trackedPts=0)
10-01 14:56:01.184 W/FrameProbe(18737): nativeOnCameraFrame 61.2 ms (trackedPts=0)
10-01 14:56:01.236 I/CameraRange(18737): hold 自动/中 等待有效深度 aux=3 reason=policy-hold pending=none/0
10-01 14:56:01.308 W/FrameProbe(18737): nativeOnCameraFrame 55.2 ms (trackedPts=0)
10-01 14:56:01.403 I/HqTexture(18737): register ok: single_229206599108083.jpg idx=1 q=2.50 ts=364955926120674
10-01 14:56:01.468 W/FrameProbe(18737): nativeOnCameraFrame 58.0 ms (trackedPts=0)
10-01 14:56:01.577 W/FrameProbe(18737): nativeOnCameraFrame 61.7 ms (trackedPts=0)
10-01 14:56:01.734 W/FrameProbe(18737): nativeOnCameraFrame 86.0 ms (trackedPts=0)
10-01 14:56:01.758 W/FrameProbe(18737): nativeOnCameraFrame 16.6 ms (trackedPts=0)
10-01 14:56:01.847 W/FrameProbe(18737): nativeOnCameraFrame 61.4 ms (trackedPts=0)
10-01 14:56:01.895 D/FpsProbe(18737): fps=21.3 LOW
10-01 14:56:01.977 W/FrameProbe(18737): nativeOnCameraFrame 64.3 ms (trackedPts=0)
10-01 14:56:01.991 I/ArPoseProbe(18737): fromTs=67.9% latest=32.1% total=3600
10-01 14:56:02.100 W/FrameProbe(18737): nativeOnCameraFrame 52.1 ms (trackedPts=0)
10-01 14:56:02.951 I/MobileScan3D(18737): renderPoseAtTol match: deltaMs=310 newestAgeMs=310 hist=120
10-01 14:56:02.952 I/MobileScan3D(18737): ArAxesProbe raw down=(0.245,-0.969,0.017) fwd=(-0.967,-0.243,0.076) post down=(0.245,-0.969,0.017) fwd=(-0.967,-0.243,0.076) deltaMs=309
10-01 14:56:02.952 I/HqTexture(18737): pose relaxed: idx=0 ts=364961821412289 tol=500ms
10-01 14:56:03.116 I/MobileScan3D(18737): renderPoseAtTol match: deltaMs=443 newestAgeMs=443 hist=120
10-01 14:56:03.116 I/HqTexture(18737): pose relaxed: idx=1 ts=364961954720622 tol=500ms
10-01 14:56:03.965 W/FrameProbe(18737): nativeOnCameraFrame 105.0 ms (trackedPts=0)
10-01 14:56:03.965 D/FpsProbe(18737): fps=4.1 LOW
10-01 14:56:04.480 W/FrameProbe(18737): nativeOnCameraFrame 59.3 ms (trackedPts=0)
10-01 14:56:04.608 W/FrameProbe(18737): nativeOnCameraFrame 62.9 ms (trackedPts=0)
10-01 14:56:04.730 W/FrameProbe(18737): nativeOnCameraFrame 52.5 ms (trackedPts=0)
10-01 14:56:04.863 W/FrameProbe(18737): nativeOnCameraFrame 52.9 ms (trackedPts=0)
10-01 14:56:04.903 D/FpsProbe(18737): fps=12.7 LOW
10-01 14:56:04.994 W/FrameProbe(18737): nativeOnCameraFrame 50.4 ms (trackedPts=0)
10-01 14:56:05.128 W/FrameProbe(18737): nativeOnCameraFrame 49.5 ms (trackedPts=0)
10-01 14:56:05.161 W/FrameProbe(18737): nativeOnCameraFrame 24.1 ms (trackedPts=0)
10-01 14:56:05.279 W/FrameProbe(18737): nativeOnCameraFrame 65.0 ms (trackedPts=0)
10-01 14:56:05.395 W/FrameProbe(18737): nativeOnCameraFrame 48.9 ms (trackedPts=0)
10-01 14:56:05.550 W/FrameProbe(18737): nativeOnCameraFrame 72.6 ms (trackedPts=0)
10-01 14:56:05.682 W/FrameProbe(18737): nativeOnCameraFrame 57.9 ms (trackedPts=0)
10-01 14:56:05.825 W/FrameProbe(18737): nativeOnCameraFrame 76.8 ms (trackedPts=0)
10-01 14:56:05.854 I/ArPoseProbe(18737): fromTs=68.5% latest=31.5% total=3690
10-01 14:56:05.897 W/FrameProbe(18737): nativeOnCameraFrame 64.2 ms (trackedPts=0)
10-01 14:56:06.029 W/FrameProbe(18737): nativeOnCameraFrame 114.0 ms (trackedPts=0)
10-01 14:56:06.111 W/FrameProbe(18737): nativeOnCameraFrame 72.1 ms (trackedPts=0)
10-01 14:56:06.111 D/FpsProbe(18737): fps=22.9 LOW
10-01 14:56:06.145 W/FrameProbe(18737): nativeOnCameraFrame 16.6 ms (trackedPts=0)
10-01 14:56:06.251 W/FrameProbe(18737): nativeOnCameraFrame 73.7 ms (trackedPts=0)
10-01 14:56:06.290 W/FrameProbe(18737): nativeOnCameraFrame 27.6 ms (trackedPts=0)
10-01 14:56:06.386 W/FrameProbe(18737): nativeOnCameraFrame 87.7 ms (trackedPts=0)
10-01 14:56:06.391 I/CameraRange(18737): hold 自动/中 等待有效深度 aux=3 reason=policy-hold pending=none/0
10-01 14:56:06.486 W/FrameProbe(18737): nativeOnCameraFrame 74.5 ms (trackedPts=0)
10-01 14:56:06.624 W/FrameProbe(18737): nativeOnCameraFrame 76.0 ms (trackedPts=0)
10-01 14:56:06.659 W/FrameProbe(18737): nativeOnCameraFrame 22.0 ms (trackedPts=0)
10-01 14:56:06.795 W/FrameProbe(18737): nativeOnCameraFrame 120.7 ms (trackedPts=0)
10-01 14:56:07.236 I/MobileScan3D(18737): nativeBuildMesh quality=1 ok=1 src=scene verts=52609 tris=99999 rawTris=119795 compRemoved=79/86 decimated=1 ms=441.5 note=ok
10-01 14:56:07.342 W/FrameProbe(18737): nativeOnCameraFrame 87.5 ms (trackedPts=0)
10-01 14:56:07.343 D/FpsProbe(18737): fps=12.6 LOW
10-01 14:56:07.422 W/FrameProbe(18737): nativeOnCameraFrame 71.9 ms (trackedPts=0)
10-01 14:56:07.519 W/FrameProbe(18737): nativeOnCameraFrame 82.0 ms (trackedPts=0)
10-01 14:56:07.616 W/FrameProbe(18737): nativeOnCameraFrame 50.9 ms (trackedPts=0)
10-01 14:56:07.644 W/FrameProbe(18737): nativeOnCameraFrame 17.0 ms (trackedPts=0)
10-01 14:56:07.752 W/FrameProbe(18737): nativeOnCameraFrame 75.6 ms (trackedPts=0)
10-01 14:56:07.885 W/FrameProbe(18737): nativeOnCameraFrame 70.8 ms (trackedPts=0)
10-01 14:56:08.019 W/FrameProbe(18737): nativeOnCameraFrame 72.1 ms (trackedPts=0)
10-01 14:56:08.109 W/FrameProbe(18737): nativeOnCameraFrame 59.4 ms (trackedPts=0)
10-01 14:56:08.226 I/ArPoseProbe(18737): fromTs=68.2% latest=31.8% total=3780
10-01 14:56:08.272 W/FrameProbe(18737): nativeOnCameraFrame 153.9 ms (trackedPts=0)
10-01 14:56:08.274 D/FpsProbe(18737): fps=15.0 LOW
10-01 14:56:08.363 W/FrameProbe(18737): nativeOnCameraFrame 78.0 ms (trackedPts=0)
10-01 14:56:08.478 W/FrameProbe(18737): nativeOnCameraFrame 69.8 ms (trackedPts=0)
10-01 14:56:08.611 W/FrameProbe(18737): nativeOnCameraFrame 62.7 ms (trackedPts=0)
10-01 14:56:08.745 W/FrameProbe(18737): nativeOnCameraFrame 66.3 ms (trackedPts=0)
10-01 14:56:08.876 W/FrameProbe(18737): nativeOnCameraFrame 61.5 ms (trackedPts=0)
10-01 14:56:09.002 W/FrameProbe(18737): nativeOnCameraFrame 54.4 ms (trackedPts=0)
10-01 14:56:09.146 W/FrameProbe(18737): nativeOnCameraFrame 68.4 ms (trackedPts=0)
10-01 14:56:09.164 D/FpsProbe(18737): fps=19.4 LOW
10-01 14:56:09.274 W/FrameProbe(18737): nativeOnCameraFrame 55.9 ms (trackedPts=0)
10-01 14:56:09.412 W/FrameProbe(18737): nativeOnCameraFrame 66.0 ms (trackedPts=0)
10-01 14:56:09.544 W/FrameProbe(18737): nativeOnCameraFrame 66.2 ms (trackedPts=0)
10-01 14:56:09.677 W/FrameProbe(18737): nativeOnCameraFrame 69.1 ms (trackedPts=0)
10-01 14:56:09.813 W/FrameProbe(18737): nativeOnCameraFrame 67.7 ms (trackedPts=0)
10-01 14:56:09.940 W/FrameProbe(18737): nativeOnCameraFrame 65.4 ms (trackedPts=0)
10-01 14:56:09.958 I/ArPoseProbe(18737): fromTs=68.7% latest=31.3% total=3870
10-01 14:56:10.073 W/FrameProbe(18737): nativeOnCameraFrame 66.3 ms (trackedPts=0)
10-01 14:56:10.109 W/FrameProbe(18737): nativeOnCameraFrame 27.3 ms (trackedPts=0)
10-01 14:56:10.206 W/FrameProbe(18737): nativeOnCameraFrame 63.3 ms (trackedPts=0)
10-01 14:56:10.227 D/FpsProbe(18737): fps=23.4 LOW
10-01 14:56:10.326 W/FrameProbe(18737): nativeOnCameraFrame 51.5 ms (trackedPts=0)
10-01 14:56:10.473 W/FrameProbe(18737): nativeOnCameraFrame 63.8 ms (trackedPts=0)
10-01 14:56:10.592 W/FrameProbe(18737): nativeOnCameraFrame 52.1 ms (trackedPts=0)
10-01 14:56:10.720 W/FrameProbe(18737): nativeOnCameraFrame 48.3 ms (trackedPts=0)
10-01 14:56:10.879 W/FrameProbe(18737): nativeOnCameraFrame 60.6 ms (trackedPts=0)
10-01 14:56:11.001 W/FrameProbe(18737): nativeOnCameraFrame 63.8 ms (trackedPts=0)
10-01 14:56:11.147 W/FrameProbe(18737): nativeOnCameraFrame 60.5 ms (trackedPts=0)
10-01 14:56:11.273 W/FrameProbe(18737): nativeOnCameraFrame 67.1 ms (trackedPts=0)
10-01 14:56:11.293 D/FpsProbe(18737): fps=27.2
10-01 14:56:11.408 W/FrameProbe(18737): nativeOnCameraFrame 59.3 ms (trackedPts=0)
10-01 14:56:11.551 W/FrameProbe(18737): nativeOnCameraFrame 68.4 ms (trackedPts=0)
10-01 14:56:11.564 I/ArPoseProbe(18737): fromTs=69.2% latest=30.8% total=3960
10-01 14:56:11.695 W/FrameProbe(18737): nativeOnCameraFrame 76.4 ms (trackedPts=0)
10-01 14:56:11.815 W/FrameProbe(18737): nativeOnCameraFrame 64.8 ms (trackedPts=0)
10-01 14:56:11.946 W/FrameProbe(18737): nativeOnCameraFrame 63.0 ms (trackedPts=0)
10-01 14:56:12.069 W/FrameProbe(18737): nativeOnCameraFrame 63.1 ms (trackedPts=0)
10-01 14:56:12.216 W/FrameProbe(18737): nativeOnCameraFrame 74.4 ms (trackedPts=0)
10-01 14:56:12.340 W/FrameProbe(18737): nativeOnCameraFrame 67.8 ms (trackedPts=0)
10-01 14:56:12.360 D/FpsProbe(18737): fps=24.4 LOW
10-01 14:56:12.390 W/FrameProbe(18737): nativeOnCameraFrame 16.8 ms (trackedPts=0)
10-01 14:56:12.459 W/FrameProbe(18737): nativeOnCameraFrame 53.7 ms (trackedPts=0)
10-01 14:56:12.625 W/FrameProbe(18737): nativeOnCameraFrame 72.8 ms (trackedPts=0)
10-01 14:56:12.673 W/FrameProbe(18737): nativeOnCameraFrame 22.9 ms (trackedPts=0)
10-01 14:56:12.751 W/FrameProbe(18737): nativeOnCameraFrame 67.0 ms (trackedPts=0)
10-01 14:56:12.879 W/FrameProbe(18737): nativeOnCameraFrame 65.7 ms (trackedPts=0)
10-01 14:56:13.000 W/FrameProbe(18737): nativeOnCameraFrame 60.6 ms (trackedPts=0)
10-01 14:56:13.136 W/FrameProbe(18737): nativeOnCameraFrame 58.7 ms (trackedPts=0)
10-01 14:56:13.273 W/FrameProbe(18737): nativeOnCameraFrame 65.5 ms (trackedPts=0)
10-01 14:56:13.403 W/FrameProbe(18737): nativeOnCameraFrame 64.7 ms (trackedPts=0)
10-01 14:56:13.425 D/FpsProbe(18737): fps=23.4 LOW
10-01 14:56:13.539 W/FrameProbe(18737): nativeOnCameraFrame 64.2 ms (trackedPts=0)
10-01 14:56:13.698 W/FrameProbe(18737): nativeOnCameraFrame 81.7 ms (trackedPts=0)
10-01 14:56:13.807 W/FrameProbe(18737): nativeOnCameraFrame 63.8 ms (trackedPts=0)
10-01 14:56:13.946 W/FrameProbe(18737): nativeOnCameraFrame 64.6 ms (trackedPts=0)
10-01 14:56:14.078 W/FrameProbe(18737): nativeOnCameraFrame 69.6 ms (trackedPts=0)
10-01 14:56:14.214 W/FrameProbe(18737): nativeOnCameraFrame 66.4 ms (trackedPts=0)
10-01 14:56:14.341 W/FrameProbe(18737): nativeOnCameraFrame 65.7 ms (trackedPts=0)
10-01 14:56:14.467 W/FrameProbe(18737): nativeOnCameraFrame 62.7 ms (trackedPts=0)
10-01 14:56:14.485 D/FpsProbe(18737): fps=22.5 LOW
10-01 14:56:14.617 W/FrameProbe(18737): nativeOnCameraFrame 66.5 ms (trackedPts=0)
10-01 14:56:14.726 W/FrameProbe(18737): nativeOnCameraFrame 53.4 ms (trackedPts=0)
10-01 14:56:14.874 W/FrameProbe(18737): nativeOnCameraFrame 66.6 ms (trackedPts=0)
10-01 14:56:15.009 W/FrameProbe(18737): nativeOnCameraFrame 63.4 ms (trackedPts=0)
10-01 14:56:15.145 W/FrameProbe(18737): nativeOnCameraFrame 72.7 ms (trackedPts=0)
10-01 14:56:15.256 W/FrameProbe(18737): nativeOnCameraFrame 52.5 ms (trackedPts=0)
10-01 14:56:15.421 W/FrameProbe(18737): nativeOnCameraFrame 68.6 ms (trackedPts=0)
10-01 14:56:15.545 W/FrameProbe(18737): nativeOnCameraFrame 66.8 ms (trackedPts=0)
10-01 14:56:15.566 D/FpsProbe(18737): fps=24.4 LOW
10-01 14:56:15.668 W/FrameProbe(18737): nativeOnCameraFrame 61.6 ms (trackedPts=0)
10-01 14:56:15.804 W/FrameProbe(18737): nativeOnCameraFrame 63.6 ms (trackedPts=0)
10-01 14:56:15.934 W/FrameProbe(18737): nativeOnCameraFrame 59.9 ms (trackedPts=0)
10-01 14:56:16.064 W/FrameProbe(18737): nativeOnCameraFrame 62.1 ms (trackedPts=0)
10-01 14:56:16.099 W/FrameProbe(18737): nativeOnCameraFrame 17.1 ms (trackedPts=0)
10-01 14:56:16.199 W/FrameProbe(18737): nativeOnCameraFrame 59.9 ms (trackedPts=0)
10-01 14:56:16.347 W/FrameProbe(18737): nativeOnCameraFrame 65.7 ms (trackedPts=0)
10-01 14:56:16.461 W/FrameProbe(18737): nativeOnCameraFrame 54.2 ms (trackedPts=0)
10-01 14:56:16.604 W/FrameProbe(18737): nativeOnCameraFrame 64.8 ms (trackedPts=0)
10-01 14:56:16.623 D/FpsProbe(18737): fps=25.3
10-01 14:56:16.748 W/FrameProbe(18737): nativeOnCameraFrame 65.8 ms (trackedPts=0)
10-01 14:56:16.895 W/FrameProbe(18737): nativeOnCameraFrame 79.4 ms (trackedPts=0)
10-01 14:56:17.022 W/FrameProbe(18737): nativeOnCameraFrame 82.2 ms (trackedPts=0)
10-01 14:56:17.143 W/FrameProbe(18737): nativeOnCameraFrame 61.5 ms (trackedPts=0)
10-01 14:56:17.267 W/FrameProbe(18737): nativeOnCameraFrame 52.7 ms (trackedPts=0)
10-01 14:56:17.376 W/FrameProbe(18737): nativeOnCameraFrame 37.8 ms (trackedPts=0)
10-01 14:56:17.465 W/FrameProbe(18737): nativeOnCameraFrame 25.5 ms (trackedPts=0)
10-01 14:56:17.538 W/FrameProbe(18737): nativeOnCameraFrame 53.8 ms (trackedPts=0)
10-01 14:56:17.670 W/FrameProbe(18737): nativeOnCameraFrame 62.4 ms (trackedPts=0)
10-01 14:56:17.688 D/FpsProbe(18737): fps=24.2 LOW
10-01 14:56:17.797 W/FrameProbe(18737): nativeOnCameraFrame 61.3 ms (trackedPts=0)
10-01 14:56:17.948 W/FrameProbe(18737): nativeOnCameraFrame 67.5 ms (trackedPts=0)
10-01 14:56:18.069 W/FrameProbe(18737): nativeOnCameraFrame 62.1 ms (trackedPts=0)
10-01 14:56:18.205 W/FrameProbe(18737): nativeOnCameraFrame 66.1 ms (trackedPts=0)
10-01 14:56:18.358 W/FrameProbe(18737): nativeOnCameraFrame 76.9 ms (trackedPts=0)
10-01 14:56:18.472 W/FrameProbe(18737): nativeOnCameraFrame 66.6 ms (trackedPts=0)
10-01 14:56:18.610 W/FrameProbe(18737): nativeOnCameraFrame 64.0 ms (trackedPts=0)
10-01 14:56:18.742 W/FrameProbe(18737): nativeOnCameraFrame 69.6 ms (trackedPts=0)
10-01 14:56:18.742 D/FpsProbe(18737): fps=24.2 LOW
10-01 14:56:18.887 W/FrameProbe(18737): nativeOnCameraFrame 73.1 ms (trackedPts=0)
10-01 14:56:19.009 W/FrameProbe(18737): nativeOnCameraFrame 69.9 ms (trackedPts=0)
10-01 14:56:19.133 W/FrameProbe(18737): nativeOnCameraFrame 62.8 ms (trackedPts=0)
10-01 14:56:19.262 W/FrameProbe(18737): nativeOnCameraFrame 60.2 ms (trackedPts=0)
10-01 14:56:19.411 W/FrameProbe(18737): nativeOnCameraFrame 67.2 ms (trackedPts=0)
10-01 14:56:19.542 W/FrameProbe(18737): nativeOnCameraFrame 60.3 ms (trackedPts=0)
10-01 14:56:19.676 W/FrameProbe(18737): nativeOnCameraFrame 64.6 ms (trackedPts=0)
10-01 14:56:19.716 D/FpsProbe(18737): fps=24.2 LOW
10-01 14:56:19.805 W/FrameProbe(18737): nativeOnCameraFrame 66.1 ms (trackedPts=0)
10-01 14:56:19.939 W/FrameProbe(18737): nativeOnCameraFrame 66.0 ms (trackedPts=0)
10-01 14:56:20.080 W/FrameProbe(18737): nativeOnCameraFrame 66.6 ms (trackedPts=0)
10-01 14:56:20.216 W/FrameProbe(18737): nativeOnCameraFrame 66.0 ms (trackedPts=0)
10-01 14:56:20.358 W/FrameProbe(18737): nativeOnCameraFrame 74.9 ms (trackedPts=0)
10-01 14:56:20.483 W/FrameProbe(18737): nativeOnCameraFrame 66.0 ms (trackedPts=0)
10-01 14:56:20.600 W/FrameProbe(18737): nativeOnCameraFrame 62.4 ms (trackedPts=0)
10-01 14:56:20.738 W/FrameProbe(18737): nativeOnCameraFrame 65.7 ms (trackedPts=0)
10-01 14:56:20.755 D/FpsProbe(18737): fps=23.2 LOW
10-01 14:56:20.877 W/FrameProbe(18737): nativeOnCameraFrame 63.6 ms (trackedPts=0)
10-01 14:56:21.014 W/FrameProbe(18737): nativeOnCameraFrame 65.6 ms (trackedPts=0)
10-01 14:56:21.131 W/FrameProbe(18737): nativeOnCameraFrame 58.5 ms (trackedPts=0)
10-01 14:56:21.268 W/FrameProbe(18737): nativeOnCameraFrame 53.0 ms (trackedPts=0)
10-01 14:56:21.405 W/FrameProbe(18737): nativeOnCameraFrame 67.4 ms (trackedPts=0)
10-01 14:56:21.553 W/FrameProbe(18737): nativeOnCameraFrame 71.6 ms (trackedPts=0)
10-01 14:56:21.669 W/FrameProbe(18737): nativeOnCameraFrame 41.6 ms (trackedPts=0)
10-01 14:56:21.785 W/FrameProbe(18737): nativeOnCameraFrame 43.6 ms (trackedPts=0)
10-01 14:56:21.808 D/FpsProbe(18737): fps=25.2
10-01 14:56:21.949 W/FrameProbe(18737): nativeOnCameraFrame 67.9 ms (trackedPts=0)
10-01 14:56:22.068 W/FrameProbe(18737): nativeOnCameraFrame 65.4 ms (trackedPts=0)
10-01 14:56:22.187 W/FrameProbe(18737): nativeOnCameraFrame 44.8 ms (trackedPts=0)
10-01 14:56:22.313 W/FrameProbe(18737): nativeOnCameraFrame 39.9 ms (trackedPts=0)
10-01 14:56:22.448 W/FrameProbe(18737): nativeOnCameraFrame 41.5 ms (trackedPts=0)
10-01 14:56:22.597 W/FrameProbe(18737): nativeOnCameraFrame 61.2 ms (trackedPts=0)
10-01 14:56:22.746 W/FrameProbe(18737): nativeOnCameraFrame 66.9 ms (trackedPts=0)
10-01 14:56:22.880 W/FrameProbe(18737): nativeOnCameraFrame 69.2 ms (trackedPts=0)
10-01 14:56:22.880 D/FpsProbe(18737): fps=28.1
10-01 14:56:22.911 W/FrameProbe(18737): nativeOnCameraFrame 21.2 ms (trackedPts=0)
10-01 14:56:23.007 W/FrameProbe(18737): nativeOnCameraFrame 63.7 ms (trackedPts=0)
10-01 14:56:23.133 W/FrameProbe(18737): nativeOnCameraFrame 52.9 ms (trackedPts=0)
10-01 14:56:23.261 W/FrameProbe(18737): nativeOnCameraFrame 48.4 ms (trackedPts=0)
10-01 14:56:23.408 W/FrameProbe(18737): nativeOnCameraFrame 64.9 ms (trackedPts=0)
10-01 14:56:23.546 W/FrameProbe(18737): nativeOnCameraFrame 72.5 ms (trackedPts=0)
10-01 14:56:23.679 W/FrameProbe(18737): nativeOnCameraFrame 65.2 ms (trackedPts=0)
10-01 14:56:23.808 W/FrameProbe(18737): nativeOnCameraFrame 65.2 ms (trackedPts=0)
10-01 14:56:23.846 D/FpsProbe(18737): fps=23.2 LOW
10-01 14:56:23.923 W/FrameProbe(18737): nativeOnCameraFrame 45.0 ms (trackedPts=0)
10-01 14:56:24.070 W/FrameProbe(18737): nativeOnCameraFrame 63.2 ms (trackedPts=0)
10-01 14:56:24.212 W/FrameProbe(18737): nativeOnCameraFrame 68.2 ms (trackedPts=0)
10-01 14:56:24.340 W/FrameProbe(18737): nativeOnCameraFrame 67.2 ms (trackedPts=0)
10-01 14:56:24.449 W/FrameProbe(18737): nativeOnCameraFrame 41.8 ms (trackedPts=0)
10-01 14:56:24.615 W/FrameProbe(18737): nativeOnCameraFrame 67.9 ms (trackedPts=0)
10-01 14:56:24.724 W/FrameProbe(18737): nativeOnCameraFrame 48.8 ms (trackedPts=0)
10-01 14:56:24.854 W/FrameProbe(18737): nativeOnCameraFrame 43.0 ms (trackedPts=0)
10-01 14:56:24.888 D/FpsProbe(18737): fps=27.1
10-01 14:56:25.001 W/FrameProbe(18737): nativeOnCameraFrame 65.4 ms (trackedPts=0)
10-01 14:56:25.125 W/FrameProbe(18737): nativeOnCameraFrame 53.6 ms (trackedPts=0)
10-01 14:56:25.272 W/FrameProbe(18737): nativeOnCameraFrame 68.9 ms (trackedPts=0)
10-01 14:56:25.401 W/FrameProbe(18737): nativeOnCameraFrame 63.3 ms (trackedPts=0)
10-01 14:56:25.542 W/FrameProbe(18737): nativeOnCameraFrame 72.6 ms (trackedPts=0)
10-01 14:56:25.669 W/FrameProbe(18737): nativeOnCameraFrame 56.2 ms (trackedPts=0)
10-01 14:56:25.793 W/FrameProbe(18737): nativeOnCameraFrame 60.0 ms (trackedPts=0)
10-01 14:56:25.911 W/FrameProbe(18737): nativeOnCameraFrame 41.4 ms (trackedPts=0)
10-01 14:56:25.928 D/FpsProbe(18737): fps=27.1
10-01 14:56:26.079 W/FrameProbe(18737): nativeOnCameraFrame 69.6 ms (trackedPts=0)
10-01 14:56:26.199 W/FrameProbe(18737): nativeOnCameraFrame 62.1 ms (trackedPts=0)
10-01 14:56:26.332 W/FrameProbe(18737): nativeOnCameraFrame 48.5 ms (trackedPts=0)
10-01 14:56:26.463 W/FrameProbe(18737): nativeOnCameraFrame 58.1 ms (trackedPts=0)
10-01 14:56:26.586 W/FrameProbe(18737): nativeOnCameraFrame 44.8 ms (trackedPts=0)
10-01 14:56:26.749 W/FrameProbe(18737): nativeOnCameraFrame 66.0 ms (trackedPts=0)
10-01 14:56:26.879 W/FrameProbe(18737): nativeOnCameraFrame 64.9 ms (trackedPts=0)
10-01 14:56:27.005 W/FrameProbe(18737): nativeOnCameraFrame 68.1 ms (trackedPts=0)
10-01 14:56:27.006 D/FpsProbe(18737): fps=24.2 LOW
10-01 14:56:27.129 W/FrameProbe(18737): nativeOnCameraFrame 47.7 ms (trackedPts=0)
10-01 14:56:27.260 W/FrameProbe(18737): nativeOnCameraFrame 55.4 ms (trackedPts=0)
10-01 14:56:27.409 W/FrameProbe(18737): nativeOnCameraFrame 69.3 ms (trackedPts=0)
10-01 14:56:27.540 W/FrameProbe(18737): nativeOnCameraFrame 69.1 ms (trackedPts=0)
10-01 14:56:27.665 W/FrameProbe(18737): nativeOnCameraFrame 59.5 ms (trackedPts=0)
10-01 14:56:27.799 W/FrameProbe(18737): nativeOnCameraFrame 61.0 ms (trackedPts=0)
10-01 14:56:27.942 W/FrameProbe(18737): nativeOnCameraFrame 62.1 ms (trackedPts=0)
10-01 14:56:27.981 D/FpsProbe(18737): fps=24.2 LOW
10-01 14:56:28.071 W/FrameProbe(18737): nativeOnCameraFrame 58.5 ms (trackedPts=0)
10-01 14:56:28.194 W/FrameProbe(18737): nativeOnCameraFrame 45.5 ms (trackedPts=0)
10-01 14:56:28.324 W/FrameProbe(18737): nativeOnCameraFrame 55.0 ms (trackedPts=0)
10-01 14:56:28.462 W/FrameProbe(18737): nativeOnCameraFrame 58.3 ms (trackedPts=0)
10-01 14:56:28.604 W/FrameProbe(18737): nativeOnCameraFrame 60.1 ms (trackedPts=0)
10-01 14:56:28.729 W/FrameProbe(18737): nativeOnCameraFrame 58.6 ms (trackedPts=0)
10-01 14:56:28.861 W/FrameProbe(18737): nativeOnCameraFrame 55.5 ms (trackedPts=0)
10-01 14:56:29.010 W/FrameProbe(18737): nativeOnCameraFrame 65.8 ms (trackedPts=0)
10-01 14:56:29.026 D/FpsProbe(18737): fps=27.1
10-01 14:56:29.148 W/FrameProbe(18737): nativeOnCameraFrame 65.2 ms (trackedPts=0)
10-01 14:56:29.274 W/FrameProbe(18737): nativeOnCameraFrame 58.6 ms (trackedPts=0)
10-01 14:56:29.375 W/FrameProbe(18737): nativeOnCameraFrame 38.5 ms (trackedPts=0)
10-01 14:56:29.520 W/FrameProbe(18737): nativeOnCameraFrame 41.1 ms (trackedPts=0)
10-01 14:56:29.676 W/FrameProbe(18737): nativeOnCameraFrame 59.8 ms (trackedPts=0)
10-01 14:56:29.808 W/FrameProbe(18737): nativeOnCameraFrame 60.5 ms (trackedPts=0)
10-01 14:56:29.933 W/FrameProbe(18737): nativeOnCameraFrame 62.9 ms (trackedPts=0)
10-01 14:56:30.091 W/FrameProbe(18737): nativeOnCameraFrame 75.0 ms (trackedPts=0)
10-01 14:56:30.116 D/FpsProbe(18737): fps=24.4 LOW
10-01 14:56:30.210 W/FrameProbe(18737): nativeOnCameraFrame 66.1 ms (trackedPts=0)
10-01 14:56:30.344 W/FrameProbe(18737): nativeOnCameraFrame 63.6 ms (trackedPts=0)
10-01 14:56:30.467 W/FrameProbe(18737): nativeOnCameraFrame 64.7 ms (trackedPts=0)
10-01 14:56:30.612 W/FrameProbe(18737): nativeOnCameraFrame 64.6 ms (trackedPts=0)
10-01 14:56:30.728 W/FrameProbe(18737): nativeOnCameraFrame 52.7 ms (trackedPts=0)
10-01 14:56:30.863 W/FrameProbe(18737): nativeOnCameraFrame 51.1 ms (trackedPts=0)
10-01 14:56:30.986 W/FrameProbe(18737): nativeOnCameraFrame 52.7 ms (trackedPts=0)
10-01 14:56:31.125 W/FrameProbe(18737): nativeOnCameraFrame 56.7 ms (trackedPts=0)
10-01 14:56:31.143 D/FpsProbe(18737): fps=27.1
10-01 14:56:31.281 W/FrameProbe(18737): nativeOnCameraFrame 63.5 ms (trackedPts=0)
10-01 14:56:31.393 W/FrameProbe(18737): nativeOnCameraFrame 58.8 ms (trackedPts=0)
10-01 14:56:31.546 W/FrameProbe(18737): nativeOnCameraFrame 67.0 ms (trackedPts=0)
10-01 14:56:31.663 W/FrameProbe(18737): nativeOnCameraFrame 52.0 ms (trackedPts=0)
10-01 14:56:31.800 W/FrameProbe(18737): nativeOnCameraFrame 54.3 ms (trackedPts=0)
10-01 14:56:31.943 W/FrameProbe(18737): nativeOnCameraFrame 66.1 ms (trackedPts=0)
10-01 14:56:32.073 W/FrameProbe(18737): nativeOnCameraFrame 62.1 ms (trackedPts=0)
10-01 14:56:32.202 W/FrameProbe(18737): nativeOnCameraFrame 53.9 ms (trackedPts=0)
10-01 14:56:32.203 D/FpsProbe(18737): fps=25.2
10-01 14:56:32.316 W/FrameProbe(18737): nativeOnCameraFrame 46.4 ms (trackedPts=0)
10-01 14:56:32.465 W/FrameProbe(18737): nativeOnCameraFrame 60.4 ms (trackedPts=0)
10-01 14:56:32.581 W/FrameProbe(18737): nativeOnCameraFrame 46.9 ms (trackedPts=0)
10-01 14:56:32.726 W/FrameProbe(18737): nativeOnCameraFrame 58.2 ms (trackedPts=0)
10-01 14:56:32.876 W/FrameProbe(18737): nativeOnCameraFrame 63.6 ms (trackedPts=0)
10-01 14:56:32.999 W/FrameProbe(18737): nativeOnCameraFrame 57.3 ms (trackedPts=0)
10-01 14:56:33.125 W/FrameProbe(18737): nativeOnCameraFrame 56.9 ms (trackedPts=0)
10-01 14:56:33.176 D/FpsProbe(18737): fps=27.1
10-01 14:56:33.272 W/FrameProbe(18737): nativeOnCameraFrame 60.4 ms (trackedPts=0)
10-01 14:56:33.391 W/FrameProbe(18737): nativeOnCameraFrame 56.0 ms (trackedPts=0)
10-01 14:56:33.523 W/FrameProbe(18737): nativeOnCameraFrame 54.7 ms (trackedPts=0)
10-01 14:56:33.656 W/FrameProbe(18737): nativeOnCameraFrame 54.8 ms (trackedPts=0)
10-01 14:56:33.798 W/FrameProbe(18737): nativeOnCameraFrame 61.5 ms (trackedPts=0)
10-01 14:56:33.936 W/FrameProbe(18737): nativeOnCameraFrame 66.5 ms (trackedPts=0)
10-01 14:56:34.055 W/FrameProbe(18737): nativeOnCameraFrame 55.1 ms (trackedPts=0)
10-01 14:56:34.206 W/FrameProbe(18737): nativeOnCameraFrame 68.5 ms (trackedPts=0)
10-01 14:56:34.223 D/FpsProbe(18737): fps=27.1
10-01 14:56:34.330 W/FrameProbe(18737): nativeOnCameraFrame 56.3 ms (trackedPts=0)
10-01 14:56:34.464 W/FrameProbe(18737): nativeOnCameraFrame 53.1 ms (trackedPts=0)
10-01 14:56:34.589 W/FrameProbe(18737): nativeOnCameraFrame 49.6 ms (trackedPts=0)
10-01 14:56:34.728 W/FrameProbe(18737): nativeOnCameraFrame 54.1 ms (trackedPts=0)
10-01 14:56:34.872 W/FrameProbe(18737): nativeOnCameraFrame 56.9 ms (trackedPts=0)
10-01 14:56:34.996 W/FrameProbe(18737): nativeOnCameraFrame 62.2 ms (trackedPts=0)
10-01 14:56:35.127 W/FrameProbe(18737): nativeOnCameraFrame 57.3 ms (trackedPts=0)
10-01 14:56:35.260 W/FrameProbe(18737): nativeOnCameraFrame 59.9 ms (trackedPts=0)
10-01 14:56:35.277 D/FpsProbe(18737): fps=27.1
10-01 14:56:35.399 W/FrameProbe(18737): nativeOnCameraFrame 54.4 ms (trackedPts=0)
10-01 14:56:35.543 W/FrameProbe(18737): nativeOnCameraFrame 63.3 ms (trackedPts=0)
10-01 14:56:35.659 W/FrameProbe(18737): nativeOnCameraFrame 61.0 ms (trackedPts=0)
10-01 14:56:35.793 W/FrameProbe(18737): nativeOnCameraFrame 53.7 ms (trackedPts=0)
10-01 14:56:35.940 W/FrameProbe(18737): nativeOnCameraFrame 63.1 ms (trackedPts=0)
10-01 14:56:36.060 W/FrameProbe(18737): nativeOnCameraFrame 58.7 ms (trackedPts=0)
10-01 14:56:36.194 W/FrameProbe(18737): nativeOnCameraFrame 54.8 ms (trackedPts=0)
10-01 14:56:36.323 W/FrameProbe(18737): nativeOnCameraFrame 56.5 ms (trackedPts=0)
10-01 14:56:36.323 D/FpsProbe(18737): fps=27.1
10-01 14:56:36.458 W/FrameProbe(18737): nativeOnCameraFrame 57.0 ms (trackedPts=0)
10-01 14:56:36.605 W/FrameProbe(18737): nativeOnCameraFrame 67.6 ms (trackedPts=0)
10-01 14:56:36.718 W/FrameProbe(18737): nativeOnCameraFrame 46.8 ms (trackedPts=0)
10-01 14:56:36.873 W/FrameProbe(18737): nativeOnCameraFrame 70.9 ms (trackedPts=0)
10-01 14:56:37.000 W/FrameProbe(18737): nativeOnCameraFrame 56.9 ms (trackedPts=0)
10-01 14:56:37.141 W/FrameProbe(18737): nativeOnCameraFrame 64.0 ms (trackedPts=0)
10-01 14:56:37.275 W/FrameProbe(18737): nativeOnCameraFrame 61.9 ms (trackedPts=0)
10-01 14:56:37.321 D/FpsProbe(18737): fps=25.2
10-01 14:56:37.396 W/FrameProbe(18737): nativeOnCameraFrame 57.2 ms (trackedPts=0)
10-01 14:56:37.529 W/FrameProbe(18737): nativeOnCameraFrame 63.1 ms (trackedPts=0)
10-01 14:56:37.666 W/FrameProbe(18737): nativeOnCameraFrame 67.1 ms (trackedPts=0)
10-01 14:56:37.788 W/FrameProbe(18737): nativeOnCameraFrame 54.8 ms (trackedPts=0)
10-01 14:56:37.935 W/FrameProbe(18737): nativeOnCameraFrame 61.3 ms (trackedPts=0)
10-01 14:56:38.078 W/FrameProbe(18737): nativeOnCameraFrame 65.0 ms (trackedPts=0)
10-01 14:56:38.201 W/FrameProbe(18737): nativeOnCameraFrame 56.0 ms (trackedPts=0)
10-01 14:56:38.330 W/FrameProbe(18737): nativeOnCameraFrame 65.7 ms (trackedPts=0)
10-01 14:56:38.359 D/FpsProbe(18737): fps=26.1
10-01 14:56:38.453 W/FrameProbe(18737): nativeOnCameraFrame 47.2 ms (trackedPts=0)
10-01 14:56:38.583 W/FrameProbe(18737): nativeOnCameraFrame 47.7 ms (trackedPts=0)
10-01 14:56:38.718 W/FrameProbe(18737): nativeOnCameraFrame 49.8 ms (trackedPts=0)
10-01 14:56:38.868 W/FrameProbe(18737): nativeOnCameraFrame 66.6 ms (trackedPts=0)
10-01 14:56:39.007 W/FrameProbe(18737): nativeOnCameraFrame 62.2 ms (trackedPts=0)
10-01 14:56:39.131 W/FrameProbe(18737): nativeOnCameraFrame 63.8 ms (trackedPts=0)
10-01 14:56:39.259 W/FrameProbe(18737): nativeOnCameraFrame 55.4 ms (trackedPts=0)
10-01 14:56:39.396 W/FrameProbe(18737): nativeOnCameraFrame 52.8 ms (trackedPts=0)
10-01 14:56:39.419 D/FpsProbe(18737): fps=27.2
10-01 14:56:39.533 W/FrameProbe(18737): nativeOnCameraFrame 54.5 ms (trackedPts=0)
10-01 14:56:39.655 W/FrameProbe(18737): nativeOnCameraFrame 54.0 ms (trackedPts=0)
10-01 14:56:39.801 W/FrameProbe(18737): nativeOnCameraFrame 61.9 ms (trackedPts=0)
10-01 14:56:39.929 W/FrameProbe(18737): nativeOnCameraFrame 57.9 ms (trackedPts=0)
10-01 14:56:40.069 W/FrameProbe(18737): nativeOnCameraFrame 59.4 ms (trackedPts=0)
10-01 14:56:40.204 W/FrameProbe(18737): nativeOnCameraFrame 59.9 ms (trackedPts=0)
10-01 14:56:40.338 W/FrameProbe(18737): nativeOnCameraFrame 59.9 ms (trackedPts=0)
10-01 14:56:40.460 W/FrameProbe(18737): nativeOnCameraFrame 51.1 ms (trackedPts=0)
10-01 14:56:40.481 D/FpsProbe(18737): fps=23.4 LOW
10-01 14:56:40.608 W/FrameProbe(18737): nativeOnCameraFrame 63.8 ms (trackedPts=0)
10-01 14:56:40.732 W/FrameProbe(18737): nativeOnCameraFrame 57.6 ms (trackedPts=0)
10-01 14:56:40.874 W/FrameProbe(18737): nativeOnCameraFrame 63.3 ms (trackedPts=0)
10-01 14:56:40.996 W/FrameProbe(18737): nativeOnCameraFrame 52.0 ms (trackedPts=0)
10-01 14:56:41.142 W/FrameProbe(18737): nativeOnCameraFrame 62.2 ms (trackedPts=0)
10-01 14:56:41.275 W/FrameProbe(18737): nativeOnCameraFrame 72.0 ms (trackedPts=0)
10-01 14:56:41.404 W/FrameProbe(18737): nativeOnCameraFrame 65.6 ms (trackedPts=0)
10-01 14:56:41.525 W/FrameProbe(18737): nativeOnCameraFrame 56.9 ms (trackedPts=0)
10-01 14:56:41.551 D/FpsProbe(18737): fps=24.2 LOW
10-01 14:56:41.656 W/FrameProbe(18737): nativeOnCameraFrame 56.7 ms (trackedPts=0)
10-01 14:56:41.786 W/FrameProbe(18737): nativeOnCameraFrame 52.1 ms (trackedPts=0)
10-01 14:56:41.916 W/FrameProbe(18737): nativeOnCameraFrame 47.8 ms (trackedPts=0)
10-01 14:56:42.058 W/FrameProbe(18737): nativeOnCameraFrame 57.8 ms (trackedPts=0)
10-01 14:56:42.189 W/FrameProbe(18737): nativeOnCameraFrame 54.6 ms (trackedPts=0)
10-01 14:56:42.329 W/FrameProbe(18737): nativeOnCameraFrame 64.1 ms (trackedPts=0)
10-01 14:56:42.467 W/FrameProbe(18737): nativeOnCameraFrame 64.5 ms (trackedPts=0)
10-01 14:56:42.599 W/FrameProbe(18737): nativeOnCameraFrame 56.3 ms (trackedPts=0)
10-01 14:56:42.600 D/FpsProbe(18737): fps=28.1
10-01 14:56:42.740 W/FrameProbe(18737): nativeOnCameraFrame 66.4 ms (trackedPts=0)
10-01 14:56:42.872 W/FrameProbe(18737): nativeOnCameraFrame 59.7 ms (trackedPts=0)
10-01 14:56:42.998 W/FrameProbe(18737): nativeOnCameraFrame 57.8 ms (trackedPts=0)
10-01 14:56:43.118 W/FrameProbe(18737): nativeOnCameraFrame 54.0 ms (trackedPts=0)
10-01 14:56:43.271 W/FrameProbe(18737): nativeOnCameraFrame 66.4 ms (trackedPts=0)
10-01 14:56:43.400 W/FrameProbe(18737): nativeOnCameraFrame 57.3 ms (trackedPts=0)
10-01 14:56:43.545 W/FrameProbe(18737): nativeOnCameraFrame 66.4 ms (trackedPts=0)
10-01 14:56:43.581 D/FpsProbe(18737): fps=24.2 LOW
10-01 14:56:43.672 W/FrameProbe(18737): nativeOnCameraFrame 60.3 ms (trackedPts=0)
10-01 14:56:43.792 W/FrameProbe(18737): nativeOnCameraFrame 61.8 ms (trackedPts=0)
10-01 14:56:43.927 W/FrameProbe(18737): nativeOnCameraFrame 58.8 ms (trackedPts=0)
10-01 14:56:44.062 W/FrameProbe(18737): nativeOnCameraFrame 58.2 ms (trackedPts=0)
10-01 14:56:44.195 W/FrameProbe(18737): nativeOnCameraFrame 61.3 ms (trackedPts=0)
10-01 14:56:44.337 W/FrameProbe(18737): nativeOnCameraFrame 57.8 ms (trackedPts=0)
10-01 14:56:44.462 W/FrameProbe(18737): nativeOnCameraFrame 60.3 ms (trackedPts=0)
10-01 14:56:44.586 W/FrameProbe(18737): nativeOnCameraFrame 57.3 ms (trackedPts=0)
10-01 14:56:44.619 D/FpsProbe(18737): fps=25.2
10-01 14:56:44.722 W/FrameProbe(18737): nativeOnCameraFrame 57.8 ms (trackedPts=0)
10-01 14:56:44.869 W/FrameProbe(18737): nativeOnCameraFrame 59.3 ms (trackedPts=0)
10-01 14:56:44.993 W/FrameProbe(18737): nativeOnCameraFrame 53.1 ms (trackedPts=0)
10-01 14:56:45.127 W/FrameProbe(18737): nativeOnCameraFrame 50.7 ms (trackedPts=0)
10-01 14:56:45.248 W/FrameProbe(18737): nativeOnCameraFrame 49.9 ms (trackedPts=0)
10-01 14:56:45.393 W/FrameProbe(18737): nativeOnCameraFrame 61.1 ms (trackedPts=0)
10-01 14:56:45.528 W/FrameProbe(18737): nativeOnCameraFrame 55.8 ms (trackedPts=0)
10-01 14:56:45.655 W/FrameProbe(18737): nativeOnCameraFrame 53.5 ms (trackedPts=0)
10-01 14:56:45.677 D/FpsProbe(18737): fps=25.2
10-01 14:56:45.792 W/FrameProbe(18737): nativeOnCameraFrame 54.9 ms (trackedPts=0)
10-01 14:56:45.914 W/FrameProbe(18737): nativeOnCameraFrame 46.2 ms (trackedPts=0)
10-01 14:56:46.055 W/FrameProbe(18737): nativeOnCameraFrame 53.5 ms (trackedPts=0)
10-01 14:56:46.190 W/FrameProbe(18737): nativeOnCameraFrame 56.5 ms (trackedPts=0)
10-01 14:56:46.337 W/FrameProbe(18737): nativeOnCameraFrame 63.6 ms (trackedPts=0)
10-01 14:56:46.457 W/FrameProbe(18737): nativeOnCameraFrame 45.4 ms (trackedPts=0)
10-01 14:56:46.592 W/FrameProbe(18737): nativeOnCameraFrame 61.7 ms (trackedPts=0)
10-01 14:56:46.734 W/FrameProbe(18737): nativeOnCameraFrame 59.5 ms (trackedPts=0)
10-01 14:56:46.735 D/FpsProbe(18737): fps=28.1
10-01 14:56:46.869 W/FrameProbe(18737): nativeOnCameraFrame 55.8 ms (trackedPts=0)
10-01 14:56:46.997 W/FrameProbe(18737): nativeOnCameraFrame 65.4 ms (trackedPts=0)
10-01 14:56:47.134 W/FrameProbe(18737): nativeOnCameraFrame 54.6 ms (trackedPts=0)
10-01 14:56:47.251 W/FrameProbe(18737): nativeOnCameraFrame 54.6 ms (trackedPts=0)
10-01 14:56:47.405 W/FrameProbe(18737): nativeOnCameraFrame 60.3 ms (trackedPts=0)
10-01 14:56:47.541 W/FrameProbe(18737): nativeOnCameraFrame 68.4 ms (trackedPts=0)
10-01 14:56:47.653 W/FrameProbe(18737): nativeOnCameraFrame 54.7 ms (trackedPts=0)
10-01 14:56:47.716 D/FpsProbe(18737): fps=24.2 LOW
10-01 14:56:47.787 W/FrameProbe(18737): nativeOnCameraFrame 52.8 ms (trackedPts=0)
10-01 14:56:47.928 W/FrameProbe(18737): nativeOnCameraFrame 63.3 ms (trackedPts=0)
10-01 14:56:48.058 W/FrameProbe(18737): nativeOnCameraFrame 57.6 ms (trackedPts=0)
10-01 14:56:48.193 W/FrameProbe(18737): nativeOnCameraFrame 51.6 ms (trackedPts=0)
10-01 14:56:48.341 W/FrameProbe(18737): nativeOnCameraFrame 63.0 ms (trackedPts=0)
10-01 14:56:48.464 W/FrameProbe(18737): nativeOnCameraFrame 64.8 ms (trackedPts=0)
10-01 14:56:48.597 W/FrameProbe(18737): nativeOnCameraFrame 65.5 ms (trackedPts=0)
10-01 14:56:48.728 W/FrameProbe(18737): nativeOnCameraFrame 65.0 ms (trackedPts=0)
10-01 14:56:48.760 D/FpsProbe(18737): fps=27.1
10-01 14:56:48.868 W/FrameProbe(18737): nativeOnCameraFrame 65.2 ms (trackedPts=0)
10-01 14:56:48.994 W/FrameProbe(18737): nativeOnCameraFrame 62.8 ms (trackedPts=0)
10-01 14:56:49.145 W/FrameProbe(18737): nativeOnCameraFrame 67.9 ms (trackedPts=0)
10-01 14:56:49.262 W/FrameProbe(18737): nativeOnCameraFrame 66.0 ms (trackedPts=0)
10-01 14:56:49.395 W/FrameProbe(18737): nativeOnCameraFrame 56.9 ms (trackedPts=0)
10-01 14:56:49.528 W/FrameProbe(18737): nativeOnCameraFrame 63.3 ms (trackedPts=0)
10-01 14:56:49.657 W/FrameProbe(18737): nativeOnCameraFrame 52.2 ms (trackedPts=0)
10-01 14:56:49.794 W/FrameProbe(18737): nativeOnCameraFrame 62.8 ms (trackedPts=0)
10-01 14:56:49.810 D/FpsProbe(18737): fps=25.3
10-01 14:56:49.919 W/FrameProbe(18737): nativeOnCameraFrame 55.1 ms (trackedPts=0)
10-01 14:56:50.060 W/FrameProbe(18737): nativeOnCameraFrame 58.2 ms (trackedPts=0)
10-01 14:56:50.205 W/FrameProbe(18737): nativeOnCameraFrame 74.4 ms (trackedPts=0)
10-01 14:56:50.345 W/FrameProbe(18737): nativeOnCameraFrame 72.4 ms (trackedPts=0)
10-01 14:56:50.461 W/FrameProbe(18737): nativeOnCameraFrame 52.6 ms (trackedPts=0)
10-01 14:56:50.595 W/FrameProbe(18737): nativeOnCameraFrame 60.6 ms (trackedPts=0)
10-01 14:56:50.729 W/FrameProbe(18737): nativeOnCameraFrame 56.4 ms (trackedPts=0)
10-01 14:56:50.860 W/FrameProbe(18737): nativeOnCameraFrame 61.3 ms (trackedPts=0)
10-01 14:56:50.878 D/FpsProbe(18737): fps=25.2
10-01 14:56:50.988 W/FrameProbe(18737): nativeOnCameraFrame 57.0 ms (trackedPts=0)
10-01 14:56:51.145 W/FrameProbe(18737): nativeOnCameraFrame 67.3 ms (trackedPts=0)
10-01 14:56:51.268 W/FrameProbe(18737): nativeOnCameraFrame 70.4 ms (trackedPts=0)
10-01 14:56:51.394 W/FrameProbe(18737): nativeOnCameraFrame 63.5 ms (trackedPts=0)
10-01 14:56:51.536 W/FrameProbe(18737): nativeOnCameraFrame 60.6 ms (trackedPts=0)
10-01 14:56:51.652 W/FrameProbe(18737): nativeOnCameraFrame 54.9 ms (trackedPts=0)
10-01 14:56:51.814 W/FrameProbe(18737): nativeOnCameraFrame 74.5 ms (trackedPts=0)
10-01 14:56:51.943 W/FrameProbe(18737): nativeOnCameraFrame 72.0 ms (trackedPts=0)
10-01 14:56:51.944 D/FpsProbe(18737): fps=26.1
10-01 14:56:52.089 W/FrameProbe(18737): nativeOnCameraFrame 87.8 ms (trackedPts=0)
10-01 14:56:52.206 W/FrameProbe(18737): nativeOnCameraFrame 61.7 ms (trackedPts=0)
10-01 14:56:52.331 W/FrameProbe(18737): nativeOnCameraFrame 60.3 ms (trackedPts=0)
10-01 14:56:52.462 W/FrameProbe(18737): nativeOnCameraFrame 65.4 ms (trackedPts=0)
10-01 14:56:52.609 W/FrameProbe(18737): nativeOnCameraFrame 78.4 ms (trackedPts=0)
10-01 14:56:52.743 W/FrameProbe(18737): nativeOnCameraFrame 74.3 ms (trackedPts=0)
10-01 14:56:52.879 W/FrameProbe(18737): nativeOnCameraFrame 81.2 ms (trackedPts=0)
10-01 14:56:52.914 D/FpsProbe(18737): fps=23.2 LOW
10-01 14:56:53.013 W/FrameProbe(18737): nativeOnCameraFrame 79.7 ms (trackedPts=0)
10-01 14:56:53.154 W/FrameProbe(18737): nativeOnCameraFrame 77.7 ms (trackedPts=0)
10-01 14:56:53.274 W/FrameProbe(18737): nativeOnCameraFrame 72.2 ms (trackedPts=0)
10-01 14:56:53.403 W/FrameProbe(18737): nativeOnCameraFrame 71.0 ms (trackedPts=0)
10-01 14:56:53.536 W/FrameProbe(18737): nativeOnCameraFrame 60.0 ms (trackedPts=0)
10-01 14:56:53.663 W/FrameProbe(18737): nativeOnCameraFrame 57.1 ms (trackedPts=0)
10-01 14:56:53.811 W/FrameProbe(18737): nativeOnCameraFrame 68.9 ms (trackedPts=0)
10-01 14:56:53.944 W/FrameProbe(18737): nativeOnCameraFrame 69.6 ms (trackedPts=0)
10-01 14:56:53.969 D/FpsProbe(18737): fps=22.3 LOW
10-01 14:56:54.060 W/FrameProbe(18737): nativeOnCameraFrame 59.7 ms (trackedPts=0)
10-01 14:56:54.192 W/FrameProbe(18737): nativeOnCameraFrame 55.8 ms (trackedPts=0)
10-01 14:56:54.346 W/FrameProbe(18737): nativeOnCameraFrame 70.3 ms (trackedPts=0)
10-01 14:56:54.402 I/ArPoseProbe(18737): fromTs=69.7% latest=30.3% total=4050
10-01 14:56:54.465 W/FrameProbe(18737): nativeOnCameraFrame 68.8 ms (trackedPts=0)
10-01 14:56:54.603 W/FrameProbe(18737): nativeOnCameraFrame 62.2 ms (trackedPts=0)
10-01 14:56:54.723 W/FrameProbe(18737): nativeOnCameraFrame 54.7 ms (trackedPts=0)
10-01 14:56:54.886 W/FrameProbe(18737): nativeOnCameraFrame 73.9 ms (trackedPts=0)
10-01 14:56:55.012 W/FrameProbe(18737): nativeOnCameraFrame 68.3 ms (trackedPts=0)
10-01 14:56:55.038 D/FpsProbe(18737): fps=23.4 LOW
10-01 14:56:55.131 W/FrameProbe(18737): nativeOnCameraFrame 61.7 ms (trackedPts=0)
10-01 14:56:55.278 W/FrameProbe(18737): nativeOnCameraFrame 71.6 ms (trackedPts=0)
10-01 14:56:55.410 W/FrameProbe(18737): nativeOnCameraFrame 68.8 ms (trackedPts=0)
10-01 14:56:55.545 W/FrameProbe(18737): nativeOnCameraFrame 69.3 ms (trackedPts=0)
10-01 14:56:55.675 W/FrameProbe(18737): nativeOnCameraFrame 65.8 ms (trackedPts=0)
10-01 14:56:55.791 W/FrameProbe(18737): nativeOnCameraFrame 50.8 ms (trackedPts=0)
10-01 14:56:55.937 W/FrameProbe(18737): nativeOnCameraFrame 70.7 ms (trackedPts=0)
10-01 14:56:56.056 W/FrameProbe(18737): nativeOnCameraFrame 58.6 ms (trackedPts=0)
10-01 14:56:56.074 D/FpsProbe(18737): fps=23.4 LOW
10-01 14:56:56.115 I/ArPoseProbe(18737): fromTs=70.3% latest=29.7% total=4140
10-01 14:56:56.199 W/FrameProbe(18737): nativeOnCameraFrame 62.2 ms (trackedPts=0)
10-01 14:56:56.315 W/FrameProbe(18737): nativeOnCameraFrame 51.8 ms (trackedPts=0)
10-01 14:56:56.462 W/FrameProbe(18737): nativeOnCameraFrame 63.8 ms (trackedPts=0)
10-01 14:56:56.589 W/FrameProbe(18737): nativeOnCameraFrame 61.2 ms (trackedPts=0)
10-01 14:56:56.736 W/FrameProbe(18737): nativeOnCameraFrame 68.0 ms (trackedPts=0)
10-01 14:56:56.859 W/FrameProbe(18737): nativeOnCameraFrame 63.3 ms (trackedPts=0)
10-01 14:56:57.004 W/FrameProbe(18737): nativeOnCameraFrame 61.9 ms (trackedPts=0)
10-01 14:56:57.130 W/FrameProbe(18737): nativeOnCameraFrame 59.8 ms (trackedPts=0)
10-01 14:56:57.150 D/FpsProbe(18737): fps=24.4 LOW
10-01 14:56:57.267 W/FrameProbe(18737): nativeOnCameraFrame 58.5 ms (trackedPts=0)
10-01 14:56:57.400 W/FrameProbe(18737): nativeOnCameraFrame 59.7 ms (trackedPts=0)
10-01 14:56:57.526 W/FrameProbe(18737): nativeOnCameraFrame 58.0 ms (trackedPts=0)
10-01 14:56:57.665 W/FrameProbe(18737): nativeOnCameraFrame 66.2 ms (trackedPts=0)
10-01 14:56:57.787 W/FrameProbe(18737): nativeOnCameraFrame 55.8 ms (trackedPts=0)
10-01 14:56:57.789 I/ArPoseProbe(18737): fromTs=70.8% latest=29.2% total=4230
10-01 14:56:57.938 W/FrameProbe(18737): nativeOnCameraFrame 64.5 ms (trackedPts=0)
10-01 14:56:58.060 W/FrameProbe(18737): nativeOnCameraFrame 53.1 ms (trackedPts=0)
10-01 14:56:58.205 W/FrameProbe(18737): nativeOnCameraFrame 64.3 ms (trackedPts=0)
10-01 14:56:58.224 D/FpsProbe(18737): fps=24.4 LOW
10-01 14:56:58.331 W/MobileScan3D(18737): uv_unwrap: xatlas dropped 15 degenerate/orphan tris of 80002 (kept 79987)
10-01 14:56:58.332 W/FrameProbe(18737): nativeOnCameraFrame 66.9 ms (trackedPts=0)
10-01 14:56:58.475 W/FrameProbe(18737): nativeOnCameraFrame 67.1 ms (trackedPts=0)
10-01 14:56:58.521 W/FrameProbe(18737): nativeOnCameraFrame 33.7 ms (trackedPts=0)
10-01 14:56:58.624 W/FrameProbe(18737): nativeOnCameraFrame 70.8 ms (trackedPts=0)
10-01 14:56:58.725 W/FrameProbe(18737): nativeOnCameraFrame 63.1 ms (trackedPts=0)
10-01 14:56:58.856 W/FrameProbe(18737): nativeOnCameraFrame 58.0 ms (trackedPts=0)
10-01 14:56:59.011 W/FrameProbe(18737): nativeOnCameraFrame 75.8 ms (trackedPts=0)
10-01 14:56:59.146 W/FrameProbe(18737): nativeOnCameraFrame 77.4 ms (trackedPts=0)
10-01 14:56:59.277 W/FrameProbe(18737): nativeOnCameraFrame 69.1 ms (trackedPts=0)
10-01 14:56:59.300 D/FpsProbe(18737): fps=22.5 LOW
10-01 14:56:59.413 W/FrameProbe(18737): nativeOnCameraFrame 71.0 ms (trackedPts=0)
10-01 14:56:59.515 I/ArPoseProbe(18737): fromTs=71.2% latest=28.8% total=4320
10-01 14:56:59.539 W/FrameProbe(18737): nativeOnCameraFrame 72.9 ms (trackedPts=0)
10-01 14:56:59.677 W/FrameProbe(18737): nativeOnCameraFrame 70.1 ms (trackedPts=0)
10-01 14:56:59.802 W/FrameProbe(18737): nativeOnCameraFrame 69.9 ms (trackedPts=0)
10-01 14:56:59.923 W/FrameProbe(18737): nativeOnCameraFrame 57.3 ms (trackedPts=0)
10-01 14:57:00.085 W/FrameProbe(18737): nativeOnCameraFrame 78.9 ms (trackedPts=0)
10-01 14:57:00.191 W/FrameProbe(18737): nativeOnCameraFrame 54.0 ms (trackedPts=0)
10-01 14:57:00.333 W/FrameProbe(18737): nativeOnCameraFrame 68.8 ms (trackedPts=0)
10-01 14:57:00.353 D/FpsProbe(18737): fps=22.5 LOW
10-01 14:57:00.475 W/FrameProbe(18737): nativeOnCameraFrame 72.7 ms (trackedPts=0)
10-01 14:57:00.621 W/FrameProbe(18737): nativeOnCameraFrame 78.6 ms (trackedPts=0)
10-01 14:57:00.668 W/FrameProbe(18737): nativeOnCameraFrame 19.3 ms (trackedPts=0)
10-01 14:57:00.752 W/FrameProbe(18737): nativeOnCameraFrame 78.1 ms (trackedPts=0)
10-01 14:57:00.873 W/FrameProbe(18737): nativeOnCameraFrame 63.3 ms (trackedPts=0)
10-01 14:57:01.012 W/FrameProbe(18737): nativeOnCameraFrame 74.7 ms (trackedPts=0)
10-01 14:57:01.112 W/FrameProbe(18737): nativeOnCameraFrame 50.2 ms (trackedPts=0)
10-01 14:57:01.191 I/ArPoseProbe(18737): fromTs=71.7% latest=28.3% total=4410
10-01 14:57:01.260 W/FrameProbe(18737): nativeOnCameraFrame 63.2 ms (trackedPts=0)
10-01 14:57:01.310 W/FrameProbe(18737): nativeOnCameraFrame 22.0 ms (trackedPts=0)
10-01 14:57:01.408 W/FrameProbe(18737): nativeOnCameraFrame 67.2 ms (trackedPts=0)
10-01 14:57:01.434 D/FpsProbe(18737): fps=24.4 LOW
10-01 14:57:01.531 W/FrameProbe(18737): nativeOnCameraFrame 59.4 ms (trackedPts=0)
10-01 14:57:01.668 W/FrameProbe(18737): nativeOnCameraFrame 68.5 ms (trackedPts=0)
10-01 14:57:01.806 W/FrameProbe(18737): nativeOnCameraFrame 65.3 ms (trackedPts=0)
10-01 14:57:01.947 W/FrameProbe(18737): nativeOnCameraFrame 80.4 ms (trackedPts=0)
10-01 14:57:02.076 W/FrameProbe(18737): nativeOnCameraFrame 79.9 ms (trackedPts=0)
10-01 14:57:02.198 W/FrameProbe(18737): nativeOnCameraFrame 63.7 ms (trackedPts=0)
10-01 14:57:02.343 W/FrameProbe(18737): nativeOnCameraFrame 65.9 ms (trackedPts=0)
10-01 14:57:02.450 W/FrameProbe(18737): nativeOnCameraFrame 43.1 ms (trackedPts=0)
10-01 14:57:02.470 D/FpsProbe(18737): fps=23.2 LOW
10-01 14:57:02.590 W/FrameProbe(18737): nativeOnCameraFrame 55.7 ms (trackedPts=0)
10-01 14:57:02.623 W/FrameProbe(18737): nativeOnCameraFrame 22.2 ms (trackedPts=0)
10-01 14:57:02.740 W/FrameProbe(18737): nativeOnCameraFrame 64.2 ms (trackedPts=0)
10-01 14:57:02.862 W/FrameProbe(18737): nativeOnCameraFrame 65.7 ms (trackedPts=0)
10-01 14:57:02.879 I/ArPoseProbe(18737): fromTs=72.1% latest=27.9% total=4500
10-01 14:57:02.997 W/FrameProbe(18737): nativeOnCameraFrame 67.9 ms (trackedPts=0)
10-01 14:57:03.127 W/FrameProbe(18737): nativeOnCameraFrame 64.2 ms (trackedPts=0)
10-01 14:57:03.286 W/FrameProbe(18737): nativeOnCameraFrame 79.7 ms (trackedPts=0)
10-01 14:57:03.403 W/FrameProbe(18737): nativeOnCameraFrame 63.9 ms (trackedPts=0)
10-01 14:57:03.551 W/FrameProbe(18737): nativeOnCameraFrame 77.3 ms (trackedPts=0)
10-01 14:57:03.551 D/FpsProbe(18737): fps=24.2 LOW
10-01 14:57:03.666 W/FrameProbe(18737): nativeOnCameraFrame 64.6 ms (trackedPts=0)
10-01 14:57:03.805 W/FrameProbe(18737): nativeOnCameraFrame 71.3 ms (trackedPts=0)
10-01 14:57:03.945 W/FrameProbe(18737): nativeOnCameraFrame 71.8 ms (trackedPts=0)
10-01 14:57:04.082 W/FrameProbe(18737): nativeOnCameraFrame 72.8 ms (trackedPts=0)
10-01 14:57:04.205 W/FrameProbe(18737): nativeOnCameraFrame 72.7 ms (trackedPts=0)
10-01 14:57:04.343 W/FrameProbe(18737): nativeOnCameraFrame 68.9 ms (trackedPts=0)
10-01 14:57:04.469 W/FrameProbe(18737): nativeOnCameraFrame 62.2 ms (trackedPts=0)
10-01 14:57:04.506 D/FpsProbe(18737): fps=22.3 LOW
10-01 14:57:04.600 W/FrameProbe(18737): nativeOnCameraFrame 65.5 ms (trackedPts=0)
10-01 14:57:04.610 I/ArPoseProbe(18737): fromTs=72.3% latest=27.7% total=4590
10-01 14:57:04.725 W/FrameProbe(18737): nativeOnCameraFrame 64.6 ms (trackedPts=0)
10-01 14:57:04.852 W/FrameProbe(18737): nativeOnCameraFrame 54.8 ms (trackedPts=0)
10-01 14:57:04.998 W/FrameProbe(18737): nativeOnCameraFrame 67.9 ms (trackedPts=0)
10-01 14:57:05.140 W/FrameProbe(18737): nativeOnCameraFrame 63.1 ms (trackedPts=0)
10-01 14:57:05.193 I/MobileScan3D(18737): nativeBakeTexturedGlb ok=1 cleanTris=99999->80002 weld=169 compsRemoved=40 holes=93(+859 tris) uv=xatlas atlas=4799x4784 frames=3/3 cov=58.6% jpeg=5712178
10-01 14:57:05.193 I/MobileScan3D(18737): bakeDiag texTris=48483 fbTris=31504 painted=12684962 hq=7428566 kf=3
10-01 14:57:05.193 I/MobileScan3D(18737): bakeDiag reject kf=0 project=3107 border=31329 depth=8873 facing=7127 area=36 pass=29515
10-01 14:57:05.193 I/MobileScan3D(18737): bakeDiag reject kf=1 project=0 border=47167 depth=6408 facing=5220 area=33 pass=21159
10-01 14:57:05.193 I/MobileScan3D(18737): bakeDiag reject kf=2 project=0 border=40298 depth=9477 facing=5825 area=13 pass=24374
10-01 14:57:05.194 I/MobileScan3D(18737): bakeDiag kf 4096x3072 fx=2883 fy=2884 t=(0.005,0.010,0.009) fwd=(-0.893,-0.434,-0.115) q=2.50 verts=41617 inFront=39977 inFrame=24060 bbox=[(-0.60,-0.51,-0.27)-(-0.10,0.44,0.31)]
10-01 14:57:05.194 I/MobileScan3D(18737): bakeDiag kf 4096x3072 fx=2883 fy=2884 t=(0.010,0.009,0.014) fwd=(-0.986,0.133,-0.101) q=2.50 verts=41617 inFront=41617 inFrame=20720 bbox=[(-0.60,-0.51,-0.27)-(-0.10,0.44,0.31)]
10-01 14:57:05.195 I/MobileScan3D(18737): bakeDiag kf 4096x3072 fx=2883 fy=2884 t=(0.147,-0.047,0.197) fwd=(-0.970,0.231,0.080) q=2.50 verts=41617 inFront=41617 inFrame=17395 bbox=[(-0.60,-0.51,-0.27)-(-0.10,0.44,0.31)]
10-01 14:57:05.199 W/FrameProbe(18737): nativeOnCameraFrame 23.9 ms (trackedPts=0)
10-01 14:57:05.271 W/FrameProbe(18737): nativeOnCameraFrame 64.2 ms (trackedPts=0)
10-01 14:57:05.402 W/FrameProbe(18737): nativeOnCameraFrame 72.4 ms (trackedPts=0)
10-01 14:57:05.535 W/FrameProbe(18737): nativeOnCameraFrame 70.3 ms (trackedPts=0)
10-01 14:57:05.572 D/FpsProbe(18737): fps=23.2 LOW
10-01 14:57:05.667 W/FrameProbe(18737): nativeOnCameraFrame 70.1 ms (trackedPts=0)
10-01 14:57:05.790 W/FrameProbe(18737): nativeOnCameraFrame 60.8 ms (trackedPts=0)
10-01 14:57:05.946 W/FrameProbe(18737): nativeOnCameraFrame 73.0 ms (trackedPts=0)
10-01 14:57:06.078 W/FrameProbe(18737): nativeOnCameraFrame 79.0 ms (trackedPts=0)
10-01 14:57:06.211 W/FrameProbe(18737): nativeOnCameraFrame 72.3 ms (trackedPts=0)
10-01 14:57:06.341 W/FrameProbe(18737): nativeOnCameraFrame 72.5 ms (trackedPts=0)
10-01 14:57:06.467 W/FrameProbe(18737): nativeOnCameraFrame 69.3 ms (trackedPts=0)
10-01 14:57:06.604 W/FrameProbe(18737): nativeOnCameraFrame 62.0 ms (trackedPts=0)
10-01 14:57:06.622 D/FpsProbe(18737): fps=22.5 LOW
10-01 14:57:06.746 W/FrameProbe(18737): nativeOnCameraFrame 72.0 ms (trackedPts=0)
10-01 14:57:06.753 I/ArPoseProbe(18737): fromTs=72.7% latest=27.3% total=4680
10-01 14:57:06.775 W/FrameProbe(18737): nativeOnCameraFrame 16.1 ms (trackedPts=0)
10-01 14:57:06.867 W/FrameProbe(18737): nativeOnCameraFrame 60.4 ms (trackedPts=0)
10-01 14:57:07.009 W/FrameProbe(18737): nativeOnCameraFrame 66.9 ms (trackedPts=0)
10-01 14:57:07.145 W/FrameProbe(18737): nativeOnCameraFrame 71.5 ms (trackedPts=0)
10-01 14:57:07.266 W/FrameProbe(18737): nativeOnCameraFrame 60.9 ms (trackedPts=0)
10-01 14:57:07.398 W/FrameProbe(18737): nativeOnCameraFrame 60.2 ms (trackedPts=0)
10-01 14:57:07.544 W/FrameProbe(18737): nativeOnCameraFrame 75.0 ms (trackedPts=0)
10-01 14:57:07.669 W/FrameProbe(18737): nativeOnCameraFrame 65.4 ms (trackedPts=0)
10-01 14:57:07.705 W/FrameProbe(18737): nativeOnCameraFrame 22.7 ms (trackedPts=0)
10-01 14:57:07.705 D/FpsProbe(18737): fps=23.4 LOW
10-01 14:57:07.813 W/FrameProbe(18737): nativeOnCameraFrame 68.6 ms (trackedPts=0)
10-01 14:57:07.936 W/FrameProbe(18737): nativeOnCameraFrame 68.4 ms (trackedPts=0)
10-01 14:57:08.083 W/FrameProbe(18737): nativeOnCameraFrame 72.7 ms (trackedPts=0)
10-01 14:57:08.197 W/FrameProbe(18737): nativeOnCameraFrame 64.1 ms (trackedPts=0)
10-01 14:57:08.335 W/FrameProbe(18737): nativeOnCameraFrame 71.4 ms (trackedPts=0)
10-01 14:57:08.457 W/FrameProbe(18737): nativeOnCameraFrame 59.1 ms (trackedPts=0)
10-01 14:57:08.458 I/ArPoseProbe(18737): fromTs=73.1% latest=26.9% total=4770
10-01 14:57:08.591 W/FrameProbe(18737): nativeOnCameraFrame 59.0 ms (trackedPts=0)
10-01 14:57:08.741 W/FrameProbe(18737): nativeOnCameraFrame 67.4 ms (trackedPts=0)
10-01 14:57:08.763 D/FpsProbe(18737): fps=23.4 LOW
10-01 14:57:08.863 W/FrameProbe(18737): nativeOnCameraFrame 64.8 ms (trackedPts=0)
10-01 14:57:09.000 W/FrameProbe(18737): nativeOnCameraFrame 69.5 ms (trackedPts=0)
10-01 14:57:09.136 W/FrameProbe(18737): nativeOnCameraFrame 71.4 ms (trackedPts=0)
10-01 14:57:09.259 W/FrameProbe(18737): nativeOnCameraFrame 58.0 ms (trackedPts=0)
10-01 14:57:09.390 W/FrameProbe(18737): nativeOnCameraFrame 59.6 ms (trackedPts=0)
10-01 14:57:09.502 W/FrameProbe(18737): nativeOnCameraFrame 39.9 ms (trackedPts=0)
10-01 14:57:09.663 W/FrameProbe(18737): nativeOnCameraFrame 53.6 ms (trackedPts=0)
10-01 14:57:09.805 W/FrameProbe(18737): nativeOnCameraFrame 64.3 ms (trackedPts=0)
10-01 14:57:09.825 D/FpsProbe(18737): fps=23.4 LOW
10-01 14:57:09.930 W/FrameProbe(18737): nativeOnCameraFrame 69.2 ms (trackedPts=0)
10-01 14:57:10.061 W/FrameProbe(18737): nativeOnCameraFrame 61.7 ms (trackedPts=0)
10-01 14:57:10.140 I/ArPoseProbe(18737): fromTs=73.3% latest=26.7% total=4860
10-01 14:57:10.188 W/FrameProbe(18737): nativeOnCameraFrame 56.5 ms (trackedPts=0)
10-01 14:57:10.323 W/FrameProbe(18737): nativeOnCameraFrame 52.1 ms (trackedPts=0)
10-01 14:57:10.466 W/FrameProbe(18737): nativeOnCameraFrame 61.8 ms (trackedPts=0)
10-01 14:57:10.586 W/FrameProbe(18737): nativeOnCameraFrame 47.6 ms (trackedPts=0)
10-01 14:57:10.721 W/FrameProbe(18737): nativeOnCameraFrame 59.4 ms (trackedPts=0)
10-01 14:57:10.864 W/FrameProbe(18737): nativeOnCameraFrame 58.0 ms (trackedPts=0)
10-01 14:57:10.885 D/FpsProbe(18737): fps=26.3
10-01 14:57:11.028 W/FrameProbe(18737): nativeOnCameraFrame 85.5 ms (trackedPts=0)
10-01 14:57:11.138 W/FrameProbe(18737): nativeOnCameraFrame 70.4 ms (trackedPts=0)
10-01 14:57:11.177 W/FrameProbe(18737): nativeOnCameraFrame 27.5 ms (trackedPts=0)
10-01 14:57:11.218 W/FrameProbe(18737): nativeOnCameraFrame 32.6 ms (trackedPts=0)
10-01 14:57:11.312 W/FrameProbe(18737): nativeOnCameraFrame 80.5 ms (trackedPts=0)
10-01 14:57:11.408 W/FrameProbe(18737): nativeOnCameraFrame 74.6 ms (trackedPts=0)
10-01 14:57:11.564 W/FrameProbe(18737): nativeOnCameraFrame 93.6 ms (trackedPts=0)
10-01 14:57:11.592 W/FrameProbe(18737): nativeOnCameraFrame 17.7 ms (trackedPts=0)
10-01 14:57:11.686 W/FrameProbe(18737): nativeOnCameraFrame 67.7 ms (trackedPts=0)
10-01 14:57:11.710 W/FrameProbe(18737): nativeOnCameraFrame 17.3 ms (trackedPts=0)
10-01 14:57:11.812 W/FrameProbe(18737): nativeOnCameraFrame 71.2 ms (trackedPts=0)
10-01 14:57:11.834 I/ArPoseProbe(18737): fromTs=73.5% latest=26.5% total=4950
10-01 14:57:11.940 W/FrameProbe(18737): nativeOnCameraFrame 74.9 ms (trackedPts=0)
10-01 14:57:11.965 D/FpsProbe(18737): fps=21.6 LOW
10-01 14:57:12.073 W/FrameProbe(18737): nativeOnCameraFrame 68.8 ms (trackedPts=0)
10-01 14:57:12.215 W/FrameProbe(18737): nativeOnCameraFrame 80.7 ms (trackedPts=0)
10-01 14:57:12.323 W/FrameProbe(18737): nativeOnCameraFrame 59.7 ms (trackedPts=0)
10-01 14:57:12.458 W/FrameProbe(18737): nativeOnCameraFrame 54.5 ms (trackedPts=0)
10-01 14:57:12.587 W/FrameProbe(18737): nativeOnCameraFrame 59.6 ms (trackedPts=0)
10-01 14:57:12.733 W/FrameProbe(18737): nativeOnCameraFrame 62.8 ms (trackedPts=0)
10-01 14:57:12.886 W/FrameProbe(18737): nativeOnCameraFrame 70.1 ms (trackedPts=0)
10-01 14:57:12.987 W/FrameProbe(18737): nativeOnCameraFrame 54.9 ms (trackedPts=0)
10-01 14:57:13.005 D/FpsProbe(18737): fps=26.1
10-01 14:57:13.154 W/FrameProbe(18737): nativeOnCameraFrame 82.2 ms (trackedPts=0)
10-01 14:57:13.269 W/FrameProbe(18737): nativeOnCameraFrame 63.9 ms (trackedPts=0)
10-01 14:57:13.402 W/FrameProbe(18737): nativeOnCameraFrame 69.8 ms (trackedPts=0)
10-01 14:57:13.510 I/ArPoseProbe(18737): fromTs=73.8% latest=26.2% total=5040
10-01 14:57:13.539 W/FrameProbe(18737): nativeOnCameraFrame 66.2 ms (trackedPts=0)
10-01 14:57:13.664 W/FrameProbe(18737): nativeOnCameraFrame 65.8 ms (trackedPts=0)
10-01 14:57:13.797 W/FrameProbe(18737): nativeOnCameraFrame 68.0 ms (trackedPts=0)
10-01 14:57:13.936 W/FrameProbe(18737): nativeOnCameraFrame 73.8 ms (trackedPts=0)
10-01 14:57:14.066 W/FrameProbe(18737): nativeOnCameraFrame 65.8 ms (trackedPts=0)
10-01 14:57:14.067 D/FpsProbe(18737): fps=23.2 LOW
10-01 14:57:14.198 W/FrameProbe(18737): nativeOnCameraFrame 59.9 ms (trackedPts=0)
10-01 14:57:14.330 W/FrameProbe(18737): nativeOnCameraFrame 67.6 ms (trackedPts=0)
10-01 14:57:14.461 W/FrameProbe(18737): nativeOnCameraFrame 66.8 ms (trackedPts=0)
10-01 14:57:14.592 W/FrameProbe(18737): nativeOnCameraFrame 64.0 ms (trackedPts=0)
10-01 14:57:14.734 W/FrameProbe(18737): nativeOnCameraFrame 63.7 ms (trackedPts=0)
10-01 14:57:14.887 W/FrameProbe(18737): nativeOnCameraFrame 81.0 ms (trackedPts=0)
10-01 14:57:14.992 W/FrameProbe(18737): nativeOnCameraFrame 60.4 ms (trackedPts=0)
10-01 14:57:15.053 D/FpsProbe(18737): fps=23.2 LOW
10-01 14:57:15.138 W/FrameProbe(18737): nativeOnCameraFrame 71.5 ms (trackedPts=0)
10-01 14:57:15.264 W/FrameProbe(18737): nativeOnCameraFrame 69.8 ms (trackedPts=0)
10-01 14:57:15.407 W/FrameProbe(18737): nativeOnCameraFrame 68.8 ms (trackedPts=0)
10-01 14:57:15.530 W/FrameProbe(18737): nativeOnCameraFrame 69.0 ms (trackedPts=0)
10-01 14:57:15.664 W/FrameProbe(18737): nativeOnCameraFrame 67.3 ms (trackedPts=0)
10-01 14:57:15.798 W/FrameProbe(18737): nativeOnCameraFrame 62.7 ms (trackedPts=0)
10-01 14:57:15.947 W/FrameProbe(18737): nativeOnCameraFrame 70.3 ms (trackedPts=0)
10-01 14:57:16.078 W/FrameProbe(18737): nativeOnCameraFrame 77.8 ms (trackedPts=0)
10-01 14:57:16.096 D/FpsProbe(18737): fps=22.3 LOW
10-01 14:57:16.198 W/FrameProbe(18737): nativeOnCameraFrame 69.1 ms (trackedPts=0)
10-01 14:57:16.331 W/FrameProbe(18737): nativeOnCameraFrame 64.8 ms (trackedPts=0)
10-01 14:57:16.473 W/FrameProbe(18737): nativeOnCameraFrame 67.3 ms (trackedPts=0)
10-01 14:57:16.589 W/FrameProbe(18737): nativeOnCameraFrame 62.2 ms (trackedPts=0)
10-01 14:57:16.743 W/FrameProbe(18737): nativeOnCameraFrame 68.0 ms (trackedPts=0)
10-01 14:57:16.874 W/FrameProbe(18737): nativeOnCameraFrame 69.2 ms (trackedPts=0)
10-01 14:57:16.903 W/FrameProbe(18737): nativeOnCameraFrame 17.2 ms (trackedPts=0)
10-01 14:57:16.989 W/FrameProbe(18737): nativeOnCameraFrame 59.4 ms (trackedPts=0)
10-01 14:57:17.120 W/FrameProbe(18737): nativeOnCameraFrame 59.6 ms (trackedPts=0)
10-01 14:57:17.143 D/FpsProbe(18737): fps=24.4 LOW
10-01 14:57:17.271 W/FrameProbe(18737): nativeOnCameraFrame 66.5 ms (trackedPts=0)
10-01 14:57:17.306 W/FrameProbe(18737): nativeOnCameraFrame 21.6 ms (trackedPts=0)
10-01 14:57:17.416 W/FrameProbe(18737): nativeOnCameraFrame 69.3 ms (trackedPts=0)
10-01 14:57:17.549 W/FrameProbe(18737): nativeOnCameraFrame 78.9 ms (trackedPts=0)
10-01 14:57:17.658 W/FrameProbe(18737): nativeOnCameraFrame 61.6 ms (trackedPts=0)
10-01 14:57:17.802 W/FrameProbe(18737): nativeOnCameraFrame 65.3 ms (trackedPts=0)
10-01 14:57:17.941 W/FrameProbe(18737): nativeOnCameraFrame 75.7 ms (trackedPts=0)
10-01 14:57:18.070 W/FrameProbe(18737): nativeOnCameraFrame 65.1 ms (trackedPts=0)
10-01 14:57:18.186 W/FrameProbe(18737): nativeOnCameraFrame 58.3 ms (trackedPts=0)
10-01 14:57:18.204 D/FpsProbe(18737): fps=22.5 LOW
10-01 14:57:18.335 W/FrameProbe(18737): nativeOnCameraFrame 62.1 ms (trackedPts=0)
10-01 14:57:18.465 W/FrameProbe(18737): nativeOnCameraFrame 66.3 ms (trackedPts=0)
10-01 14:57:18.589 W/FrameProbe(18737): nativeOnCameraFrame 63.2 ms (trackedPts=0)
10-01 14:57:18.719 W/FrameProbe(18737): nativeOnCameraFrame 58.9 ms (trackedPts=0)
10-01 14:57:18.861 W/FrameProbe(18737): nativeOnCameraFrame 64.0 ms (trackedPts=0)
10-01 14:57:18.986 W/FrameProbe(18737): nativeOnCameraFrame 59.3 ms (trackedPts=0)
10-01 14:57:19.129 W/FrameProbe(18737): nativeOnCameraFrame 69.3 ms (trackedPts=0)
10-01 14:57:19.271 W/FrameProbe(18737): nativeOnCameraFrame 76.1 ms (trackedPts=0)
10-01 14:57:19.298 D/FpsProbe(18737): fps=23.4 LOW
10-01 14:57:19.397 W/FrameProbe(18737): nativeOnCameraFrame 60.1 ms (trackedPts=0)
10-01 14:57:19.517 W/FrameProbe(18737): nativeOnCameraFrame 58.0 ms (trackedPts=0)
10-01 14:57:19.646 W/FrameProbe(18737): nativeOnCameraFrame 52.7 ms (trackedPts=0)
10-01 14:57:19.795 W/FrameProbe(18737): nativeOnCameraFrame 68.0 ms (trackedPts=0)
10-01 14:57:19.934 W/FrameProbe(18737): nativeOnCameraFrame 62.9 ms (trackedPts=0)
10-01 14:57:20.060 W/FrameProbe(18737): nativeOnCameraFrame 59.0 ms (trackedPts=0)
10-01 14:57:20.199 W/FrameProbe(18737): nativeOnCameraFrame 72.2 ms (trackedPts=0)
10-01 14:57:20.336 W/FrameProbe(18737): nativeOnCameraFrame 67.2 ms (trackedPts=0)
10-01 14:57:20.356 D/FpsProbe(18737): fps=24.4 LOW
10-01 14:57:20.385 W/FrameProbe(18737): nativeOnCameraFrame 17.6 ms (trackedPts=0)
10-01 14:57:20.452 W/FrameProbe(18737): nativeOnCameraFrame 52.8 ms (trackedPts=0)
10-01 14:57:20.591 W/FrameProbe(18737): nativeOnCameraFrame 52.3 ms (trackedPts=0)
10-01 14:57:20.737 W/FrameProbe(18737): nativeOnCameraFrame 75.3 ms (trackedPts=0)
10-01 14:57:20.864 W/FrameProbe(18737): nativeOnCameraFrame 62.5 ms (trackedPts=0)
10-01 14:57:21.002 W/FrameProbe(18737): nativeOnCameraFrame 65.1 ms (trackedPts=0)
10-01 14:57:21.129 W/FrameProbe(18737): nativeOnCameraFrame 68.2 ms (trackedPts=0)
10-01 14:57:21.261 W/FrameProbe(18737): nativeOnCameraFrame 67.1 ms (trackedPts=0)
10-01 14:57:21.394 W/FrameProbe(18737): nativeOnCameraFrame 66.3 ms (trackedPts=0)
10-01 14:57:21.411 D/FpsProbe(18737): fps=24.4 LOW
10-01 14:57:21.529 W/FrameProbe(18737): nativeOnCameraFrame 68.6 ms (trackedPts=0)
10-01 14:57:21.664 W/FrameProbe(18737): nativeOnCameraFrame 63.2 ms (trackedPts=0)
10-01 14:57:21.784 W/FrameProbe(18737): nativeOnCameraFrame 54.2 ms (trackedPts=0)
10-01 14:57:21.934 W/FrameProbe(18737): nativeOnCameraFrame 74.2 ms (trackedPts=0)
10-01 14:57:22.054 W/FrameProbe(18737): nativeOnCameraFrame 61.9 ms (trackedPts=0)
10-01 14:57:22.188 W/FrameProbe(18737): nativeOnCameraFrame 63.1 ms (trackedPts=0)
10-01 14:57:22.336 W/FrameProbe(18737): nativeOnCameraFrame 69.4 ms (trackedPts=0)
10-01 14:57:22.468 W/FrameProbe(18737): nativeOnCameraFrame 72.3 ms (trackedPts=0)
10-01 14:57:22.485 D/FpsProbe(18737): fps=23.4 LOW
10-01 14:57:22.602 W/FrameProbe(18737): nativeOnCameraFrame 65.5 ms (trackedPts=0)
10-01 14:57:22.716 W/FrameProbe(18737): nativeOnCameraFrame 56.9 ms (trackedPts=0)
10-01 14:57:22.856 W/FrameProbe(18737): nativeOnCameraFrame 51.9 ms (trackedPts=0)
10-01 14:57:22.990 W/FrameProbe(18737): nativeOnCameraFrame 61.5 ms (trackedPts=0)
10-01 14:57:23.127 W/FrameProbe(18737): nativeOnCameraFrame 65.5 ms (trackedPts=0)
10-01 14:57:23.254 W/FrameProbe(18737): nativeOnCameraFrame 61.5 ms (trackedPts=0)
10-01 14:57:23.395 W/FrameProbe(18737): nativeOnCameraFrame 63.4 ms (trackedPts=0)
10-01 14:57:23.515 W/FrameProbe(18737): nativeOnCameraFrame 45.9 ms (trackedPts=0)
10-01 14:57:23.535 D/FpsProbe(18737): fps=27.1
10-01 14:57:23.647 W/FrameProbe(18737): nativeOnCameraFrame 53.8 ms (trackedPts=0)
10-01 14:57:23.804 W/FrameProbe(18737): nativeOnCameraFrame 71.7 ms (trackedPts=0)
10-01 14:57:23.941 W/FrameProbe(18737): nativeOnCameraFrame 72.2 ms (trackedPts=0)
10-01 14:57:24.062 W/FrameProbe(18737): nativeOnCameraFrame 63.2 ms (trackedPts=0)
10-01 14:57:24.212 W/FrameProbe(18737): nativeOnCameraFrame 82.6 ms (trackedPts=0)
10-01 14:57:24.349 W/FrameProbe(18737): nativeOnCameraFrame 79.6 ms (trackedPts=0)
10-01 14:57:24.468 W/FrameProbe(18737): nativeOnCameraFrame 71.0 ms (trackedPts=0)
10-01 14:57:24.493 W/FrameProbe(18737): nativeOnCameraFrame 17.3 ms (trackedPts=0)
10-01 14:57:24.589 W/FrameProbe(18737): nativeOnCameraFrame 63.7 ms (trackedPts=0)
10-01 14:57:24.590 D/FpsProbe(18737): fps=24.2 LOW
10-01 14:57:24.742 W/FrameProbe(18737): nativeOnCameraFrame 71.6 ms (trackedPts=0)
10-01 14:57:24.875 W/FrameProbe(18737): nativeOnCameraFrame 80.0 ms (trackedPts=0)
10-01 14:57:24.991 W/FrameProbe(18737): nativeOnCameraFrame 66.9 ms (trackedPts=0)
10-01 14:57:25.137 W/FrameProbe(18737): nativeOnCameraFrame 68.3 ms (trackedPts=0)
10-01 14:57:25.258 W/FrameProbe(18737): nativeOnCameraFrame 64.9 ms (trackedPts=0)
10-01 14:57:25.377 W/FrameProbe(18737): nativeOnCameraFrame 41.5 ms (trackedPts=0)
10-01 14:57:25.539 W/FrameProbe(18737): nativeOnCameraFrame 66.5 ms (trackedPts=0)
10-01 14:57:25.583 D/FpsProbe(18737): fps=25.2
10-01 14:57:25.662 W/FrameProbe(18737): nativeOnCameraFrame 67.7 ms (trackedPts=0)
10-01 14:57:25.783 W/FrameProbe(18737): nativeOnCameraFrame 59.4 ms (trackedPts=0)
10-01 14:57:25.936 W/FrameProbe(18737): nativeOnCameraFrame 71.2 ms (trackedPts=0)
10-01 14:57:26.053 W/FrameProbe(18737): nativeOnCameraFrame 53.5 ms (trackedPts=0)
10-01 14:57:26.190 W/FrameProbe(18737): nativeOnCameraFrame 65.8 ms (trackedPts=0)
10-01 14:57:26.316 W/FrameProbe(18737): nativeOnCameraFrame 55.7 ms (trackedPts=0)
10-01 14:57:26.467 W/FrameProbe(18737): nativeOnCameraFrame 69.7 ms (trackedPts=0)
10-01 14:57:26.591 W/FrameProbe(18737): nativeOnCameraFrame 61.5 ms (trackedPts=0)
10-01 14:57:26.627 D/FpsProbe(18737): fps=25.2
10-01 14:57:26.733 W/FrameProbe(18737): nativeOnCameraFrame 59.5 ms (trackedPts=0)
10-01 14:57:26.848 W/FrameProbe(18737): nativeOnCameraFrame 56.7 ms (trackedPts=0)
10-01 14:57:26.996 W/FrameProbe(18737): nativeOnCameraFrame 64.2 ms (trackedPts=0)
10-01 14:57:27.021 W/FrameProbe(18737): nativeOnCameraFrame 16.4 ms (trackedPts=0)
10-01 14:57:27.129 W/FrameProbe(18737): nativeOnCameraFrame 65.5 ms (trackedPts=0)
10-01 14:57:27.263 W/FrameProbe(18737): nativeOnCameraFrame 62.0 ms (trackedPts=0)
10-01 14:57:27.381 W/FrameProbe(18737): nativeOnCameraFrame 54.3 ms (trackedPts=0)
10-01 14:57:27.517 W/FrameProbe(18737): nativeOnCameraFrame 50.2 ms (trackedPts=0)
10-01 14:57:27.653 W/FrameProbe(18737): nativeOnCameraFrame 59.1 ms (trackedPts=0)
10-01 14:57:27.671 D/FpsProbe(18737): fps=25.3
10-01 14:57:27.789 W/FrameProbe(18737): nativeOnCameraFrame 58.0 ms (trackedPts=0)
10-01 14:57:27.930 W/FrameProbe(18737): nativeOnCameraFrame 56.9 ms (trackedPts=0)
10-01 14:57:28.057 W/FrameProbe(18737): nativeOnCameraFrame 55.0 ms (trackedPts=0)
10-01 14:57:28.197 W/FrameProbe(18737): nativeOnCameraFrame 61.2 ms (trackedPts=0)
10-01 14:57:28.332 W/FrameProbe(18737): nativeOnCameraFrame 67.8 ms (trackedPts=0)
10-01 14:57:28.457 W/FrameProbe(18737): nativeOnCameraFrame 65.9 ms (trackedPts=0)
10-01 14:57:28.591 W/FrameProbe(18737): nativeOnCameraFrame 63.6 ms (trackedPts=0)
10-01 14:57:28.723 W/FrameProbe(18737): nativeOnCameraFrame 57.4 ms (trackedPts=0)
10-01 14:57:28.740 D/FpsProbe(18737): fps=24.4 LOW
10-01 14:57:28.849 W/FrameProbe(18737): nativeOnCameraFrame 56.7 ms (trackedPts=0)
10-01 14:57:29.006 W/FrameProbe(18737): nativeOnCameraFrame 69.6 ms (trackedPts=0)
10-01 14:57:29.130 W/FrameProbe(18737): nativeOnCameraFrame 60.5 ms (trackedPts=0)
10-01 14:57:29.250 W/FrameProbe(18737): nativeOnCameraFrame 53.0 ms (trackedPts=0)
10-01 14:57:29.386 W/FrameProbe(18737): nativeOnCameraFrame 59.0 ms (trackedPts=0)
10-01 14:57:29.521 W/FrameProbe(18737): nativeOnCameraFrame 62.5 ms (trackedPts=0)
10-01 14:57:29.651 W/FrameProbe(18737): nativeOnCameraFrame 50.4 ms (trackedPts=0)
10-01 14:57:29.787 W/FrameProbe(18737): nativeOnCameraFrame 53.4 ms (trackedPts=0)
10-01 14:57:29.807 D/FpsProbe(18737): fps=25.3
10-01 14:57:29.924 W/FrameProbe(18737): nativeOnCameraFrame 63.9 ms (trackedPts=0)
10-01 14:57:30.067 W/FrameProbe(18737): nativeOnCameraFrame 66.9 ms (trackedPts=0)
10-01 14:57:30.183 W/FrameProbe(18737): nativeOnCameraFrame 59.2 ms (trackedPts=0)
10-01 14:57:30.340 W/FrameProbe(18737): nativeOnCameraFrame 70.1 ms (trackedPts=0)
10-01 14:57:30.458 W/FrameProbe(18737): nativeOnCameraFrame 55.8 ms (trackedPts=0)
10-01 14:57:30.588 W/FrameProbe(18737): nativeOnCameraFrame 58.0 ms (trackedPts=0)
10-01 14:57:30.747 W/FrameProbe(18737): nativeOnCameraFrame 89.0 ms (trackedPts=0)
10-01 14:57:30.861 W/FrameProbe(18737): nativeOnCameraFrame 58.4 ms (trackedPts=0)
10-01 14:57:30.878 D/FpsProbe(18737): fps=23.4 LOW
10-01 14:57:30.988 W/FrameProbe(18737): nativeOnCameraFrame 58.2 ms (trackedPts=0)
10-01 14:57:31.116 W/FrameProbe(18737): nativeOnCameraFrame 56.3 ms (trackedPts=0)
10-01 14:57:31.248 W/FrameProbe(18737): nativeOnCameraFrame 54.0 ms (trackedPts=0)
10-01 14:57:31.386 W/FrameProbe(18737): nativeOnCameraFrame 59.5 ms (trackedPts=0)
10-01 14:57:31.439 W/FrameProbe(18737): nativeOnCameraFrame 17.6 ms (trackedPts=0)
10-01 14:57:31.535 W/FrameProbe(18737): nativeOnCameraFrame 67.7 ms (trackedPts=0)
10-01 14:57:31.657 W/FrameProbe(18737): nativeOnCameraFrame 56.2 ms (trackedPts=0)
10-01 14:57:31.782 W/FrameProbe(18737): nativeOnCameraFrame 55.8 ms (trackedPts=0)
10-01 14:57:31.931 W/FrameProbe(18737): nativeOnCameraFrame 56.9 ms (trackedPts=0)
10-01 14:57:31.962 D/FpsProbe(18737): fps=26.3
10-01 14:57:32.054 W/FrameProbe(18737): nativeOnCameraFrame 56.8 ms (trackedPts=0)
10-01 14:57:32.187 W/FrameProbe(18737): nativeOnCameraFrame 61.8 ms (trackedPts=0)
10-01 14:57:32.336 W/FrameProbe(18737): nativeOnCameraFrame 67.1 ms (trackedPts=0)
10-01 14:57:32.473 W/FrameProbe(18737): nativeOnCameraFrame 67.8 ms (trackedPts=0)
10-01 14:57:32.597 W/FrameProbe(18737): nativeOnCameraFrame 66.5 ms (trackedPts=0)
10-01 14:57:32.730 W/FrameProbe(18737): nativeOnCameraFrame 57.5 ms (trackedPts=0)
10-01 14:57:32.867 W/FrameProbe(18737): nativeOnCameraFrame 70.4 ms (trackedPts=0)
10-01 14:57:32.900 W/FrameProbe(18737): nativeOnCameraFrame 19.4 ms (trackedPts=0)
10-01 14:57:32.987 W/FrameProbe(18737): nativeOnCameraFrame 54.1 ms (trackedPts=0)
10-01 14:57:33.002 D/FpsProbe(18737): fps=25.2
10-01 14:57:33.120 W/FrameProbe(18737): nativeOnCameraFrame 52.8 ms (trackedPts=0)
10-01 14:57:33.248 W/FrameProbe(18737): nativeOnCameraFrame 54.7 ms (trackedPts=0)
10-01 14:57:33.377 W/FrameProbe(18737): nativeOnCameraFrame 50.9 ms (trackedPts=0)
10-01 14:57:33.518 W/FrameProbe(18737): nativeOnCameraFrame 53.2 ms (trackedPts=0)
10-01 14:57:33.652 W/FrameProbe(18737): nativeOnCameraFrame 56.7 ms (trackedPts=0)
10-01 14:57:33.783 W/FrameProbe(18737): nativeOnCameraFrame 54.7 ms (trackedPts=0)
10-01 14:57:33.940 W/FrameProbe(18737): nativeOnCameraFrame 70.8 ms (trackedPts=0)
10-01 14:57:34.051 W/FrameProbe(18737): nativeOnCameraFrame 60.0 ms (trackedPts=0)
10-01 14:57:34.051 D/FpsProbe(18737): fps=26.1
10-01 14:57:34.179 W/FrameProbe(18737): nativeOnCameraFrame 53.9 ms (trackedPts=0)
10-01 14:57:34.313 W/FrameProbe(18737): nativeOnCameraFrame 55.3 ms (trackedPts=0)
10-01 14:57:34.461 W/FrameProbe(18737): nativeOnCameraFrame 64.6 ms (trackedPts=0)
10-01 14:57:34.601 W/FrameProbe(18737): nativeOnCameraFrame 66.5 ms (trackedPts=0)
10-01 14:57:34.718 W/FrameProbe(18737): nativeOnCameraFrame 59.8 ms (trackedPts=0)
10-01 14:57:34.853 W/FrameProbe(18737): nativeOnCameraFrame 52.8 ms (trackedPts=0)
10-01 14:57:35.000 W/FrameProbe(18737): nativeOnCameraFrame 70.1 ms (trackedPts=0)
10-01 14:57:35.045 D/FpsProbe(18737): fps=25.2
10-01 14:57:35.133 W/FrameProbe(18737): nativeOnCameraFrame 65.4 ms (trackedPts=0)
10-01 14:57:35.263 W/FrameProbe(18737): nativeOnCameraFrame 62.9 ms (trackedPts=0)
10-01 14:57:35.400 W/FrameProbe(18737): nativeOnCameraFrame 65.7 ms (trackedPts=0)
10-01 14:57:35.528 W/FrameProbe(18737): nativeOnCameraFrame 65.3 ms (trackedPts=0)
10-01 14:57:35.667 W/FrameProbe(18737): nativeOnCameraFrame 75.9 ms (trackedPts=0)
10-01 14:57:35.796 W/FrameProbe(18737): nativeOnCameraFrame 72.9 ms (trackedPts=0)
10-01 14:57:35.926 W/FrameProbe(18737): nativeOnCameraFrame 58.8 ms (trackedPts=0)
10-01 14:57:36.050 W/FrameProbe(18737): nativeOnCameraFrame 59.0 ms (trackedPts=0)
10-01 14:57:36.084 D/FpsProbe(18737): fps=23.2 LOW
10-01 14:57:36.198 W/FrameProbe(18737): nativeOnCameraFrame 62.0 ms (trackedPts=0)
10-01 14:57:36.319 W/FrameProbe(18737): nativeOnCameraFrame 55.9 ms (trackedPts=0)
10-01 14:57:36.445 W/FrameProbe(18737): nativeOnCameraFrame 54.5 ms (trackedPts=0)
10-01 14:57:36.596 W/FrameProbe(18737): nativeOnCameraFrame 70.1 ms (trackedPts=0)
10-01 14:57:36.719 W/FrameProbe(18737): nativeOnCameraFrame 61.7 ms (trackedPts=0)
10-01 14:57:36.862 W/FrameProbe(18737): nativeOnCameraFrame 66.6 ms (trackedPts=0)
10-01 14:57:36.984 W/FrameProbe(18737): nativeOnCameraFrame 60.4 ms (trackedPts=0)
10-01 14:57:37.115 W/FrameProbe(18737): nativeOnCameraFrame 47.7 ms (trackedPts=0)
10-01 14:57:37.132 D/FpsProbe(18737): fps=26.1
10-01 14:57:37.235 W/FrameProbe(18737): nativeOnCameraFrame 45.0 ms (trackedPts=0)
10-01 14:57:37.394 W/FrameProbe(18737): nativeOnCameraFrame 69.6 ms (trackedPts=0)
10-01 14:57:37.521 W/FrameProbe(18737): nativeOnCameraFrame 60.0 ms (trackedPts=0)
10-01 14:57:37.657 W/FrameProbe(18737): nativeOnCameraFrame 63.0 ms (trackedPts=0)
10-01 14:57:37.797 W/FrameProbe(18737): nativeOnCameraFrame 70.7 ms (trackedPts=0)
10-01 14:57:37.824 W/FrameProbe(18737): nativeOnCameraFrame 18.2 ms (trackedPts=0)
10-01 14:57:37.949 W/FrameProbe(18737): nativeOnCameraFrame 79.8 ms (trackedPts=0)
10-01 14:57:37.980 W/FrameProbe(18737): nativeOnCameraFrame 16.6 ms (trackedPts=0)
10-01 14:57:38.059 W/FrameProbe(18737): nativeOnCameraFrame 56.1 ms (trackedPts=0)
10-01 14:57:38.184 W/FrameProbe(18737): nativeOnCameraFrame 57.4 ms (trackedPts=0)
10-01 14:57:38.184 D/FpsProbe(18737): fps=25.2
10-01 14:57:38.324 W/FrameProbe(18737): nativeOnCameraFrame 59.0 ms (trackedPts=0)
10-01 14:57:38.457 W/FrameProbe(18737): nativeOnCameraFrame 65.5 ms (trackedPts=0)
10-01 14:57:38.582 W/FrameProbe(18737): nativeOnCameraFrame 56.8 ms (trackedPts=0)
10-01 14:57:38.704 W/FrameProbe(18737): nativeOnCameraFrame 48.6 ms (trackedPts=0)
10-01 14:57:38.863 W/FrameProbe(18737): nativeOnCameraFrame 61.6 ms (trackedPts=0)
10-01 14:57:38.984 W/FrameProbe(18737): nativeOnCameraFrame 59.1 ms (trackedPts=0)
10-01 14:57:39.121 W/FrameProbe(18737): nativeOnCameraFrame 55.7 ms (trackedPts=0)
10-01 14:57:39.174 D/FpsProbe(18737): fps=26.1
10-01 14:57:39.247 W/FrameProbe(18737): nativeOnCameraFrame 50.1 ms (trackedPts=0)
10-01 14:57:39.378 W/FrameProbe(18737): nativeOnCameraFrame 55.6 ms (trackedPts=0)
10-01 14:57:39.507 W/FrameProbe(18737): nativeOnCameraFrame 47.8 ms (trackedPts=0)
10-01 14:57:39.651 W/FrameProbe(18737): nativeOnCameraFrame 60.1 ms (trackedPts=0)
10-01 14:57:39.792 W/FrameProbe(18737): nativeOnCameraFrame 55.9 ms (trackedPts=0)
10-01 14:57:39.918 W/FrameProbe(18737): nativeOnCameraFrame 53.0 ms (trackedPts=0)
10-01 14:57:40.050 W/FrameProbe(18737): nativeOnCameraFrame 52.8 ms (trackedPts=0)
10-01 14:57:40.191 W/FrameProbe(18737): nativeOnCameraFrame 67.1 ms (trackedPts=0)
10-01 14:57:40.213 D/FpsProbe(18737): fps=26.1
10-01 14:57:40.312 W/FrameProbe(18737): nativeOnCameraFrame 54.4 ms (trackedPts=0)
10-01 14:57:40.465 W/FrameProbe(18737): nativeOnCameraFrame 76.0 ms (trackedPts=0)
10-01 14:57:40.581 W/FrameProbe(18737): nativeOnCameraFrame 54.8 ms (trackedPts=0)
10-01 14:57:40.706 W/FrameProbe(18737): nativeOnCameraFrame 50.8 ms (trackedPts=0)
10-01 14:57:40.857 W/FrameProbe(18737): nativeOnCameraFrame 61.2 ms (trackedPts=0)
10-01 14:57:40.991 W/FrameProbe(18737): nativeOnCameraFrame 57.2 ms (trackedPts=0)
10-01 14:57:41.100 W/FrameProbe(18737): nativeOnCameraFrame 44.7 ms (trackedPts=0)
10-01 14:57:41.265 W/FrameProbe(18737): nativeOnCameraFrame 67.6 ms (trackedPts=0)
10-01 14:57:41.281 D/FpsProbe(18737): fps=26.3
10-01 14:57:41.378 W/FrameProbe(18737): nativeOnCameraFrame 45.3 ms (trackedPts=0)
10-01 14:57:41.525 W/FrameProbe(18737): nativeOnCameraFrame 53.7 ms (trackedPts=0)
10-01 14:57:41.677 W/FrameProbe(18737): nativeOnCameraFrame 73.1 ms (trackedPts=0)
10-01 14:57:41.790 W/FrameProbe(18737): nativeOnCameraFrame 67.0 ms (trackedPts=0)
10-01 14:57:41.907 W/FrameProbe(18737): nativeOnCameraFrame 41.0 ms (trackedPts=0)
10-01 14:57:42.047 W/FrameProbe(18737): nativeOnCameraFrame 57.9 ms (trackedPts=0)
10-01 14:57:42.188 W/FrameProbe(18737): nativeOnCameraFrame 55.8 ms (trackedPts=0)
10-01 14:57:42.311 W/FrameProbe(18737): nativeOnCameraFrame 56.5 ms (trackedPts=0)
10-01 14:57:42.329 D/FpsProbe(18737): fps=26.1
10-01 14:57:42.451 W/FrameProbe(18737): nativeOnCameraFrame 50.7 ms (trackedPts=0)
10-01 14:57:42.573 W/FrameProbe(18737): nativeOnCameraFrame 50.5 ms (trackedPts=0)
10-01 14:57:42.698 W/FrameProbe(18737): nativeOnCameraFrame 41.5 ms (trackedPts=0)
10-01 14:57:42.866 W/FrameProbe(18737): nativeOnCameraFrame 68.5 ms (trackedPts=0)
10-01 14:57:42.989 W/FrameProbe(18737): nativeOnCameraFrame 53.5 ms (trackedPts=0)
10-01 14:57:43.115 W/FrameProbe(18737): nativeOnCameraFrame 53.3 ms (trackedPts=0)
10-01 14:57:43.263 W/FrameProbe(18737): nativeOnCameraFrame 61.8 ms (trackedPts=0)
10-01 14:57:43.291 W/FrameProbe(18737): nativeOnCameraFrame 18.3 ms (trackedPts=0)
10-01 14:57:43.391 W/FrameProbe(18737): nativeOnCameraFrame 64.0 ms (trackedPts=0)
10-01 14:57:43.392 D/FpsProbe(18737): fps=27.1
10-01 14:57:43.528 W/FrameProbe(18737): nativeOnCameraFrame 63.9 ms (trackedPts=0)
10-01 14:57:43.656 W/FrameProbe(18737): nativeOnCameraFrame 61.9 ms (trackedPts=0)
10-01 14:57:43.783 W/FrameProbe(18737): nativeOnCameraFrame 58.3 ms (trackedPts=0)
10-01 14:57:43.930 W/FrameProbe(18737): nativeOnCameraFrame 68.3 ms (trackedPts=0)
10-01 14:57:44.072 W/FrameProbe(18737): nativeOnCameraFrame 74.2 ms (trackedPts=0)
10-01 14:57:44.200 W/FrameProbe(18737): nativeOnCameraFrame 70.5 ms (trackedPts=0)
10-01 14:57:44.325 W/FrameProbe(18737): nativeOnCameraFrame 65.3 ms (trackedPts=0)
10-01 14:57:44.365 D/FpsProbe(18737): fps=24.2 LOW
10-01 14:57:44.452 W/FrameProbe(18737): nativeOnCameraFrame 57.0 ms (trackedPts=0)
10-01 14:57:44.592 W/FrameProbe(18737): nativeOnCameraFrame 67.6 ms (trackedPts=0)
10-01 14:57:44.716 W/FrameProbe(18737): nativeOnCameraFrame 61.6 ms (trackedPts=0)
10-01 14:57:44.859 W/FrameProbe(18737): nativeOnCameraFrame 58.7 ms (trackedPts=0)
10-01 14:57:45.005 W/FrameProbe(18737): nativeOnCameraFrame 73.1 ms (trackedPts=0)
10-01 14:57:45.130 W/FrameProbe(18737): nativeOnCameraFrame 71.9 ms (trackedPts=0)
10-01 14:57:45.258 W/FrameProbe(18737): nativeOnCameraFrame 58.9 ms (trackedPts=0)
10-01 14:57:45.382 W/FrameProbe(18737): nativeOnCameraFrame 56.6 ms (trackedPts=0)
10-01 14:57:45.416 D/FpsProbe(18737): fps=23.2 LOW
10-01 14:57:45.516 W/FrameProbe(18737): nativeOnCameraFrame 50.3 ms (trackedPts=0)
10-01 14:57:45.638 W/FrameProbe(18737): nativeOnCameraFrame 46.9 ms (trackedPts=0)
10-01 14:57:45.768 W/FrameProbe(18737): nativeOnCameraFrame 45.6 ms (trackedPts=0)
10-01 14:57:45.933 W/FrameProbe(18737): nativeOnCameraFrame 65.5 ms (trackedPts=0)
10-01 14:57:46.032 W/FrameProbe(18737): nativeOnCameraFrame 41.2 ms (trackedPts=0)
10-01 14:57:46.175 W/FrameProbe(18737): nativeOnCameraFrame 50.6 ms (trackedPts=0)
10-01 14:57:46.312 W/FrameProbe(18737): nativeOnCameraFrame 58.5 ms (trackedPts=0)
10-01 14:57:46.433 W/FrameProbe(18737): nativeOnCameraFrame 43.8 ms (trackedPts=0)
10-01 14:57:46.449 D/FpsProbe(18737): fps=29.0
10-01 14:57:46.571 W/FrameProbe(18737): nativeOnCameraFrame 40.0 ms (trackedPts=0)
10-01 14:57:46.715 W/FrameProbe(18737): nativeOnCameraFrame 58.4 ms (trackedPts=0)
10-01 14:57:46.855 W/FrameProbe(18737): nativeOnCameraFrame 65.5 ms (trackedPts=0)
10-01 14:57:46.974 W/FrameProbe(18737): nativeOnCameraFrame 54.2 ms (trackedPts=0)
10-01 14:57:47.106 W/FrameProbe(18737): nativeOnCameraFrame 40.8 ms (trackedPts=0)
10-01 14:57:47.245 W/FrameProbe(18737): nativeOnCameraFrame 53.9 ms (trackedPts=0)
10-01 14:57:47.374 W/FrameProbe(18737): nativeOnCameraFrame 51.1 ms (trackedPts=0)
10-01 14:57:47.507 W/FrameProbe(18737): nativeOnCameraFrame 51.1 ms (trackedPts=0)
10-01 14:57:47.508 D/FpsProbe(18737): fps=28.1
10-01 14:57:47.645 W/FrameProbe(18737): nativeOnCameraFrame 54.6 ms (trackedPts=0)
10-01 14:57:47.801 W/FrameProbe(18737): nativeOnCameraFrame 68.8 ms (trackedPts=0)
10-01 14:57:47.924 W/FrameProbe(18737): nativeOnCameraFrame 65.4 ms (trackedPts=0)
10-01 14:57:47.987 W/FrameProbe(18737): nativeOnCameraFrame 21.2 ms (trackedPts=0)
10-01 14:57:48.053 W/FrameProbe(18737): nativeOnCameraFrame 55.9 ms (trackedPts=0)
10-01 14:57:48.199 W/FrameProbe(18737): nativeOnCameraFrame 68.3 ms (trackedPts=0)
10-01 14:57:48.335 W/FrameProbe(18737): nativeOnCameraFrame 67.4 ms (trackedPts=0)
10-01 14:57:48.460 W/FrameProbe(18737): nativeOnCameraFrame 67.8 ms (trackedPts=0)
10-01 14:57:48.497 D/FpsProbe(18737): fps=24.2 LOW
10-01 14:57:48.599 W/FrameProbe(18737): nativeOnCameraFrame 71.7 ms (trackedPts=0)
10-01 14:57:48.630 W/FrameProbe(18737): nativeOnCameraFrame 17.3 ms (trackedPts=0)
10-01 14:57:48.738 W/FrameProbe(18737): nativeOnCameraFrame 69.2 ms (trackedPts=0)
10-01 14:57:48.866 W/FrameProbe(18737): nativeOnCameraFrame 68.2 ms (trackedPts=0)
10-01 14:57:49.003 W/FrameProbe(18737): nativeOnCameraFrame 71.3 ms (trackedPts=0)
10-01 14:57:49.137 W/FrameProbe(18737): nativeOnCameraFrame 74.9 ms (trackedPts=0)
10-01 14:57:49.261 W/FrameProbe(18737): nativeOnCameraFrame 67.4 ms (trackedPts=0)
10-01 14:57:49.392 W/FrameProbe(18737): nativeOnCameraFrame 65.1 ms (trackedPts=0)
10-01 14:57:49.548 W/FrameProbe(18737): nativeOnCameraFrame 79.5 ms (trackedPts=0)
10-01 14:57:49.567 D/FpsProbe(18737): fps=22.3 LOW
10-01 14:57:49.670 W/FrameProbe(18737): nativeOnCameraFrame 76.8 ms (trackedPts=0)
10-01 14:57:49.810 W/FrameProbe(18737): nativeOnCameraFrame 78.0 ms (trackedPts=0)
10-01 14:57:49.929 W/FrameProbe(18737): nativeOnCameraFrame 66.3 ms (trackedPts=0)
10-01 14:57:50.059 W/FrameProbe(18737): nativeOnCameraFrame 67.5 ms (trackedPts=0)
10-01 14:57:50.184 W/FrameProbe(18737): nativeOnCameraFrame 61.2 ms (trackedPts=0)
10-01 14:57:50.325 W/FrameProbe(18737): nativeOnCameraFrame 62.9 ms (trackedPts=0)
10-01 14:57:50.460 W/FrameProbe(18737): nativeOnCameraFrame 71.8 ms (trackedPts=0)
10-01 14:57:50.591 W/FrameProbe(18737): nativeOnCameraFrame 68.2 ms (trackedPts=0)
10-01 14:57:50.608 D/FpsProbe(18737): fps=23.4 LOW
10-01 14:57:50.734 W/FrameProbe(18737): nativeOnCameraFrame 71.9 ms (trackedPts=0)
10-01 14:57:50.877 W/FrameProbe(18737): nativeOnCameraFrame 78.8 ms (trackedPts=0)
10-01 14:57:51.000 W/FrameProbe(18737): nativeOnCameraFrame 69.9 ms (trackedPts=0)
10-01 14:57:51.131 W/FrameProbe(18737): nativeOnCameraFrame 72.0 ms (trackedPts=0)
10-01 14:57:51.260 W/FrameProbe(18737): nativeOnCameraFrame 56.9 ms (trackedPts=0)
10-01 14:57:51.387 W/FrameProbe(18737): nativeOnCameraFrame 67.3 ms (trackedPts=0)
10-01 14:57:51.536 W/FrameProbe(18737): nativeOnCameraFrame 67.6 ms (trackedPts=0)
10-01 14:57:51.654 W/FrameProbe(18737): nativeOnCameraFrame 61.1 ms (trackedPts=0)
10-01 14:57:51.671 D/FpsProbe(18737): fps=23.2 LOW
10-01 14:57:51.780 W/FrameProbe(18737): nativeOnCameraFrame 59.5 ms (trackedPts=0)
10-01 14:57:51.938 W/FrameProbe(18737): nativeOnCameraFrame 71.4 ms (trackedPts=0)
10-01 14:57:52.045 W/FrameProbe(18737): nativeOnCameraFrame 55.0 ms (trackedPts=0)
10-01 14:57:52.197 W/FrameProbe(18737): nativeOnCameraFrame 64.1 ms (trackedPts=0)
10-01 14:57:52.323 W/FrameProbe(18737): nativeOnCameraFrame 67.0 ms (trackedPts=0)
10-01 14:57:52.453 W/FrameProbe(18737): nativeOnCameraFrame 56.4 ms (trackedPts=0)
10-01 14:57:52.592 W/FrameProbe(18737): nativeOnCameraFrame 63.6 ms (trackedPts=0)
10-01 14:57:52.712 W/FrameProbe(18737): nativeOnCameraFrame 59.1 ms (trackedPts=0)
10-01 14:57:52.712 D/FpsProbe(18737): fps=23.2 LOW
10-01 14:57:52.861 W/FrameProbe(18737): nativeOnCameraFrame 71.6 ms (trackedPts=0)
10-01 14:57:52.998 W/FrameProbe(18737): nativeOnCameraFrame 74.9 ms (trackedPts=0)
10-01 14:57:53.129 W/FrameProbe(18737): nativeOnCameraFrame 73.5 ms (trackedPts=0)
10-01 14:57:53.249 W/FrameProbe(18737): nativeOnCameraFrame 61.7 ms (trackedPts=0)
10-01 14:57:53.276 I/ArPoseProbe(18737): fromTs=74.1% latest=25.9% total=5130
10-01 14:57:53.391 W/FrameProbe(18737): nativeOnCameraFrame 63.1 ms (trackedPts=0)
10-01 14:57:53.530 W/FrameProbe(18737): nativeOnCameraFrame 64.9 ms (trackedPts=0)
10-01 14:57:53.589 W/FrameProbe(18737): nativeOnCameraFrame 20.5 ms (trackedPts=0)
10-01 14:57:53.668 W/FrameProbe(18737): nativeOnCameraFrame 70.8 ms (trackedPts=0)
10-01 14:57:53.710 D/FpsProbe(18737): fps=23.2 LOW
10-01 14:57:53.788 W/FrameProbe(18737): nativeOnCameraFrame 62.0 ms (trackedPts=0)
10-01 14:57:53.926 W/FrameProbe(18737): nativeOnCameraFrame 60.5 ms (trackedPts=0)
10-01 14:57:54.046 W/FrameProbe(18737): nativeOnCameraFrame 56.1 ms (trackedPts=0)
10-01 14:57:54.192 W/FrameProbe(18737): nativeOnCameraFrame 62.2 ms (trackedPts=0)
10-01 14:57:54.332 W/FrameProbe(18737): nativeOnCameraFrame 68.4 ms (trackedPts=0)
10-01 14:57:54.449 W/FrameProbe(18737): nativeOnCameraFrame 53.7 ms (trackedPts=0)
10-01 14:57:54.590 W/FrameProbe(18737): nativeOnCameraFrame 64.4 ms (trackedPts=0)
10-01 14:57:54.721 W/FrameProbe(18737): nativeOnCameraFrame 66.6 ms (trackedPts=0)
10-01 14:57:54.759 D/FpsProbe(18737): fps=24.2 LOW
10-01 14:57:54.857 W/FrameProbe(18737): nativeOnCameraFrame 68.4 ms (trackedPts=0)
10-01 14:57:54.967 I/ArPoseProbe(18737): fromTs=74.4% latest=25.6% total=5220
10-01 14:57:54.981 W/FrameProbe(18737): nativeOnCameraFrame 61.4 ms (trackedPts=0)
10-01 14:57:55.123 W/FrameProbe(18737): nativeOnCameraFrame 58.3 ms (trackedPts=0)
10-01 14:57:55.273 W/FrameProbe(18737): nativeOnCameraFrame 74.9 ms (trackedPts=0)
10-01 14:57:55.383 W/FrameProbe(18737): nativeOnCameraFrame 62.8 ms (trackedPts=0)
10-01 14:57:55.522 W/FrameProbe(18737): nativeOnCameraFrame 70.2 ms (trackedPts=0)
10-01 14:57:55.655 W/FrameProbe(18737): nativeOnCameraFrame 62.5 ms (trackedPts=0)
10-01 14:57:55.788 W/FrameProbe(18737): nativeOnCameraFrame 67.4 ms (trackedPts=0)
10-01 14:57:55.804 D/FpsProbe(18737): fps=25.3
10-01 14:57:55.927 W/FrameProbe(18737): nativeOnCameraFrame 67.4 ms (trackedPts=0)
10-01 14:57:56.057 W/FrameProbe(18737): nativeOnCameraFrame 71.0 ms (trackedPts=0)
10-01 14:57:56.177 W/FrameProbe(18737): nativeOnCameraFrame 56.7 ms (trackedPts=0)
10-01 14:57:56.324 W/FrameProbe(18737): nativeOnCameraFrame 66.1 ms (trackedPts=0)
10-01 14:57:56.442 W/FrameProbe(18737): nativeOnCameraFrame 54.1 ms (trackedPts=0)
10-01 14:57:56.585 W/FrameProbe(18737): nativeOnCameraFrame 64.0 ms (trackedPts=0)
10-01 14:57:56.585 I/ArPoseProbe(18737): fromTs=74.7% latest=25.3% total=5310
10-01 14:57:56.617 W/FrameProbe(18737): nativeOnCameraFrame 17.9 ms (trackedPts=0)
10-01 14:57:56.733 W/FrameProbe(18737): nativeOnCameraFrame 69.9 ms (trackedPts=0)
10-01 14:57:56.864 W/FrameProbe(18737): nativeOnCameraFrame 66.4 ms (trackedPts=0)
10-01 14:57:56.881 D/FpsProbe(18737): fps=24.4 LOW
10-01 14:57:56.983 W/FrameProbe(18737): nativeOnCameraFrame 53.6 ms (trackedPts=0)
10-01 14:57:57.120 W/FrameProbe(18737): nativeOnCameraFrame 65.1 ms (trackedPts=0)
10-01 14:57:57.266 W/FrameProbe(18737): nativeOnCameraFrame 68.1 ms (trackedPts=0)
10-01 14:57:57.397 W/FrameProbe(18737): nativeOnCameraFrame 76.7 ms (trackedPts=0)
10-01 14:57:57.513 W/FrameProbe(18737): nativeOnCameraFrame 59.9 ms (trackedPts=0)
10-01 14:57:57.642 W/FrameProbe(18737): nativeOnCameraFrame 55.3 ms (trackedPts=0)
10-01 14:57:57.792 W/FrameProbe(18737): nativeOnCameraFrame 61.1 ms (trackedPts=0)
10-01 14:57:57.840 W/FrameProbe(18737): nativeOnCameraFrame 17.5 ms (trackedPts=0)
10-01 14:57:57.915 W/FrameProbe(18737): nativeOnCameraFrame 53.2 ms (trackedPts=0)
10-01 14:57:57.931 D/FpsProbe(18737): fps=24.2 LOW
10-01 14:57:58.041 W/FrameProbe(18737): nativeOnCameraFrame 45.0 ms (trackedPts=0)
10-01 14:57:58.066 W/FrameProbe(18737): nativeOnCameraFrame 16.6 ms (trackedPts=0)
10-01 14:57:58.161 W/FrameProbe(18737): nativeOnCameraFrame 43.5 ms (trackedPts=0)
10-01 14:57:58.272 I/ArPoseProbe(18737): fromTs=75.0% latest=25.0% total=5400
10-01 14:57:58.295 W/FrameProbe(18737): nativeOnCameraFrame 37.8 ms (trackedPts=0)
10-01 14:57:58.464 W/FrameProbe(18737): nativeOnCameraFrame 72.4 ms (trackedPts=0)
10-01 14:57:58.595 W/FrameProbe(18737): nativeOnCameraFrame 65.7 ms (trackedPts=0)
10-01 14:57:58.723 W/FrameProbe(18737): nativeOnCameraFrame 60.4 ms (trackedPts=0)
10-01 14:57:58.867 W/FrameProbe(18737): nativeOnCameraFrame 71.9 ms (trackedPts=0)
10-01 14:57:58.908 W/FrameProbe(18737): nativeOnCameraFrame 27.4 ms (trackedPts=0)
10-01 14:57:59.009 W/FrameProbe(18737): nativeOnCameraFrame 65.0 ms (trackedPts=0)
10-01 14:57:59.009 D/FpsProbe(18737): fps=26.1
10-01 14:57:59.117 W/FrameProbe(18737): nativeOnCameraFrame 60.3 ms (trackedPts=0)
10-01 14:57:59.259 W/FrameProbe(18737): nativeOnCameraFrame 67.9 ms (trackedPts=0)
10-01 14:57:59.399 W/FrameProbe(18737): nativeOnCameraFrame 74.1 ms (trackedPts=0)
10-01 14:57:59.427 W/FrameProbe(18737): nativeOnCameraFrame 16.9 ms (trackedPts=0)
10-01 14:57:59.544 W/FrameProbe(18737): nativeOnCameraFrame 80.8 ms (trackedPts=0)
10-01 14:57:59.592 W/FrameProbe(18737): nativeOnCameraFrame 16.1 ms (trackedPts=0)
10-01 14:57:59.673 W/FrameProbe(18737): nativeOnCameraFrame 70.5 ms (trackedPts=0)
10-01 14:57:59.796 W/FrameProbe(18737): nativeOnCameraFrame 72.4 ms (trackedPts=0)
10-01 14:57:59.933 W/FrameProbe(18737): nativeOnCameraFrame 68.9 ms (trackedPts=0)
10-01 14:57:59.956 I/ArPoseProbe(18737): fromTs=75.2% latest=24.8% total=5490
10-01 14:57:59.974 D/FpsProbe(18737): fps=23.2 LOW
10-01 14:58:00.062 W/FrameProbe(18737): nativeOnCameraFrame 66.8 ms (trackedPts=0)
10-01 14:58:00.176 W/FrameProbe(18737): nativeOnCameraFrame 55.2 ms (trackedPts=0)
10-01 14:58:00.318 W/FrameProbe(18737): nativeOnCameraFrame 55.6 ms (trackedPts=0)
10-01 14:58:00.464 W/FrameProbe(18737): nativeOnCameraFrame 68.4 ms (trackedPts=0)
10-01 14:58:00.595 W/FrameProbe(18737): nativeOnCameraFrame 67.3 ms (trackedPts=0)
10-01 14:58:00.704 W/FrameProbe(18737): nativeOnCameraFrame 52.4 ms (trackedPts=0)
10-01 14:58:00.853 W/FrameProbe(18737): nativeOnCameraFrame 65.6 ms (trackedPts=0)
10-01 14:58:00.982 W/FrameProbe(18737): nativeOnCameraFrame 62.8 ms (trackedPts=0)
10-01 14:58:01.019 D/FpsProbe(18737): fps=26.1
10-01 14:58:01.126 W/FrameProbe(18737): nativeOnCameraFrame 71.5 ms (trackedPts=0)
10-01 14:58:01.155 W/FrameProbe(18737): nativeOnCameraFrame 18.7 ms (trackedPts=0)
10-01 14:58:01.259 W/FrameProbe(18737): nativeOnCameraFrame 73.5 ms (trackedPts=0)
10-01 14:58:01.401 W/FrameProbe(18737): nativeOnCameraFrame 77.7 ms (trackedPts=0)
10-01 14:58:01.528 W/FrameProbe(18737): nativeOnCameraFrame 67.6 ms (trackedPts=0)
10-01 14:58:01.610 I/ArPoseProbe(18737): fromTs=75.4% latest=24.6% total=5580
10-01 14:58:01.660 W/FrameProbe(18737): nativeOnCameraFrame 65.4 ms (trackedPts=0)
10-01 14:58:01.810 W/FrameProbe(18737): nativeOnCameraFrame 79.9 ms (trackedPts=0)
10-01 14:58:01.921 W/FrameProbe(18737): nativeOnCameraFrame 63.1 ms (trackedPts=0)
10-01 14:58:02.065 W/FrameProbe(18737): nativeOnCameraFrame 71.3 ms (trackedPts=0)
10-01 14:58:02.083 D/FpsProbe(18737): fps=22.5 LOW
10-01 14:58:02.203 W/FrameProbe(18737): nativeOnCameraFrame 69.6 ms (trackedPts=0)
10-01 14:58:02.236 W/FrameProbe(18737): nativeOnCameraFrame 18.5 ms (trackedPts=0)
10-01 14:58:02.335 W/FrameProbe(18737): nativeOnCameraFrame 71.6 ms (trackedPts=0)
10-01 14:58:02.467 W/FrameProbe(18737): nativeOnCameraFrame 73.9 ms (trackedPts=0)
10-01 14:58:02.594 W/FrameProbe(18737): nativeOnCameraFrame 69.2 ms (trackedPts=0)
10-01 14:58:02.734 W/FrameProbe(18737): nativeOnCameraFrame 69.6 ms (trackedPts=0)
10-01 14:58:02.850 W/FrameProbe(18737): nativeOnCameraFrame 57.6 ms (trackedPts=0)
10-01 14:58:02.980 W/FrameProbe(18737): nativeOnCameraFrame 60.8 ms (trackedPts=0)
10-01 14:58:03.116 W/FrameProbe(18737): nativeOnCameraFrame 63.7 ms (trackedPts=0)
10-01 14:58:03.142 D/FpsProbe(18737): fps=24.2 LOW
10-01 14:58:03.261 W/FrameProbe(18737): nativeOnCameraFrame 65.9 ms (trackedPts=0)
10-01 14:58:03.313 I/ArPoseProbe(18737): fromTs=75.6% latest=24.4% total=5670
10-01 14:58:03.386 W/FrameProbe(18737): nativeOnCameraFrame 58.8 ms (trackedPts=0)
10-01 14:58:03.501 W/FrameProbe(18737): nativeOnCameraFrame 48.2 ms (trackedPts=0)
10-01 14:58:03.654 W/FrameProbe(18737): nativeOnCameraFrame 66.1 ms (trackedPts=0)
10-01 14:58:03.786 W/FrameProbe(18737): nativeOnCameraFrame 65.3 ms (trackedPts=0)
10-01 14:58:03.930 W/FrameProbe(18737): nativeOnCameraFrame 68.6 ms (trackedPts=0)
10-01 14:58:04.062 W/FrameProbe(18737): nativeOnCameraFrame 67.2 ms (trackedPts=0)
10-01 14:58:04.161 W/FrameProbe(18737): nativeOnCameraFrame 42.3 ms (trackedPts=0)
10-01 14:58:04.162 D/FpsProbe(18737): fps=25.2
10-01 14:58:04.326 W/FrameProbe(18737): nativeOnCameraFrame 63.4 ms (trackedPts=0)
10-01 14:58:04.447 W/FrameProbe(18737): nativeOnCameraFrame 60.1 ms (trackedPts=0)
10-01 14:58:04.591 W/FrameProbe(18737): nativeOnCameraFrame 62.6 ms (trackedPts=0)
10-01 14:58:04.722 W/FrameProbe(18737): nativeOnCameraFrame 67.7 ms (trackedPts=0)
10-01 14:58:04.852 W/FrameProbe(18737): nativeOnCameraFrame 65.7 ms (trackedPts=0)
10-01 14:58:04.963 I/ArPoseProbe(18737): fromTs=75.7% latest=24.3% total=5760
10-01 14:58:04.994 W/FrameProbe(18737): nativeOnCameraFrame 67.1 ms (trackedPts=0)
10-01 14:58:05.127 W/FrameProbe(18737): nativeOnCameraFrame 74.0 ms (trackedPts=0)
10-01 14:58:05.174 D/FpsProbe(18737): fps=25.2
10-01 14:58:05.254 W/FrameProbe(18737): nativeOnCameraFrame 68.6 ms (trackedPts=0)
10-01 14:58:05.403 W/FrameProbe(18737): nativeOnCameraFrame 78.2 ms (trackedPts=0)
10-01 14:58:05.528 W/FrameProbe(18737): nativeOnCameraFrame 78.2 ms (trackedPts=0)
10-01 14:58:05.654 W/FrameProbe(18737): nativeOnCameraFrame 70.3 ms (trackedPts=0)
10-01 14:58:05.797 W/FrameProbe(18737): nativeOnCameraFrame 76.8 ms (trackedPts=0)
10-01 14:58:05.913 W/FrameProbe(18737): nativeOnCameraFrame 58.1 ms (trackedPts=0)
10-01 14:58:06.056 W/FrameProbe(18737): nativeOnCameraFrame 61.3 ms (trackedPts=0)
10-01 14:58:06.192 W/FrameProbe(18737): nativeOnCameraFrame 67.8 ms (trackedPts=0)
10-01 14:58:06.215 D/FpsProbe(18737): fps=23.2 LOW
10-01 14:58:06.321 W/FrameProbe(18737): nativeOnCameraFrame 68.7 ms (trackedPts=0)
10-01 14:58:06.463 W/FrameProbe(18737): nativeOnCameraFrame 67.8 ms (trackedPts=0)
10-01 14:58:06.587 W/FrameProbe(18737): nativeOnCameraFrame 67.1 ms (trackedPts=0)
10-01 14:58:06.707 I/ArPoseProbe(18737): fromTs=75.8% latest=24.2% total=5850
10-01 14:58:06.724 W/FrameProbe(18737): nativeOnCameraFrame 70.0 ms (trackedPts=0)
10-01 14:58:06.847 W/FrameProbe(18737): nativeOnCameraFrame 54.7 ms (trackedPts=0)
10-01 14:58:06.991 W/FrameProbe(18737): nativeOnCameraFrame 62.7 ms (trackedPts=0)
10-01 14:58:07.108 W/FrameProbe(18737): nativeOnCameraFrame 54.4 ms (trackedPts=0)
10-01 14:58:07.260 W/FrameProbe(18737): nativeOnCameraFrame 64.0 ms (trackedPts=0)
10-01 14:58:07.287 W/FrameProbe(18737): nativeOnCameraFrame 17.6 ms (trackedPts=0)
10-01 14:58:07.288 D/FpsProbe(18737): fps=24.4 LOW
10-01 14:58:07.377 W/FrameProbe(18737): nativeOnCameraFrame 59.5 ms (trackedPts=0)
10-01 14:58:07.536 W/FrameProbe(18737): nativeOnCameraFrame 71.4 ms (trackedPts=0)
10-01 14:58:07.660 W/FrameProbe(18737): nativeOnCameraFrame 68.4 ms (trackedPts=0)
10-01 14:58:07.791 W/FrameProbe(18737): nativeOnCameraFrame 65.4 ms (trackedPts=0)
10-01 14:58:07.918 W/FrameProbe(18737): nativeOnCameraFrame 63.4 ms (trackedPts=0)
10-01 14:58:08.045 W/FrameProbe(18737): nativeOnCameraFrame 60.9 ms (trackedPts=0)
10-01 14:58:08.180 W/FrameProbe(18737): nativeOnCameraFrame 58.7 ms (trackedPts=0)
10-01 14:58:08.323 W/FrameProbe(18737): nativeOnCameraFrame 63.3 ms (trackedPts=0)
10-01 14:58:08.345 D/FpsProbe(18737): fps=23.4 LOW
10-01 14:58:08.433 I/ArPoseProbe(18737): fromTs=76.0% latest=24.0% total=5940
10-01 14:58:08.457 W/FrameProbe(18737): nativeOnCameraFrame 62.9 ms (trackedPts=0)
10-01 14:58:08.583 W/FrameProbe(18737): nativeOnCameraFrame 66.1 ms (trackedPts=0)
10-01 14:58:08.723 W/FrameProbe(18737): nativeOnCameraFrame 69.2 ms (trackedPts=0)
10-01 14:58:08.853 W/FrameProbe(18737): nativeOnCameraFrame 68.5 ms (trackedPts=0)
10-01 14:58:08.990 W/FrameProbe(18737): nativeOnCameraFrame 71.8 ms (trackedPts=0)
10-01 14:58:09.108 W/FrameProbe(18737): nativeOnCameraFrame 56.0 ms (trackedPts=0)
10-01 14:58:09.256 W/FrameProbe(18737): nativeOnCameraFrame 61.8 ms (trackedPts=0)
10-01 14:58:09.388 W/FrameProbe(18737): nativeOnCameraFrame 70.2 ms (trackedPts=0)
10-01 14:58:09.405 D/FpsProbe(18737): fps=24.4 LOW
10-01 14:58:09.516 W/FrameProbe(18737): nativeOnCameraFrame 60.9 ms (trackedPts=0)
10-01 14:58:09.643 W/FrameProbe(18737): nativeOnCameraFrame 59.4 ms (trackedPts=0)
10-01 14:58:09.790 W/FrameProbe(18737): nativeOnCameraFrame 59.5 ms (trackedPts=0)
10-01 14:58:09.918 W/FrameProbe(18737): nativeOnCameraFrame 65.6 ms (trackedPts=0)
10-01 14:58:10.071 W/FrameProbe(18737): nativeOnCameraFrame 74.5 ms (trackedPts=0)
10-01 14:58:10.112 I/ArPoseProbe(18737): fromTs=76.2% latest=23.8% total=6030
10-01 14:58:10.193 W/FrameProbe(18737): nativeOnCameraFrame 68.9 ms (trackedPts=0)
10-01 14:58:10.321 W/FrameProbe(18737): nativeOnCameraFrame 61.9 ms (trackedPts=0)
10-01 14:58:10.449 W/FrameProbe(18737): nativeOnCameraFrame 65.2 ms (trackedPts=0)
10-01 14:58:10.467 D/FpsProbe(18737): fps=22.5 LOW
10-01 14:58:10.597 W/FrameProbe(18737): nativeOnCameraFrame 78.4 ms (trackedPts=0)
10-01 14:58:10.698 W/FrameProbe(18737): nativeOnCameraFrame 47.1 ms (trackedPts=0)
10-01 14:58:10.851 W/FrameProbe(18737): nativeOnCameraFrame 65.4 ms (trackedPts=0)
10-01 14:58:10.966 W/FrameProbe(18737): nativeOnCameraFrame 48.4 ms (trackedPts=0)
10-01 14:58:11.109 W/FrameProbe(18737): nativeOnCameraFrame 52.9 ms (trackedPts=0)
10-01 14:58:11.258 W/FrameProbe(18737): nativeOnCameraFrame 65.4 ms (trackedPts=0)
10-01 14:58:11.394 W/FrameProbe(18737): nativeOnCameraFrame 66.4 ms (trackedPts=0)
10-01 14:58:11.504 W/FrameProbe(18737): nativeOnCameraFrame 53.3 ms (trackedPts=0)
10-01 14:58:11.526 D/FpsProbe(18737): fps=26.1
10-01 14:58:11.641 W/FrameProbe(18737): nativeOnCameraFrame 57.1 ms (trackedPts=0)
10-01 14:58:11.774 I/ArPoseProbe(18737): fromTs=76.4% latest=23.6% total=6120
10-01 14:58:11.788 W/FrameProbe(18737): nativeOnCameraFrame 57.8 ms (trackedPts=0)
10-01 14:58:11.814 W/FrameProbe(18737): nativeOnCameraFrame 16.3 ms (trackedPts=0)
10-01 14:58:11.901 W/FrameProbe(18737): nativeOnCameraFrame 43.3 ms (trackedPts=0)
10-01 14:58:12.045 W/FrameProbe(18737): nativeOnCameraFrame 55.6 ms (trackedPts=0)
10-01 14:58:12.208 W/FrameProbe(18737): nativeOnCameraFrame 79.0 ms (trackedPts=0)
10-01 14:58:12.315 W/FrameProbe(18737): nativeOnCameraFrame 62.9 ms (trackedPts=0)
10-01 14:58:12.445 W/FrameProbe(18737): nativeOnCameraFrame 57.4 ms (trackedPts=0)
10-01 14:58:12.582 W/FrameProbe(18737): nativeOnCameraFrame 54.3 ms (trackedPts=0)
10-01 14:58:12.582 D/FpsProbe(18737): fps=25.2
10-01 14:58:12.723 W/FrameProbe(18737): nativeOnCameraFrame 63.6 ms (trackedPts=0)
10-01 14:58:12.836 W/FrameProbe(18737): nativeOnCameraFrame 53.1 ms (trackedPts=0)
10-01 14:58:12.988 W/FrameProbe(18737): nativeOnCameraFrame 63.9 ms (trackedPts=0)
10-01 14:58:13.136 W/FrameProbe(18737): nativeOnCameraFrame 73.6 ms (trackedPts=0)
10-01 14:58:13.251 W/FrameProbe(18737): nativeOnCameraFrame 64.9 ms (trackedPts=0)
10-01 14:58:13.385 W/FrameProbe(18737): nativeOnCameraFrame 66.2 ms (trackedPts=0)
10-01 14:58:13.427 I/ArPoseProbe(18737): fromTs=76.6% latest=23.4% total=6210
10-01 14:58:13.521 W/FrameProbe(18737): nativeOnCameraFrame 62.9 ms (trackedPts=0)
10-01 14:58:13.556 D/FpsProbe(18737): fps=24.2 LOW
10-01 14:58:13.659 W/FrameProbe(18737): nativeOnCameraFrame 67.3 ms (trackedPts=0)
10-01 14:58:13.788 W/FrameProbe(18737): nativeOnCameraFrame 69.3 ms (trackedPts=0)
10-01 14:58:13.918 W/FrameProbe(18737): nativeOnCameraFrame 59.9 ms (trackedPts=0)
10-01 14:58:14.053 W/FrameProbe(18737): nativeOnCameraFrame 61.9 ms (trackedPts=0)
10-01 14:58:14.201 W/FrameProbe(18737): nativeOnCameraFrame 77.3 ms (trackedPts=0)
10-01 14:58:14.332 W/FrameProbe(18737): nativeOnCameraFrame 74.8 ms (trackedPts=0)
10-01 14:58:14.455 W/FrameProbe(18737): nativeOnCameraFrame 65.5 ms (trackedPts=0)
10-01 14:58:14.593 W/FrameProbe(18737): nativeOnCameraFrame 73.9 ms (trackedPts=0)
10-01 14:58:14.613 D/FpsProbe(18737): fps=23.2 LOW
10-01 14:58:14.717 W/FrameProbe(18737): nativeOnCameraFrame 62.5 ms (trackedPts=0)
10-01 14:58:14.844 W/FrameProbe(18737): nativeOnCameraFrame 61.1 ms (trackedPts=0)
10-01 14:58:14.979 W/FrameProbe(18737): nativeOnCameraFrame 63.6 ms (trackedPts=0)
10-01 14:58:15.124 W/FrameProbe(18737): nativeOnCameraFrame 71.5 ms (trackedPts=0)
10-01 14:58:15.145 I/ArPoseProbe(18737): fromTs=76.8% latest=23.2% total=6300
10-01 14:58:15.259 W/FrameProbe(18737): nativeOnCameraFrame 66.5 ms (trackedPts=0)
10-01 14:58:15.380 W/FrameProbe(18737): nativeOnCameraFrame 57.5 ms (trackedPts=0)
10-01 14:58:15.523 W/FrameProbe(18737): nativeOnCameraFrame 71.5 ms (trackedPts=0)
10-01 14:58:15.648 W/FrameProbe(18737): nativeOnCameraFrame 64.2 ms (trackedPts=0)
10-01 14:58:15.668 D/FpsProbe(18737): fps=23.4 LOW
10-01 14:58:15.785 W/FrameProbe(18737): nativeOnCameraFrame 67.0 ms (trackedPts=0)
10-01 14:58:15.941 W/FrameProbe(18737): nativeOnCameraFrame 78.1 ms (trackedPts=0)
10-01 14:58:16.067 W/FrameProbe(18737): nativeOnCameraFrame 69.3 ms (trackedPts=0)
10-01 14:58:16.195 W/FrameProbe(18737): nativeOnCameraFrame 68.9 ms (trackedPts=0)
10-01 14:58:16.325 W/FrameProbe(18737): nativeOnCameraFrame 67.5 ms (trackedPts=0)
10-01 14:58:16.429 W/FrameProbe(18737): nativeOnCameraFrame 47.0 ms (trackedPts=0)
10-01 14:58:16.582 W/FrameProbe(18737): nativeOnCameraFrame 61.5 ms (trackedPts=0)
10-01 14:58:16.721 W/FrameProbe(18737): nativeOnCameraFrame 63.1 ms (trackedPts=0)
10-01 14:58:16.743 D/FpsProbe(18737): fps=23.4 LOW
10-01 14:58:16.855 W/FrameProbe(18737): nativeOnCameraFrame 64.7 ms (trackedPts=0)
10-01 14:58:16.856 I/ArPoseProbe(18737): fromTs=76.9% latest=23.1% total=6390
10-01 14:58:16.977 W/FrameProbe(18737): nativeOnCameraFrame 61.2 ms (trackedPts=0)
10-01 14:58:17.104 W/FrameProbe(18737): nativeOnCameraFrame 50.5 ms (trackedPts=0)
10-01 14:58:17.235 W/FrameProbe(18737): nativeOnCameraFrame 50.3 ms (trackedPts=0)
10-01 14:58:17.371 W/FrameProbe(18737): nativeOnCameraFrame 50.4 ms (trackedPts=0)
10-01 14:58:17.510 W/FrameProbe(18737): nativeOnCameraFrame 55.7 ms (trackedPts=0)
10-01 14:58:17.639 W/FrameProbe(18737): nativeOnCameraFrame 49.5 ms (trackedPts=0)
10-01 14:58:17.778 W/FrameProbe(18737): nativeOnCameraFrame 49.9 ms (trackedPts=0)
10-01 14:58:17.796 D/FpsProbe(18737): fps=26.3
10-01 14:58:17.925 W/FrameProbe(18737): nativeOnCameraFrame 64.3 ms (trackedPts=0)
10-01 14:58:18.043 W/FrameProbe(18737): nativeOnCameraFrame 60.7 ms (trackedPts=0)
10-01 14:58:18.188 W/FrameProbe(18737): nativeOnCameraFrame 62.2 ms (trackedPts=0)
10-01 14:58:18.295 W/FrameProbe(18737): nativeOnCameraFrame 45.3 ms (trackedPts=0)
10-01 14:58:18.445 W/FrameProbe(18737): nativeOnCameraFrame 53.1 ms (trackedPts=0)
10-01 14:58:18.446 I/ArPoseProbe(18737): fromTs=77.2% latest=22.8% total=6480
10-01 14:58:18.586 W/FrameProbe(18737): nativeOnCameraFrame 63.9 ms (trackedPts=0)
10-01 14:58:18.719 W/FrameProbe(18737): nativeOnCameraFrame 62.1 ms (trackedPts=0)
10-01 14:58:18.826 W/FrameProbe(18737): nativeOnCameraFrame 42.6 ms (trackedPts=0)
10-01 14:58:18.843 D/FpsProbe(18737): fps=26.1
10-01 14:58:18.994 W/FrameProbe(18737): nativeOnCameraFrame 62.4 ms (trackedPts=0)
10-01 14:58:19.107 W/FrameProbe(18737): nativeOnCameraFrame 52.3 ms (trackedPts=0)
10-01 14:58:19.252 W/FrameProbe(18737): nativeOnCameraFrame 60.6 ms (trackedPts=0)
10-01 14:58:19.396 W/FrameProbe(18737): nativeOnCameraFrame 70.3 ms (trackedPts=0)
10-01 14:58:19.517 W/FrameProbe(18737): nativeOnCameraFrame 69.8 ms (trackedPts=0)
10-01 14:58:19.649 W/FrameProbe(18737): nativeOnCameraFrame 62.0 ms (trackedPts=0)
10-01 14:58:19.787 W/FrameProbe(18737): nativeOnCameraFrame 61.0 ms (trackedPts=0)
10-01 14:58:19.917 W/FrameProbe(18737): nativeOnCameraFrame 60.5 ms (trackedPts=0)
10-01 14:58:19.918 D/FpsProbe(18737): fps=24.2 LOW
10-01 14:58:20.019 W/FrameProbe(18737): nativeOnCameraFrame 34.6 ms (trackedPts=0)
10-01 14:58:20.060 I/ArPoseProbe(18737): fromTs=77.4% latest=22.6% total=6570
10-01 14:58:20.185 W/FrameProbe(18737): nativeOnCameraFrame 55.5 ms (trackedPts=0)
10-01 14:58:20.328 W/FrameProbe(18737): nativeOnCameraFrame 64.7 ms (trackedPts=0)
10-01 14:58:20.457 W/FrameProbe(18737): nativeOnCameraFrame 73.9 ms (trackedPts=0)
10-01 14:58:20.571 W/FrameProbe(18737): nativeOnCameraFrame 54.0 ms (trackedPts=0)
10-01 14:58:20.726 W/FrameProbe(18737): nativeOnCameraFrame 66.1 ms (trackedPts=0)
10-01 14:58:20.855 W/FrameProbe(18737): nativeOnCameraFrame 63.6 ms (trackedPts=0)
10-01 14:58:20.900 D/FpsProbe(18737): fps=25.2
10-01 14:58:20.979 W/FrameProbe(18737): nativeOnCameraFrame 59.2 ms (trackedPts=0)
10-01 14:58:21.115 W/FrameProbe(18737): nativeOnCameraFrame 55.2 ms (trackedPts=0)
10-01 14:58:21.257 W/FrameProbe(18737): nativeOnCameraFrame 66.4 ms (trackedPts=0)
10-01 14:58:21.381 W/FrameProbe(18737): nativeOnCameraFrame 55.0 ms (trackedPts=0)
10-01 14:58:21.499 W/FrameProbe(18737): nativeOnCameraFrame 51.6 ms (trackedPts=0)
10-01 14:58:21.623 W/FrameProbe(18737): nativeOnCameraFrame 41.9 ms (trackedPts=0)
10-01 14:58:21.733 I/ArPoseProbe(18737): fromTs=77.6% latest=22.4% total=6660
10-01 14:58:21.783 W/FrameProbe(18737): nativeOnCameraFrame 62.6 ms (trackedPts=0)
10-01 14:58:21.931 W/FrameProbe(18737): nativeOnCameraFrame 70.9 ms (trackedPts=0)
10-01 14:58:21.958 D/FpsProbe(18737): fps=24.2 LOW
10-01 14:58:22.043 W/FrameProbe(18737): nativeOnCameraFrame 52.0 ms (trackedPts=0)
10-01 14:58:22.177 W/FrameProbe(18737): nativeOnCameraFrame 51.5 ms (trackedPts=0)
10-01 14:58:22.312 W/FrameProbe(18737): nativeOnCameraFrame 55.0 ms (trackedPts=0)
10-01 14:58:22.445 W/FrameProbe(18737): nativeOnCameraFrame 54.2 ms (trackedPts=0)
10-01 14:58:22.575 W/FrameProbe(18737): nativeOnCameraFrame 50.8 ms (trackedPts=0)
10-01 14:58:22.712 W/FrameProbe(18737): nativeOnCameraFrame 57.9 ms (trackedPts=0)
10-01 14:58:22.834 W/FrameProbe(18737): nativeOnCameraFrame 48.5 ms (trackedPts=0)
10-01 14:58:22.957 W/FrameProbe(18737): nativeOnCameraFrame 41.5 ms (trackedPts=0)
10-01 14:58:22.974 D/FpsProbe(18737): fps=26.1
10-01 14:58:23.109 W/FrameProbe(18737): nativeOnCameraFrame 57.3 ms (trackedPts=0)
10-01 14:58:23.231 W/FrameProbe(18737): nativeOnCameraFrame 46.4 ms (trackedPts=0)
10-01 14:58:23.366 W/FrameProbe(18737): nativeOnCameraFrame 52.4 ms (trackedPts=0)
10-01 14:58:23.367 I/ArPoseProbe(18737): fromTs=77.8% latest=22.2% total=6750
10-01 14:58:23.503 W/FrameProbe(18737): nativeOnCameraFrame 43.2 ms (trackedPts=0)
10-01 14:58:23.636 W/FrameProbe(18737): nativeOnCameraFrame 47.4 ms (trackedPts=0)
10-01 14:58:23.782 W/FrameProbe(18737): nativeOnCameraFrame 62.4 ms (trackedPts=0)
10-01 14:58:23.887 W/FrameProbe(18737): nativeOnCameraFrame 36.3 ms (trackedPts=0)
10-01 14:58:24.031 W/FrameProbe(18737): nativeOnCameraFrame 47.6 ms (trackedPts=0)
10-01 14:58:24.031 D/FpsProbe(18737): fps=29.0
10-01 14:58:24.177 W/FrameProbe(18737): nativeOnCameraFrame 57.7 ms (trackedPts=0)
10-01 14:58:24.291 W/FrameProbe(18737): nativeOnCameraFrame 35.6 ms (trackedPts=0)
10-01 14:58:24.460 W/FrameProbe(18737): nativeOnCameraFrame 64.7 ms (trackedPts=0)
10-01 14:58:24.565 W/FrameProbe(18737): nativeOnCameraFrame 50.2 ms (trackedPts=0)
10-01 14:58:24.712 W/FrameProbe(18737): nativeOnCameraFrame 63.3 ms (trackedPts=0)
10-01 14:58:24.856 W/FrameProbe(18737): nativeOnCameraFrame 63.5 ms (trackedPts=0)
10-01 14:58:24.904 I/ArPoseProbe(18737): fromTs=78.0% latest=22.0% total=6840
10-01 14:58:24.969 W/FrameProbe(18737): nativeOnCameraFrame 53.0 ms (trackedPts=0)
10-01 14:58:25.031 D/FpsProbe(18737): fps=27.1
10-01 14:58:25.110 W/FrameProbe(18737): nativeOnCameraFrame 53.1 ms (trackedPts=0)
10-01 14:58:25.238 W/FrameProbe(18737): nativeOnCameraFrame 51.3 ms (trackedPts=0)
10-01 14:58:25.377 W/FrameProbe(18737): nativeOnCameraFrame 53.5 ms (trackedPts=0)
10-01 14:58:25.418 W/FrameProbe(18737): nativeOnCameraFrame 17.1 ms (trackedPts=0)
10-01 14:58:25.489 W/FrameProbe(18737): nativeOnCameraFrame 40.6 ms (trackedPts=0)
10-01 14:58:25.651 W/FrameProbe(18737): nativeOnCameraFrame 64.2 ms (trackedPts=0)
10-01 14:58:25.775 W/FrameProbe(18737): nativeOnCameraFrame 56.0 ms (trackedPts=0)
10-01 14:58:25.910 W/FrameProbe(18737): nativeOnCameraFrame 53.8 ms (trackedPts=0)
10-01 14:58:26.031 W/FrameProbe(18737): nativeOnCameraFrame 48.8 ms (trackedPts=0)
10-01 14:58:26.064 D/FpsProbe(18737): fps=28.1
10-01 14:58:26.188 W/FrameProbe(18737): nativeOnCameraFrame 63.6 ms (trackedPts=0)
10-01 14:58:26.311 W/FrameProbe(18737): nativeOnCameraFrame 54.3 ms (trackedPts=0)
10-01 14:58:26.419 W/FrameProbe(18737): nativeOnCameraFrame 36.6 ms (trackedPts=0)
10-01 14:58:26.466 I/ArPoseProbe(18737): fromTs=78.2% latest=21.8% total=6930
10-01 14:58:26.564 W/FrameProbe(18737): nativeOnCameraFrame 49.1 ms (trackedPts=0)
10-01 14:58:26.710 W/FrameProbe(18737): nativeOnCameraFrame 52.3 ms (trackedPts=0)
10-01 14:58:26.835 W/FrameProbe(18737): nativeOnCameraFrame 46.3 ms (trackedPts=0)
10-01 14:58:26.964 W/FrameProbe(18737): nativeOnCameraFrame 49.9 ms (trackedPts=0)
10-01 14:58:27.083 W/FrameProbe(18737): nativeOnCameraFrame 35.7 ms (trackedPts=0)
10-01 14:58:27.101 D/FpsProbe(18737): fps=29.0
10-01 14:58:27.255 W/FrameProbe(18737): nativeOnCameraFrame 61.0 ms (trackedPts=0)
10-01 14:58:27.369 W/FrameProbe(18737): nativeOnCameraFrame 53.1 ms (trackedPts=0)
10-01 14:58:27.489 W/FrameProbe(18737): nativeOnCameraFrame 41.6 ms (trackedPts=0)
10-01 14:58:27.641 W/FrameProbe(18737): nativeOnCameraFrame 57.6 ms (trackedPts=0)
10-01 14:58:27.771 W/FrameProbe(18737): nativeOnCameraFrame 55.7 ms (trackedPts=0)
10-01 14:58:27.912 W/FrameProbe(18737): nativeOnCameraFrame 59.0 ms (trackedPts=0)
10-01 14:58:28.023 I/ArPoseProbe(18737): fromTs=78.4% latest=21.6% total=7020
10-01 14:58:28.045 W/FrameProbe(18737): nativeOnCameraFrame 53.1 ms (trackedPts=0)
10-01 14:58:28.182 W/FrameProbe(18737): nativeOnCameraFrame 55.5 ms (trackedPts=0)
10-01 14:58:28.183 D/FpsProbe(18737): fps=27.1
10-01 14:58:28.308 W/FrameProbe(18737): nativeOnCameraFrame 51.7 ms (trackedPts=0)
10-01 14:58:28.439 W/FrameProbe(18737): nativeOnCameraFrame 48.0 ms (trackedPts=0)
10-01 14:58:28.583 W/FrameProbe(18737): nativeOnCameraFrame 56.9 ms (trackedPts=0)
10-01 14:58:28.718 W/FrameProbe(18737): nativeOnCameraFrame 59.6 ms (trackedPts=0)
10-01 14:58:28.840 W/FrameProbe(18737): nativeOnCameraFrame 58.7 ms (trackedPts=0)
10-01 14:58:28.979 W/FrameProbe(18737): nativeOnCameraFrame 56.3 ms (trackedPts=0)
10-01 14:58:29.108 W/FrameProbe(18737): nativeOnCameraFrame 62.3 ms (trackedPts=0)
10-01 14:58:29.157 D/FpsProbe(18737): fps=24.2 LOW
10-01 14:58:29.253 W/FrameProbe(18737): nativeOnCameraFrame 67.6 ms (trackedPts=0)
10-01 14:58:29.372 W/FrameProbe(18737): nativeOnCameraFrame 59.6 ms (trackedPts=0)
10-01 14:58:29.511 W/FrameProbe(18737): nativeOnCameraFrame 54.6 ms (trackedPts=0)
10-01 14:58:29.640 W/FrameProbe(18737): nativeOnCameraFrame 58.8 ms (trackedPts=0)
10-01 14:58:29.657 I/ArPoseProbe(18737): fromTs=78.7% latest=21.3% total=7110
10-01 14:58:29.776 W/FrameProbe(18737): nativeOnCameraFrame 55.4 ms (trackedPts=0)
10-01 14:58:29.913 W/FrameProbe(18737): nativeOnCameraFrame 59.7 ms (trackedPts=0)
10-01 14:58:30.052 W/FrameProbe(18737): nativeOnCameraFrame 64.2 ms (trackedPts=0)
10-01 14:58:30.176 W/FrameProbe(18737): nativeOnCameraFrame 61.3 ms (trackedPts=0)
10-01 14:58:30.207 D/FpsProbe(18737): fps=27.1
10-01 14:58:30.297 W/FrameProbe(18737): nativeOnCameraFrame 50.8 ms (trackedPts=0)
10-01 14:58:30.456 W/FrameProbe(18737): nativeOnCameraFrame 63.8 ms (trackedPts=0)
10-01 14:58:30.559 W/FrameProbe(18737): nativeOnCameraFrame 46.6 ms (trackedPts=0)
10-01 14:58:30.701 W/FrameProbe(18737): nativeOnCameraFrame 53.2 ms (trackedPts=0)
10-01 14:58:30.840 W/FrameProbe(18737): nativeOnCameraFrame 57.2 ms (trackedPts=0)
10-01 14:58:30.988 W/FrameProbe(18737): nativeOnCameraFrame 63.9 ms (trackedPts=0)
10-01 14:58:31.120 W/FrameProbe(18737): nativeOnCameraFrame 58.6 ms (trackedPts=0)
10-01 14:58:31.239 W/FrameProbe(18737): nativeOnCameraFrame 56.9 ms (trackedPts=0)
10-01 14:58:31.256 D/FpsProbe(18737): fps=26.1
10-01 14:58:31.256 I/ArPoseProbe(18737): fromTs=79.0% latest=21.0% total=7200
10-01 14:58:31.380 W/FrameProbe(18737): nativeOnCameraFrame 59.2 ms (trackedPts=0)
10-01 14:58:31.507 W/FrameProbe(18737): nativeOnCameraFrame 59.4 ms (trackedPts=0)
10-01 14:58:31.651 W/FrameProbe(18737): nativeOnCameraFrame 65.8 ms (trackedPts=0)
10-01 14:58:31.798 W/FrameProbe(18737): nativeOnCameraFrame 74.2 ms (trackedPts=0)
10-01 14:58:31.824 W/FrameProbe(18737): nativeOnCameraFrame 17.3 ms (trackedPts=0)
10-01 14:58:31.934 W/FrameProbe(18737): nativeOnCameraFrame 77.7 ms (trackedPts=0)
10-01 14:58:32.053 W/FrameProbe(18737): nativeOnCameraFrame 71.8 ms (trackedPts=0)
10-01 14:58:32.192 W/FrameProbe(18737): nativeOnCameraFrame 73.7 ms (trackedPts=0)
10-01 14:58:32.305 W/FrameProbe(18737): nativeOnCameraFrame 55.6 ms (trackedPts=0)
10-01 14:58:32.307 D/FpsProbe(18737): fps=23.2 LOW
10-01 14:58:32.438 W/FrameProbe(18737): nativeOnCameraFrame 56.6 ms (trackedPts=0)
10-01 14:58:32.574 W/FrameProbe(18737): nativeOnCameraFrame 60.7 ms (trackedPts=0)
10-01 14:58:32.708 W/FrameProbe(18737): nativeOnCameraFrame 60.7 ms (trackedPts=0)
10-01 14:58:32.858 W/FrameProbe(18737): nativeOnCameraFrame 68.1 ms (trackedPts=0)
10-01 14:58:32.905 I/ArPoseProbe(18737): fromTs=79.2% latest=20.8% total=7290
10-01 14:58:32.976 W/FrameProbe(18737): nativeOnCameraFrame 61.5 ms (trackedPts=0)
10-01 14:58:33.127 W/FrameProbe(18737): nativeOnCameraFrame 70.1 ms (trackedPts=0)
10-01 14:58:33.154 W/FrameProbe(18737): nativeOnCameraFrame 17.8 ms (trackedPts=0)
10-01 14:58:33.240 W/FrameProbe(18737): nativeOnCameraFrame 61.9 ms (trackedPts=0)
10-01 14:58:33.299 D/FpsProbe(18737): fps=26.1
10-01 14:58:33.398 W/FrameProbe(18737): nativeOnCameraFrame 75.3 ms (trackedPts=0)
10-01 14:58:33.521 W/FrameProbe(18737): nativeOnCameraFrame 72.0 ms (trackedPts=0)
10-01 14:58:33.659 W/FrameProbe(18737): nativeOnCameraFrame 70.4 ms (trackedPts=0)
10-01 14:58:33.803 W/FrameProbe(18737): nativeOnCameraFrame 79.1 ms (trackedPts=0)
10-01 14:58:33.923 W/FrameProbe(18737): nativeOnCameraFrame 68.2 ms (trackedPts=0)
10-01 14:58:34.064 W/FrameProbe(18737): nativeOnCameraFrame 82.8 ms (trackedPts=0)
10-01 14:58:34.202 W/FrameProbe(18737): nativeOnCameraFrame 72.4 ms (trackedPts=0)
10-01 14:58:34.330 W/FrameProbe(18737): nativeOnCameraFrame 74.8 ms (trackedPts=0)
10-01 14:58:34.356 D/FpsProbe(18737): fps=22.3 LOW
10-01 14:58:34.458 W/FrameProbe(18737): nativeOnCameraFrame 66.6 ms (trackedPts=0)
10-01 14:58:34.597 W/FrameProbe(18737): nativeOnCameraFrame 79.1 ms (trackedPts=0)
10-01 14:58:34.619 I/ArPoseProbe(18737): fromTs=79.3% latest=20.7% total=7380
10-01 14:58:34.725 W/FrameProbe(18737): nativeOnCameraFrame 73.2 ms (trackedPts=0)
10-01 14:58:34.877 W/FrameProbe(18737): nativeOnCameraFrame 87.0 ms (trackedPts=0)
10-01 14:58:34.986 W/FrameProbe(18737): nativeOnCameraFrame 71.2 ms (trackedPts=0)
10-01 14:58:35.109 W/FrameProbe(18737): nativeOnCameraFrame 60.0 ms (trackedPts=0)
10-01 14:58:35.259 W/FrameProbe(18737): nativeOnCameraFrame 76.5 ms (trackedPts=0)
10-01 14:58:35.286 I/CameraRange(18737): scan-start capabilities: primary=2 | id=3 fov=94.7 focal=2.31 minFocus=0.032m score=18.35 | cur=3
10-01 14:58:35.286 I/CameraRange(18737): note: only 1 selectable auxiliary lens -> distance-driven switching cannot change the aux id on this device
10-01 14:58:35.294 I/MobileScan3D(18737): V0.4 native create Vulkan=1
10-01 14:58:35.349 W/FrameProbe(18737): nativeOnCameraFrame 16.3 ms (trackedPts=0)
10-01 14:58:35.359 D/FpsProbe(18737): fps=22.3 LOW
10-01 14:58:35.483 W/FrameProbe(18737): nativeOnCameraFrame 27.2 ms (trackedPts=0)
10-01 14:58:35.612 W/FrameProbe(18737): nativeOnCameraFrame 17.9 ms (trackedPts=0)
10-01 14:58:35.740 W/FrameProbe(18737): nativeOnCameraFrame 19.8 ms (trackedPts=0)
10-01 14:58:36.226 I/ArPoseProbe(18737): fromTs=78.8% latest=21.2% total=7470
10-01 14:58:36.274 W/FrameProbe(18737): nativeOnCameraFrame 17.7 ms (trackedPts=0)
10-01 14:58:36.408 W/FrameProbe(18737): nativeOnCameraFrame 18.0 ms (trackedPts=0)
10-01 14:58:36.409 D/FpsProbe(18737): fps=30.0
10-01 14:58:36.675 W/FrameProbe(18737): nativeOnCameraFrame 20.0 ms (trackedPts=0)
10-01 14:58:36.877 W/FrameProbe(18737): nativeOnCameraFrame 94.2 ms (trackedPts=0)
10-01 14:58:37.092 W/FrameProbe(18737): nativeOnCameraFrame 174.1 ms (trackedPts=0)
10-01 14:58:37.360 W/FrameProbe(18737): nativeOnCameraFrame 257.1 ms (trackedPts=0)
10-01 14:58:37.429 W/FrameProbe(18737): nativeOnCameraFrame 58.6 ms (trackedPts=0)
10-01 14:58:37.454 D/FpsProbe(18737): fps=17.4 LOW
10-01 14:58:37.512 W/FrameProbe(18737): nativeOnCameraFrame 18.9 ms (trackedPts=0)
10-01 14:58:37.638 W/FrameProbe(18737): nativeOnCameraFrame 18.5 ms (trackedPts=0)
10-01 14:58:37.671 I/CameraRange(18737): hold 自动/中 等待有效深度 aux=3 reason=policy-hold pending=none/0
10-01 14:58:38.463 I/MobileScan3D(18737): renderPoseAtTol match: deltaMs=321 newestAgeMs=321 hist=8
10-01 14:58:38.464 I/MobileScan3D(18737): ArAxesProbe raw down=(-0.137,-0.991,0.002) fwd=(-0.897,0.123,-0.424) post down=(-0.137,-0.991,0.002) fwd=(-0.897,0.123,-0.424) deltaMs=321
10-01 14:58:38.464 I/HqTexture(18737): pose relaxed: idx=0 ts=365117333898279 tol=500ms
10-01 14:58:38.618 I/MobileScan3D(18737): renderPoseAtTol match: deltaMs=454 newestAgeMs=454 hist=8
10-01 14:58:38.618 I/HqTexture(18737): pose relaxed: idx=1 ts=365117467206612 tol=500ms
10-01 14:58:39.348 W/FrameProbe(18737): nativeOnCameraFrame 36.2 ms (trackedPts=0)
10-01 14:58:39.348 D/FpsProbe(18737): fps=4.3 LOW
10-01 14:58:39.396 W/FrameProbe(18737): nativeOnCameraFrame 34.4 ms (trackedPts=0)
10-01 14:58:39.422 W/FrameProbe(18737): nativeOnCameraFrame 17.2 ms (trackedPts=0)
10-01 14:58:39.460 W/FrameProbe(18737): nativeOnCameraFrame 27.3 ms (trackedPts=0)
10-01 14:58:39.498 W/FrameProbe(18737): nativeOnCameraFrame 17.0 ms (trackedPts=0)
10-01 14:58:39.537 W/FrameProbe(18737): nativeOnCameraFrame 16.8 ms (trackedPts=0)
10-01 14:58:39.610 W/FrameProbe(18737): nativeOnCameraFrame 43.8 ms (trackedPts=0)
10-01 14:58:39.646 I/ArPoseProbe(18737): fromTs=78.3% latest=21.7% total=7560
10-01 14:58:39.651 W/FrameProbe(18737): nativeOnCameraFrame 21.1 ms (trackedPts=0)
10-01 14:58:39.688 W/FrameProbe(18737): nativeOnCameraFrame 20.5 ms (trackedPts=0)
10-01 14:58:39.722 W/FrameProbe(18737): nativeOnCameraFrame 16.5 ms (trackedPts=0)
10-01 14:58:39.753 W/FrameProbe(18737): nativeOnCameraFrame 16.4 ms (trackedPts=0)
10-01 14:58:39.786 W/FrameProbe(18737): nativeOnCameraFrame 21.4 ms (trackedPts=0)
10-01 14:58:39.844 W/FrameProbe(18737): nativeOnCameraFrame 23.4 ms (trackedPts=0)
10-01 14:58:39.976 W/FrameProbe(18737): nativeOnCameraFrame 30.1 ms (trackedPts=0)
10-01 14:58:40.096 W/FrameProbe(18737): nativeOnCameraFrame 20.7 ms (trackedPts=0)
10-01 14:58:40.235 W/FrameProbe(18737): nativeOnCameraFrame 32.9 ms (trackedPts=0)
10-01 14:58:40.273 W/FrameProbe(18737): nativeOnCameraFrame 22.1 ms (trackedPts=0)
10-01 14:58:40.308 W/FrameProbe(18737): nativeOnCameraFrame 20.6 ms (trackedPts=0)
10-01 14:58:40.350 W/FrameProbe(18737): nativeOnCameraFrame 29.9 ms (trackedPts=0)
10-01 14:58:40.352 D/FpsProbe(18737): fps=27.1
10-01 14:58:40.395 W/FrameProbe(18737): nativeOnCameraFrame 30.1 ms (trackedPts=0)
10-01 14:58:40.419 W/FrameProbe(18737): nativeOnCameraFrame 17.1 ms (trackedPts=0)
10-01 14:58:40.446 W/FrameProbe(18737): nativeOnCameraFrame 17.3 ms (trackedPts=0)
10-01 14:58:40.511 W/FrameProbe(18737): nativeOnCameraFrame 33.1 ms (trackedPts=0)
10-01 14:58:40.648 W/FrameProbe(18737): nativeOnCameraFrame 37.7 ms (trackedPts=0)
10-01 14:58:40.680 W/FrameProbe(18737): nativeOnCameraFrame 21.0 ms (trackedPts=0)
10-01 14:58:40.765 W/FrameProbe(18737): nativeOnCameraFrame 21.4 ms (trackedPts=0)
10-01 14:58:40.912 W/FrameProbe(18737): nativeOnCameraFrame 36.3 ms (trackedPts=0)
10-01 14:58:41.081 W/FrameProbe(18737): nativeOnCameraFrame 70.6 ms (trackedPts=0)
10-01 14:58:41.114 W/FrameProbe(18737): nativeOnCameraFrame 17.1 ms (trackedPts=0)
10-01 14:58:41.146 W/FrameProbe(18737): nativeOnCameraFrame 26.7 ms (trackedPts=0)
10-01 14:58:41.194 I/ArPoseProbe(18737): fromTs=78.4% latest=21.6% total=7650
10-01 14:58:41.210 W/FrameProbe(18737): nativeOnCameraFrame 24.5 ms (trackedPts=0)
10-01 14:58:41.235 W/FrameProbe(18737): nativeOnCameraFrame 17.4 ms (trackedPts=0)
10-01 14:58:41.266 W/FrameProbe(18737): nativeOnCameraFrame 18.4 ms (trackedPts=0)
10-01 14:58:41.301 W/FrameProbe(18737): nativeOnCameraFrame 17.9 ms (trackedPts=0)
10-01 14:58:41.350 W/FrameProbe(18737): nativeOnCameraFrame 37.8 ms (trackedPts=0)
10-01 14:58:41.408 W/FrameProbe(18737): nativeOnCameraFrame 36.7 ms (trackedPts=0)
10-01 14:58:41.409 D/FpsProbe(18737): fps=28.1
10-01 14:58:41.485 W/FrameProbe(18737): nativeOnCameraFrame 37.2 ms (trackedPts=0)
10-01 14:58:41.543 W/FrameProbe(18737): nativeOnCameraFrame 20.2 ms (trackedPts=0)
10-01 14:58:41.580 W/FrameProbe(18737): nativeOnCameraFrame 29.0 ms (trackedPts=0)
10-01 14:58:41.628 W/FrameProbe(18737): nativeOnCameraFrame 34.5 ms (trackedPts=0)
10-01 14:58:41.660 W/FrameProbe(18737): nativeOnCameraFrame 17.7 ms (trackedPts=0)
10-01 14:58:41.688 W/FrameProbe(18737): nativeOnCameraFrame 16.1 ms (trackedPts=0)
10-01 14:58:41.746 W/FrameProbe(18737): nativeOnCameraFrame 22.6 ms (trackedPts=0)
10-01 14:58:41.879 W/FrameProbe(18737): nativeOnCameraFrame 33.4 ms (trackedPts=0)
10-01 14:58:42.024 W/FrameProbe(18737): nativeOnCameraFrame 45.5 ms (trackedPts=0)
10-01 14:58:42.078 W/FrameProbe(18737): nativeOnCameraFrame 34.9 ms (trackedPts=0)
10-01 14:58:42.153 W/FrameProbe(18737): nativeOnCameraFrame 50.3 ms (trackedPts=0)
10-01 14:58:42.195 W/FrameProbe(18737): nativeOnCameraFrame 32.4 ms (trackedPts=0)
10-01 14:58:42.228 W/FrameProbe(18737): nativeOnCameraFrame 19.7 ms (trackedPts=0)
10-01 14:58:42.288 W/FrameProbe(18737): nativeOnCameraFrame 24.6 ms (trackedPts=0)
10-01 14:58:42.330 W/FrameProbe(18737): nativeOnCameraFrame 31.6 ms (trackedPts=0)
10-01 14:58:42.395 D/FpsProbe(18737): fps=26.1
10-01 14:58:42.443 W/FrameProbe(18737): nativeOnCameraFrame 33.3 ms (trackedPts=0)
10-01 14:58:42.574 W/FrameProbe(18737): nativeOnCameraFrame 29.9 ms (trackedPts=0)
10-01 14:58:42.701 W/FrameProbe(18737): nativeOnCameraFrame 23.5 ms (trackedPts=0)
10-01 14:58:42.734 I/ArPoseProbe(18737): fromTs=78.4% latest=21.6% total=7740
10-01 14:58:42.852 W/FrameProbe(18737): nativeOnCameraFrame 40.6 ms (trackedPts=0)
10-01 14:58:42.965 W/FrameProbe(18737): nativeOnCameraFrame 21.2 ms (trackedPts=0)
10-01 14:58:43.028 I/HqTexture(18737): register ok: single_229368112943698.jpg idx=1 q=2.50 ts=365117467206612
10-01 14:58:43.096 W/FrameProbe(18737): nativeOnCameraFrame 21.4 ms (trackedPts=0)
10-01 14:58:43.242 W/FrameProbe(18737): nativeOnCameraFrame 29.7 ms (trackedPts=0)
10-01 14:58:43.370 W/FrameProbe(18737): nativeOnCameraFrame 28.9 ms (trackedPts=0)
10-01 14:58:43.545 W/FrameProbe(18737): nativeOnCameraFrame 138.7 ms (trackedPts=0)
10-01 14:58:43.548 D/FpsProbe(18737): fps=29.0
10-01 14:58:43.610 W/FrameProbe(18737): nativeOnCameraFrame 52.7 ms (trackedPts=0)
10-01 14:58:43.664 I/CameraRange(18737): hold 自动/中 等待有效深度 aux=3 reason=policy-hold pending=none/0
10-01 14:58:43.722 W/FrameProbe(18737): nativeOnCameraFrame 47.8 ms (trackedPts=0)
10-01 14:58:43.864 W/FrameProbe(18737): nativeOnCameraFrame 55.0 ms (trackedPts=0)
10-01 14:58:43.996 W/FrameProbe(18737): nativeOnCameraFrame 57.0 ms (trackedPts=0)
10-01 14:58:44.133 W/FrameProbe(18737): nativeOnCameraFrame 57.3 ms (trackedPts=0)
10-01 14:58:44.266 W/FrameProbe(18737): nativeOnCameraFrame 56.0 ms (trackedPts=0)
10-01 14:58:44.317 I/ArPoseProbe(18737): fromTs=78.4% latest=21.6% total=7830
10-01 14:58:44.402 W/FrameProbe(18737): nativeOnCameraFrame 62.1 ms (trackedPts=0)
10-01 14:58:44.451 D/FpsProbe(18737): fps=23.2 LOW
10-01 14:58:44.532 W/FrameProbe(18737): nativeOnCameraFrame 55.5 ms (trackedPts=0)
10-01 14:58:44.576 W/FrameProbe(18737): nativeOnCameraFrame 20.0 ms (trackedPts=0)
10-01 14:58:44.715 W/FrameProbe(18737): nativeOnCameraFrame 99.5 ms (trackedPts=0)
10-01 14:58:44.821 W/FrameProbe(18737): nativeOnCameraFrame 77.2 ms (trackedPts=0)
10-01 14:58:44.961 W/FrameProbe(18737): nativeOnCameraFrame 75.9 ms (trackedPts=0)
10-01 14:58:45.089 W/FrameProbe(18737): nativeOnCameraFrame 72.7 ms (trackedPts=0)
10-01 14:58:45.242 W/FrameProbe(18737): nativeOnCameraFrame 93.3 ms (trackedPts=0)
10-01 14:58:45.355 W/FrameProbe(18737): nativeOnCameraFrame 78.8 ms (trackedPts=0)
10-01 14:58:45.479 W/FrameProbe(18737): nativeOnCameraFrame 68.4 ms (trackedPts=0)
10-01 14:58:45.498 D/FpsProbe(18737): fps=21.3 LOW
10-01 14:58:45.617 W/FrameProbe(18737): nativeOnCameraFrame 75.3 ms (trackedPts=0)
10-01 14:58:45.755 W/FrameProbe(18737): nativeOnCameraFrame 72.9 ms (trackedPts=0)
10-01 14:58:45.898 W/FrameProbe(18737): nativeOnCameraFrame 83.0 ms (trackedPts=0)
10-01 14:58:45.947 I/CameraRange(18737): hold 自动/中 0.35m（估计） aux=3 reason=policy-hold pending=近/1
10-01 14:58:46.023 W/FrameProbe(18737): nativeOnCameraFrame 73.9 ms (trackedPts=0)
10-01 14:58:46.050 W/FrameProbe(18737): nativeOnCameraFrame 16.7 ms (trackedPts=0)
10-01 14:58:46.054 I/ArPoseProbe(18737): fromTs=78.5% latest=21.5% total=7920
10-01 14:58:46.134 W/FrameProbe(18737): nativeOnCameraFrame 59.0 ms (trackedPts=0)
10-01 14:58:46.296 W/FrameProbe(18737): nativeOnCameraFrame 90.8 ms (trackedPts=0)
10-01 14:58:46.408 W/FrameProbe(18737): nativeOnCameraFrame 64.7 ms (trackedPts=0)
10-01 14:58:46.523 W/FrameProbe(18737): nativeOnCameraFrame 50.7 ms (trackedPts=0)
10-01 14:58:46.547 D/FpsProbe(18737): fps=23.2 LOW
10-01 14:58:46.676 W/FrameProbe(18737): nativeOnCameraFrame 60.7 ms (trackedPts=0)
10-01 14:58:46.809 W/FrameProbe(18737): nativeOnCameraFrame 70.7 ms (trackedPts=0)
10-01 14:58:46.962 W/FrameProbe(18737): nativeOnCameraFrame 79.3 ms (trackedPts=0)
10-01 14:58:47.080 W/FrameProbe(18737): nativeOnCameraFrame 68.9 ms (trackedPts=0)
10-01 14:58:47.120 I/CameraRange(18737): hold 自动/中 0.35m（估计） aux=3 reason=policy-hold pending=none/1
10-01 14:58:47.206 W/FrameProbe(18737): nativeOnCameraFrame 68.7 ms (trackedPts=0)
10-01 14:58:47.335 W/FrameProbe(18737): nativeOnCameraFrame 60.6 ms (trackedPts=0)
10-01 14:58:47.477 W/FrameProbe(18737): nativeOnCameraFrame 70.4 ms (trackedPts=0)
10-01 14:58:47.618 W/FrameProbe(18737): nativeOnCameraFrame 66.3 ms (trackedPts=0)
10-01 14:58:47.618 D/FpsProbe(18737): fps=23.2 LOW
10-01 14:58:47.743 W/FrameProbe(18737): nativeOnCameraFrame 67.2 ms (trackedPts=0)
10-01 14:58:47.744 I/ArPoseProbe(18737): fromTs=78.6% latest=21.4% total=8010
10-01 14:58:47.872 W/FrameProbe(18737): nativeOnCameraFrame 68.9 ms (trackedPts=0)
10-01 14:58:48.008 W/FrameProbe(18737): nativeOnCameraFrame 69.6 ms (trackedPts=0)
10-01 14:58:48.137 W/FrameProbe(18737): nativeOnCameraFrame 53.6 ms (trackedPts=0)
10-01 14:58:48.190 W/FrameProbe(18737): nativeOnCameraFrame 21.3 ms (trackedPts=0)
10-01 14:58:48.266 W/FrameProbe(18737): nativeOnCameraFrame 58.5 ms (trackedPts=0)
10-01 14:58:48.310 I/CameraRange(18737): hold 自动/中 0.31m（估计） aux=3 reason=policy-hold pending=近/1
10-01 14:58:48.410 W/FrameProbe(18737): nativeOnCameraFrame 61.6 ms (trackedPts=0)
10-01 14:58:48.536 W/FrameProbe(18737): nativeOnCameraFrame 65.0 ms (trackedPts=0)
10-01 14:58:48.588 D/FpsProbe(18737): fps=23.2 LOW
10-01 14:58:48.682 W/FrameProbe(18737): nativeOnCameraFrame 66.5 ms (trackedPts=0)
10-01 14:58:48.807 W/FrameProbe(18737): nativeOnCameraFrame 66.4 ms (trackedPts=0)
10-01 14:58:48.944 W/FrameProbe(18737): nativeOnCameraFrame 70.2 ms (trackedPts=0)
10-01 14:58:49.076 W/FrameProbe(18737): nativeOnCameraFrame 70.1 ms (trackedPts=0)
10-01 14:58:49.206 W/FrameProbe(18737): nativeOnCameraFrame 70.0 ms (trackedPts=0)
10-01 14:58:49.345 W/FrameProbe(18737): nativeOnCameraFrame 67.8 ms (trackedPts=0)
10-01 14:58:49.412 I/CameraRange(18737): hold 自动/中 0.31m（估计） aux=3 reason=policy-hold pending=近/2
10-01 14:58:49.496 I/ArPoseProbe(18737): fromTs=78.8% latest=21.2% total=8100
10-01 14:58:49.496 W/FrameProbe(18737): nativeOnCameraFrame 80.4 ms (trackedPts=0)
10-01 14:58:49.613 W/FrameProbe(18737): nativeOnCameraFrame 64.4 ms (trackedPts=0)
10-01 14:58:49.631 D/FpsProbe(18737): fps=22.3 LOW
10-01 14:58:49.750 W/FrameProbe(18737): nativeOnCameraFrame 68.7 ms (trackedPts=0)
10-01 14:58:49.894 W/FrameProbe(18737): nativeOnCameraFrame 81.8 ms (trackedPts=0)
10-01 14:58:50.016 W/FrameProbe(18737): nativeOnCameraFrame 76.4 ms (trackedPts=0)
10-01 14:58:50.135 W/FrameProbe(18737): nativeOnCameraFrame 60.0 ms (trackedPts=0)
10-01 14:58:50.276 W/FrameProbe(18737): nativeOnCameraFrame 68.1 ms (trackedPts=0)
10-01 14:58:50.301 W/FrameProbe(18737): nativeOnCameraFrame 17.1 ms (trackedPts=0)
10-01 14:58:50.424 W/FrameProbe(18737): nativeOnCameraFrame 76.1 ms (trackedPts=0)
10-01 14:58:50.554 W/FrameProbe(18737): nativeOnCameraFrame 73.6 ms (trackedPts=0)
10-01 14:58:50.596 I/CameraRange(18737): hold 自动/中 0.43m（估计） aux=3 reason=policy-hold pending=none/2
10-01 14:58:50.670 W/FrameProbe(18737): nativeOnCameraFrame 63.0 ms (trackedPts=0)
10-01 14:58:50.687 D/FpsProbe(18737): fps=21.6 LOW
10-01 14:58:50.819 W/FrameProbe(18737): nativeOnCameraFrame 70.8 ms (trackedPts=0)
10-01 14:58:50.923 W/FrameProbe(18737): nativeOnCameraFrame 48.4 ms (trackedPts=0)
10-01 14:58:51.083 W/FrameProbe(18737): nativeOnCameraFrame 70.6 ms (trackedPts=0)
10-01 14:58:51.152 I/ArPoseProbe(18737): fromTs=79.0% latest=21.0% total=8190
10-01 14:58:51.207 W/FrameProbe(18737): nativeOnCameraFrame 70.3 ms (trackedPts=0)
10-01 14:58:51.346 W/FrameProbe(18737): nativeOnCameraFrame 70.6 ms (trackedPts=0)
10-01 14:58:51.488 W/FrameProbe(18737): nativeOnCameraFrame 61.5 ms (trackedPts=0)
10-01 14:58:51.597 W/FrameProbe(18737): nativeOnCameraFrame 55.2 ms (trackedPts=0)
10-01 14:58:51.732 W/FrameProbe(18737): nativeOnCameraFrame 61.7 ms (trackedPts=0)
10-01 14:58:51.752 D/FpsProbe(18737): fps=23.4 LOW
10-01 14:58:51.794 I/CameraRange(18737): hold 自动/中 0.37m（估计） aux=3 reason=policy-hold pending=none/2
10-01 14:58:51.870 W/FrameProbe(18737): nativeOnCameraFrame 64.6 ms (trackedPts=0)
10-01 14:58:52.002 W/FrameProbe(18737): nativeOnCameraFrame 56.5 ms (trackedPts=0)
10-01 14:58:52.037 W/FrameProbe(18737): nativeOnCameraFrame 20.5 ms (trackedPts=0)
10-01 14:58:52.144 W/FrameProbe(18737): nativeOnCameraFrame 62.5 ms (trackedPts=0)
10-01 14:58:52.173 W/FrameProbe(18737): nativeOnCameraFrame 17.1 ms (trackedPts=0)
10-01 14:58:52.265 W/FrameProbe(18737): nativeOnCameraFrame 62.7 ms (trackedPts=0)
10-01 14:58:52.402 W/FrameProbe(18737): nativeOnCameraFrame 63.9 ms (trackedPts=0)
10-01 14:58:52.545 W/FrameProbe(18737): nativeOnCameraFrame 71.9 ms (trackedPts=0)
10-01 14:58:52.683 W/FrameProbe(18737): nativeOnCameraFrame 59.1 ms (trackedPts=0)
10-01 14:58:52.803 W/FrameProbe(18737): nativeOnCameraFrame 64.9 ms (trackedPts=0)
10-01 14:58:52.820 D/FpsProbe(18737): fps=23.4 LOW
10-01 14:58:52.847 I/ArPoseProbe(18737): fromTs=79.1% latest=20.9% total=8280
10-01 14:58:52.949 W/FrameProbe(18737): nativeOnCameraFrame 69.0 ms (trackedPts=0)
10-01 14:58:53.068 W/FrameProbe(18737): nativeOnCameraFrame 63.0 ms (trackedPts=0)
10-01 14:58:53.088 I/CameraRange(18737): hold 自动/中 等待有效深度 aux=3 reason=policy-hold pending=none/2
10-01 14:58:53.204 W/FrameProbe(18737): nativeOnCameraFrame 66.3 ms (trackedPts=0)
10-01 14:58:53.332 W/FrameProbe(18737): nativeOnCameraFrame 62.5 ms (trackedPts=0)
10-01 14:58:53.476 W/FrameProbe(18737): nativeOnCameraFrame 72.0 ms (trackedPts=0)
10-01 14:58:53.610 W/FrameProbe(18737): nativeOnCameraFrame 70.4 ms (trackedPts=0)
10-01 14:58:53.745 W/FrameProbe(18737): nativeOnCameraFrame 73.2 ms (trackedPts=0)
10-01 14:58:53.875 W/FrameProbe(18737): nativeOnCameraFrame 69.9 ms (trackedPts=0)
10-01 14:58:53.897 D/FpsProbe(18737): fps=23.4 LOW
10-01 14:58:54.022 W/FrameProbe(18737): nativeOnCameraFrame 72.1 ms (trackedPts=0)
10-01 14:58:54.145 W/FrameProbe(18737): nativeOnCameraFrame 67.3 ms (trackedPts=0)
10-01 14:58:54.281 W/FrameProbe(18737): nativeOnCameraFrame 77.1 ms (trackedPts=0)
10-01 14:58:54.409 W/FrameProbe(18737): nativeOnCameraFrame 74.2 ms (trackedPts=0)
10-01 14:58:54.543 W/FrameProbe(18737): nativeOnCameraFrame 74.4 ms (trackedPts=0)
10-01 14:58:54.558 I/ArPoseProbe(18737): fromTs=79.2% latest=20.8% total=8370
10-01 14:58:54.668 W/FrameProbe(18737): nativeOnCameraFrame 52.1 ms (trackedPts=0)
10-01 14:58:54.809 W/FrameProbe(18737): nativeOnCameraFrame 70.2 ms (trackedPts=0)
10-01 14:58:54.949 W/FrameProbe(18737): nativeOnCameraFrame 69.5 ms (trackedPts=0)
10-01 14:58:54.971 D/FpsProbe(18737): fps=22.5 LOW
10-01 14:58:55.077 W/FrameProbe(18737): nativeOnCameraFrame 74.2 ms (trackedPts=0)
10-01 14:58:55.228 W/FrameProbe(18737): nativeOnCameraFrame 87.8 ms (trackedPts=0)
10-01 14:58:55.343 W/FrameProbe(18737): nativeOnCameraFrame 62.7 ms (trackedPts=0)
10-01 14:58:55.540 W/FrameProbe(18737): nativeOnCameraFrame 131.8 ms (trackedPts=0)
10-01 14:58:55.663 I/MobileScan3D(18737): nativeBuildMesh quality=0 ok=1 src=scene verts=10398 tris=20000 rawTris=30795 compRemoved=1/2 decimated=1 ms=122.8 note=ok
10-01 14:58:55.733 W/FrameProbe(18737): nativeOnCameraFrame 58.8 ms (trackedPts=0)
10-01 14:58:55.830 W/FrameProbe(18737): nativeOnCameraFrame 58.5 ms (trackedPts=0)
10-01 14:58:55.865 W/FrameProbe(18737): nativeOnCameraFrame 19.6 ms (trackedPts=0)
10-01 14:58:55.967 W/FrameProbe(18737): nativeOnCameraFrame 61.3 ms (trackedPts=0)
10-01 14:58:55.989 D/FpsProbe(18737): fps=17.4 LOW
10-01 14:58:56.109 W/FrameProbe(18737): nativeOnCameraFrame 68.6 ms (trackedPts=0)
10-01 14:58:56.239 W/FrameProbe(18737): nativeOnCameraFrame 66.6 ms (trackedPts=0)
10-01 14:58:56.380 W/FrameProbe(18737): nativeOnCameraFrame 75.9 ms (trackedPts=0)
10-01 14:58:56.403 I/ArPoseProbe(18737): fromTs=79.1% latest=20.9% total=8460
10-01 14:58:56.511 W/FrameProbe(18737): nativeOnCameraFrame 77.3 ms (trackedPts=0)
10-01 14:58:56.642 W/FrameProbe(18737): nativeOnCameraFrame 71.2 ms (trackedPts=0)
10-01 14:58:56.788 W/FrameProbe(18737): nativeOnCameraFrame 74.6 ms (trackedPts=0)
10-01 14:58:56.917 W/FrameProbe(18737): nativeOnCameraFrame 78.2 ms (trackedPts=0)
10-01 14:58:57.041 W/FrameProbe(18737): nativeOnCameraFrame 64.4 ms (trackedPts=0)
10-01 14:58:57.057 D/FpsProbe(18737): fps=22.5 LOW
10-01 14:58:57.168 W/FrameProbe(18737): nativeOnCameraFrame 64.6 ms (trackedPts=0)
10-01 14:58:57.314 W/FrameProbe(18737): nativeOnCameraFrame 78.5 ms (trackedPts=0)
10-01 14:58:57.446 W/FrameProbe(18737): nativeOnCameraFrame 65.4 ms (trackedPts=0)
10-01 14:58:57.613 W/FrameProbe(18737): nativeOnCameraFrame 87.9 ms (trackedPts=0)
10-01 14:58:57.729 W/FrameProbe(18737): nativeOnCameraFrame 84.4 ms (trackedPts=0)
10-01 14:58:57.902 W/FrameProbe(18737): nativeOnCameraFrame 120.8 ms (trackedPts=0)
10-01 14:58:57.982 W/FrameProbe(18737): nativeOnCameraFrame 71.4 ms (trackedPts=0)
10-01 14:58:58.112 W/FrameProbe(18737): nativeOnCameraFrame 65.7 ms (trackedPts=0)
10-01 14:58:58.135 D/FpsProbe(18737): fps=20.6 LOW
10-01 14:58:58.143 I/ArPoseProbe(18737): fromTs=79.1% latest=20.9% total=8550
10-01 14:58:58.238 W/FrameProbe(18737): nativeOnCameraFrame 60.8 ms (trackedPts=0)
10-01 14:58:58.382 W/FrameProbe(18737): nativeOnCameraFrame 67.4 ms (trackedPts=0)
10-01 14:58:58.518 W/FrameProbe(18737): nativeOnCameraFrame 70.9 ms (trackedPts=0)
10-01 14:58:58.637 W/FrameProbe(18737): nativeOnCameraFrame 67.5 ms (trackedPts=0)
10-01 14:58:58.667 W/FrameProbe(18737): nativeOnCameraFrame 16.2 ms (trackedPts=0)
10-01 14:58:58.786 W/FrameProbe(18737): nativeOnCameraFrame 73.7 ms (trackedPts=0)
10-01 14:58:58.907 W/FrameProbe(18737): nativeOnCameraFrame 68.7 ms (trackedPts=0)
10-01 14:58:58.944 I/CameraRange(18737): hold 自动/中 0.36m（估计） aux=3 reason=policy-hold pending=none/2
10-01 14:58:59.041 W/FrameProbe(18737): nativeOnCameraFrame 66.1 ms (trackedPts=0)
10-01 14:58:59.172 W/FrameProbe(18737): nativeOnCameraFrame 69.1 ms (trackedPts=0)
10-01 14:58:59.188 D/FpsProbe(18737): fps=22.5 LOW
10-01 14:58:59.311 W/FrameProbe(18737): nativeOnCameraFrame 70.3 ms (trackedPts=0)
10-01 14:58:59.435 W/FrameProbe(18737): nativeOnCameraFrame 64.9 ms (trackedPts=0)
10-01 14:58:59.579 W/FrameProbe(18737): nativeOnCameraFrame 73.6 ms (trackedPts=0)
10-01 14:58:59.713 W/FrameProbe(18737): nativeOnCameraFrame 68.9 ms (trackedPts=0)
10-01 14:58:59.840 W/FrameProbe(18737): nativeOnCameraFrame 67.7 ms (trackedPts=0)
10-01 14:58:59.852 I/ArPoseProbe(18737): fromTs=79.3% latest=20.7% total=8640
10-01 14:58:59.970 W/FrameProbe(18737): nativeOnCameraFrame 57.6 ms (trackedPts=0)
10-01 14:59:00.168 W/FrameProbe(18737): nativeOnCameraFrame 122.8 ms (trackedPts=0)
10-01 14:59:00.246 W/FrameProbe(18737): nativeOnCameraFrame 65.1 ms (trackedPts=0)
10-01 14:59:00.263 D/FpsProbe(18737): fps=20.6 LOW
10-01 14:59:00.276 I/CameraRange(18737): hold 自动/中 0.42m（估计） aux=3 reason=policy-hold pending=none/2
10-01 14:59:00.381 W/FrameProbe(18737): nativeOnCameraFrame 73.4 ms (trackedPts=0)
10-01 14:59:00.510 W/FrameProbe(18737): nativeOnCameraFrame 67.1 ms (trackedPts=0)
10-01 14:59:00.642 W/FrameProbe(18737): nativeOnCameraFrame 64.4 ms (trackedPts=0)
10-01 14:59:00.777 W/FrameProbe(18737): nativeOnCameraFrame 66.3 ms (trackedPts=0)
10-01 14:59:00.906 W/FrameProbe(18737): nativeOnCameraFrame 59.5 ms (trackedPts=0)
10-01 14:59:01.042 W/FrameProbe(18737): nativeOnCameraFrame 72.7 ms (trackedPts=0)
10-01 14:59:01.181 W/FrameProbe(18737): nativeOnCameraFrame 68.4 ms (trackedPts=0)
10-01 14:59:01.316 W/FrameProbe(18737): nativeOnCameraFrame 75.1 ms (trackedPts=0)
10-01 14:59:01.344 D/FpsProbe(18737): fps=22.5 LOW
10-01 14:59:01.434 W/FrameProbe(18737): nativeOnCameraFrame 65.7 ms (trackedPts=0)
10-01 14:59:01.435 I/CameraRange(18737): hold 自动/中 0.44m（估计） aux=3 reason=policy-hold pending=none/2
10-01 14:59:01.573 W/FrameProbe(18737): nativeOnCameraFrame 67.8 ms (trackedPts=0)
10-01 14:59:01.578 I/ArPoseProbe(18737): fromTs=79.3% latest=20.7% total=8730
10-01 14:59:01.717 W/FrameProbe(18737): nativeOnCameraFrame 72.8 ms (trackedPts=0)
10-01 14:59:01.839 W/FrameProbe(18737): nativeOnCameraFrame 60.1 ms (trackedPts=0)
10-01 14:59:01.954 W/FrameProbe(18737): nativeOnCameraFrame 54.7 ms (trackedPts=0)
10-01 14:59:02.097 W/FrameProbe(18737): nativeOnCameraFrame 62.0 ms (trackedPts=0)
10-01 14:59:02.239 W/FrameProbe(18737): nativeOnCameraFrame 63.9 ms (trackedPts=0)
10-01 14:59:02.363 W/FrameProbe(18737): nativeOnCameraFrame 60.7 ms (trackedPts=0)
10-01 14:59:02.380 D/FpsProbe(18737): fps=23.4 LOW
10-01 14:59:02.519 W/FrameProbe(18737): nativeOnCameraFrame 74.7 ms (trackedPts=0)
10-01 14:59:02.638 W/FrameProbe(18737): nativeOnCameraFrame 64.2 ms (trackedPts=0)
10-01 14:59:02.764 W/FrameProbe(18737): nativeOnCameraFrame 61.4 ms (trackedPts=0)
10-01 14:59:02.899 W/FrameProbe(18737): nativeOnCameraFrame 59.0 ms (trackedPts=0)
10-01 14:59:03.034 W/FrameProbe(18737): nativeOnCameraFrame 64.7 ms (trackedPts=0)
10-01 14:59:03.171 W/FrameProbe(18737): nativeOnCameraFrame 66.9 ms (trackedPts=0)
10-01 14:59:03.291 I/ArPoseProbe(18737): fromTs=79.4% latest=20.6% total=8820
10-01 14:59:03.308 W/FrameProbe(18737): nativeOnCameraFrame 69.3 ms (trackedPts=0)
10-01 14:59:03.425 W/FrameProbe(18737): nativeOnCameraFrame 55.5 ms (trackedPts=0)
10-01 14:59:03.442 D/FpsProbe(18737): fps=25.2
10-01 14:59:03.558 W/FrameProbe(18737): nativeOnCameraFrame 55.8 ms (trackedPts=0)
10-01 14:59:03.696 W/FrameProbe(18737): nativeOnCameraFrame 56.2 ms (trackedPts=0)
10-01 14:59:03.828 W/FrameProbe(18737): nativeOnCameraFrame 50.6 ms (trackedPts=0)
10-01 14:59:03.854 I/CameraRange(18737): hold 自动/中 0.47m（估计） aux=3 reason=policy-hold pending=none/2
10-01 14:59:03.970 W/FrameProbe(18737): nativeOnCameraFrame 66.7 ms (trackedPts=0)
10-01 14:59:04.026 W/FrameProbe(18737): nativeOnCameraFrame 19.0 ms (trackedPts=0)
10-01 14:59:04.090 W/FrameProbe(18737): nativeOnCameraFrame 54.7 ms (trackedPts=0)
10-01 14:59:04.244 W/FrameProbe(18737): nativeOnCameraFrame 62.9 ms (trackedPts=0)
10-01 14:59:04.372 W/FrameProbe(18737): nativeOnCameraFrame 63.7 ms (trackedPts=0)
10-01 14:59:04.516 W/FrameProbe(18737): nativeOnCameraFrame 67.1 ms (trackedPts=0)
10-01 14:59:04.516 D/FpsProbe(18737): fps=26.1
10-01 14:59:04.629 W/FrameProbe(18737): nativeOnCameraFrame 49.5 ms (trackedPts=0)
10-01 14:59:04.752 W/FrameProbe(18737): nativeOnCameraFrame 48.3 ms (trackedPts=0)
10-01 14:59:04.784 W/FrameProbe(18737): nativeOnCameraFrame 20.2 ms (trackedPts=0)
10-01 14:59:04.816 W/FrameProbe(18737): nativeOnCameraFrame 24.4 ms (trackedPts=0)
10-01 14:59:04.882 I/ArPoseProbe(18737): fromTs=79.5% latest=20.5% total=8910
10-01 14:59:04.908 W/FrameProbe(18737): nativeOnCameraFrame 61.3 ms (trackedPts=0)
10-01 14:59:05.092 W/FrameProbe(18737): nativeOnCameraFrame 123.1 ms (trackedPts=0)
10-01 14:59:05.130 W/FrameProbe(18737): nativeOnCameraFrame 20.9 ms (trackedPts=0)
10-01 14:59:05.184 W/FrameProbe(18737): nativeOnCameraFrame 44.5 ms (trackedPts=0)
10-01 14:59:05.210 I/CameraRange(18737): hold 自动/中 0.51m（估计） aux=3 reason=policy-hold pending=none/2
10-01 14:59:05.309 W/FrameProbe(18737): nativeOnCameraFrame 62.2 ms (trackedPts=0)
10-01 14:59:05.438 W/FrameProbe(18737): nativeOnCameraFrame 62.1 ms (trackedPts=0)
10-01 14:59:05.467 W/FrameProbe(18737): nativeOnCameraFrame 20.4 ms (trackedPts=0)
10-01 14:59:05.497 D/FpsProbe(18737): fps=22.3 LOW
10-01 14:59:05.548 W/FrameProbe(18737): nativeOnCameraFrame 43.9 ms (trackedPts=0)
10-01 14:59:05.696 W/FrameProbe(18737): nativeOnCameraFrame 53.1 ms (trackedPts=0)
10-01 14:59:05.833 W/FrameProbe(18737): nativeOnCameraFrame 62.5 ms (trackedPts=0)
10-01 14:59:05.980 W/FrameProbe(18737): nativeOnCameraFrame 66.7 ms (trackedPts=0)
10-01 14:59:06.115 W/FrameProbe(18737): nativeOnCameraFrame 71.0 ms (trackedPts=0)
10-01 14:59:06.239 W/FrameProbe(18737): nativeOnCameraFrame 68.7 ms (trackedPts=0)
10-01 14:59:06.398 W/FrameProbe(18737): nativeOnCameraFrame 96.0 ms (trackedPts=0)
10-01 14:59:06.423 I/CameraRange(18737): hold 自动/中 0.46m（估计） aux=3 reason=policy-hold pending=none/2
10-01 14:59:06.509 W/FrameProbe(18737): nativeOnCameraFrame 63.7 ms (trackedPts=0)
10-01 14:59:06.528 D/FpsProbe(18737): fps=24.2 LOW
10-01 14:59:06.578 I/ArPoseProbe(18737): fromTs=79.5% latest=20.5% total=9000
10-01 14:59:06.644 W/FrameProbe(18737): nativeOnCameraFrame 67.7 ms (trackedPts=0)
10-01 14:59:06.758 W/FrameProbe(18737): nativeOnCameraFrame 54.4 ms (trackedPts=0)
10-01 14:59:06.912 W/FrameProbe(18737): nativeOnCameraFrame 67.5 ms (trackedPts=0)
10-01 14:59:06.938 W/FrameProbe(18737): nativeOnCameraFrame 18.2 ms (trackedPts=0)
10-01 14:59:07.051 W/FrameProbe(18737): nativeOnCameraFrame 73.7 ms (trackedPts=0)
10-01 14:59:07.182 W/FrameProbe(18737): nativeOnCameraFrame 71.1 ms (trackedPts=0)
10-01 14:59:07.316 W/FrameProbe(18737): nativeOnCameraFrame 71.9 ms (trackedPts=0)
10-01 14:59:07.370 W/FrameProbe(18737): nativeOnCameraFrame 24.3 ms (trackedPts=0)
10-01 14:59:07.444 W/FrameProbe(18737): nativeOnCameraFrame 66.7 ms (trackedPts=0)
10-01 14:59:07.503 I/CameraRange(18737): hold 自动/中 0.44m（估计） aux=3 reason=policy-hold pending=none/2
10-01 14:59:07.576 W/FrameProbe(18737): nativeOnCameraFrame 66.3 ms (trackedPts=0)
10-01 14:59:07.597 D/FpsProbe(18737): fps=23.4 LOW
10-01 14:59:07.701 W/FrameProbe(18737): nativeOnCameraFrame 64.4 ms (trackedPts=0)
10-01 14:59:07.840 W/FrameProbe(18737): nativeOnCameraFrame 65.4 ms (trackedPts=0)
10-01 14:59:07.973 W/FrameProbe(18737): nativeOnCameraFrame 72.2 ms (trackedPts=0)
10-01 14:59:08.104 W/FrameProbe(18737): nativeOnCameraFrame 61.6 ms (trackedPts=0)
10-01 14:59:08.234 W/FrameProbe(18737): nativeOnCameraFrame 63.1 ms (trackedPts=0)
10-01 14:59:08.257 I/ArPoseProbe(18737): fromTs=79.6% latest=20.4% total=9090
10-01 14:59:08.373 W/FrameProbe(18737): nativeOnCameraFrame 72.4 ms (trackedPts=0)
10-01 14:59:08.514 W/FrameProbe(18737): nativeOnCameraFrame 69.6 ms (trackedPts=0)
10-01 14:59:08.663 W/FrameProbe(18737): nativeOnCameraFrame 86.6 ms (trackedPts=0)
10-01 14:59:08.681 D/FpsProbe(18737): fps=22.5 LOW
10-01 14:59:08.783 W/FrameProbe(18737): nativeOnCameraFrame 88.9 ms (trackedPts=0)
10-01 14:59:08.853 W/FrameProbe(18737): nativeOnCameraFrame 61.1 ms (trackedPts=0)
10-01 14:59:08.969 W/FrameProbe(18737): nativeOnCameraFrame 64.1 ms (trackedPts=0)
10-01 14:59:09.112 W/FrameProbe(18737): nativeOnCameraFrame 69.6 ms (trackedPts=0)
10-01 14:59:09.249 W/FrameProbe(18737): nativeOnCameraFrame 69.8 ms (trackedPts=0)
10-01 14:59:09.301 W/FrameProbe(18737): nativeOnCameraFrame 21.6 ms (trackedPts=0)
10-01 14:59:09.387 W/FrameProbe(18737): nativeOnCameraFrame 73.1 ms (trackedPts=0)
10-01 14:59:09.506 W/FrameProbe(18737): nativeOnCameraFrame 66.8 ms (trackedPts=0)
10-01 14:59:09.650 W/FrameProbe(18737): nativeOnCameraFrame 73.5 ms (trackedPts=0)
10-01 14:59:09.688 D/FpsProbe(18737): fps=21.3 LOW
10-01 14:59:09.775 W/FrameProbe(18737): nativeOnCameraFrame 65.5 ms (trackedPts=0)
10-01 14:59:09.912 W/FrameProbe(18737): nativeOnCameraFrame 75.9 ms (trackedPts=0)
10-01 14:59:10.040 W/FrameProbe(18737): nativeOnCameraFrame 69.9 ms (trackedPts=0)
10-01 14:59:10.040 I/ArPoseProbe(18737): fromTs=79.5% latest=20.5% total=9180
10-01 14:59:10.060 I/CameraRange(18737): hold 自动/中 0.45m（估计） aux=3 reason=policy-hold pending=none/2
10-01 14:59:10.182 W/FrameProbe(18737): nativeOnCameraFrame 70.3 ms (trackedPts=0)
10-01 14:59:10.293 W/FrameProbe(18737): nativeOnCameraFrame 58.4 ms (trackedPts=0)
10-01 14:59:10.447 W/FrameProbe(18737): nativeOnCameraFrame 70.6 ms (trackedPts=0)
10-01 14:59:10.563 W/FrameProbe(18737): nativeOnCameraFrame 61.6 ms (trackedPts=0)
10-01 14:59:10.704 W/FrameProbe(18737): nativeOnCameraFrame 64.3 ms (trackedPts=0)
10-01 14:59:10.719 D/FpsProbe(18737): fps=24.2 LOW
10-01 14:59:10.838 W/FrameProbe(18737): nativeOnCameraFrame 68.3 ms (trackedPts=0)
10-01 14:59:10.971 W/FrameProbe(18737): nativeOnCameraFrame 72.2 ms (trackedPts=0)
10-01 14:59:11.095 W/FrameProbe(18737): nativeOnCameraFrame 61.0 ms (trackedPts=0)
10-01 14:59:11.166 I/MobileScan3D(18737): TemporalProbe tested=24552 agree=1428 ratio=0.058 n=10 A=0.3929 B=0.3733 meanAbsDiff=0.0198 meanSignedDiff=0.0198 refAgeMs=2466
10-01 14:59:11.284 W/FrameProbe(18737): nativeOnCameraFrame 118.3 ms (trackedPts=0)
10-01 14:59:11.303 I/CameraRange(18737): hold 自动/中 0.39m（估计） aux=3 reason=policy-hold pending=none/2
10-01 14:59:11.383 W/FrameProbe(18737): nativeOnCameraFrame 66.7 ms (trackedPts=0)
10-01 14:59:11.507 W/FrameProbe(18737): nativeOnCameraFrame 63.5 ms (trackedPts=0)
10-01 14:59:11.625 W/FrameProbe(18737): nativeOnCameraFrame 57.9 ms (trackedPts=0)
10-01 14:59:11.691 I/ArPoseProbe(18737): fromTs=79.6% latest=20.4% total=9270
10-01 14:59:11.777 W/FrameProbe(18737): nativeOnCameraFrame 68.8 ms (trackedPts=0)
10-01 14:59:11.795 D/FpsProbe(18737): fps=22.5 LOW
10-01 14:59:11.916 W/FrameProbe(18737): nativeOnCameraFrame 72.1 ms (trackedPts=0)
10-01 14:59:12.047 W/FrameProbe(18737): nativeOnCameraFrame 69.5 ms (trackedPts=0)
10-01 14:59:12.177 W/FrameProbe(18737): nativeOnCameraFrame 73.9 ms (trackedPts=0)
10-01 14:59:12.305 W/FrameProbe(18737): nativeOnCameraFrame 69.1 ms (trackedPts=0)
10-01 14:59:12.439 W/FrameProbe(18737): nativeOnCameraFrame 70.1 ms (trackedPts=0)
10-01 14:59:12.440 I/CameraRange(18737): hold 自动/中 0.45m（估计） aux=3 reason=policy-hold pending=none/2
10-01 14:59:12.595 W/FrameProbe(18737): nativeOnCameraFrame 83.4 ms (trackedPts=0)
10-01 14:59:12.716 W/FrameProbe(18737): nativeOnCameraFrame 77.7 ms (trackedPts=0)
10-01 14:59:12.851 W/FrameProbe(18737): nativeOnCameraFrame 75.2 ms (trackedPts=0)
10-01 14:59:12.874 D/FpsProbe(18737): fps=21.6 LOW
10-01 14:59:12.981 W/FrameProbe(18737): nativeOnCameraFrame 71.0 ms (trackedPts=0)
10-01 14:59:13.114 W/FrameProbe(18737): nativeOnCameraFrame 73.9 ms (trackedPts=0)
10-01 14:59:13.241 W/FrameProbe(18737): nativeOnCameraFrame 66.1 ms (trackedPts=0)
10-01 14:59:13.365 W/FrameProbe(18737): nativeOnCameraFrame 60.3 ms (trackedPts=0)
10-01 14:59:13.408 I/ArPoseProbe(18737): fromTs=79.6% latest=20.4% total=9360
10-01 14:59:13.507 W/FrameProbe(18737): nativeOnCameraFrame 62.8 ms (trackedPts=0)
10-01 14:59:13.554 I/DepthInferencePerf(18737): frames=30 preprocess p50=13.206042ms p95=24.643854ms | inference p50=292.69147ms p95=473.0165ms | copy p50=0.032709ms p95=0.046145ms | total p50=308.27557ms p95=491.17453ms
10-01 14:59:13.557 I/MobileScan3D(18737): DepthProbe calib valid=1 scale=0.0024 shift=1.3561 conf=0.579 samples=1076 spanRel=0.591 invZSpan=1.488 acc=11 rej=5 reason= | fusionDepth min=0.207 max=0.484 mean=0.366 valid=65536 fallback=0 | scanMax=1.00 worldPerMeter=1.0000 worldScaleUsable=0 | epochA=1 susp=1
10-01 14:59:13.557 I/MobileScan3D(18737): EpochProbe active=1 susp=1 opens=1 index=1 suspendEvents=1 suspendedFrames=0 driftRejects=1 lastDriftRel=0.0307 frozenRecoveries=0 stableStreak=0 badStreak=5 suspendStreak=5 | frozen scale=0.0022 shift=1.3144 inv=1 refRaw=0.0000 refZ=0.7608 frozenN=648 frozenConf=0.462 | live scale=0.0024 shift=1.3561 conf=0.579 samples=1076 inv=1 | norm A=0.00000 B=0.00000 reparms=0 lastScaleRel=0.0000 changesWhileEpoch=0
10-01 14:59:13.557 I/MobileScan3D(18737): StereoProbe worldPerMeter=1.4657 stable=0 frameScale=0.9567 medRel=0.056 denseRel=0.054 samples=96 | scaleAcc=1 scaleRej=3(noBase=1 few=0 resid=0 jump=2) | calibStereo acc=0 rej=0 uniq=0 copies=0 | geom batches=0 stale=0 dropNoPose=0 dropNoScale=0 dropResid=0 | submitted=7 anchors=605 matched=4 inputRej=0 seen=30 miss=3
10-01 14:59:13.561 I/PerfStage(18737): entered=30 done=30 calib p50=0.7 p95=1.1 | temporal p50=2.6 p95=3.5 | weight p50=0.9 p95=1.3 | fuse p50=35.1 p95=54.6 | surfel p50=12.1 p95=17.3 | stereo p50=0.0 p95=0.0 | lock p50=0.0 p95=0.0 | total p50=6.9 p95=82.5 | tmask tested=28153 agree=4931 disagree=23222 | lockWait=0.0
10-01 14:59:13.561 I/PerfGate(18737): depthEarly world=0 noSnap=0 staleGen=0 dup=0 | retain ok=30 noPose=57 mismatch=0 badTs=0 | poseTol hit=19 missWorld=0 missEmpty=0 missOver=21
10-01 14:59:13.562 W/FrameProbe(18737): nativeOnCameraFrame 17.5 ms (trackedPts=0)
10-01 14:59:13.570 I/CameraRange(18737): hold 自动/中 等待有效深度 aux=3 reason=policy-hold pending=none/2
10-01 14:59:13.636 W/FrameProbe(18737): nativeOnCameraFrame 64.2 ms (trackedPts=0)
10-01 14:59:13.771 W/FrameProbe(18737): nativeOnCameraFrame 62.6 ms (trackedPts=0)
10-01 14:59:13.894 W/FrameProbe(18737): nativeOnCameraFrame 60.7 ms (trackedPts=0)
10-01 14:59:14.663 I/MobileScan3D(18737): renderPoseAtTol match: deltaMs=368 newestAgeMs=368 hist=120
10-01 14:59:14.663 I/MobileScan3D(18737): ArAxesProbe raw down=(-0.374,0.916,0.148) fwd=(0.883,0.400,-0.246) post down=(-0.374,0.916,0.148) fwd=(0.883,0.400,-0.246) deltaMs=367
10-01 14:59:14.663 I/HqTexture(18737): pose relaxed: idx=0 ts=365153535091977 tol=500ms
10-01 14:59:15.530 W/FrameProbe(18737): nativeOnCameraFrame 54.8 ms (trackedPts=0)
10-01 14:59:15.530 D/FpsProbe(18737): fps=9.5 LOW
10-01 14:59:15.695 W/FrameProbe(18737): nativeOnCameraFrame 90.2 ms (trackedPts=0)
10-01 14:59:15.734 W/FrameProbe(18737): nativeOnCameraFrame 18.6 ms (trackedPts=0)
10-01 14:59:15.820 W/FrameProbe(18737): nativeOnCameraFrame 72.8 ms (trackedPts=0)
10-01 14:59:15.936 W/FrameProbe(18737): nativeOnCameraFrame 67.9 ms (trackedPts=0)
10-01 14:59:16.065 I/MobileScan3D(18737): CalibProbe ns=9 vinsN=9 stereoUniq=0 total=8 | d p10=257.9 p50=345.3 p90=1074.4 | z p10=0.296 p50=0.450 p90=0.532 | invz p10=1.818 p50=1.903 p90=2.898
10-01 14:59:16.069 W/FrameProbe(18737): nativeOnCameraFrame 63.5 ms (trackedPts=0)
10-01 14:59:16.183 W/FrameProbe(18737): nativeOnCameraFrame 63.2 ms (trackedPts=0)
10-01 14:59:16.359 W/FrameProbe(18737): nativeOnCameraFrame 92.7 ms (trackedPts=0)
10-01 14:59:16.482 W/FrameProbe(18737): nativeOnCameraFrame 76.5 ms (trackedPts=0)
10-01 14:59:16.534 D/FpsProbe(18737): fps=20.3 LOW
10-01 14:59:16.609 W/FrameProbe(18737): nativeOnCameraFrame 67.4 ms (trackedPts=0)
10-01 14:59:16.667 W/FrameProbe(18737): nativeOnCameraFrame 35.1 ms (trackedPts=0)
10-01 14:59:16.738 W/FrameProbe(18737): nativeOnCameraFrame 67.2 ms (trackedPts=0)
10-01 14:59:16.769 W/FrameProbe(18737): nativeOnCameraFrame 19.8 ms (trackedPts=0)
10-01 14:59:16.776 I/ArPoseProbe(18737): fromTs=79.5% latest=20.5% total=9450
10-01 14:59:16.791 W/FrameProbe(18737): nativeOnCameraFrame 17.6 ms (trackedPts=0)
10-01 14:59:16.878 W/FrameProbe(18737): nativeOnCameraFrame 68.8 ms (trackedPts=0)
10-01 14:59:17.025 W/FrameProbe(18737): nativeOnCameraFrame 79.0 ms (trackedPts=0)
10-01 14:59:17.144 W/FrameProbe(18737): nativeOnCameraFrame 69.0 ms (trackedPts=0)
10-01 14:59:17.166 W/FrameProbe(18737): nativeOnCameraFrame 20.0 ms (trackedPts=0)
10-01 14:59:17.212 W/FrameProbe(18737): nativeOnCameraFrame 33.7 ms (trackedPts=0)
10-01 14:59:17.303 W/FrameProbe(18737): nativeOnCameraFrame 73.6 ms (trackedPts=0)
10-01 14:59:17.345 W/HqTexture(18737): register skip: pose gate single_229404311892070.jpg idx=2 poseValid=false poseAtOk=false sensorTs=365153768381560
10-01 14:59:19.368 I/MobileScan3D(18737): nativeBuildMesh quality=0 ok=1 src=scene verts=12048 tris=20000 rawTris=233013 compRemoved=236/255 decimated=1 ms=1999.5 note=ok
10-01 14:59:19.484 W/FrameProbe(18737): nativeOnCameraFrame 103.4 ms (trackedPts=0)
10-01 14:59:19.484 D/FpsProbe(18737): fps=12.3 LOW
10-01 14:59:19.607 W/FrameProbe(18737): nativeOnCameraFrame 105.8 ms (trackedPts=0)
10-01 14:59:19.607 D/FpsProbe(18737): fps=0.7 LOW
10-01 14:59:19.680 W/FrameProbe(18737): nativeOnCameraFrame 70.2 ms (trackedPts=0)
10-01 14:59:19.706 W/FrameProbe(18737): nativeOnCameraFrame 16.4 ms (trackedPts=0)
10-01 14:59:19.735 W/FrameProbe(18737): nativeOnCameraFrame 16.6 ms (trackedPts=0)
10-01 14:59:19.804 W/FrameProbe(18737): nativeOnCameraFrame 62.2 ms (trackedPts=0)
10-01 14:59:19.950 W/FrameProbe(18737): nativeOnCameraFrame 73.3 ms (trackedPts=0)
10-01 14:59:19.970 W/FrameProbe(18737): nativeOnCameraFrame 17.4 ms (trackedPts=0)
10-01 14:59:20.079 W/FrameProbe(18737): nativeOnCameraFrame 64.3 ms (trackedPts=0)
10-01 14:59:20.250 W/FrameProbe(18737): nativeOnCameraFrame 56.9 ms (trackedPts=0)
10-01 14:59:20.366 W/FrameProbe(18737): nativeOnCameraFrame 67.1 ms (trackedPts=0)
10-01 14:59:20.507 W/FrameProbe(18737): nativeOnCameraFrame 70.5 ms (trackedPts=0)
10-01 14:59:20.515 D/FpsProbe(18737): fps=16.5 LOW
10-01 14:59:20.606 I/ArPoseProbe(18737): fromTs=79.3% latest=20.7% total=9540
10-01 14:59:20.642 W/FrameProbe(18737): nativeOnCameraFrame 71.9 ms (trackedPts=0)
10-01 14:59:20.682 I/CameraRange(18737): hold 自动/中 等待有效深度 aux=3 reason=policy-hold pending=none/2
10-01 14:59:20.748 W/FrameProbe(18737): nativeOnCameraFrame 54.5 ms (trackedPts=0)
10-01 14:59:20.908 W/FrameProbe(18737): nativeOnCameraFrame 64.6 ms (trackedPts=0)
10-01 14:59:21.036 W/FrameProbe(18737): nativeOnCameraFrame 66.2 ms (trackedPts=0)
10-01 14:59:21.159 W/FrameProbe(18737): nativeOnCameraFrame 52.9 ms (trackedPts=0)
10-01 14:59:21.292 W/FrameProbe(18737): nativeOnCameraFrame 58.4 ms (trackedPts=0)
10-01 14:59:21.431 W/FrameProbe(18737): nativeOnCameraFrame 57.0 ms (trackedPts=0)
10-01 14:59:21.468 W/FrameProbe(18737): nativeOnCameraFrame 16.6 ms (trackedPts=0)
10-01 14:59:21.565 W/FrameProbe(18737): nativeOnCameraFrame 63.8 ms (trackedPts=0)
10-01 14:59:21.584 D/FpsProbe(18737): fps=24.4 LOW
10-01 14:59:21.699 W/FrameProbe(18737): nativeOnCameraFrame 65.9 ms (trackedPts=0)
10-01 14:59:21.837 W/FrameProbe(18737): nativeOnCameraFrame 69.4 ms (trackedPts=0)
10-01 14:59:21.969 W/FrameProbe(18737): nativeOnCameraFrame 68.3 ms (trackedPts=0)
10-01 14:59:22.102 W/FrameProbe(18737): nativeOnCameraFrame 68.4 ms (trackedPts=0)
10-01 14:59:22.236 W/FrameProbe(18737): nativeOnCameraFrame 77.4 ms (trackedPts=0)
10-01 14:59:22.283 I/ArPoseProbe(18737): fromTs=79.3% latest=20.7% total=9630
10-01 14:59:22.371 W/FrameProbe(18737): nativeOnCameraFrame 67.6 ms (trackedPts=0)
10-01 14:59:22.398 W/FrameProbe(18737): nativeOnCameraFrame 18.8 ms (trackedPts=0)
10-01 14:59:22.513 W/FrameProbe(18737): nativeOnCameraFrame 73.6 ms (trackedPts=0)
10-01 14:59:22.533 W/FrameProbe(18737): nativeOnCameraFrame 17.5 ms (trackedPts=0)
10-01 14:59:22.644 W/FrameProbe(18737): nativeOnCameraFrame 72.1 ms (trackedPts=0)
10-01 14:59:22.666 D/FpsProbe(18737): fps=22.5 LOW
10-01 14:59:22.773 W/FrameProbe(18737): nativeOnCameraFrame 70.6 ms (trackedPts=0)
10-01 14:59:22.882 W/FrameProbe(18737): nativeOnCameraFrame 59.6 ms (trackedPts=0)
10-01 14:59:23.041 W/FrameProbe(18737): nativeOnCameraFrame 72.0 ms (trackedPts=0)
10-01 14:59:23.161 W/FrameProbe(18737): nativeOnCameraFrame 71.1 ms (trackedPts=0)
10-01 14:59:23.192 W/FrameProbe(18737): nativeOnCameraFrame 17.7 ms (trackedPts=0)
10-01 14:59:23.304 W/FrameProbe(18737): nativeOnCameraFrame 69.4 ms (trackedPts=0)
10-01 14:59:23.447 W/FrameProbe(18737): nativeOnCameraFrame 78.3 ms (trackedPts=0)
10-01 14:59:23.569 W/FrameProbe(18737): nativeOnCameraFrame 75.3 ms (trackedPts=0)
10-01 14:59:23.691 W/FrameProbe(18737): nativeOnCameraFrame 58.0 ms (trackedPts=0)
10-01 14:59:23.714 D/FpsProbe(18737): fps=23.4 LOW
10-01 14:59:23.850 W/FrameProbe(18737): nativeOnCameraFrame 76.0 ms (trackedPts=0)
10-01 14:59:23.870 W/FrameProbe(18737): nativeOnCameraFrame 17.5 ms (trackedPts=0)
10-01 14:59:23.957 W/FrameProbe(18737): nativeOnCameraFrame 63.5 ms (trackedPts=0)
10-01 14:59:23.959 I/ArPoseProbe(18737): fromTs=79.4% latest=20.6% total=9720
10-01 14:59:24.106 W/FrameProbe(18737): nativeOnCameraFrame 66.2 ms (trackedPts=0)
10-01 14:59:24.244 W/FrameProbe(18737): nativeOnCameraFrame 68.1 ms (trackedPts=0)
10-01 14:59:24.366 W/FrameProbe(18737): nativeOnCameraFrame 69.0 ms (trackedPts=0)
10-01 14:59:24.508 W/FrameProbe(18737): nativeOnCameraFrame 68.2 ms (trackedPts=0)
10-01 14:59:24.636 W/FrameProbe(18737): nativeOnCameraFrame 69.5 ms (trackedPts=0)
10-01 14:59:24.768 W/FrameProbe(18737): nativeOnCameraFrame 74.2 ms (trackedPts=0)
10-01 14:59:24.788 D/FpsProbe(18737): fps=22.5 LOW
10-01 14:59:24.898 W/FrameProbe(18737): nativeOnCameraFrame 77.0 ms (trackedPts=0)
10-01 14:59:25.025 W/FrameProbe(18737): nativeOnCameraFrame 59.8 ms (trackedPts=0)
10-01 14:59:25.159 W/FrameProbe(18737): nativeOnCameraFrame 58.3 ms (trackedPts=0)
10-01 14:59:25.271 W/FrameProbe(18737): nativeOnCameraFrame 47.9 ms (trackedPts=0)
10-01 14:59:25.402 W/FrameProbe(18737): nativeOnCameraFrame 37.8 ms (trackedPts=0)
10-01 14:59:25.559 W/FrameProbe(18737): nativeOnCameraFrame 54.2 ms (trackedPts=0)
10-01 14:59:25.638 I/ArPoseProbe(18737): fromTs=79.4% latest=20.6% total=9810
10-01 14:59:25.684 W/FrameProbe(18737): nativeOnCameraFrame 52.2 ms (trackedPts=0)
10-01 14:59:25.814 W/FrameProbe(18737): nativeOnCameraFrame 42.8 ms (trackedPts=0)
10-01 14:59:25.836 D/FpsProbe(18737): fps=26.3
10-01 14:59:25.935 W/FrameProbe(18737): nativeOnCameraFrame 45.9 ms (trackedPts=0)
10-01 14:59:25.966 W/FrameProbe(18737): nativeOnCameraFrame 20.3 ms (trackedPts=0)
10-01 14:59:26.067 W/FrameProbe(18737): nativeOnCameraFrame 43.4 ms (trackedPts=0)
10-01 14:59:26.139 W/FrameProbe(18737): nativeOnCameraFrame 16.2 ms (trackedPts=0)
10-01 14:59:26.156 I/CameraRange(18737): hold 自动/中 等待有效深度 aux=3 reason=policy-hold pending=none/2
10-01 14:59:26.206 W/FrameProbe(18737): nativeOnCameraFrame 40.1 ms (trackedPts=0)
10-01 14:59:26.231 W/FrameProbe(18737): nativeOnCameraFrame 16.7 ms (trackedPts=0)
10-01 14:59:26.339 W/FrameProbe(18737): nativeOnCameraFrame 44.3 ms (trackedPts=0)
10-01 14:59:26.475 W/FrameProbe(18737): nativeOnCameraFrame 43.5 ms (trackedPts=0)
10-01 14:59:26.502 W/FrameProbe(18737): nativeOnCameraFrame 18.3 ms (trackedPts=0)
10-01 14:59:26.627 W/FrameProbe(18737): nativeOnCameraFrame 67.0 ms (trackedPts=0)
10-01 14:59:26.656 W/FrameProbe(18737): nativeOnCameraFrame 18.6 ms (trackedPts=0)
10-01 14:59:26.756 W/FrameProbe(18737): nativeOnCameraFrame 47.6 ms (trackedPts=0)
10-01 14:59:26.828 W/FrameProbe(18737): nativeOnCameraFrame 18.9 ms (trackedPts=0)
10-01 14:59:26.891 W/FrameProbe(18737): nativeOnCameraFrame 58.4 ms (trackedPts=0)
10-01 14:59:26.920 D/FpsProbe(18737): fps=27.2
10-01 14:59:27.039 W/FrameProbe(18737): nativeOnCameraFrame 69.7 ms (trackedPts=0)
10-01 14:59:27.173 W/FrameProbe(18737): nativeOnCameraFrame 67.9 ms (trackedPts=0)
10-01 14:59:27.216 I/ArPoseProbe(18737): fromTs=79.5% latest=20.5% total=9900
10-01 14:59:27.283 W/FrameProbe(18737): nativeOnCameraFrame 60.0 ms (trackedPts=0)
10-01 14:59:27.424 W/FrameProbe(18737): nativeOnCameraFrame 51.1 ms (trackedPts=0)
10-01 14:59:27.551 W/FrameProbe(18737): nativeOnCameraFrame 57.2 ms (trackedPts=0)
10-01 14:59:27.698 W/FrameProbe(18737): nativeOnCameraFrame 63.6 ms (trackedPts=0)
10-01 14:59:27.833 W/FrameProbe(18737): nativeOnCameraFrame 62.4 ms (trackedPts=0)
10-01 14:59:27.976 W/FrameProbe(18737): nativeOnCameraFrame 66.2 ms (trackedPts=0)
10-01 14:59:27.988 D/FpsProbe(18737): fps=24.4 LOW
10-01 14:59:28.109 W/FrameProbe(18737): nativeOnCameraFrame 73.6 ms (trackedPts=0)
10-01 14:59:28.240 W/FrameProbe(18737): nativeOnCameraFrame 75.2 ms (trackedPts=0)
10-01 14:59:28.271 W/FrameProbe(18737): nativeOnCameraFrame 22.3 ms (trackedPts=0)
10-01 14:59:28.376 W/FrameProbe(18737): nativeOnCameraFrame 76.8 ms (trackedPts=0)
10-01 14:59:28.403 W/FrameProbe(18737): nativeOnCameraFrame 20.7 ms (trackedPts=0)
10-01 14:59:28.431 W/FrameProbe(18737): nativeOnCameraFrame 18.1 ms (trackedPts=0)
10-01 14:59:28.487 W/FrameProbe(18737): nativeOnCameraFrame 40.2 ms (trackedPts=0)
10-01 14:59:28.655 W/FrameProbe(18737): nativeOnCameraFrame 88.3 ms (trackedPts=0)
10-01 14:59:28.784 W/FrameProbe(18737): nativeOnCameraFrame 88.2 ms (trackedPts=0)
10-01 14:59:28.817 W/FrameProbe(18737): nativeOnCameraFrame 18.4 ms (trackedPts=0)
10-01 14:59:28.908 I/ArPoseProbe(18737): fromTs=79.5% latest=20.5% total=9990
10-01 14:59:28.933 W/FrameProbe(18737): nativeOnCameraFrame 90.2 ms (trackedPts=0)
10-01 14:59:28.960 W/FrameProbe(18737): nativeOnCameraFrame 18.6 ms (trackedPts=0)
10-01 14:59:29.039 W/FrameProbe(18737): nativeOnCameraFrame 63.9 ms (trackedPts=0)
10-01 14:59:29.050 D/FpsProbe(18737): fps=21.6 LOW
10-01 14:59:29.147 W/FrameProbe(18737): nativeOnCameraFrame 45.9 ms (trackedPts=0)
10-01 14:59:29.279 W/FrameProbe(18737): nativeOnCameraFrame 47.6 ms (trackedPts=0)
10-01 14:59:29.424 W/FrameProbe(18737): nativeOnCameraFrame 48.0 ms (trackedPts=0)
10-01 14:59:29.536 W/FrameProbe(18737): nativeOnCameraFrame 43.6 ms (trackedPts=0)
10-01 14:59:29.669 W/FrameProbe(18737): nativeOnCameraFrame 43.9 ms (trackedPts=0)
10-01 14:59:29.834 W/FrameProbe(18737): nativeOnCameraFrame 53.8 ms (trackedPts=0)
10-01 14:59:29.958 W/FrameProbe(18737): nativeOnCameraFrame 48.4 ms (trackedPts=0)
10-01 14:59:30.090 W/FrameProbe(18737): nativeOnCameraFrame 52.2 ms (trackedPts=0)
10-01 14:59:30.104 D/FpsProbe(18737): fps=28.1
10-01 14:59:30.215 W/FrameProbe(18737): nativeOnCameraFrame 54.4 ms (trackedPts=0)
10-01 14:59:30.354 W/FrameProbe(18737): nativeOnCameraFrame 48.0 ms (trackedPts=0)
10-01 14:59:30.491 W/FrameProbe(18737): nativeOnCameraFrame 66.3 ms (trackedPts=0)
10-01 14:59:30.492 I/ArPoseProbe(18737): fromTs=79.6% latest=20.4% total=10080
10-01 14:59:30.633 W/FrameProbe(18737): nativeOnCameraFrame 61.6 ms (trackedPts=0)
10-01 14:59:30.751 W/FrameProbe(18737): nativeOnCameraFrame 54.0 ms (trackedPts=0)
10-01 14:59:30.888 W/FrameProbe(18737): nativeOnCameraFrame 53.6 ms (trackedPts=0)
10-01 14:59:31.036 W/FrameProbe(18737): nativeOnCameraFrame 64.3 ms (trackedPts=0)
10-01 14:59:31.165 W/FrameProbe(18737): nativeOnCameraFrame 73.6 ms (trackedPts=0)
10-01 14:59:31.165 D/FpsProbe(18737): fps=26.1
10-01 14:59:31.287 W/FrameProbe(18737): nativeOnCameraFrame 64.7 ms (trackedPts=0)
10-01 14:59:31.418 W/FrameProbe(18737): nativeOnCameraFrame 54.2 ms (trackedPts=0)
10-01 14:59:31.564 W/FrameProbe(18737): nativeOnCameraFrame 65.3 ms (trackedPts=0)
10-01 14:59:31.709 W/FrameProbe(18737): nativeOnCameraFrame 76.3 ms (trackedPts=0)
10-01 14:59:31.846 W/FrameProbe(18737): nativeOnCameraFrame 72.7 ms (trackedPts=0)
10-01 14:59:31.887 I/CameraRange(18737): hold 自动/中 等待有效深度 aux=3 reason=policy-hold pending=none/2
10-01 14:59:31.953 W/FrameProbe(18737): nativeOnCameraFrame 54.2 ms (trackedPts=0)
10-01 14:59:32.104 W/FrameProbe(18737): nativeOnCameraFrame 70.5 ms (trackedPts=0)
10-01 14:59:32.136 I/ArPoseProbe(18737): fromTs=79.7% latest=20.3% total=10170
10-01 14:59:32.136 D/FpsProbe(18737): fps=24.2 LOW
10-01 14:59:32.227 W/FrameProbe(18737): nativeOnCameraFrame 61.5 ms (trackedPts=0)
10-01 14:59:32.353 W/FrameProbe(18737): nativeOnCameraFrame 54.6 ms (trackedPts=0)
10-01 14:59:32.479 W/FrameProbe(18737): nativeOnCameraFrame 47.6 ms (trackedPts=0)
10-01 14:59:32.614 W/FrameProbe(18737): nativeOnCameraFrame 57.0 ms (trackedPts=0)
10-01 14:59:33.475 I/MobileScan3D(18737): renderPoseAtTol match: deltaMs=328 newestAgeMs=328 hist=120
10-01 14:59:33.475 I/MobileScan3D(18737): ArAxesProbe raw down=(-0.154,-0.982,0.113) fwd=(-0.985,0.143,-0.097) post down=(-0.154,-0.982,0.113) fwd=(-0.985,0.143,-0.097) deltaMs=327
10-01 14:59:33.475 I/HqTexture(18737): pose relaxed: idx=0 ts=365172349319789 tol=500ms
10-01 14:59:33.627 I/MobileScan3D(18737): renderPoseAtTol match: deltaMs=461 newestAgeMs=461 hist=120
10-01 14:59:33.627 I/HqTexture(18737): pose relaxed: idx=1 ts=365172482628122 tol=500ms
10-01 14:59:34.378 W/FrameProbe(18737): nativeOnCameraFrame 72.8 ms (trackedPts=0)
10-01 14:59:34.378 D/FpsProbe(18737): fps=6.5 LOW
10-01 14:59:34.937 W/FrameProbe(18737): nativeOnCameraFrame 80.2 ms (trackedPts=0)
10-01 14:59:35.075 W/FrameProbe(18737): nativeOnCameraFrame 98.8 ms (trackedPts=0)
10-01 14:59:35.108 W/FrameProbe(18737): nativeOnCameraFrame 19.2 ms (trackedPts=0)
10-01 14:59:35.195 W/FrameProbe(18737): nativeOnCameraFrame 76.7 ms (trackedPts=0)
10-01 14:59:35.308 W/FrameProbe(18737): nativeOnCameraFrame 71.9 ms (trackedPts=0)
10-01 14:59:35.336 W/FrameProbe(18737): nativeOnCameraFrame 21.0 ms (trackedPts=0)
10-01 14:59:35.336 D/FpsProbe(18737): fps=7.9 LOW
10-01 14:59:35.438 W/FrameProbe(18737): nativeOnCameraFrame 64.7 ms (trackedPts=0)
10-01 14:59:35.498 W/FrameProbe(18737): nativeOnCameraFrame 16.1 ms (trackedPts=0)
10-01 14:59:35.594 W/FrameProbe(18737): nativeOnCameraFrame 83.2 ms (trackedPts=0)
10-01 14:59:35.625 W/FrameProbe(18737): nativeOnCameraFrame 19.9 ms (trackedPts=0)
10-01 14:59:35.722 W/FrameProbe(18737): nativeOnCameraFrame 81.8 ms (trackedPts=0)
10-01 14:59:35.845 W/FrameProbe(18737): nativeOnCameraFrame 74.9 ms (trackedPts=0)
10-01 14:59:35.898 W/FrameProbe(18737): nativeOnCameraFrame 16.9 ms (trackedPts=0)
10-01 14:59:35.977 W/FrameProbe(18737): nativeOnCameraFrame 68.9 ms (trackedPts=0)
10-01 14:59:36.020 I/ArPoseProbe(18737): fromTs=79.6% latest=20.4% total=10260
10-01 14:59:36.101 W/FrameProbe(18737): nativeOnCameraFrame 64.8 ms (trackedPts=0)
10-01 14:59:36.258 W/FrameProbe(18737): nativeOnCameraFrame 83.2 ms (trackedPts=0)
10-01 14:59:36.407 W/FrameProbe(18737): nativeOnCameraFrame 104.2 ms (trackedPts=0)
10-01 14:59:36.453 W/FrameProbe(18737): nativeOnCameraFrame 30.9 ms (trackedPts=0)
10-01 14:59:36.454 D/FpsProbe(18737): fps=19.1 LOW
10-01 14:59:36.602 W/FrameProbe(18737): nativeOnCameraFrame 130.6 ms (trackedPts=0)
10-01 14:59:36.727 W/FrameProbe(18737): nativeOnCameraFrame 106.7 ms (trackedPts=0)
10-01 14:59:36.809 W/FrameProbe(18737): nativeOnCameraFrame 70.2 ms (trackedPts=0)
10-01 14:59:36.857 W/FrameProbe(18737): nativeOnCameraFrame 16.7 ms (trackedPts=0)
10-01 14:59:36.906 W/FrameProbe(18737): nativeOnCameraFrame 32.7 ms (trackedPts=0)
10-01 14:59:36.955 W/FrameProbe(18737): nativeOnCameraFrame 17.0 ms (trackedPts=0)
10-01 14:59:37.072 W/FrameProbe(18737): nativeOnCameraFrame 67.2 ms (trackedPts=0)
10-01 14:59:37.243 W/FrameProbe(18737): nativeOnCameraFrame 106.3 ms (trackedPts=0)
10-01 14:59:37.280 W/FrameProbe(18737): nativeOnCameraFrame 23.6 ms (trackedPts=0)
10-01 14:59:37.281 I/CameraRange(18737): hold 自动/中 等待有效深度 aux=3 reason=policy-hold pending=none/2
10-01 14:59:37.373 W/FrameProbe(18737): nativeOnCameraFrame 83.8 ms (trackedPts=0)
10-01 14:59:37.402 W/FrameProbe(18737): nativeOnCameraFrame 19.7 ms (trackedPts=0)
10-01 14:59:37.531 W/FrameProbe(18737): nativeOnCameraFrame 121.0 ms (trackedPts=0)
10-01 14:59:37.615 W/FrameProbe(18737): nativeOnCameraFrame 68.1 ms (trackedPts=0)
10-01 14:59:37.615 D/FpsProbe(18737): fps=15.9 LOW
10-01 14:59:37.734 W/FrameProbe(18737): nativeOnCameraFrame 65.7 ms (trackedPts=0)
10-01 14:59:37.765 W/FrameProbe(18737): nativeOnCameraFrame 19.2 ms (trackedPts=0)
10-01 14:59:37.794 W/FrameProbe(18737): nativeOnCameraFrame 17.2 ms (trackedPts=0)
10-01 14:59:37.889 W/FrameProbe(18737): nativeOnCameraFrame 84.2 ms (trackedPts=0)
10-01 14:59:37.934 W/FrameProbe(18737): nativeOnCameraFrame 24.3 ms (trackedPts=0)
10-01 14:59:37.974 I/ArPoseProbe(18737): fromTs=79.3% latest=20.7% total=10350
10-01 14:59:38.061 W/FrameProbe(18737): nativeOnCameraFrame 112.6 ms (trackedPts=0)
10-01 14:59:38.167 W/FrameProbe(18737): nativeOnCameraFrame 78.9 ms (trackedPts=0)
10-01 14:59:38.273 W/FrameProbe(18737): nativeOnCameraFrame 69.1 ms (trackedPts=0)
10-01 14:59:38.300 W/FrameProbe(18737): nativeOnCameraFrame 18.6 ms (trackedPts=0)
10-01 14:59:38.400 W/FrameProbe(18737): nativeOnCameraFrame 65.1 ms (trackedPts=0)
10-01 14:59:38.536 W/FrameProbe(18737): nativeOnCameraFrame 68.9 ms (trackedPts=0)
10-01 14:59:38.579 D/FpsProbe(18737): fps=18.4 LOW
10-01 14:59:38.679 W/FrameProbe(18737): nativeOnCameraFrame 78.6 ms (trackedPts=0)
10-01 14:59:38.804 W/FrameProbe(18737): nativeOnCameraFrame 68.1 ms (trackedPts=0)
10-01 14:59:38.948 W/FrameProbe(18737): nativeOnCameraFrame 82.2 ms (trackedPts=0)
10-01 14:59:39.063 W/FrameProbe(18737): nativeOnCameraFrame 63.2 ms (trackedPts=0)
10-01 14:59:39.158 I/HqTexture(18737): register ok: single_229423114118781.jpg idx=1 q=2.50 ts=365172482628122
10-01 14:59:39.248 W/FrameProbe(18737): nativeOnCameraFrame 78.8 ms (trackedPts=0)
10-01 14:59:39.390 W/FrameProbe(18737): nativeOnCameraFrame 129.4 ms (trackedPts=0)
10-01 14:59:39.493 W/FrameProbe(18737): nativeOnCameraFrame 94.2 ms (trackedPts=0)
10-01 14:59:39.579 W/FrameProbe(18737): nativeOnCameraFrame 72.7 ms (trackedPts=0)
10-01 14:59:39.616 D/FpsProbe(18737): fps=17.4 LOW
10-01 14:59:39.721 W/FrameProbe(18737): nativeOnCameraFrame 82.6 ms (trackedPts=0)
10-01 14:59:39.835 W/FrameProbe(18737): nativeOnCameraFrame 66.2 ms (trackedPts=0)
10-01 14:59:39.867 I/ArPoseProbe(18737): fromTs=79.1% latest=20.9% total=10440
10-01 14:59:39.977 W/FrameProbe(18737): nativeOnCameraFrame 70.0 ms (trackedPts=0)
10-01 14:59:40.107 W/FrameProbe(18737): nativeOnCameraFrame 70.1 ms (trackedPts=0)
10-01 14:59:40.254 W/FrameProbe(18737): nativeOnCameraFrame 81.1 ms (trackedPts=0)
10-01 14:59:40.371 W/FrameProbe(18737): nativeOnCameraFrame 61.8 ms (trackedPts=0)
10-01 14:59:40.501 W/FrameProbe(18737): nativeOnCameraFrame 62.5 ms (trackedPts=0)
10-01 14:59:40.627 W/FrameProbe(18737): nativeOnCameraFrame 60.9 ms (trackedPts=0)
10-01 14:59:40.648 D/FpsProbe(18737): fps=21.3 LOW
10-01 14:59:40.757 W/FrameProbe(18737): nativeOnCameraFrame 56.4 ms (trackedPts=0)
10-01 14:59:40.896 W/FrameProbe(18737): nativeOnCameraFrame 64.0 ms (trackedPts=0)
10-01 14:59:41.027 W/FrameProbe(18737): nativeOnCameraFrame 61.7 ms (trackedPts=0)
10-01 14:59:41.174 W/FrameProbe(18737): nativeOnCameraFrame 66.9 ms (trackedPts=0)
10-01 14:59:42.048 I/MobileScan3D(18737): renderPoseAtTol match: deltaMs=360 newestAgeMs=360 hist=120
10-01 14:59:42.048 I/MobileScan3D(18737): ArAxesProbe raw down=(-0.014,-0.993,0.117) fwd=(-0.998,0.006,-0.065) post down=(-0.014,-0.993,0.117) fwd=(-0.998,0.006,-0.065) deltaMs=360
10-01 14:59:42.048 I/HqTexture(18737): pose relaxed: idx=0 ts=365180924968435 tol=500ms
10-01 14:59:42.202 I/MobileScan3D(18737): renderPoseAtTol match: deltaMs=494 newestAgeMs=494 hist=120
10-01 14:59:42.202 I/HqTexture(18737): pose relaxed: idx=1 ts=365181058276768 tol=500ms
10-01 14:59:42.949 W/FrameProbe(18737): nativeOnCameraFrame 81.4 ms (trackedPts=0)
10-01 14:59:42.949 D/FpsProbe(18737): fps=6.3 LOW
10-01 14:59:43.063 W/FrameProbe(18737): nativeOnCameraFrame 78.5 ms (trackedPts=0)
10-01 14:59:43.199 W/FrameProbe(18737): nativeOnCameraFrame 74.1 ms (trackedPts=0)
10-01 14:59:43.263 W/FrameProbe(18737): nativeOnCameraFrame 17.3 ms (trackedPts=0)
10-01 14:59:43.263 I/ArPoseProbe(18737): fromTs=79.2% latest=20.8% total=10530
10-01 14:59:43.349 W/FrameProbe(18737): nativeOnCameraFrame 73.8 ms (trackedPts=0)
10-01 14:59:43.374 I/CameraRange(18737): hold 自动/中 等待有效深度 aux=3 reason=policy-hold pending=none/2
10-01 14:59:43.450 W/FrameProbe(18737): nativeOnCameraFrame 65.8 ms (trackedPts=0)
10-01 14:59:43.588 W/FrameProbe(18737): nativeOnCameraFrame 72.3 ms (trackedPts=0)
10-01 14:59:43.743 W/FrameProbe(18737): nativeOnCameraFrame 84.5 ms (trackedPts=0)
10-01 14:59:43.864 W/FrameProbe(18737): nativeOnCameraFrame 81.4 ms (trackedPts=0)
10-01 14:59:43.898 W/FrameProbe(18737): nativeOnCameraFrame 16.5 ms (trackedPts=0)
10-01 14:59:43.922 D/FpsProbe(18737): fps=19.4 LOW
10-01 14:59:44.015 W/FrameProbe(18737): nativeOnCameraFrame 85.3 ms (trackedPts=0)
10-01 14:59:44.138 W/FrameProbe(18737): nativeOnCameraFrame 80.0 ms (trackedPts=0)
10-01 14:59:44.180 W/FrameProbe(18737): nativeOnCameraFrame 30.7 ms (trackedPts=0)
10-01 14:59:44.271 W/FrameProbe(18737): nativeOnCameraFrame 83.2 ms (trackedPts=0)
10-01 14:59:44.406 W/FrameProbe(18737): nativeOnCameraFrame 87.8 ms (trackedPts=0)
10-01 14:59:44.447 W/FrameProbe(18737): nativeOnCameraFrame 30.2 ms (trackedPts=0)
10-01 14:59:44.546 W/FrameProbe(18737): nativeOnCameraFrame 86.3 ms (trackedPts=0)
10-01 14:59:44.694 W/FrameProbe(18737): nativeOnCameraFrame 113.7 ms (trackedPts=0)
10-01 14:59:44.753 W/FrameProbe(18737): nativeOnCameraFrame 32.1 ms (trackedPts=0)
10-01 14:59:44.859 W/FrameProbe(18737): nativeOnCameraFrame 98.0 ms (trackedPts=0)
10-01 14:59:44.890 W/FrameProbe(18737): nativeOnCameraFrame 17.5 ms (trackedPts=0)
10-01 14:59:46.202 I/MobileScan3D(18737): nativeBuildMesh quality=1 ok=1 src=scene verts=54074 tris=100000 rawTris=233013 compRemoved=236/255 decimated=1 ms=1142.6 note=ok
10-01 14:59:46.204 W/FrameProbe(18737): nativeOnCameraFrame 1298.7 ms (trackedPts=0)
10-01 14:59:46.305 W/FrameProbe(18737): nativeOnCameraFrame 87.1 ms (trackedPts=0)
10-01 14:59:46.305 D/FpsProbe(18737): fps=11.7 LOW
10-01 14:59:46.391 W/FrameProbe(18737): nativeOnCameraFrame 70.0 ms (trackedPts=0)
10-01 14:59:46.391 D/FpsProbe(18737): fps=0.9 LOW
10-01 14:59:46.422 W/FrameProbe(18737): nativeOnCameraFrame 21.1 ms (trackedPts=0)
10-01 14:59:46.422 I/ArPoseProbe(18737): fromTs=79.1% latest=20.9% total=10620
10-01 14:59:46.529 W/FrameProbe(18737): nativeOnCameraFrame 81.3 ms (trackedPts=0)
10-01 14:59:46.555 W/FrameProbe(18737): nativeOnCameraFrame 16.0 ms (trackedPts=0)
10-01 14:59:46.649 W/FrameProbe(18737): nativeOnCameraFrame 63.1 ms (trackedPts=0)
10-01 14:59:46.887 W/FrameProbe(18737): nativeOnCameraFrame 166.2 ms (trackedPts=0)
10-01 14:59:46.968 W/FrameProbe(18737): nativeOnCameraFrame 70.1 ms (trackedPts=0)
10-01 14:59:47.082 W/FrameProbe(18737): nativeOnCameraFrame 64.8 ms (trackedPts=0)
10-01 14:59:47.153 W/FrameProbe(18737): nativeOnCameraFrame 16.8 ms (trackedPts=0)
10-01 14:59:47.222 W/FrameProbe(18737): nativeOnCameraFrame 59.3 ms (trackedPts=0)
10-01 14:59:47.349 W/FrameProbe(18737): nativeOnCameraFrame 64.9 ms (trackedPts=0)
10-01 14:59:47.366 D/FpsProbe(18737): fps=18.4 LOW
10-01 14:59:47.475 W/FrameProbe(18737): nativeOnCameraFrame 58.6 ms (trackedPts=0)
10-01 14:59:47.615 W/FrameProbe(18737): nativeOnCameraFrame 65.5 ms (trackedPts=0)
10-01 14:59:47.743 W/FrameProbe(18737): nativeOnCameraFrame 59.9 ms (trackedPts=0)
10-01 14:59:47.817 W/FrameProbe(18737): nativeOnCameraFrame 16.9 ms (trackedPts=0)
10-01 14:59:47.893 W/FrameProbe(18737): nativeOnCameraFrame 66.2 ms (trackedPts=0)
10-01 14:59:48.028 W/FrameProbe(18737): nativeOnCameraFrame 70.3 ms (trackedPts=0)
10-01 14:59:48.055 W/FrameProbe(18737): nativeOnCameraFrame 18.3 ms (trackedPts=0)
10-01 14:59:48.124 W/FrameProbe(18737): nativeOnCameraFrame 46.9 ms (trackedPts=0)
10-01 14:59:48.147 I/ArPoseProbe(18737): fromTs=79.0% latest=21.0% total=10710
10-01 14:59:48.282 W/FrameProbe(18737): nativeOnCameraFrame 56.6 ms (trackedPts=0)
10-01 14:59:48.404 W/FrameProbe(18737): nativeOnCameraFrame 46.5 ms (trackedPts=0)
10-01 14:59:48.425 D/FpsProbe(18737): fps=27.1
10-01 14:59:48.550 W/FrameProbe(18737): nativeOnCameraFrame 61.3 ms (trackedPts=0)
10-01 14:59:48.659 W/FrameProbe(18737): nativeOnCameraFrame 48.1 ms (trackedPts=0)
10-01 14:59:48.821 W/FrameProbe(18737): nativeOnCameraFrame 61.8 ms (trackedPts=0)
10-01 14:59:48.928 W/FrameProbe(18737): nativeOnCameraFrame 51.9 ms (trackedPts=0)
10-01 14:59:49.018 W/FrameProbe(18737): nativeOnCameraFrame 21.0 ms (trackedPts=0)
10-01 14:59:49.093 W/FrameProbe(18737): nativeOnCameraFrame 72.5 ms (trackedPts=0)
10-01 14:59:49.130 W/FrameProbe(18737): nativeOnCameraFrame 19.0 ms (trackedPts=0)
10-01 14:59:49.234 W/FrameProbe(18737): nativeOnCameraFrame 75.1 ms (trackedPts=0)
10-01 14:59:49.383 W/FrameProbe(18737): nativeOnCameraFrame 90.6 ms (trackedPts=0)
10-01 14:59:49.422 W/FrameProbe(18737): nativeOnCameraFrame 22.3 ms (trackedPts=0)
10-01 14:59:49.507 W/FrameProbe(18737): nativeOnCameraFrame 82.6 ms (trackedPts=0)
10-01 14:59:49.509 D/FpsProbe(18737): fps=24.2 LOW
10-01 14:59:49.541 W/FrameProbe(18737): nativeOnCameraFrame 20.2 ms (trackedPts=0)
10-01 14:59:49.652 W/FrameProbe(18737): nativeOnCameraFrame 86.1 ms (trackedPts=0)
10-01 14:59:49.684 W/FrameProbe(18737): nativeOnCameraFrame 18.0 ms (trackedPts=0)
10-01 14:59:49.760 W/FrameProbe(18737): nativeOnCameraFrame 68.6 ms (trackedPts=0)
10-01 14:59:49.862 I/ArPoseProbe(18737): fromTs=79.1% latest=20.9% total=10800
10-01 14:59:49.885 W/FrameProbe(18737): nativeOnCameraFrame 62.2 ms (trackedPts=0)
10-01 14:59:50.007 W/FrameProbe(18737): nativeOnCameraFrame 58.9 ms (trackedPts=0)
10-01 14:59:50.138 W/FrameProbe(18737): nativeOnCameraFrame 59.2 ms (trackedPts=0)
10-01 14:59:50.287 W/FrameProbe(18737): nativeOnCameraFrame 66.5 ms (trackedPts=0)
10-01 14:59:50.410 W/FrameProbe(18737): nativeOnCameraFrame 64.5 ms (trackedPts=0)
10-01 14:59:50.453 D/FpsProbe(18737): fps=21.3 LOW
10-01 14:59:50.548 W/FrameProbe(18737): nativeOnCameraFrame 68.0 ms (trackedPts=0)
10-01 14:59:50.686 W/FrameProbe(18737): nativeOnCameraFrame 63.2 ms (trackedPts=0)
10-01 14:59:50.816 W/FrameProbe(18737): nativeOnCameraFrame 64.7 ms (trackedPts=0)
10-01 14:59:50.957 W/FrameProbe(18737): nativeOnCameraFrame 74.9 ms (trackedPts=0)
10-01 14:59:51.092 W/FrameProbe(18737): nativeOnCameraFrame 69.9 ms (trackedPts=0)
10-01 14:59:51.219 W/FrameProbe(18737): nativeOnCameraFrame 69.6 ms (trackedPts=0)
10-01 14:59:51.365 W/FrameProbe(18737): nativeOnCameraFrame 77.7 ms (trackedPts=0)
10-01 14:59:51.479 W/FrameProbe(18737): nativeOnCameraFrame 69.1 ms (trackedPts=0)
10-01 14:59:51.512 D/FpsProbe(18737): fps=23.2 LOW
10-01 14:59:51.524 I/ArPoseProbe(18737): fromTs=79.1% latest=20.9% total=10890
10-01 14:59:51.543 W/FrameProbe(18737): nativeOnCameraFrame 22.4 ms (trackedPts=0)
10-01 14:59:51.633 W/FrameProbe(18737): nativeOnCameraFrame 80.1 ms (trackedPts=0)
10-01 14:59:51.754 W/FrameProbe(18737): nativeOnCameraFrame 66.4 ms (trackedPts=0)
10-01 14:59:51.871 W/FrameProbe(18737): nativeOnCameraFrame 62.4 ms (trackedPts=0)
10-01 14:59:52.015 W/FrameProbe(18737): nativeOnCameraFrame 70.5 ms (trackedPts=0)
10-01 14:59:52.136 W/FrameProbe(18737): nativeOnCameraFrame 59.7 ms (trackedPts=0)
10-01 14:59:52.183 W/FrameProbe(18737): nativeOnCameraFrame 20.6 ms (trackedPts=0)
10-01 14:59:52.293 W/FrameProbe(18737): nativeOnCameraFrame 69.6 ms (trackedPts=0)
10-01 14:59:52.326 W/FrameProbe(18737): nativeOnCameraFrame 23.4 ms (trackedPts=0)
10-01 14:59:52.440 W/FrameProbe(18737): nativeOnCameraFrame 86.0 ms (trackedPts=0)
10-01 14:59:52.560 W/FrameProbe(18737): nativeOnCameraFrame 72.5 ms (trackedPts=0)
10-01 14:59:52.591 D/FpsProbe(18737): fps=24.4 LOW
10-01 14:59:52.615 W/FrameProbe(18737): nativeOnCameraFrame 17.3 ms (trackedPts=0)
10-01 14:59:52.700 W/FrameProbe(18737): nativeOnCameraFrame 78.7 ms (trackedPts=0)
10-01 14:59:52.828 W/FrameProbe(18737): nativeOnCameraFrame 82.7 ms (trackedPts=0)
10-01 14:59:52.952 W/FrameProbe(18737): nativeOnCameraFrame 70.8 ms (trackedPts=0)
10-01 14:59:53.088 W/FrameProbe(18737): nativeOnCameraFrame 75.9 ms (trackedPts=0)
10-01 14:59:53.198 W/FrameProbe(18737): nativeOnCameraFrame 55.8 ms (trackedPts=0)
10-01 14:59:53.223 W/FrameProbe(18737): nativeOnCameraFrame 18.6 ms (trackedPts=0)
10-01 14:59:53.235 I/ArPoseProbe(18737): fromTs=79.2% latest=20.8% total=10980
10-01 14:59:53.250 W/FrameProbe(18737): nativeOnCameraFrame 17.0 ms (trackedPts=0)
10-01 14:59:53.333 W/FrameProbe(18737): nativeOnCameraFrame 56.7 ms (trackedPts=0)
10-01 14:59:53.498 W/FrameProbe(18737): nativeOnCameraFrame 74.6 ms (trackedPts=0)
10-01 14:59:53.615 W/FrameProbe(18737): nativeOnCameraFrame 70.3 ms (trackedPts=0)
10-01 14:59:53.640 D/FpsProbe(18737): fps=23.4 LOW
10-01 14:59:53.749 W/FrameProbe(18737): nativeOnCameraFrame 63.1 ms (trackedPts=0)
10-01 14:59:53.870 W/FrameProbe(18737): nativeOnCameraFrame 57.0 ms (trackedPts=0)
10-01 14:59:54.006 W/FrameProbe(18737): nativeOnCameraFrame 55.7 ms (trackedPts=0)
10-01 14:59:54.141 W/FrameProbe(18737): nativeOnCameraFrame 63.4 ms (trackedPts=0)
10-01 14:59:54.274 W/FrameProbe(18737): nativeOnCameraFrame 59.2 ms (trackedPts=0)
10-01 14:59:54.411 W/FrameProbe(18737): nativeOnCameraFrame 61.9 ms (trackedPts=0)
10-01 14:59:54.553 W/FrameProbe(18737): nativeOnCameraFrame 67.2 ms (trackedPts=0)
10-01 14:59:54.698 W/FrameProbe(18737): nativeOnCameraFrame 76.3 ms (trackedPts=0)
10-01 14:59:54.722 D/FpsProbe(18737): fps=25.3
10-01 14:59:54.750 W/FrameProbe(18737): nativeOnCameraFrame 22.3 ms (trackedPts=0)
10-01 14:59:54.824 W/FrameProbe(18737): nativeOnCameraFrame 68.7 ms (trackedPts=0)
10-01 14:59:54.860 I/ArPoseProbe(18737): fromTs=79.3% latest=20.7% total=11070
10-01 14:59:54.945 W/FrameProbe(18737): nativeOnCameraFrame 66.7 ms (trackedPts=0)
10-01 14:59:55.080 W/FrameProbe(18737): nativeOnCameraFrame 70.1 ms (trackedPts=0)
10-01 14:59:55.225 W/FrameProbe(18737): nativeOnCameraFrame 72.7 ms (trackedPts=0)
10-01 14:59:55.352 W/FrameProbe(18737): nativeOnCameraFrame 70.1 ms (trackedPts=0)
10-01 14:59:55.492 W/FrameProbe(18737): nativeOnCameraFrame 73.5 ms (trackedPts=0)
10-01 14:59:55.621 W/FrameProbe(18737): nativeOnCameraFrame 69.6 ms (trackedPts=0)
10-01 14:59:55.759 W/FrameProbe(18737): nativeOnCameraFrame 73.7 ms (trackedPts=0)
10-01 14:59:55.784 D/FpsProbe(18737): fps=22.5 LOW
10-01 14:59:55.887 W/FrameProbe(18737): nativeOnCameraFrame 68.7 ms (trackedPts=0)
10-01 14:59:56.019 W/FrameProbe(18737): nativeOnCameraFrame 66.0 ms (trackedPts=0)
10-01 14:59:56.143 W/FrameProbe(18737): nativeOnCameraFrame 65.9 ms (trackedPts=0)
10-01 14:59:56.268 W/FrameProbe(18737): nativeOnCameraFrame 58.1 ms (trackedPts=0)
10-01 14:59:56.404 W/FrameProbe(18737): nativeOnCameraFrame 59.9 ms (trackedPts=0)
10-01 14:59:56.539 W/FrameProbe(18737): nativeOnCameraFrame 63.8 ms (trackedPts=0)
10-01 14:59:56.555 I/ArPoseProbe(18737): fromTs=79.4% latest=20.6% total=11160
10-01 14:59:56.675 W/FrameProbe(18737): nativeOnCameraFrame 63.6 ms (trackedPts=0)
10-01 14:59:56.817 W/FrameProbe(18737): nativeOnCameraFrame 71.4 ms (trackedPts=0)
10-01 14:59:56.831 D/FpsProbe(18737): fps=26.3
10-01 14:59:56.937 W/FrameProbe(18737): nativeOnCameraFrame 63.5 ms (trackedPts=0)
10-01 14:59:57.086 W/FrameProbe(18737): nativeOnCameraFrame 76.6 ms (trackedPts=0)
10-01 14:59:57.220 W/FrameProbe(18737): nativeOnCameraFrame 72.8 ms (trackedPts=0)
10-01 14:59:57.355 W/FrameProbe(18737): nativeOnCameraFrame 76.9 ms (trackedPts=0)
10-01 14:59:57.484 W/FrameProbe(18737): nativeOnCameraFrame 65.4 ms (trackedPts=0)
10-01 14:59:57.613 W/FrameProbe(18737): nativeOnCameraFrame 68.6 ms (trackedPts=0)
10-01 14:59:57.638 W/FrameProbe(18737): nativeOnCameraFrame 16.5 ms (trackedPts=0)
10-01 14:59:57.741 W/FrameProbe(18737): nativeOnCameraFrame 68.0 ms (trackedPts=0)
10-01 14:59:57.891 W/FrameProbe(18737): nativeOnCameraFrame 72.4 ms (trackedPts=0)
10-01 14:59:57.910 D/FpsProbe(18737): fps=22.5 LOW
10-01 14:59:58.022 W/FrameProbe(18737): nativeOnCameraFrame 78.7 ms (trackedPts=0)
10-01 14:59:58.156 W/FrameProbe(18737): nativeOnCameraFrame 75.2 ms (trackedPts=0)
10-01 14:59:58.265 I/ArPoseProbe(18737): fromTs=79.5% latest=20.5% total=11250
10-01 14:59:58.286 W/FrameProbe(18737): nativeOnCameraFrame 71.1 ms (trackedPts=0)
10-01 14:59:58.424 W/FrameProbe(18737): nativeOnCameraFrame 72.2 ms (trackedPts=0)
10-01 14:59:58.545 W/FrameProbe(18737): nativeOnCameraFrame 72.5 ms (trackedPts=0)
10-01 14:59:58.689 W/FrameProbe(18737): nativeOnCameraFrame 72.7 ms (trackedPts=0)
10-01 14:59:58.813 W/FrameProbe(18737): nativeOnCameraFrame 65.9 ms (trackedPts=0)
10-01 14:59:58.951 W/FrameProbe(18737): nativeOnCameraFrame 64.4 ms (trackedPts=0)
10-01 14:59:58.969 D/FpsProbe(18737): fps=22.5 LOW
10-01 14:59:59.071 W/FrameProbe(18737): nativeOnCameraFrame 61.8 ms (trackedPts=0)
10-01 14:59:59.206 W/FrameProbe(18737): nativeOnCameraFrame 64.1 ms (trackedPts=0)
10-01 14:59:59.352 W/FrameProbe(18737): nativeOnCameraFrame 66.0 ms (trackedPts=0)
10-01 14:59:59.485 W/FrameProbe(18737): nativeOnCameraFrame 66.6 ms (trackedPts=0)
10-01 14:59:59.618 W/FrameProbe(18737): nativeOnCameraFrame 68.4 ms (trackedPts=0)
10-01 14:59:59.737 W/FrameProbe(18737): nativeOnCameraFrame 60.7 ms (trackedPts=0)
10-01 14:59:59.883 W/FrameProbe(18737): nativeOnCameraFrame 75.0 ms (trackedPts=0)
10-01 14:59:59.944 I/ArPoseProbe(18737): fromTs=79.4% latest=20.6% total=11340
10-01 15:00:00.011 W/FrameProbe(18737): nativeOnCameraFrame 64.9 ms (trackedPts=0)
10-01 15:00:00.029 D/FpsProbe(18737): fps=23.4 LOW
10-01 15:00:00.151 W/FrameProbe(18737): nativeOnCameraFrame 66.2 ms (trackedPts=0)
10-01 15:00:00.288 W/FrameProbe(18737): nativeOnCameraFrame 71.8 ms (trackedPts=0)
10-01 15:00:00.410 W/FrameProbe(18737): nativeOnCameraFrame 67.8 ms (trackedPts=0)
10-01 15:00:00.542 W/FrameProbe(18737): nativeOnCameraFrame 62.6 ms (trackedPts=0)
10-01 15:00:00.681 W/FrameProbe(18737): nativeOnCameraFrame 64.2 ms (trackedPts=0)
10-01 15:00:00.832 W/FrameProbe(18737): nativeOnCameraFrame 85.9 ms (trackedPts=0)
10-01 15:00:00.946 W/FrameProbe(18737): nativeOnCameraFrame 60.4 ms (trackedPts=0)
10-01 15:00:01.072 W/FrameProbe(18737): nativeOnCameraFrame 61.3 ms (trackedPts=0)
10-01 15:00:01.086 D/FpsProbe(18737): fps=23.4 LOW
10-01 15:00:01.223 W/FrameProbe(18737): nativeOnCameraFrame 71.2 ms (trackedPts=0)
10-01 15:00:01.251 W/FrameProbe(18737): nativeOnCameraFrame 18.9 ms (trackedPts=0)
10-01 15:00:01.355 W/FrameProbe(18737): nativeOnCameraFrame 73.6 ms (trackedPts=0)
10-01 15:00:01.499 W/FrameProbe(18737): nativeOnCameraFrame 86.5 ms (trackedPts=0)
10-01 15:00:01.618 W/FrameProbe(18737): nativeOnCameraFrame 65.2 ms (trackedPts=0)
10-01 15:00:01.645 W/FrameProbe(18737): nativeOnCameraFrame 17.8 ms (trackedPts=0)
10-01 15:00:01.669 I/ArPoseProbe(18737): fromTs=79.5% latest=20.5% total=11430
10-01 15:00:01.742 W/FrameProbe(18737): nativeOnCameraFrame 62.7 ms (trackedPts=0)
10-01 15:00:01.794 W/FrameProbe(18737): nativeOnCameraFrame 16.3 ms (trackedPts=0)
10-01 15:00:01.881 W/FrameProbe(18737): nativeOnCameraFrame 70.5 ms (trackedPts=0)
10-01 15:00:02.024 W/FrameProbe(18737): nativeOnCameraFrame 71.8 ms (trackedPts=0)
10-01 15:00:02.143 W/FrameProbe(18737): nativeOnCameraFrame 61.7 ms (trackedPts=0)
10-01 15:00:02.162 D/FpsProbe(18737): fps=21.6 LOW
10-01 15:00:02.280 W/FrameProbe(18737): nativeOnCameraFrame 64.9 ms (trackedPts=0)
10-01 15:00:02.409 W/FrameProbe(18737): nativeOnCameraFrame 63.1 ms (trackedPts=0)
10-01 15:00:02.547 W/FrameProbe(18737): nativeOnCameraFrame 63.5 ms (trackedPts=0)
10-01 15:00:02.690 W/FrameProbe(18737): nativeOnCameraFrame 64.1 ms (trackedPts=0)
10-01 15:00:02.807 W/FrameProbe(18737): nativeOnCameraFrame 54.4 ms (trackedPts=0)
10-01 15:00:02.942 W/FrameProbe(18737): nativeOnCameraFrame 65.1 ms (trackedPts=0)
10-01 15:00:03.073 W/FrameProbe(18737): nativeOnCameraFrame 63.9 ms (trackedPts=0)
10-01 15:00:03.217 W/FrameProbe(18737): nativeOnCameraFrame 67.0 ms (trackedPts=0)
10-01 15:00:03.235 D/FpsProbe(18737): fps=23.4 LOW
10-01 15:00:03.346 W/FrameProbe(18737): nativeOnCameraFrame 61.0 ms (trackedPts=0)
10-01 15:00:03.364 I/ArPoseProbe(18737): fromTs=79.5% latest=20.5% total=11520
10-01 15:00:03.468 W/FrameProbe(18737): nativeOnCameraFrame 57.1 ms (trackedPts=0)
10-01 15:00:03.605 W/FrameProbe(18737): nativeOnCameraFrame 62.4 ms (trackedPts=0)
10-01 15:00:03.742 W/FrameProbe(18737): nativeOnCameraFrame 63.1 ms (trackedPts=0)
10-01 15:00:03.872 W/FrameProbe(18737): nativeOnCameraFrame 66.4 ms (trackedPts=0)
10-01 15:00:04.007 W/FrameProbe(18737): nativeOnCameraFrame 64.1 ms (trackedPts=0)
10-01 15:00:04.149 W/FrameProbe(18737): nativeOnCameraFrame 64.4 ms (trackedPts=0)
10-01 15:00:04.273 W/FrameProbe(18737): nativeOnCameraFrame 63.6 ms (trackedPts=0)
10-01 15:00:04.291 D/FpsProbe(18737): fps=25.3
10-01 15:00:04.415 W/FrameProbe(18737): nativeOnCameraFrame 70.0 ms (trackedPts=0)
10-01 15:00:04.555 W/FrameProbe(18737): nativeOnCameraFrame 70.2 ms (trackedPts=0)
10-01 15:00:04.677 W/FrameProbe(18737): nativeOnCameraFrame 63.2 ms (trackedPts=0)
10-01 15:00:04.806 W/FrameProbe(18737): nativeOnCameraFrame 56.0 ms (trackedPts=0)
10-01 15:00:04.965 W/FrameProbe(18737): nativeOnCameraFrame 78.7 ms (trackedPts=0)
10-01 15:00:05.007 I/ArPoseProbe(18737): fromTs=79.6% latest=20.4% total=11610
10-01 15:00:05.091 W/FrameProbe(18737): nativeOnCameraFrame 75.5 ms (trackedPts=0)
10-01 15:00:05.217 W/FrameProbe(18737): nativeOnCameraFrame 71.1 ms (trackedPts=0)
10-01 15:00:05.339 W/FrameProbe(18737): nativeOnCameraFrame 63.8 ms (trackedPts=0)
10-01 15:00:05.356 D/FpsProbe(18737): fps=23.4 LOW
10-01 15:00:05.482 W/FrameProbe(18737): nativeOnCameraFrame 71.1 ms (trackedPts=0)
10-01 15:00:05.599 W/FrameProbe(18737): nativeOnCameraFrame 56.2 ms (trackedPts=0)
10-01 15:00:05.748 W/FrameProbe(18737): nativeOnCameraFrame 67.5 ms (trackedPts=0)
10-01 15:00:05.863 W/FrameProbe(18737): nativeOnCameraFrame 55.7 ms (trackedPts=0)
10-01 15:00:06.007 W/FrameProbe(18737): nativeOnCameraFrame 66.4 ms (trackedPts=0)
10-01 15:00:06.140 W/FrameProbe(18737): nativeOnCameraFrame 57.2 ms (trackedPts=0)
10-01 15:00:06.267 W/FrameProbe(18737): nativeOnCameraFrame 60.3 ms (trackedPts=0)
10-01 15:00:06.415 W/FrameProbe(18737): nativeOnCameraFrame 64.2 ms (trackedPts=0)
10-01 15:00:06.433 D/FpsProbe(18737): fps=25.3
10-01 15:00:06.535 W/FrameProbe(18737): nativeOnCameraFrame 58.3 ms (trackedPts=0)
10-01 15:00:06.671 W/FrameProbe(18737): nativeOnCameraFrame 64.5 ms (trackedPts=0)
10-01 15:00:06.684 I/ArPoseProbe(18737): fromTs=79.6% latest=20.4% total=11700
10-01 15:00:06.822 W/FrameProbe(18737): nativeOnCameraFrame 71.6 ms (trackedPts=0)
10-01 15:00:06.950 W/FrameProbe(18737): nativeOnCameraFrame 74.1 ms (trackedPts=0)
10-01 15:00:07.076 W/FrameProbe(18737): nativeOnCameraFrame 61.7 ms (trackedPts=0)
10-01 15:00:07.225 W/FrameProbe(18737): nativeOnCameraFrame 73.4 ms (trackedPts=0)
10-01 15:00:07.355 W/FrameProbe(18737): nativeOnCameraFrame 76.7 ms (trackedPts=0)
10-01 15:00:07.484 W/FrameProbe(18737): nativeOnCameraFrame 77.2 ms (trackedPts=0)
10-01 15:00:07.503 D/FpsProbe(18737): fps=24.4 LOW
10-01 15:00:07.618 W/FrameProbe(18737): nativeOnCameraFrame 71.7 ms (trackedPts=0)
10-01 15:00:07.734 W/FrameProbe(18737): nativeOnCameraFrame 58.5 ms (trackedPts=0)
10-01 15:00:07.888 W/FrameProbe(18737): nativeOnCameraFrame 68.1 ms (trackedPts=0)
10-01 15:00:08.013 W/FrameProbe(18737): nativeOnCameraFrame 64.7 ms (trackedPts=0)
10-01 15:00:08.142 W/FrameProbe(18737): nativeOnCameraFrame 70.7 ms (trackedPts=0)
10-01 15:00:08.286 W/FrameProbe(18737): nativeOnCameraFrame 68.5 ms (trackedPts=0)
10-01 15:00:08.422 W/FrameProbe(18737): nativeOnCameraFrame 73.6 ms (trackedPts=0)
10-01 15:00:08.422 I/ArPoseProbe(18737): fromTs=79.6% latest=20.4% total=11790
10-01 15:00:08.538 W/FrameProbe(18737): nativeOnCameraFrame 61.0 ms (trackedPts=0)
10-01 15:00:08.555 D/FpsProbe(18737): fps=23.4 LOW
10-01 15:00:08.668 W/FrameProbe(18737): nativeOnCameraFrame 62.0 ms (trackedPts=0)
10-01 15:00:08.811 W/FrameProbe(18737): nativeOnCameraFrame 64.9 ms (trackedPts=0)
10-01 15:00:08.833 W/FrameProbe(18737): nativeOnCameraFrame 16.0 ms (trackedPts=0)
10-01 15:00:08.939 W/FrameProbe(18737): nativeOnCameraFrame 57.7 ms (trackedPts=0)
10-01 15:00:09.080 W/FrameProbe(18737): nativeOnCameraFrame 64.5 ms (trackedPts=0)
10-01 15:00:09.207 W/FrameProbe(18737): nativeOnCameraFrame 68.8 ms (trackedPts=0)
10-01 15:00:09.358 W/FrameProbe(18737): nativeOnCameraFrame 74.6 ms (trackedPts=0)
10-01 15:00:09.487 W/FrameProbe(18737): nativeOnCameraFrame 67.1 ms (trackedPts=0)
10-01 15:00:09.620 W/FrameProbe(18737): nativeOnCameraFrame 69.9 ms (trackedPts=0)
10-01 15:00:09.636 D/FpsProbe(18737): fps=23.4 LOW
10-01 15:00:09.734 W/FrameProbe(18737): nativeOnCameraFrame 62.5 ms (trackedPts=0)
10-01 15:00:09.882 W/FrameProbe(18737): nativeOnCameraFrame 69.3 ms (trackedPts=0)
10-01 15:00:10.009 W/FrameProbe(18737): nativeOnCameraFrame 65.7 ms (trackedPts=0)
10-01 15:00:10.070 I/ArPoseProbe(18737): fromTs=79.7% latest=20.3% total=11880
10-01 15:00:10.132 W/FrameProbe(18737): nativeOnCameraFrame 59.3 ms (trackedPts=0)
10-01 15:00:10.265 W/FrameProbe(18737): nativeOnCameraFrame 56.4 ms (trackedPts=0)
10-01 15:00:10.410 W/FrameProbe(18737): nativeOnCameraFrame 64.6 ms (trackedPts=0)
10-01 15:00:10.548 W/FrameProbe(18737): nativeOnCameraFrame 65.8 ms (trackedPts=0)
10-01 15:00:10.670 W/FrameProbe(18737): nativeOnCameraFrame 62.0 ms (trackedPts=0)
10-01 15:00:10.689 D/FpsProbe(18737): fps=25.2
10-01 15:00:10.809 W/FrameProbe(18737): nativeOnCameraFrame 59.4 ms (trackedPts=0)
10-01 15:00:10.941 W/FrameProbe(18737): nativeOnCameraFrame 58.1 ms (trackedPts=0)
10-01 15:00:11.074 W/FrameProbe(18737): nativeOnCameraFrame 64.4 ms (trackedPts=0)
10-01 15:00:11.219 W/FrameProbe(18737): nativeOnCameraFrame 69.1 ms (trackedPts=0)
10-01 15:00:11.342 W/FrameProbe(18737): nativeOnCameraFrame 66.4 ms (trackedPts=0)
10-01 15:00:11.480 W/FrameProbe(18737): nativeOnCameraFrame 74.0 ms (trackedPts=0)
10-01 15:00:11.619 W/FrameProbe(18737): nativeOnCameraFrame 69.4 ms (trackedPts=0)
10-01 15:00:11.740 W/FrameProbe(18737): nativeOnCameraFrame 64.1 ms (trackedPts=0)
10-01 15:00:11.741 D/FpsProbe(18737): fps=24.2 LOW
10-01 15:00:11.885 W/FrameProbe(18737): nativeOnCameraFrame 66.3 ms (trackedPts=0)
10-01 15:00:12.007 W/FrameProbe(18737): nativeOnCameraFrame 66.8 ms (trackedPts=0)
10-01 15:00:12.149 W/FrameProbe(18737): nativeOnCameraFrame 65.5 ms (trackedPts=0)
10-01 15:00:12.277 W/FrameProbe(18737): nativeOnCameraFrame 61.5 ms (trackedPts=0)
10-01 15:00:12.407 W/FrameProbe(18737): nativeOnCameraFrame 62.1 ms (trackedPts=0)
10-01 15:00:12.536 W/FrameProbe(18737): nativeOnCameraFrame 62.0 ms (trackedPts=0)
10-01 15:00:12.665 W/FrameProbe(18737): nativeOnCameraFrame 57.4 ms (trackedPts=0)
10-01 15:00:12.720 D/FpsProbe(18737): fps=24.2 LOW
10-01 15:00:12.801 W/FrameProbe(18737): nativeOnCameraFrame 60.7 ms (trackedPts=0)
10-01 15:00:12.936 W/FrameProbe(18737): nativeOnCameraFrame 59.1 ms (trackedPts=0)
10-01 15:00:13.074 W/FrameProbe(18737): nativeOnCameraFrame 57.7 ms (trackedPts=0)
10-01 15:00:13.202 W/FrameProbe(18737): nativeOnCameraFrame 57.1 ms (trackedPts=0)
10-01 15:00:13.334 W/FrameProbe(18737): nativeOnCameraFrame 63.8 ms (trackedPts=0)
10-01 15:00:13.464 W/FrameProbe(18737): nativeOnCameraFrame 48.9 ms (trackedPts=0)
10-01 15:00:13.617 W/FrameProbe(18737): nativeOnCameraFrame 68.4 ms (trackedPts=0)
10-01 15:00:13.741 W/FrameProbe(18737): nativeOnCameraFrame 62.3 ms (trackedPts=0)
10-01 15:00:13.757 D/FpsProbe(18737): fps=24.2 LOW
10-01 15:00:13.869 W/FrameProbe(18737): nativeOnCameraFrame 62.4 ms (trackedPts=0)
10-01 15:00:14.012 W/FrameProbe(18737): nativeOnCameraFrame 67.5 ms (trackedPts=0)
10-01 15:00:14.133 W/FrameProbe(18737): nativeOnCameraFrame 60.9 ms (trackedPts=0)
10-01 15:00:14.260 W/FrameProbe(18737): nativeOnCameraFrame 51.8 ms (trackedPts=0)
10-01 15:00:14.408 W/FrameProbe(18737): nativeOnCameraFrame 62.5 ms (trackedPts=0)
10-01 15:00:14.542 W/FrameProbe(18737): nativeOnCameraFrame 58.8 ms (trackedPts=0)
10-01 15:00:14.674 W/FrameProbe(18737): nativeOnCameraFrame 57.2 ms (trackedPts=0)
10-01 15:00:14.806 W/FrameProbe(18737): nativeOnCameraFrame 56.8 ms (trackedPts=0)
10-01 15:00:14.821 D/FpsProbe(18737): fps=24.2 LOW
10-01 15:00:14.943 W/FrameProbe(18737): nativeOnCameraFrame 62.9 ms (trackedPts=0)
10-01 15:00:15.076 W/FrameProbe(18737): nativeOnCameraFrame 59.4 ms (trackedPts=0)
10-01 15:00:15.201 W/FrameProbe(18737): nativeOnCameraFrame 58.0 ms (trackedPts=0)
10-01 15:00:15.341 W/FrameProbe(18737): nativeOnCameraFrame 61.2 ms (trackedPts=0)
10-01 15:00:15.470 W/FrameProbe(18737): nativeOnCameraFrame 54.6 ms (trackedPts=0)
10-01 15:00:15.591 W/FrameProbe(18737): nativeOnCameraFrame 40.6 ms (trackedPts=0)
10-01 15:00:15.718 W/FrameProbe(18737): nativeOnCameraFrame 47.6 ms (trackedPts=0)
10-01 15:00:15.882 W/FrameProbe(18737): nativeOnCameraFrame 65.2 ms (trackedPts=0)
10-01 15:00:15.883 D/FpsProbe(18737): fps=25.2
10-01 15:00:16.011 W/FrameProbe(18737): nativeOnCameraFrame 62.3 ms (trackedPts=0)
10-01 15:00:16.146 W/FrameProbe(18737): nativeOnCameraFrame 61.3 ms (trackedPts=0)
10-01 15:00:16.257 W/FrameProbe(18737): nativeOnCameraFrame 52.4 ms (trackedPts=0)
10-01 15:00:16.403 W/FrameProbe(18737): nativeOnCameraFrame 64.6 ms (trackedPts=0)
10-01 15:00:16.555 W/FrameProbe(18737): nativeOnCameraFrame 71.8 ms (trackedPts=0)
10-01 15:00:16.666 W/FrameProbe(18737): nativeOnCameraFrame 53.3 ms (trackedPts=0)
10-01 15:00:16.803 W/FrameProbe(18737): nativeOnCameraFrame 62.5 ms (trackedPts=0)
10-01 15:00:16.854 D/FpsProbe(18737): fps=23.2 LOW
10-01 15:00:16.935 W/FrameProbe(18737): nativeOnCameraFrame 51.9 ms (trackedPts=0)
10-01 15:00:17.072 W/FrameProbe(18737): nativeOnCameraFrame 63.3 ms (trackedPts=0)
10-01 15:00:17.202 W/FrameProbe(18737): nativeOnCameraFrame 52.6 ms (trackedPts=0)
10-01 15:00:17.321 W/FrameProbe(18737): nativeOnCameraFrame 45.0 ms (trackedPts=0)
10-01 15:00:17.462 W/FrameProbe(18737): nativeOnCameraFrame 55.2 ms (trackedPts=0)
10-01 15:00:17.608 W/FrameProbe(18737): nativeOnCameraFrame 56.7 ms (trackedPts=0)
10-01 15:00:17.735 W/FrameProbe(18737): nativeOnCameraFrame 53.2 ms (trackedPts=0)
10-01 15:00:17.863 W/FrameProbe(18737): nativeOnCameraFrame 45.1 ms (trackedPts=0)
10-01 15:00:17.903 D/FpsProbe(18737): fps=27.1
10-01 15:00:18.004 W/FrameProbe(18737): nativeOnCameraFrame 59.2 ms (trackedPts=0)
10-01 15:00:18.146 W/FrameProbe(18737): nativeOnCameraFrame 65.9 ms (trackedPts=0)
10-01 15:00:18.273 W/FrameProbe(18737): nativeOnCameraFrame 55.9 ms (trackedPts=0)
10-01 15:00:18.391 W/FrameProbe(18737): nativeOnCameraFrame 48.9 ms (trackedPts=0)
10-01 15:00:18.545 W/FrameProbe(18737): nativeOnCameraFrame 64.4 ms (trackedPts=0)
10-01 15:00:18.666 W/FrameProbe(18737): nativeOnCameraFrame 60.1 ms (trackedPts=0)
10-01 15:00:18.809 W/FrameProbe(18737): nativeOnCameraFrame 61.3 ms (trackedPts=0)
10-01 15:00:18.931 W/FrameProbe(18737): nativeOnCameraFrame 60.0 ms (trackedPts=0)
10-01 15:00:18.948 D/FpsProbe(18737): fps=24.2 LOW
10-01 15:00:19.078 W/FrameProbe(18737): nativeOnCameraFrame 63.7 ms (trackedPts=0)
10-01 15:00:19.204 W/FrameProbe(18737): nativeOnCameraFrame 67.1 ms (trackedPts=0)
10-01 15:00:19.338 W/FrameProbe(18737): nativeOnCameraFrame 56.7 ms (trackedPts=0)
10-01 15:00:19.474 W/FrameProbe(18737): nativeOnCameraFrame 54.4 ms (trackedPts=0)
10-01 15:00:19.594 W/FrameProbe(18737): nativeOnCameraFrame 53.5 ms (trackedPts=0)
10-01 15:00:19.740 W/FrameProbe(18737): nativeOnCameraFrame 62.0 ms (trackedPts=0)
10-01 15:00:19.860 W/FrameProbe(18737): nativeOnCameraFrame 51.7 ms (trackedPts=0)
10-01 15:00:19.986 W/FrameProbe(18737): nativeOnCameraFrame 41.2 ms (trackedPts=0)
10-01 15:00:19.987 D/FpsProbe(18737): fps=26.1
10-01 15:00:20.136 W/FrameProbe(18737): nativeOnCameraFrame 55.5 ms (trackedPts=0)
10-01 15:00:20.257 W/FrameProbe(18737): nativeOnCameraFrame 50.4 ms (trackedPts=0)
10-01 15:00:20.409 W/FrameProbe(18737): nativeOnCameraFrame 56.2 ms (trackedPts=0)
10-01 15:00:20.514 W/FrameProbe(18737): nativeOnCameraFrame 44.1 ms (trackedPts=0)
10-01 15:00:20.660 W/FrameProbe(18737): nativeOnCameraFrame 52.0 ms (trackedPts=0)
10-01 15:00:20.811 W/FrameProbe(18737): nativeOnCameraFrame 65.5 ms (trackedPts=0)
10-01 15:00:20.944 W/FrameProbe(18737): nativeOnCameraFrame 62.6 ms (trackedPts=0)
10-01 15:00:20.987 D/FpsProbe(18737): fps=27.1
10-01 15:00:21.064 W/FrameProbe(18737): nativeOnCameraFrame 53.8 ms (trackedPts=0)
10-01 15:00:21.196 W/FrameProbe(18737): nativeOnCameraFrame 58.3 ms (trackedPts=0)
10-01 15:00:21.312 W/FrameProbe(18737): nativeOnCameraFrame 32.2 ms (trackedPts=0)
10-01 15:00:21.454 W/FrameProbe(18737): nativeOnCameraFrame 48.4 ms (trackedPts=0)
10-01 15:00:21.624 W/FrameProbe(18737): nativeOnCameraFrame 74.7 ms (trackedPts=0)
10-01 15:00:21.735 W/FrameProbe(18737): nativeOnCameraFrame 63.6 ms (trackedPts=0)
10-01 15:00:21.873 W/FrameProbe(18737): nativeOnCameraFrame 65.4 ms (trackedPts=0)
10-01 15:00:22.000 W/FrameProbe(18737): nativeOnCameraFrame 60.3 ms (trackedPts=0)
10-01 15:00:22.033 D/FpsProbe(18737): fps=27.1
10-01 15:00:22.139 W/FrameProbe(18737): nativeOnCameraFrame 59.1 ms (trackedPts=0)
10-01 15:00:22.262 W/FrameProbe(18737): nativeOnCameraFrame 56.1 ms (trackedPts=0)
10-01 15:00:22.400 W/FrameProbe(18737): nativeOnCameraFrame 53.5 ms (trackedPts=0)
10-01 15:00:22.554 W/FrameProbe(18737): nativeOnCameraFrame 71.7 ms (trackedPts=0)
10-01 15:00:22.668 W/FrameProbe(18737): nativeOnCameraFrame 60.0 ms (trackedPts=0)
10-01 15:00:22.797 W/FrameProbe(18737): nativeOnCameraFrame 57.8 ms (trackedPts=0)
10-01 15:00:22.946 W/FrameProbe(18737): nativeOnCameraFrame 63.4 ms (trackedPts=0)
10-01 15:00:23.076 W/FrameProbe(18737): nativeOnCameraFrame 64.9 ms (trackedPts=0)
10-01 15:00:23.094 D/FpsProbe(18737): fps=24.4 LOW
10-01 15:00:23.199 W/FrameProbe(18737): nativeOnCameraFrame 51.3 ms (trackedPts=0)
10-01 15:00:23.332 W/FrameProbe(18737): nativeOnCameraFrame 53.8 ms (trackedPts=0)
10-01 15:00:23.468 W/FrameProbe(18737): nativeOnCameraFrame 58.9 ms (trackedPts=0)
10-01 15:00:23.590 W/FrameProbe(18737): nativeOnCameraFrame 53.0 ms (trackedPts=0)
10-01 15:00:23.751 W/FrameProbe(18737): nativeOnCameraFrame 68.4 ms (trackedPts=0)
10-01 15:00:23.862 W/FrameProbe(18737): nativeOnCameraFrame 52.9 ms (trackedPts=0)
10-01 15:00:24.012 W/FrameProbe(18737): nativeOnCameraFrame 63.5 ms (trackedPts=0)
10-01 15:00:24.135 W/FrameProbe(18737): nativeOnCameraFrame 58.5 ms (trackedPts=0)
10-01 15:00:24.149 D/FpsProbe(18737): fps=25.2
10-01 15:00:24.279 W/FrameProbe(18737): nativeOnCameraFrame 63.8 ms (trackedPts=0)
10-01 15:00:24.415 W/FrameProbe(18737): nativeOnCameraFrame 64.8 ms (trackedPts=0)
10-01 15:00:24.532 W/FrameProbe(18737): nativeOnCameraFrame 63.0 ms (trackedPts=0)
10-01 15:00:24.668 W/FrameProbe(18737): nativeOnCameraFrame 61.8 ms (trackedPts=0)
10-01 15:00:24.799 W/FrameProbe(18737): nativeOnCameraFrame 58.3 ms (trackedPts=0)
10-01 15:00:24.929 W/FrameProbe(18737): nativeOnCameraFrame 50.3 ms (trackedPts=0)
10-01 15:00:25.066 W/FrameProbe(18737): nativeOnCameraFrame 60.6 ms (trackedPts=0)
10-01 15:00:25.187 W/FrameProbe(18737): nativeOnCameraFrame 49.0 ms (trackedPts=0)
10-01 15:00:25.188 D/FpsProbe(18737): fps=25.2
10-01 15:00:25.323 W/FrameProbe(18737): nativeOnCameraFrame 42.8 ms (trackedPts=0)
10-01 15:00:25.481 W/FrameProbe(18737): nativeOnCameraFrame 65.5 ms (trackedPts=0)
10-01 15:00:25.604 W/FrameProbe(18737): nativeOnCameraFrame 57.8 ms (trackedPts=0)
10-01 15:00:25.740 W/FrameProbe(18737): nativeOnCameraFrame 66.9 ms (trackedPts=0)
10-01 15:00:25.867 W/FrameProbe(18737): nativeOnCameraFrame 63.6 ms (trackedPts=0)
10-01 15:00:26.014 W/FrameProbe(18737): nativeOnCameraFrame 65.8 ms (trackedPts=0)
10-01 15:00:26.130 W/FrameProbe(18737): nativeOnCameraFrame 60.2 ms (trackedPts=0)
10-01 15:00:26.185 D/FpsProbe(18737): fps=26.1
10-01 15:00:26.258 W/FrameProbe(18737): nativeOnCameraFrame 52.4 ms (trackedPts=0)
10-01 15:00:26.396 W/FrameProbe(18737): nativeOnCameraFrame 58.3 ms (trackedPts=0)
10-01 15:00:26.533 W/FrameProbe(18737): nativeOnCameraFrame 53.3 ms (trackedPts=0)
10-01 15:00:26.671 W/FrameProbe(18737): nativeOnCameraFrame 58.0 ms (trackedPts=0)
10-01 15:00:26.802 W/MobileScan3D(18737): uv_unwrap: xatlas dropped 2 degenerate/orphan tris of 80003 (kept 80001)
10-01 15:00:26.811 W/FrameProbe(18737): nativeOnCameraFrame 64.7 ms (trackedPts=0)
10-01 15:00:26.943 W/FrameProbe(18737): nativeOnCameraFrame 65.9 ms (trackedPts=0)
10-01 15:00:27.051 W/FrameProbe(18737): nativeOnCameraFrame 45.4 ms (trackedPts=0)
10-01 15:00:27.089 W/FrameProbe(18737): nativeOnCameraFrame 26.7 ms (trackedPts=0)
10-01 15:00:27.196 W/FrameProbe(18737): nativeOnCameraFrame 53.1 ms (trackedPts=0)
10-01 15:00:27.226 D/FpsProbe(18737): fps=25.2
10-01 15:00:27.332 W/FrameProbe(18737): nativeOnCameraFrame 53.8 ms (trackedPts=0)
10-01 15:00:27.364 W/FrameProbe(18737): nativeOnCameraFrame 18.1 ms (trackedPts=0)
10-01 15:00:27.465 W/FrameProbe(18737): nativeOnCameraFrame 51.0 ms (trackedPts=0)
10-01 15:00:27.614 W/FrameProbe(18737): nativeOnCameraFrame 67.1 ms (trackedPts=0)
10-01 15:00:27.734 W/FrameProbe(18737): nativeOnCameraFrame 62.7 ms (trackedPts=0)
10-01 15:00:27.862 W/FrameProbe(18737): nativeOnCameraFrame 55.4 ms (trackedPts=0)
10-01 15:00:28.001 W/FrameProbe(18737): nativeOnCameraFrame 58.0 ms (trackedPts=0)
10-01 15:00:28.136 W/FrameProbe(18737): nativeOnCameraFrame 56.9 ms (trackedPts=0)
10-01 15:00:28.258 W/FrameProbe(18737): nativeOnCameraFrame 49.0 ms (trackedPts=0)
10-01 15:00:28.276 D/FpsProbe(18737): fps=28.1
10-01 15:00:28.402 W/FrameProbe(18737): nativeOnCameraFrame 56.1 ms (trackedPts=0)
10-01 15:00:28.526 W/FrameProbe(18737): nativeOnCameraFrame 52.3 ms (trackedPts=0)
10-01 15:00:28.661 W/FrameProbe(18737): nativeOnCameraFrame 55.0 ms (trackedPts=0)
10-01 15:00:28.795 W/FrameProbe(18737): nativeOnCameraFrame 58.4 ms (trackedPts=0)
10-01 15:00:28.922 W/FrameProbe(18737): nativeOnCameraFrame 46.9 ms (trackedPts=0)
10-01 15:00:29.064 W/FrameProbe(18737): nativeOnCameraFrame 59.6 ms (trackedPts=0)
10-01 15:00:29.188 W/FrameProbe(18737): nativeOnCameraFrame 51.0 ms (trackedPts=0)
10-01 15:00:29.341 W/FrameProbe(18737): nativeOnCameraFrame 62.9 ms (trackedPts=0)
10-01 15:00:29.341 D/FpsProbe(18737): fps=26.1
10-01 15:00:29.459 W/FrameProbe(18737): nativeOnCameraFrame 54.0 ms (trackedPts=0)
10-01 15:00:29.605 W/FrameProbe(18737): nativeOnCameraFrame 57.5 ms (trackedPts=0)
10-01 15:00:29.723 W/FrameProbe(18737): nativeOnCameraFrame 50.5 ms (trackedPts=0)
10-01 15:00:29.859 W/FrameProbe(18737): nativeOnCameraFrame 48.4 ms (trackedPts=0)
10-01 15:00:29.999 W/FrameProbe(18737): nativeOnCameraFrame 62.1 ms (trackedPts=0)
10-01 15:00:30.146 W/FrameProbe(18737): nativeOnCameraFrame 66.5 ms (trackedPts=0)
10-01 15:00:30.282 W/FrameProbe(18737): nativeOnCameraFrame 69.7 ms (trackedPts=0)
10-01 15:00:30.319 D/FpsProbe(18737): fps=26.1
10-01 15:00:30.414 W/FrameProbe(18737): nativeOnCameraFrame 69.5 ms (trackedPts=0)
10-01 15:00:30.528 W/FrameProbe(18737): nativeOnCameraFrame 59.3 ms (trackedPts=0)
10-01 15:00:30.575 W/FrameProbe(18737): nativeOnCameraFrame 21.5 ms (trackedPts=0)
10-01 15:00:30.655 W/FrameProbe(18737): nativeOnCameraFrame 55.1 ms (trackedPts=0)
10-01 15:00:30.800 W/FrameProbe(18737): nativeOnCameraFrame 56.3 ms (trackedPts=0)
10-01 15:00:30.945 W/FrameProbe(18737): nativeOnCameraFrame 64.7 ms (trackedPts=0)
10-01 15:00:31.076 W/FrameProbe(18737): nativeOnCameraFrame 60.3 ms (trackedPts=0)
10-01 15:00:31.214 W/FrameProbe(18737): nativeOnCameraFrame 67.9 ms (trackedPts=0)
10-01 15:00:31.327 W/FrameProbe(18737): nativeOnCameraFrame 55.7 ms (trackedPts=0)
10-01 15:00:31.361 D/FpsProbe(18737): fps=25.2
10-01 15:00:31.458 W/FrameProbe(18737): nativeOnCameraFrame 50.7 ms (trackedPts=0)
10-01 15:00:31.597 W/FrameProbe(18737): nativeOnCameraFrame 58.4 ms (trackedPts=0)
10-01 15:00:31.723 W/FrameProbe(18737): nativeOnCameraFrame 45.4 ms (trackedPts=0)
10-01 15:00:31.849 W/FrameProbe(18737): nativeOnCameraFrame 43.5 ms (trackedPts=0)
10-01 15:00:32.010 W/FrameProbe(18737): nativeOnCameraFrame 65.4 ms (trackedPts=0)
10-01 15:00:32.128 W/FrameProbe(18737): nativeOnCameraFrame 54.0 ms (trackedPts=0)
10-01 15:00:32.264 W/FrameProbe(18737): nativeOnCameraFrame 51.1 ms (trackedPts=0)
10-01 15:00:32.409 W/FrameProbe(18737): nativeOnCameraFrame 63.3 ms (trackedPts=0)
10-01 15:00:32.426 D/FpsProbe(18737): fps=28.1
10-01 15:00:32.532 W/FrameProbe(18737): nativeOnCameraFrame 61.3 ms (trackedPts=0)
10-01 15:00:32.657 I/MobileScan3D(18737): nativeBakeTexturedGlb ok=1 cleanTris=100000->80003 weld=13 compsRemoved=132 holes=165(+1072 tris) uv=xatlas atlas=4845x4840 frames=2/2 cov=8.7% jpeg=5080156
10-01 15:00:32.657 I/MobileScan3D(18737): bakeDiag texTris=6447 fbTris=73554 painted=12680446 hq=1100051 kf=2
10-01 15:00:32.657 I/MobileScan3D(18737): bakeDiag reject kf=0 project=50341 border=20895 depth=1909 facing=1075 area=0 pass=5781
10-01 15:00:32.657 I/MobileScan3D(18737): bakeDiag reject kf=1 project=57630 border=20325 depth=0 facing=183 area=0 pass=1863
10-01 15:00:32.658 I/MobileScan3D(18737): bakeDiag kf 4096x3072 fx=2883 fy=2884 t=(0.003,-0.008,0.003) fwd=(-0.897,0.123,-0.424) q=2.50 verts=42472 inFront=15825 inFrame=4727 bbox=[(-0.53,-0.05,-0.37)-(0.80,0.59,0.44)]
10-01 15:00:32.658 I/MobileScan3D(18737): bakeDiag kf 4096x3072 fx=2883 fy=2884 t=(-0.127,-0.161,0.060) fwd=(-0.985,0.143,-0.097) q=2.50 verts=42472 inFront=11935 inFrame=1086 bbox=[(-0.53,-0.05,-0.37)-(0.80,0.59,0.44)]
10-01 15:00:32.677 W/FrameProbe(18737): nativeOnCameraFrame 70.1 ms (trackedPts=0)
10-01 15:00:32.794 W/FrameProbe(18737): nativeOnCameraFrame 55.4 ms (trackedPts=0)
10-01 15:00:32.939 W/FrameProbe(18737): nativeOnCameraFrame 64.3 ms (trackedPts=0)
10-01 15:00:32.994 W/FrameProbe(18737): nativeOnCameraFrame 17.9 ms (trackedPts=0)
10-01 15:00:33.068 W/FrameProbe(18737): nativeOnCameraFrame 54.3 ms (trackedPts=0)
10-01 15:00:33.193 W/FrameProbe(18737): nativeOnCameraFrame 50.9 ms (trackedPts=0)
10-01 15:00:33.339 W/FrameProbe(18737): nativeOnCameraFrame 59.3 ms (trackedPts=0)
10-01 15:00:33.470 W/FrameProbe(18737): nativeOnCameraFrame 59.5 ms (trackedPts=0)
10-01 15:00:33.487 D/FpsProbe(18737): fps=24.4 LOW
10-01 15:00:33.579 W/FrameProbe(18737): nativeOnCameraFrame 36.6 ms (trackedPts=0)
10-01 15:00:33.720 W/FrameProbe(18737): nativeOnCameraFrame 41.9 ms (trackedPts=0)
10-01 15:00:33.877 W/FrameProbe(18737): nativeOnCameraFrame 68.2 ms (trackedPts=0)
10-01 15:00:33.989 W/FrameProbe(18737): nativeOnCameraFrame 52.5 ms (trackedPts=0)
10-01 15:00:34.062 I/ArPoseProbe(18737): fromTs=79.7% latest=20.3% total=11970
10-01 15:00:34.145 W/FrameProbe(18737): nativeOnCameraFrame 67.4 ms (trackedPts=0)
10-01 15:00:34.283 W/FrameProbe(18737): nativeOnCameraFrame 70.0 ms (trackedPts=0)
10-01 15:00:34.403 W/FrameProbe(18737): nativeOnCameraFrame 62.5 ms (trackedPts=0)
10-01 15:00:34.550 W/FrameProbe(18737): nativeOnCameraFrame 69.8 ms (trackedPts=0)
10-01 15:00:34.571 D/FpsProbe(18737): fps=25.3
10-01 15:00:34.687 W/FrameProbe(18737): nativeOnCameraFrame 75.6 ms (trackedPts=0)
10-01 15:00:34.806 W/FrameProbe(18737): nativeOnCameraFrame 68.5 ms (trackedPts=0)
10-01 15:00:34.934 W/FrameProbe(18737): nativeOnCameraFrame 63.6 ms (trackedPts=0)
10-01 15:00:35.084 W/FrameProbe(18737): nativeOnCameraFrame 78.2 ms (trackedPts=0)
10-01 15:00:35.206 W/FrameProbe(18737): nativeOnCameraFrame 73.2 ms (trackedPts=0)
10-01 15:00:35.329 W/FrameProbe(18737): nativeOnCameraFrame 61.4 ms (trackedPts=0)
10-01 15:00:35.486 W/FrameProbe(18737): nativeOnCameraFrame 73.3 ms (trackedPts=0)
10-01 15:00:35.613 W/FrameProbe(18737): nativeOnCameraFrame 68.0 ms (trackedPts=0)
10-01 15:00:35.632 D/FpsProbe(18737): fps=24.4 LOW
10-01 15:00:35.758 W/FrameProbe(18737): nativeOnCameraFrame 81.6 ms (trackedPts=0)
10-01 15:00:35.760 I/ArPoseProbe(18737): fromTs=79.9% latest=20.1% total=12060
10-01 15:00:35.865 W/FrameProbe(18737): nativeOnCameraFrame 60.1 ms (trackedPts=0)
10-01 15:00:36.005 W/FrameProbe(18737): nativeOnCameraFrame 71.3 ms (trackedPts=0)
10-01 15:00:36.146 W/FrameProbe(18737): nativeOnCameraFrame 70.6 ms (trackedPts=0)
10-01 15:00:36.273 W/FrameProbe(18737): nativeOnCameraFrame 67.4 ms (trackedPts=0)
10-01 15:00:36.401 W/FrameProbe(18737): nativeOnCameraFrame 63.4 ms (trackedPts=0)
10-01 15:00:36.549 W/FrameProbe(18737): nativeOnCameraFrame 71.8 ms (trackedPts=0)
10-01 15:00:36.675 W/FrameProbe(18737): nativeOnCameraFrame 67.6 ms (trackedPts=0)
10-01 15:00:36.692 D/FpsProbe(18737): fps=23.4 LOW
10-01 15:00:36.799 W/FrameProbe(18737): nativeOnCameraFrame 60.2 ms (trackedPts=0)
10-01 15:00:36.930 W/FrameProbe(18737): nativeOnCameraFrame 59.6 ms (trackedPts=0)
10-01 15:00:37.064 W/FrameProbe(18737): nativeOnCameraFrame 61.2 ms (trackedPts=0)
10-01 15:00:37.207 W/FrameProbe(18737): nativeOnCameraFrame 66.6 ms (trackedPts=0)
10-01 15:00:37.343 W/FrameProbe(18737): nativeOnCameraFrame 64.8 ms (trackedPts=0)
10-01 15:00:37.415 I/ArPoseProbe(18737): fromTs=80.0% latest=20.0% total=12150
10-01 15:00:37.475 W/FrameProbe(18737): nativeOnCameraFrame 72.2 ms (trackedPts=0)
10-01 15:00:37.615 W/FrameProbe(18737): nativeOnCameraFrame 69.5 ms (trackedPts=0)
10-01 15:00:37.724 W/FrameProbe(18737): nativeOnCameraFrame 53.6 ms (trackedPts=0)
10-01 15:00:37.742 D/FpsProbe(18737): fps=24.2 LOW
10-01 15:00:37.871 W/FrameProbe(18737): nativeOnCameraFrame 66.4 ms (trackedPts=0)
10-01 15:00:38.001 W/FrameProbe(18737): nativeOnCameraFrame 63.5 ms (trackedPts=0)
10-01 15:00:38.135 W/FrameProbe(18737): nativeOnCameraFrame 63.8 ms (trackedPts=0)
10-01 15:00:38.284 W/FrameProbe(18737): nativeOnCameraFrame 70.9 ms (trackedPts=0)
10-01 15:00:38.308 W/FrameProbe(18737): nativeOnCameraFrame 17.2 ms (trackedPts=0)
10-01 15:00:38.403 W/FrameProbe(18737): nativeOnCameraFrame 62.3 ms (trackedPts=0)
10-01 15:00:38.541 W/FrameProbe(18737): nativeOnCameraFrame 70.9 ms (trackedPts=0)
10-01 15:00:38.670 W/FrameProbe(18737): nativeOnCameraFrame 65.0 ms (trackedPts=0)
10-01 15:00:38.809 W/FrameProbe(18737): nativeOnCameraFrame 68.8 ms (trackedPts=0)
10-01 15:00:38.810 D/FpsProbe(18737): fps=23.2 LOW
10-01 15:00:38.939 W/FrameProbe(18737): nativeOnCameraFrame 67.2 ms (trackedPts=0)
10-01 15:00:39.062 W/FrameProbe(18737): nativeOnCameraFrame 59.8 ms (trackedPts=0)
10-01 15:00:39.208 W/FrameProbe(18737): nativeOnCameraFrame 69.2 ms (trackedPts=0)
10-01 15:00:39.327 W/FrameProbe(18737): nativeOnCameraFrame 56.7 ms (trackedPts=0)
10-01 15:00:39.472 W/FrameProbe(18737): nativeOnCameraFrame 72.4 ms (trackedPts=0)
10-01 15:00:39.597 W/FrameProbe(18737): nativeOnCameraFrame 59.4 ms (trackedPts=0)
10-01 15:00:39.722 W/FrameProbe(18737): nativeOnCameraFrame 53.5 ms (trackedPts=0)
10-01 15:00:39.778 D/FpsProbe(18737): fps=23.2 LOW
10-01 15:00:39.855 I/ArPoseProbe(18737): fromTs=80.1% latest=19.9% total=12240
10-01 15:00:39.861 W/FrameProbe(18737): nativeOnCameraFrame 57.1 ms (trackedPts=0)
10-01 15:00:40.003 W/FrameProbe(18737): nativeOnCameraFrame 58.0 ms (trackedPts=0)
10-01 15:00:40.143 W/FrameProbe(18737): nativeOnCameraFrame 65.5 ms (trackedPts=0)
10-01 15:00:40.272 W/FrameProbe(18737): nativeOnCameraFrame 69.3 ms (trackedPts=0)
10-01 15:00:40.413 W/FrameProbe(18737): nativeOnCameraFrame 73.0 ms (trackedPts=0)
10-01 15:00:40.541 W/FrameProbe(18737): nativeOnCameraFrame 69.7 ms (trackedPts=0)
10-01 15:00:40.671 W/FrameProbe(18737): nativeOnCameraFrame 70.1 ms (trackedPts=0)
10-01 15:00:40.807 W/FrameProbe(18737): nativeOnCameraFrame 69.5 ms (trackedPts=0)
10-01 15:00:40.829 D/FpsProbe(18737): fps=22.3 LOW
10-01 15:00:40.938 W/FrameProbe(18737): nativeOnCameraFrame 69.6 ms (trackedPts=0)
10-01 15:00:41.078 W/FrameProbe(18737): nativeOnCameraFrame 68.1 ms (trackedPts=0)
10-01 15:00:41.192 W/FrameProbe(18737): nativeOnCameraFrame 55.3 ms (trackedPts=0)
10-01 15:00:41.328 W/FrameProbe(18737): nativeOnCameraFrame 60.7 ms (trackedPts=0)
10-01 15:00:41.482 W/FrameProbe(18737): nativeOnCameraFrame 74.7 ms (trackedPts=0)
10-01 15:00:41.523 I/ArPoseProbe(18737): fromTs=80.1% latest=19.9% total=12330
10-01 15:00:41.598 W/FrameProbe(18737): nativeOnCameraFrame 63.9 ms (trackedPts=0)
10-01 15:00:41.738 W/FrameProbe(18737): nativeOnCameraFrame 67.3 ms (trackedPts=0)
10-01 15:00:41.868 W/FrameProbe(18737): nativeOnCameraFrame 65.0 ms (trackedPts=0)
10-01 15:00:41.885 D/FpsProbe(18737): fps=26.1
10-01 15:00:42.013 W/FrameProbe(18737): nativeOnCameraFrame 77.3 ms (trackedPts=0)
10-01 15:00:42.134 W/FrameProbe(18737): nativeOnCameraFrame 64.4 ms (trackedPts=0)
10-01 15:00:42.279 W/FrameProbe(18737): nativeOnCameraFrame 68.8 ms (trackedPts=0)
10-01 15:00:42.308 W/FrameProbe(18737): nativeOnCameraFrame 17.3 ms (trackedPts=0)
10-01 15:00:42.376 W/FrameProbe(18737): nativeOnCameraFrame 38.3 ms (trackedPts=0)
10-01 15:00:42.523 W/FrameProbe(18737): nativeOnCameraFrame 45.6 ms (trackedPts=0)
10-01 15:00:42.662 W/FrameProbe(18737): nativeOnCameraFrame 58.4 ms (trackedPts=0)
10-01 15:00:42.791 W/FrameProbe(18737): nativeOnCameraFrame 41.5 ms (trackedPts=0)
10-01 15:00:42.941 W/FrameProbe(18737): nativeOnCameraFrame 62.4 ms (trackedPts=0)
10-01 15:00:42.942 D/FpsProbe(18737): fps=27.1
10-01 15:00:43.062 W/FrameProbe(18737): nativeOnCameraFrame 59.7 ms (trackedPts=0)
10-01 15:00:43.159 I/ArPoseProbe(18737): fromTs=80.2% latest=19.8% total=12420
10-01 15:00:43.197 W/FrameProbe(18737): nativeOnCameraFrame 60.7 ms (trackedPts=0)
10-01 15:00:43.340 W/FrameProbe(18737): nativeOnCameraFrame 61.1 ms (trackedPts=0)
10-01 15:00:43.452 W/FrameProbe(18737): nativeOnCameraFrame 51.4 ms (trackedPts=0)
10-01 15:00:43.598 W/FrameProbe(18737): nativeOnCameraFrame 53.7 ms (trackedPts=0)
10-01 15:00:43.735 W/FrameProbe(18737): nativeOnCameraFrame 60.2 ms (trackedPts=0)
10-01 15:00:43.875 W/FrameProbe(18737): nativeOnCameraFrame 65.3 ms (trackedPts=0)
10-01 15:00:43.912 D/FpsProbe(18737): fps=23.2 LOW
10-01 15:00:44.010 W/FrameProbe(18737): nativeOnCameraFrame 66.1 ms (trackedPts=0)
10-01 15:00:44.127 W/FrameProbe(18737): nativeOnCameraFrame 60.0 ms (trackedPts=0)
10-01 15:00:44.267 W/FrameProbe(18737): nativeOnCameraFrame 57.0 ms (trackedPts=0)
10-01 15:00:44.397 W/FrameProbe(18737): nativeOnCameraFrame 59.9 ms (trackedPts=0)
10-01 15:00:44.535 W/FrameProbe(18737): nativeOnCameraFrame 56.4 ms (trackedPts=0)
10-01 15:00:44.663 W/FrameProbe(18737): nativeOnCameraFrame 60.0 ms (trackedPts=0)
10-01 15:00:44.801 W/FrameProbe(18737): nativeOnCameraFrame 63.9 ms (trackedPts=0)
10-01 15:00:44.822 I/ArPoseProbe(18737): fromTs=80.4% latest=19.6% total=12510
10-01 15:00:44.932 W/FrameProbe(18737): nativeOnCameraFrame 64.2 ms (trackedPts=0)
10-01 15:00:44.963 D/FpsProbe(18737): fps=24.2 LOW
10-01 15:00:45.056 W/FrameProbe(18737): nativeOnCameraFrame 49.5 ms (trackedPts=0)
10-01 15:00:45.203 W/FrameProbe(18737): nativeOnCameraFrame 69.6 ms (trackedPts=0)
10-01 15:00:45.340 W/FrameProbe(18737): nativeOnCameraFrame 69.8 ms (trackedPts=0)
10-01 15:00:45.462 W/FrameProbe(18737): nativeOnCameraFrame 59.5 ms (trackedPts=0)
10-01 15:00:45.623 W/FrameProbe(18737): nativeOnCameraFrame 79.8 ms (trackedPts=0)
10-01 15:00:45.741 W/FrameProbe(18737): nativeOnCameraFrame 73.1 ms (trackedPts=0)
10-01 15:00:45.865 W/FrameProbe(18737): nativeOnCameraFrame 65.3 ms (trackedPts=0)
10-01 15:00:46.034 W/FrameProbe(18737): nativeOnCameraFrame 87.4 ms (trackedPts=0)
10-01 15:00:46.051 D/FpsProbe(18737): fps=23.6 LOW
10-01 15:00:46.143 W/FrameProbe(18737): nativeOnCameraFrame 65.4 ms (trackedPts=0)
10-01 15:00:46.265 W/FrameProbe(18737): nativeOnCameraFrame 65.6 ms (trackedPts=0)
10-01 15:00:46.416 W/FrameProbe(18737): nativeOnCameraFrame 79.5 ms (trackedPts=0)
10-01 15:00:46.513 I/ArPoseProbe(18737): fromTs=80.5% latest=19.5% total=12600
10-01 15:00:46.544 W/FrameProbe(18737): nativeOnCameraFrame 69.8 ms (trackedPts=0)
10-01 15:00:46.683 W/FrameProbe(18737): nativeOnCameraFrame 72.2 ms (trackedPts=0)
10-01 15:00:46.803 W/FrameProbe(18737): nativeOnCameraFrame 66.1 ms (trackedPts=0)
10-01 15:00:46.934 W/FrameProbe(18737): nativeOnCameraFrame 61.1 ms (trackedPts=0)
10-01 15:00:47.078 W/FrameProbe(18737): nativeOnCameraFrame 67.3 ms (trackedPts=0)
10-01 15:00:47.095 D/FpsProbe(18737): fps=22.3 LOW
10-01 15:00:47.196 W/FrameProbe(18737): nativeOnCameraFrame 61.9 ms (trackedPts=0)
10-01 15:00:47.331 W/FrameProbe(18737): nativeOnCameraFrame 64.3 ms (trackedPts=0)
10-01 15:00:47.473 W/FrameProbe(18737): nativeOnCameraFrame 67.1 ms (trackedPts=0)
10-01 15:00:47.612 W/FrameProbe(18737): nativeOnCameraFrame 77.2 ms (trackedPts=0)
10-01 15:00:47.738 W/FrameProbe(18737): nativeOnCameraFrame 71.5 ms (trackedPts=0)
10-01 15:00:47.872 W/FrameProbe(18737): nativeOnCameraFrame 63.3 ms (trackedPts=0)
10-01 15:00:48.019 W/FrameProbe(18737): nativeOnCameraFrame 74.6 ms (trackedPts=0)
10-01 15:00:48.148 W/FrameProbe(18737): nativeOnCameraFrame 73.7 ms (trackedPts=0)
10-01 15:00:48.168 D/FpsProbe(18737): fps=23.4 LOW
10-01 15:00:48.193 I/ArPoseProbe(18737): fromTs=80.5% latest=19.5% total=12690
10-01 15:00:48.279 W/FrameProbe(18737): nativeOnCameraFrame 67.6 ms (trackedPts=0)
10-01 15:00:48.403 W/FrameProbe(18737): nativeOnCameraFrame 66.5 ms (trackedPts=0)
10-01 15:00:48.526 W/FrameProbe(18737): nativeOnCameraFrame 61.4 ms (trackedPts=0)
10-01 15:00:48.663 W/FrameProbe(18737): nativeOnCameraFrame 64.4 ms (trackedPts=0)
10-01 15:00:48.817 W/FrameProbe(18737): nativeOnCameraFrame 75.1 ms (trackedPts=0)
10-01 15:00:48.943 W/FrameProbe(18737): nativeOnCameraFrame 74.0 ms (trackedPts=0)
10-01 15:00:49.073 W/FrameProbe(18737): nativeOnCameraFrame 73.4 ms (trackedPts=0)
10-01 15:00:49.216 W/FrameProbe(18737): nativeOnCameraFrame 65.8 ms (trackedPts=0)
10-01 15:00:49.234 D/FpsProbe(18737): fps=23.4 LOW
10-01 15:00:49.348 W/FrameProbe(18737): nativeOnCameraFrame 78.7 ms (trackedPts=0)
10-01 15:00:49.476 W/FrameProbe(18737): nativeOnCameraFrame 74.3 ms (trackedPts=0)
10-01 15:00:49.612 W/FrameProbe(18737): nativeOnCameraFrame 80.7 ms (trackedPts=0)
10-01 15:00:49.637 W/FrameProbe(18737): nativeOnCameraFrame 17.5 ms (trackedPts=0)
10-01 15:00:49.744 W/FrameProbe(18737): nativeOnCameraFrame 76.1 ms (trackedPts=0)
10-01 15:00:49.894 W/FrameProbe(18737): nativeOnCameraFrame 81.0 ms (trackedPts=0)
10-01 15:00:49.917 I/ArPoseProbe(18737): fromTs=80.5% latest=19.5% total=12780
10-01 15:00:50.017 W/FrameProbe(18737): nativeOnCameraFrame 74.3 ms (trackedPts=0)
10-01 15:00:50.136 W/FrameProbe(18737): nativeOnCameraFrame 65.8 ms (trackedPts=0)
10-01 15:00:50.264 W/FrameProbe(18737): nativeOnCameraFrame 61.6 ms (trackedPts=0)
10-01 15:00:50.282 D/FpsProbe(18737): fps=21.6 LOW
10-01 15:00:50.422 W/FrameProbe(18737): nativeOnCameraFrame 77.6 ms (trackedPts=0)
10-01 15:00:50.534 W/FrameProbe(18737): nativeOnCameraFrame 62.9 ms (trackedPts=0)
10-01 15:00:50.668 W/FrameProbe(18737): nativeOnCameraFrame 67.3 ms (trackedPts=0)
10-01 15:00:50.811 W/FrameProbe(18737): nativeOnCameraFrame 72.5 ms (trackedPts=0)
10-01 15:00:50.838 W/FrameProbe(18737): nativeOnCameraFrame 16.9 ms (trackedPts=0)
10-01 15:00:50.907 W/FrameProbe(18737): nativeOnCameraFrame 61.4 ms (trackedPts=0)
10-01 15:00:51.011 W/FrameProbe(18737): nativeOnCameraFrame 68.3 ms (trackedPts=0)
10-01 15:00:51.118 W/FrameProbe(18737): nativeOnCameraFrame 71.3 ms (trackedPts=0)
10-01 15:00:51.203 W/FrameProbe(18737): nativeOnCameraFrame 58.5 ms (trackedPts=0)
10-01 15:00:51.324 W/FrameProbe(18737): nativeOnCameraFrame 56.0 ms (trackedPts=0)
10-01 15:00:51.324 D/FpsProbe(18737): fps=22.0 LOW
10-01 15:00:51.461 W/FrameProbe(18737): nativeOnCameraFrame 61.1 ms (trackedPts=0)
10-01 15:00:51.592 W/FrameProbe(18737): nativeOnCameraFrame 58.1 ms (trackedPts=0)
10-01 15:00:51.685 I/ArPoseProbe(18737): fromTs=80.6% latest=19.4% total=12870
10-01 15:00:51.739 W/FrameProbe(18737): nativeOnCameraFrame 54.2 ms (trackedPts=0)
10-01 15:00:51.767 W/FrameProbe(18737): nativeOnCameraFrame 16.7 ms (trackedPts=0)
10-01 15:00:51.873 W/FrameProbe(18737): nativeOnCameraFrame 64.4 ms (trackedPts=0)
10-01 15:00:52.010 W/FrameProbe(18737): nativeOnCameraFrame 65.5 ms (trackedPts=0)
10-01 15:00:52.134 W/FrameProbe(18737): nativeOnCameraFrame 69.7 ms (trackedPts=0)
10-01 15:00:52.258 W/FrameProbe(18737): nativeOnCameraFrame 58.3 ms (trackedPts=0)
10-01 15:00:52.316 D/FpsProbe(18737): fps=25.2
10-01 15:00:52.392 W/FrameProbe(18737): nativeOnCameraFrame 49.9 ms (trackedPts=0)
10-01 15:00:52.542 W/FrameProbe(18737): nativeOnCameraFrame 67.3 ms (trackedPts=0)
10-01 15:00:52.657 W/FrameProbe(18737): nativeOnCameraFrame 55.9 ms (trackedPts=0)
10-01 15:00:52.792 W/FrameProbe(18737): nativeOnCameraFrame 57.1 ms (trackedPts=0)
10-01 15:00:52.944 W/FrameProbe(18737): nativeOnCameraFrame 69.8 ms (trackedPts=0)
10-01 15:00:53.001 W/FrameProbe(18737): nativeOnCameraFrame 16.0 ms (trackedPts=0)
10-01 15:00:53.071 W/FrameProbe(18737): nativeOnCameraFrame 63.1 ms (trackedPts=0)
10-01 15:00:53.191 W/FrameProbe(18737): nativeOnCameraFrame 57.9 ms (trackedPts=0)
10-01 15:00:53.335 W/FrameProbe(18737): nativeOnCameraFrame 69.7 ms (trackedPts=0)
10-01 15:00:53.352 D/FpsProbe(18737): fps=25.2
10-01 15:00:53.480 W/FrameProbe(18737): nativeOnCameraFrame 70.1 ms (trackedPts=0)
10-01 15:00:53.597 W/FrameProbe(18737): nativeOnCameraFrame 57.6 ms (trackedPts=0)
10-01 15:00:53.628 W/FrameProbe(18737): nativeOnCameraFrame 23.3 ms (trackedPts=0)
10-01 15:00:53.723 W/FrameProbe(18737): nativeOnCameraFrame 58.8 ms (trackedPts=0)
10-01 15:00:53.764 W/FrameProbe(18737): nativeOnCameraFrame 16.3 ms (trackedPts=0)
10-01 15:00:53.867 W/FrameProbe(18737): nativeOnCameraFrame 63.4 ms (trackedPts=0)
10-01 15:00:53.996 W/FrameProbe(18737): nativeOnCameraFrame 51.5 ms (trackedPts=0)
10-01 15:00:54.125 W/FrameProbe(18737): nativeOnCameraFrame 50.5 ms (trackedPts=0)
10-01 15:00:54.270 W/FrameProbe(18737): nativeOnCameraFrame 61.3 ms (trackedPts=0)
10-01 15:00:54.401 W/FrameProbe(18737): nativeOnCameraFrame 58.9 ms (trackedPts=0)
10-01 15:00:54.417 D/FpsProbe(18737): fps=24.4 LOW
10-01 15:00:54.530 W/FrameProbe(18737): nativeOnCameraFrame 60.2 ms (trackedPts=0)
10-01 15:00:54.651 W/FrameProbe(18737): nativeOnCameraFrame 43.3 ms (trackedPts=0)
10-01 15:00:54.788 W/FrameProbe(18737): nativeOnCameraFrame 52.8 ms (trackedPts=0)
10-01 15:00:54.921 W/FrameProbe(18737): nativeOnCameraFrame 54.2 ms (trackedPts=0)
10-01 15:00:55.067 W/FrameProbe(18737): nativeOnCameraFrame 65.3 ms (trackedPts=0)
10-01 15:00:55.206 W/FrameProbe(18737): nativeOnCameraFrame 63.5 ms (trackedPts=0)
10-01 15:00:55.329 W/FrameProbe(18737): nativeOnCameraFrame 56.2 ms (trackedPts=0)
10-01 15:00:55.461 W/FrameProbe(18737): nativeOnCameraFrame 59.1 ms (trackedPts=0)
10-01 15:00:55.479 D/FpsProbe(18737): fps=26.3
10-01 15:00:55.610 W/FrameProbe(18737): nativeOnCameraFrame 66.0 ms (trackedPts=0)
10-01 15:00:55.745 W/FrameProbe(18737): nativeOnCameraFrame 69.3 ms (trackedPts=0)
10-01 15:00:55.856 W/FrameProbe(18737): nativeOnCameraFrame 58.6 ms (trackedPts=0)
10-01 15:00:56.007 W/FrameProbe(18737): nativeOnCameraFrame 65.6 ms (trackedPts=0)
10-01 15:00:56.129 W/FrameProbe(18737): nativeOnCameraFrame 52.3 ms (trackedPts=0)
10-01 15:00:56.187 W/FrameProbe(18737): nativeOnCameraFrame 20.9 ms (trackedPts=0)
10-01 15:00:56.272 W/FrameProbe(18737): nativeOnCameraFrame 59.7 ms (trackedPts=0)
10-01 15:00:56.384 W/FrameProbe(18737): nativeOnCameraFrame 51.5 ms (trackedPts=0)
10-01 15:00:56.537 W/FrameProbe(18737): nativeOnCameraFrame 60.1 ms (trackedPts=0)
10-01 15:00:56.555 D/FpsProbe(18737): fps=24.4 LOW
10-01 15:00:56.659 W/FrameProbe(18737): nativeOnCameraFrame 59.0 ms (trackedPts=0)
10-01 15:00:56.800 W/FrameProbe(18737): nativeOnCameraFrame 66.0 ms (trackedPts=0)
10-01 15:00:56.927 W/FrameProbe(18737): nativeOnCameraFrame 58.4 ms (trackedPts=0)
10-01 15:00:57.068 W/FrameProbe(18737): nativeOnCameraFrame 59.4 ms (trackedPts=0)
10-01 15:00:57.213 W/FrameProbe(18737): nativeOnCameraFrame 69.7 ms (trackedPts=0)
10-01 15:00:57.334 W/FrameProbe(18737): nativeOnCameraFrame 68.3 ms (trackedPts=0)
10-01 15:00:57.463 W/FrameProbe(18737): nativeOnCameraFrame 63.5 ms (trackedPts=0)
10-01 15:00:57.613 W/FrameProbe(18737): nativeOnCameraFrame 73.1 ms (trackedPts=0)
10-01 15:00:57.639 D/FpsProbe(18737): fps=24.4 LOW
10-01 15:00:57.731 W/FrameProbe(18737): nativeOnCameraFrame 63.9 ms (trackedPts=0)
10-01 15:00:57.771 W/FrameProbe(18737): nativeOnCameraFrame 18.9 ms (trackedPts=0)
10-01 15:00:57.872 W/FrameProbe(18737): nativeOnCameraFrame 71.6 ms (trackedPts=0)
10-01 15:00:58.009 W/FrameProbe(18737): nativeOnCameraFrame 70.3 ms (trackedPts=0)
10-01 15:00:58.125 W/FrameProbe(18737): nativeOnCameraFrame 59.7 ms (trackedPts=0)
10-01 15:00:58.274 W/FrameProbe(18737): nativeOnCameraFrame 65.7 ms (trackedPts=0)
10-01 15:00:58.407 W/FrameProbe(18737): nativeOnCameraFrame 65.3 ms (trackedPts=0)
10-01 15:00:58.538 W/FrameProbe(18737): nativeOnCameraFrame 64.4 ms (trackedPts=0)
10-01 15:00:58.656 W/FrameProbe(18737): nativeOnCameraFrame 55.9 ms (trackedPts=0)
10-01 15:00:58.675 D/FpsProbe(18737): fps=24.2 LOW
10-01 15:00:58.806 W/FrameProbe(18737): nativeOnCameraFrame 75.4 ms (trackedPts=0)
10-01 15:00:58.937 W/FrameProbe(18737): nativeOnCameraFrame 67.2 ms (trackedPts=0)
10-01 15:00:59.056 W/FrameProbe(18737): nativeOnCameraFrame 60.3 ms (trackedPts=0)
10-01 15:00:59.193 W/FrameProbe(18737): nativeOnCameraFrame 60.9 ms (trackedPts=0)
10-01 15:00:59.329 W/FrameProbe(18737): nativeOnCameraFrame 61.1 ms (trackedPts=0)
10-01 15:00:59.463 W/FrameProbe(18737): nativeOnCameraFrame 57.2 ms (trackedPts=0)
10-01 15:00:59.594 W/FrameProbe(18737): nativeOnCameraFrame 61.4 ms (trackedPts=0)
10-01 15:00:59.733 W/FrameProbe(18737): nativeOnCameraFrame 68.1 ms (trackedPts=0)
10-01 15:00:59.734 D/FpsProbe(18737): fps=24.2 LOW
10-01 15:00:59.863 W/FrameProbe(18737): nativeOnCameraFrame 63.0 ms (trackedPts=0)
10-01 15:00:59.983 W/FrameProbe(18737): nativeOnCameraFrame 49.2 ms (trackedPts=0)
10-01 15:01:00.132 W/FrameProbe(18737): nativeOnCameraFrame 55.1 ms (trackedPts=0)
10-01 15:01:00.258 W/FrameProbe(18737): nativeOnCameraFrame 59.9 ms (trackedPts=0)
10-01 15:01:00.389 W/FrameProbe(18737): nativeOnCameraFrame 57.3 ms (trackedPts=0)
10-01 15:01:00.512 W/FrameProbe(18737): nativeOnCameraFrame 49.2 ms (trackedPts=0)
10-01 15:01:00.669 W/FrameProbe(18737): nativeOnCameraFrame 61.8 ms (trackedPts=0)
10-01 15:01:00.705 D/FpsProbe(18737): fps=26.1
10-01 15:01:00.807 W/FrameProbe(18737): nativeOnCameraFrame 64.2 ms (trackedPts=0)
10-01 15:01:00.931 W/FrameProbe(18737): nativeOnCameraFrame 67.1 ms (trackedPts=0)
10-01 15:01:01.071 W/FrameProbe(18737): nativeOnCameraFrame 64.0 ms (trackedPts=0)
10-01 15:01:01.190 W/FrameProbe(18737): nativeOnCameraFrame 59.5 ms (trackedPts=0)
10-01 15:01:01.332 W/FrameProbe(18737): nativeOnCameraFrame 64.8 ms (trackedPts=0)
10-01 15:01:01.471 W/FrameProbe(18737): nativeOnCameraFrame 61.1 ms (trackedPts=0)
10-01 15:01:01.605 W/FrameProbe(18737): nativeOnCameraFrame 72.8 ms (trackedPts=0)
10-01 15:01:01.736 W/FrameProbe(18737): nativeOnCameraFrame 62.9 ms (trackedPts=0)
10-01 15:01:01.751 D/FpsProbe(18737): fps=23.2 LOW
10-01 15:01:01.867 W/FrameProbe(18737): nativeOnCameraFrame 68.1 ms (trackedPts=0)
10-01 15:01:02.008 W/FrameProbe(18737): nativeOnCameraFrame 65.1 ms (trackedPts=0)
10-01 15:01:02.138 W/FrameProbe(18737): nativeOnCameraFrame 63.9 ms (trackedPts=0)
10-01 15:01:02.261 W/FrameProbe(18737): nativeOnCameraFrame 62.2 ms (trackedPts=0)
10-01 15:01:02.375 W/FrameProbe(18737): nativeOnCameraFrame 44.3 ms (trackedPts=0)
10-01 15:01:02.537 W/FrameProbe(18737): nativeOnCameraFrame 61.9 ms (trackedPts=0)
10-01 15:01:02.656 W/FrameProbe(18737): nativeOnCameraFrame 58.1 ms (trackedPts=0)
10-01 15:01:02.788 W/FrameProbe(18737): nativeOnCameraFrame 58.7 ms (trackedPts=0)
10-01 15:01:02.808 D/FpsProbe(18737): fps=25.2
10-01 15:01:02.942 W/FrameProbe(18737): nativeOnCameraFrame 67.5 ms (trackedPts=0)
10-01 15:01:03.053 W/FrameProbe(18737): nativeOnCameraFrame 56.1 ms (trackedPts=0)
10-01 15:01:03.201 W/FrameProbe(18737): nativeOnCameraFrame 66.2 ms (trackedPts=0)
10-01 15:01:03.333 W/FrameProbe(18737): nativeOnCameraFrame 58.0 ms (trackedPts=0)
10-01 15:01:03.457 W/FrameProbe(18737): nativeOnCameraFrame 61.1 ms (trackedPts=0)
10-01 15:01:03.604 W/FrameProbe(18737): nativeOnCameraFrame 70.6 ms (trackedPts=0)
10-01 15:01:03.710 W/FrameProbe(18737): nativeOnCameraFrame 42.7 ms (trackedPts=0)
10-01 15:01:03.874 W/FrameProbe(18737): nativeOnCameraFrame 65.8 ms (trackedPts=0)
10-01 15:01:03.874 D/FpsProbe(18737): fps=26.1
10-01 15:01:03.999 W/FrameProbe(18737): nativeOnCameraFrame 67.0 ms (trackedPts=0)
10-01 15:01:04.139 W/FrameProbe(18737): nativeOnCameraFrame 64.7 ms (trackedPts=0)
10-01 15:01:04.261 W/FrameProbe(18737): nativeOnCameraFrame 60.6 ms (trackedPts=0)
10-01 15:01:04.395 W/FrameProbe(18737): nativeOnCameraFrame 61.9 ms (trackedPts=0)
10-01 15:01:04.540 W/FrameProbe(18737): nativeOnCameraFrame 67.1 ms (trackedPts=0)
10-01 15:01:04.681 W/FrameProbe(18737): nativeOnCameraFrame 72.9 ms (trackedPts=0)
10-01 15:01:04.813 W/FrameProbe(18737): nativeOnCameraFrame 72.6 ms (trackedPts=0)
10-01 15:01:04.847 D/FpsProbe(18737): fps=23.2 LOW
10-01 15:01:04.948 W/FrameProbe(18737): nativeOnCameraFrame 77.5 ms (trackedPts=0)
10-01 15:01:05.068 W/FrameProbe(18737): nativeOnCameraFrame 68.7 ms (trackedPts=0)
10-01 15:01:05.175 W/FrameProbe(18737): nativeOnCameraFrame 37.4 ms (trackedPts=0)
10-01 15:01:05.338 W/FrameProbe(18737): nativeOnCameraFrame 66.2 ms (trackedPts=0)
10-01 15:01:05.484 W/FrameProbe(18737): nativeOnCameraFrame 86.5 ms (trackedPts=0)
10-01 15:01:05.607 W/FrameProbe(18737): nativeOnCameraFrame 65.4 ms (trackedPts=0)
10-01 15:01:05.720 W/FrameProbe(18737): nativeOnCameraFrame 58.8 ms (trackedPts=0)
10-01 15:01:05.859 W/FrameProbe(18737): nativeOnCameraFrame 60.6 ms (trackedPts=0)
10-01 15:01:05.905 D/FpsProbe(18737): fps=25.2
10-01 15:01:05.984 W/FrameProbe(18737): nativeOnCameraFrame 52.7 ms (trackedPts=0)
10-01 15:01:06.121 W/FrameProbe(18737): nativeOnCameraFrame 46.9 ms (trackedPts=0)
10-01 15:01:06.268 W/FrameProbe(18737): nativeOnCameraFrame 69.7 ms (trackedPts=0)
10-01 15:01:06.401 W/FrameProbe(18737): nativeOnCameraFrame 62.3 ms (trackedPts=0)
10-01 15:01:06.529 W/FrameProbe(18737): nativeOnCameraFrame 62.0 ms (trackedPts=0)
10-01 15:01:06.665 W/FrameProbe(18737): nativeOnCameraFrame 67.3 ms (trackedPts=0)
10-01 15:01:06.800 W/FrameProbe(18737): nativeOnCameraFrame 61.3 ms (trackedPts=0)
10-01 15:01:06.930 W/FrameProbe(18737): nativeOnCameraFrame 67.6 ms (trackedPts=0)
10-01 15:01:06.943 D/FpsProbe(18737): fps=24.4 LOW
10-01 15:01:07.074 W/FrameProbe(18737): nativeOnCameraFrame 65.9 ms (trackedPts=0)
10-01 15:01:07.199 W/FrameProbe(18737): nativeOnCameraFrame 68.7 ms (trackedPts=0)
10-01 15:01:07.331 W/FrameProbe(18737): nativeOnCameraFrame 57.8 ms (trackedPts=0)
10-01 15:01:07.456 W/FrameProbe(18737): nativeOnCameraFrame 60.7 ms (trackedPts=0)
10-01 15:01:07.576 W/FrameProbe(18737): nativeOnCameraFrame 44.0 ms (trackedPts=0)
10-01 15:01:07.657 W/FrameProbe(18737): nativeOnCameraFrame 17.1 ms (trackedPts=0)
10-01 15:01:07.736 W/FrameProbe(18737): nativeOnCameraFrame 64.6 ms (trackedPts=0)
10-01 15:01:07.864 W/FrameProbe(18737): nativeOnCameraFrame 57.1 ms (trackedPts=0)
10-01 15:01:08.014 W/FrameProbe(18737): nativeOnCameraFrame 74.1 ms (trackedPts=0)
10-01 15:01:08.036 D/FpsProbe(18737): fps=24.4 LOW
10-01 15:01:08.126 W/FrameProbe(18737): nativeOnCameraFrame 51.8 ms (trackedPts=0)
10-01 15:01:08.256 W/FrameProbe(18737): nativeOnCameraFrame 50.4 ms (trackedPts=0)
10-01 15:01:08.393 W/FrameProbe(18737): nativeOnCameraFrame 54.9 ms (trackedPts=0)
10-01 15:01:08.528 W/FrameProbe(18737): nativeOnCameraFrame 54.8 ms (trackedPts=0)
10-01 15:01:08.660 W/FrameProbe(18737): nativeOnCameraFrame 55.4 ms (trackedPts=0)
10-01 15:01:08.792 W/FrameProbe(18737): nativeOnCameraFrame 51.7 ms (trackedPts=0)
10-01 15:01:08.931 W/FrameProbe(18737): nativeOnCameraFrame 60.0 ms (trackedPts=0)
10-01 15:01:09.076 W/FrameProbe(18737): nativeOnCameraFrame 70.3 ms (trackedPts=0)
10-01 15:01:09.099 D/FpsProbe(18737): fps=25.3
10-01 15:01:09.205 W/FrameProbe(18737): nativeOnCameraFrame 67.8 ms (trackedPts=0)
10-01 15:01:09.333 W/FrameProbe(18737): nativeOnCameraFrame 63.7 ms (trackedPts=0)
10-01 15:01:09.468 W/FrameProbe(18737): nativeOnCameraFrame 61.1 ms (trackedPts=0)
10-01 15:01:09.612 W/FrameProbe(18737): nativeOnCameraFrame 75.7 ms (trackedPts=0)
10-01 15:01:09.724 W/FrameProbe(18737): nativeOnCameraFrame 61.2 ms (trackedPts=0)
10-01 15:01:09.862 W/FrameProbe(18737): nativeOnCameraFrame 64.9 ms (trackedPts=0)
10-01 15:01:09.995 W/FrameProbe(18737): nativeOnCameraFrame 59.9 ms (trackedPts=0)
10-01 15:01:10.146 W/FrameProbe(18737): nativeOnCameraFrame 81.7 ms (trackedPts=0)
10-01 15:01:10.164 D/FpsProbe(18737): fps=23.4 LOW
10-01 15:01:10.281 W/FrameProbe(18737): nativeOnCameraFrame 70.5 ms (trackedPts=0)
10-01 15:01:10.397 W/FrameProbe(18737): nativeOnCameraFrame 63.5 ms (trackedPts=0)
10-01 15:01:10.544 W/FrameProbe(18737): nativeOnCameraFrame 68.3 ms (trackedPts=0)
10-01 15:01:10.674 W/FrameProbe(18737): nativeOnCameraFrame 75.3 ms (trackedPts=0)
10-01 15:01:10.816 W/FrameProbe(18737): nativeOnCameraFrame 84.0 ms (trackedPts=0)
10-01 15:01:10.929 W/FrameProbe(18737): nativeOnCameraFrame 65.2 ms (trackedPts=0)
10-01 15:01:11.067 W/FrameProbe(18737): nativeOnCameraFrame 62.2 ms (trackedPts=0)
10-01 15:01:11.210 W/FrameProbe(18737): nativeOnCameraFrame 73.9 ms (trackedPts=0)
10-01 15:01:11.228 D/FpsProbe(18737): fps=22.5 LOW
10-01 15:01:11.336 W/FrameProbe(18737): nativeOnCameraFrame 64.4 ms (trackedPts=0)
10-01 15:01:11.461 W/FrameProbe(18737): nativeOnCameraFrame 55.7 ms (trackedPts=0)
10-01 15:01:11.606 W/FrameProbe(18737): nativeOnCameraFrame 66.5 ms (trackedPts=0)
10-01 15:01:11.743 W/FrameProbe(18737): nativeOnCameraFrame 72.4 ms (trackedPts=0)
10-01 15:01:11.862 W/FrameProbe(18737): nativeOnCameraFrame 65.1 ms (trackedPts=0)
10-01 15:01:12.015 W/FrameProbe(18737): nativeOnCameraFrame 75.0 ms (trackedPts=0)
10-01 15:01:12.143 W/FrameProbe(18737): nativeOnCameraFrame 75.5 ms (trackedPts=0)
10-01 15:01:12.272 W/FrameProbe(18737): nativeOnCameraFrame 66.5 ms (trackedPts=0)
10-01 15:01:12.289 D/FpsProbe(18737): fps=22.5 LOW
10-01 15:01:12.387 W/FrameProbe(18737): nativeOnCameraFrame 54.3 ms (trackedPts=0)
10-01 15:01:12.525 W/FrameProbe(18737): nativeOnCameraFrame 61.1 ms (trackedPts=0)
10-01 15:01:12.673 W/FrameProbe(18737): nativeOnCameraFrame 67.8 ms (trackedPts=0)
10-01 15:01:12.799 W/FrameProbe(18737): nativeOnCameraFrame 64.5 ms (trackedPts=0)
10-01 15:01:12.933 W/FrameProbe(18737): nativeOnCameraFrame 69.2 ms (trackedPts=0)
10-01 15:01:13.071 W/FrameProbe(18737): nativeOnCameraFrame 65.6 ms (trackedPts=0)
10-01 15:01:13.209 W/FrameProbe(18737): nativeOnCameraFrame 68.5 ms (trackedPts=0)
10-01 15:01:13.320 W/FrameProbe(18737): nativeOnCameraFrame 55.2 ms (trackedPts=0)
10-01 15:01:13.336 D/FpsProbe(18737): fps=24.2 LOW
10-01 15:01:13.474 W/FrameProbe(18737): nativeOnCameraFrame 70.4 ms (trackedPts=0)
10-01 15:01:13.598 W/FrameProbe(18737): nativeOnCameraFrame 61.3 ms (trackedPts=0)
10-01 15:01:13.739 W/FrameProbe(18737): nativeOnCameraFrame 67.3 ms (trackedPts=0)
10-01 15:01:13.862 W/FrameProbe(18737): nativeOnCameraFrame 65.7 ms (trackedPts=0)
10-01 15:01:13.999 W/FrameProbe(18737): nativeOnCameraFrame 61.8 ms (trackedPts=0)
10-01 15:01:14.120 W/FrameProbe(18737): nativeOnCameraFrame 58.3 ms (trackedPts=0)
10-01 15:01:14.253 W/FrameProbe(18737): nativeOnCameraFrame 58.9 ms (trackedPts=0)
10-01 15:01:14.408 W/FrameProbe(18737): nativeOnCameraFrame 67.3 ms (trackedPts=0)
10-01 15:01:14.408 D/FpsProbe(18737): fps=26.1
10-01 15:01:14.519 W/FrameProbe(18737): nativeOnCameraFrame 58.3 ms (trackedPts=0)
10-01 15:01:14.648 W/FrameProbe(18737): nativeOnCameraFrame 53.3 ms (trackedPts=0)
10-01 15:01:14.797 W/FrameProbe(18737): nativeOnCameraFrame 61.8 ms (trackedPts=0)
10-01 15:01:14.927 W/FrameProbe(18737): nativeOnCameraFrame 54.6 ms (trackedPts=0)
10-01 15:01:15.060 W/FrameProbe(18737): nativeOnCameraFrame 66.0 ms (trackedPts=0)
10-01 15:01:15.206 W/FrameProbe(18737): nativeOnCameraFrame 68.8 ms (trackedPts=0)
10-01 15:01:15.326 W/FrameProbe(18737): nativeOnCameraFrame 55.7 ms (trackedPts=0)
10-01 15:01:15.378 D/FpsProbe(18737): fps=27.1
10-01 15:01:15.469 W/FrameProbe(18737): nativeOnCameraFrame 62.7 ms (trackedPts=0)
10-01 15:01:15.575 W/FrameProbe(18737): nativeOnCameraFrame 48.1 ms (trackedPts=0)
10-01 15:01:15.738 W/FrameProbe(18737): nativeOnCameraFrame 67.3 ms (trackedPts=0)
10-01 15:01:15.860 W/FrameProbe(18737): nativeOnCameraFrame 64.4 ms (trackedPts=0)
10-01 15:01:15.982 W/FrameProbe(18737): nativeOnCameraFrame 44.9 ms (trackedPts=0)
10-01 15:01:16.126 W/FrameProbe(18737): nativeOnCameraFrame 60.6 ms (trackedPts=0)
10-01 15:01:16.260 W/FrameProbe(18737): nativeOnCameraFrame 56.9 ms (trackedPts=0)
10-01 15:01:16.392 W/FrameProbe(18737): nativeOnCameraFrame 63.8 ms (trackedPts=0)
10-01 15:01:16.423 D/FpsProbe(18737): fps=26.1
10-01 15:01:16.507 W/FrameProbe(18737): nativeOnCameraFrame 47.6 ms (trackedPts=0)
10-01 15:01:16.672 W/FrameProbe(18737): nativeOnCameraFrame 66.0 ms (trackedPts=0)
10-01 15:01:16.793 W/FrameProbe(18737): nativeOnCameraFrame 60.0 ms (trackedPts=0)
10-01 15:01:16.925 W/FrameProbe(18737): nativeOnCameraFrame 53.9 ms (trackedPts=0)
10-01 15:01:17.072 W/FrameProbe(18737): nativeOnCameraFrame 70.2 ms (trackedPts=0)
10-01 15:01:17.192 W/FrameProbe(18737): nativeOnCameraFrame 61.0 ms (trackedPts=0)
10-01 15:01:17.339 W/FrameProbe(18737): nativeOnCameraFrame 66.8 ms (trackedPts=0)
10-01 15:01:17.454 W/FrameProbe(18737): nativeOnCameraFrame 49.9 ms (trackedPts=0)
10-01 15:01:17.477 D/FpsProbe(18737): fps=27.1
10-01 15:01:17.588 W/FrameProbe(18737): nativeOnCameraFrame 58.7 ms (trackedPts=0)
10-01 15:01:17.731 W/FrameProbe(18737): nativeOnCameraFrame 66.1 ms (trackedPts=0)
10-01 15:01:17.865 W/FrameProbe(18737): nativeOnCameraFrame 61.1 ms (trackedPts=0)
10-01 15:01:17.996 W/FrameProbe(18737): nativeOnCameraFrame 64.7 ms (trackedPts=0)
10-01 15:01:18.119 W/FrameProbe(18737): nativeOnCameraFrame 56.4 ms (trackedPts=0)
10-01 15:01:18.269 W/FrameProbe(18737): nativeOnCameraFrame 68.9 ms (trackedPts=0)
10-01 15:01:18.381 W/FrameProbe(18737): nativeOnCameraFrame 45.5 ms (trackedPts=0)
10-01 15:01:18.518 W/FrameProbe(18737): nativeOnCameraFrame 53.6 ms (trackedPts=0)
10-01 15:01:18.518 D/FpsProbe(18737): fps=25.2
10-01 15:01:18.655 W/FrameProbe(18737): nativeOnCameraFrame 51.4 ms (trackedPts=0)
10-01 15:01:18.795 W/FrameProbe(18737): nativeOnCameraFrame 58.1 ms (trackedPts=0)
10-01 15:01:18.930 W/FrameProbe(18737): nativeOnCameraFrame 62.4 ms (trackedPts=0)
10-01 15:01:19.047 W/FrameProbe(18737): nativeOnCameraFrame 54.5 ms (trackedPts=0)
10-01 15:01:19.195 W/FrameProbe(18737): nativeOnCameraFrame 65.1 ms (trackedPts=0)
10-01 15:01:19.314 W/FrameProbe(18737): nativeOnCameraFrame 52.1 ms (trackedPts=0)
10-01 15:01:19.455 W/FrameProbe(18737): nativeOnCameraFrame 53.1 ms (trackedPts=0)
10-01 15:01:19.511 D/FpsProbe(18737): fps=26.1
10-01 15:01:19.589 W/FrameProbe(18737): nativeOnCameraFrame 60.3 ms (trackedPts=0)
10-01 15:01:19.712 W/FrameProbe(18737): nativeOnCameraFrame 40.9 ms (trackedPts=0)
10-01 15:01:19.859 W/FrameProbe(18737): nativeOnCameraFrame 63.1 ms (trackedPts=0)
10-01 15:01:19.995 W/FrameProbe(18737): nativeOnCameraFrame 64.1 ms (trackedPts=0)
10-01 15:01:20.128 W/FrameProbe(18737): nativeOnCameraFrame 60.1 ms (trackedPts=0)
10-01 15:01:20.244 W/FrameProbe(18737): nativeOnCameraFrame 48.0 ms (trackedPts=0)
10-01 15:01:20.394 W/FrameProbe(18737): nativeOnCameraFrame 59.5 ms (trackedPts=0)
10-01 15:01:20.523 W/FrameProbe(18737): nativeOnCameraFrame 62.1 ms (trackedPts=0)
10-01 15:01:20.562 D/FpsProbe(18737): fps=26.1
10-01 15:01:20.657 W/FrameProbe(18737): nativeOnCameraFrame 52.6 ms (trackedPts=0)
10-01 15:01:20.788 W/FrameProbe(18737): nativeOnCameraFrame 59.7 ms (trackedPts=0)
10-01 15:01:20.920 W/FrameProbe(18737): nativeOnCameraFrame 60.9 ms (trackedPts=0)
10-01 15:01:21.052 W/FrameProbe(18737): nativeOnCameraFrame 55.8 ms (trackedPts=0)
10-01 15:01:21.189 W/FrameProbe(18737): nativeOnCameraFrame 55.2 ms (trackedPts=0)
10-01 15:01:21.314 W/FrameProbe(18737): nativeOnCameraFrame 52.6 ms (trackedPts=0)
10-01 15:01:21.464 W/FrameProbe(18737): nativeOnCameraFrame 68.3 ms (trackedPts=0)
10-01 15:01:21.598 W/FrameProbe(18737): nativeOnCameraFrame 66.8 ms (trackedPts=0)
10-01 15:01:21.611 D/FpsProbe(18737): fps=26.3
10-01 15:01:21.727 W/FrameProbe(18737): nativeOnCameraFrame 56.6 ms (trackedPts=0)
10-01 15:01:21.850 W/FrameProbe(18737): nativeOnCameraFrame 54.3 ms (trackedPts=0)
10-01 15:01:21.985 W/FrameProbe(18737): nativeOnCameraFrame 55.9 ms (trackedPts=0)
10-01 15:01:22.127 W/FrameProbe(18737): nativeOnCameraFrame 61.7 ms (trackedPts=0)
10-01 15:01:22.262 W/FrameProbe(18737): nativeOnCameraFrame 61.4 ms (trackedPts=0)
10-01 15:01:22.385 W/FrameProbe(18737): nativeOnCameraFrame 53.2 ms (trackedPts=0)
10-01 15:01:22.531 W/FrameProbe(18737): nativeOnCameraFrame 61.0 ms (trackedPts=0)
10-01 15:01:22.664 W/FrameProbe(18737): nativeOnCameraFrame 57.0 ms (trackedPts=0)
10-01 15:01:22.685 D/FpsProbe(18737): fps=25.3
10-01 15:01:22.795 W/FrameProbe(18737): nativeOnCameraFrame 68.0 ms (trackedPts=0)
10-01 15:01:22.927 W/FrameProbe(18737): nativeOnCameraFrame 57.2 ms (trackedPts=0)
10-01 15:01:23.053 W/FrameProbe(18737): nativeOnCameraFrame 57.2 ms (trackedPts=0)
10-01 15:01:23.190 W/FrameProbe(18737): nativeOnCameraFrame 60.2 ms (trackedPts=0)
10-01 15:01:23.328 W/FrameProbe(18737): nativeOnCameraFrame 59.9 ms (trackedPts=0)
10-01 15:01:23.467 W/FrameProbe(18737): nativeOnCameraFrame 63.3 ms (trackedPts=0)
10-01 15:01:23.593 W/FrameProbe(18737): nativeOnCameraFrame 60.4 ms (trackedPts=0)
10-01 15:01:23.728 W/FrameProbe(18737): nativeOnCameraFrame 57.3 ms (trackedPts=0)
10-01 15:01:23.743 D/FpsProbe(18737): fps=24.4 LOW
10-01 15:01:23.868 W/FrameProbe(18737): nativeOnCameraFrame 64.9 ms (trackedPts=0)
10-01 15:01:23.999 W/FrameProbe(18737): nativeOnCameraFrame 68.9 ms (trackedPts=0)
10-01 15:01:24.126 W/FrameProbe(18737): nativeOnCameraFrame 56.0 ms (trackedPts=0)
10-01 15:01:24.253 W/FrameProbe(18737): nativeOnCameraFrame 59.9 ms (trackedPts=0)
10-01 15:01:24.380 W/FrameProbe(18737): nativeOnCameraFrame 50.1 ms (trackedPts=0)
10-01 15:01:24.532 W/FrameProbe(18737): nativeOnCameraFrame 60.9 ms (trackedPts=0)
10-01 15:01:24.661 W/FrameProbe(18737): nativeOnCameraFrame 57.5 ms (trackedPts=0)
10-01 15:01:24.785 W/FrameProbe(18737): nativeOnCameraFrame 46.7 ms (trackedPts=0)
10-01 15:01:24.808 D/FpsProbe(18737): fps=25.2
10-01 15:01:24.914 W/FrameProbe(18737): nativeOnCameraFrame 41.7 ms (trackedPts=0)
10-01 15:01:25.066 W/FrameProbe(18737): nativeOnCameraFrame 63.4 ms (trackedPts=0)
10-01 15:01:25.197 W/FrameProbe(18737): nativeOnCameraFrame 70.3 ms (trackedPts=0)
10-01 15:01:25.332 W/FrameProbe(18737): nativeOnCameraFrame 65.4 ms (trackedPts=0)
10-01 15:01:25.466 W/FrameProbe(18737): nativeOnCameraFrame 62.5 ms (trackedPts=0)
10-01 15:01:25.596 W/FrameProbe(18737): nativeOnCameraFrame 69.0 ms (trackedPts=0)
10-01 15:01:25.724 W/FrameProbe(18737): nativeOnCameraFrame 57.1 ms (trackedPts=0)
10-01 15:01:25.856 W/FrameProbe(18737): nativeOnCameraFrame 62.3 ms (trackedPts=0)
10-01 15:01:25.856 D/FpsProbe(18737): fps=24.2 LOW
10-01 15:01:25.989 W/FrameProbe(18737): nativeOnCameraFrame 59.6 ms (trackedPts=0)
10-01 15:01:26.127 W/FrameProbe(18737): nativeOnCameraFrame 65.1 ms (trackedPts=0)
10-01 15:01:26.246 W/FrameProbe(18737): nativeOnCameraFrame 51.2 ms (trackedPts=0)
10-01 15:01:26.388 W/FrameProbe(18737): nativeOnCameraFrame 51.3 ms (trackedPts=0)
10-01 15:01:26.518 W/FrameProbe(18737): nativeOnCameraFrame 57.1 ms (trackedPts=0)
10-01 15:01:26.662 W/FrameProbe(18737): nativeOnCameraFrame 66.9 ms (trackedPts=0)
10-01 15:01:26.784 W/FrameProbe(18737): nativeOnCameraFrame 54.7 ms (trackedPts=0)
10-01 15:01:26.838 D/FpsProbe(18737): fps=27.1
10-01 15:01:26.940 W/FrameProbe(18737): nativeOnCameraFrame 68.8 ms (trackedPts=0)
10-01 15:01:26.967 W/FrameProbe(18737): nativeOnCameraFrame 16.9 ms (trackedPts=0)
10-01 15:01:27.071 W/FrameProbe(18737): nativeOnCameraFrame 65.8 ms (trackedPts=0)
10-01 15:01:27.197 W/FrameProbe(18737): nativeOnCameraFrame 61.9 ms (trackedPts=0)
10-01 15:01:27.335 W/FrameProbe(18737): nativeOnCameraFrame 63.6 ms (trackedPts=0)
10-01 15:01:27.454 W/FrameProbe(18737): nativeOnCameraFrame 58.6 ms (trackedPts=0)
10-01 15:01:27.589 W/FrameProbe(18737): nativeOnCameraFrame 54.3 ms (trackedPts=0)
10-01 15:01:27.719 W/FrameProbe(18737): nativeOnCameraFrame 59.7 ms (trackedPts=0)
10-01 15:01:27.858 W/FrameProbe(18737): nativeOnCameraFrame 56.7 ms (trackedPts=0)
10-01 15:01:27.881 D/FpsProbe(18737): fps=25.2
10-01 15:01:27.991 W/FrameProbe(18737): nativeOnCameraFrame 56.8 ms (trackedPts=0)
10-01 15:01:28.133 W/FrameProbe(18737): nativeOnCameraFrame 67.9 ms (trackedPts=0)
10-01 15:01:28.267 W/FrameProbe(18737): nativeOnCameraFrame 62.2 ms (trackedPts=0)
10-01 15:01:28.395 W/FrameProbe(18737): nativeOnCameraFrame 61.2 ms (trackedPts=0)
10-01 15:01:28.517 W/FrameProbe(18737): nativeOnCameraFrame 48.7 ms (trackedPts=0)
10-01 15:01:28.650 W/FrameProbe(18737): nativeOnCameraFrame 55.3 ms (trackedPts=0)
10-01 15:01:28.795 W/FrameProbe(18737): nativeOnCameraFrame 56.5 ms (trackedPts=0)
10-01 15:01:28.921 W/FrameProbe(18737): nativeOnCameraFrame 60.4 ms (trackedPts=0)
10-01 15:01:28.944 D/FpsProbe(18737): fps=23.4 LOW
10-01 15:01:29.056 W/FrameProbe(18737): nativeOnCameraFrame 54.9 ms (trackedPts=0)
10-01 15:01:29.194 W/FrameProbe(18737): nativeOnCameraFrame 65.6 ms (trackedPts=0)
10-01 15:01:29.313 W/FrameProbe(18737): nativeOnCameraFrame 52.1 ms (trackedPts=0)
10-01 15:01:29.459 W/FrameProbe(18737): nativeOnCameraFrame 65.4 ms (trackedPts=0)
10-01 15:01:29.602 W/FrameProbe(18737): nativeOnCameraFrame 62.1 ms (trackedPts=0)
10-01 15:01:29.713 W/FrameProbe(18737): nativeOnCameraFrame 54.2 ms (trackedPts=0)
10-01 15:01:29.858 W/FrameProbe(18737): nativeOnCameraFrame 62.9 ms (trackedPts=0)
10-01 15:01:29.991 W/FrameProbe(18737): nativeOnCameraFrame 63.1 ms (trackedPts=0)
10-01 15:01:30.014 D/FpsProbe(18737): fps=25.2
10-01 15:01:30.132 W/FrameProbe(18737): nativeOnCameraFrame 71.5 ms (trackedPts=0)
10-01 15:01:30.267 W/FrameProbe(18737): nativeOnCameraFrame 66.0 ms (trackedPts=0)
10-01 15:01:30.384 W/FrameProbe(18737): nativeOnCameraFrame 57.4 ms (trackedPts=0)
10-01 15:01:30.567 W/FrameProbe(18737): nativeOnCameraFrame 94.8 ms (trackedPts=0)
10-01 15:01:30.676 W/FrameProbe(18737): nativeOnCameraFrame 73.1 ms (trackedPts=0)
10-01 15:01:30.802 W/FrameProbe(18737): nativeOnCameraFrame 67.7 ms (trackedPts=0)
10-01 15:01:30.941 W/FrameProbe(18737): nativeOnCameraFrame 71.2 ms (trackedPts=0)
10-01 15:01:31.053 W/FrameProbe(18737): nativeOnCameraFrame 57.3 ms (trackedPts=0)
10-01 15:01:31.053 D/FpsProbe(18737): fps=22.3 LOW
10-01 15:01:31.187 W/FrameProbe(18737): nativeOnCameraFrame 58.2 ms (trackedPts=0)
10-01 15:01:31.333 W/FrameProbe(18737): nativeOnCameraFrame 71.7 ms (trackedPts=0)
10-01 15:01:31.455 W/FrameProbe(18737): nativeOnCameraFrame 63.7 ms (trackedPts=0)
10-01 15:01:31.580 W/FrameProbe(18737): nativeOnCameraFrame 51.8 ms (trackedPts=0)
10-01 15:01:31.728 W/FrameProbe(18737): nativeOnCameraFrame 65.1 ms (trackedPts=0)
10-01 15:01:31.854 W/FrameProbe(18737): nativeOnCameraFrame 60.4 ms (trackedPts=0)
10-01 15:01:31.999 W/FrameProbe(18737): nativeOnCameraFrame 66.5 ms (trackedPts=0)
10-01 15:01:32.043 D/FpsProbe(18737): fps=26.1
10-01 15:01:32.128 W/FrameProbe(18737): nativeOnCameraFrame 62.0 ms (trackedPts=0)
10-01 15:01:32.251 W/FrameProbe(18737): nativeOnCameraFrame 58.9 ms (trackedPts=0)
10-01 15:01:32.380 W/FrameProbe(18737): nativeOnCameraFrame 54.4 ms (trackedPts=0)
10-01 15:01:32.530 W/FrameProbe(18737): nativeOnCameraFrame 61.3 ms (trackedPts=0)
10-01 15:01:32.650 W/FrameProbe(18737): nativeOnCameraFrame 57.3 ms (trackedPts=0)
10-01 15:01:32.788 W/FrameProbe(18737): nativeOnCameraFrame 58.2 ms (trackedPts=0)
10-01 15:01:32.926 W/FrameProbe(18737): nativeOnCameraFrame 56.8 ms (trackedPts=0)
10-01 15:01:33.064 W/FrameProbe(18737): nativeOnCameraFrame 64.8 ms (trackedPts=0)
10-01 15:01:33.084 D/FpsProbe(18737): fps=26.1
10-01 15:01:33.186 W/FrameProbe(18737): nativeOnCameraFrame 58.3 ms (trackedPts=0)
10-01 15:01:33.323 W/FrameProbe(18737): nativeOnCameraFrame 57.2 ms (trackedPts=0)
10-01 15:01:33.443 W/FrameProbe(18737): nativeOnCameraFrame 49.3 ms (trackedPts=0)
10-01 15:01:33.594 W/FrameProbe(18737): nativeOnCameraFrame 65.1 ms (trackedPts=0)
10-01 15:01:33.730 W/FrameProbe(18737): nativeOnCameraFrame 58.4 ms (trackedPts=0)
10-01 15:01:33.843 W/FrameProbe(18737): nativeOnCameraFrame 50.2 ms (trackedPts=0)
10-01 15:01:33.993 W/FrameProbe(18737): nativeOnCameraFrame 63.4 ms (trackedPts=0)
10-01 15:01:34.122 W/FrameProbe(18737): nativeOnCameraFrame 54.4 ms (trackedPts=0)
10-01 15:01:34.160 W/FrameProbe(18737): nativeOnCameraFrame 25.3 ms (trackedPts=0)
10-01 15:01:34.161 D/FpsProbe(18737): fps=24.4 LOW
10-01 15:01:34.251 W/FrameProbe(18737): nativeOnCameraFrame 50.4 ms (trackedPts=0)
10-01 15:01:34.329 W/FrameProbe(18737): nativeOnCameraFrame 16.9 ms (trackedPts=0)
10-01 15:01:34.403 W/FrameProbe(18737): nativeOnCameraFrame 64.3 ms (trackedPts=0)
10-01 15:01:34.425 W/FrameProbe(18737): nativeOnCameraFrame 16.0 ms (trackedPts=0)
10-01 15:01:34.532 W/FrameProbe(18737): nativeOnCameraFrame 61.8 ms (trackedPts=0)
10-01 15:01:34.654 W/FrameProbe(18737): nativeOnCameraFrame 58.0 ms (trackedPts=0)
10-01 15:01:34.784 W/FrameProbe(18737): nativeOnCameraFrame 57.1 ms (trackedPts=0)
10-01 15:01:34.924 W/FrameProbe(18737): nativeOnCameraFrame 57.9 ms (trackedPts=0)
10-01 15:01:35.066 W/FrameProbe(18737): nativeOnCameraFrame 64.4 ms (trackedPts=0)
10-01 15:01:35.180 W/FrameProbe(18737): nativeOnCameraFrame 57.1 ms (trackedPts=0)
10-01 15:01:35.205 D/FpsProbe(18737): fps=24.2 LOW
10-01 15:01:35.329 W/FrameProbe(18737): nativeOnCameraFrame 70.8 ms (trackedPts=0)
10-01 15:01:35.454 W/FrameProbe(18737): nativeOnCameraFrame 60.7 ms (trackedPts=0)
10-01 15:01:35.596 W/FrameProbe(18737): nativeOnCameraFrame 61.6 ms (trackedPts=0)
10-01 15:01:35.736 W/FrameProbe(18737): nativeOnCameraFrame 72.7 ms (trackedPts=0)
10-01 15:01:35.870 W/FrameProbe(18737): nativeOnCameraFrame 70.4 ms (trackedPts=0)
10-01 15:01:35.979 W/FrameProbe(18737): nativeOnCameraFrame 54.6 ms (trackedPts=0)
10-01 15:01:36.114 W/FrameProbe(18737): nativeOnCameraFrame 46.8 ms (trackedPts=0)
10-01 15:01:36.261 W/FrameProbe(18737): nativeOnCameraFrame 59.4 ms (trackedPts=0)
10-01 15:01:36.262 D/FpsProbe(18737): fps=25.2
10-01 15:01:36.414 W/FrameProbe(18737): nativeOnCameraFrame 78.8 ms (trackedPts=0)
10-01 15:01:36.540 W/FrameProbe(18737): nativeOnCameraFrame 70.7 ms (trackedPts=0)
10-01 15:01:36.661 W/FrameProbe(18737): nativeOnCameraFrame 65.0 ms (trackedPts=0)
10-01 15:01:36.781 W/FrameProbe(18737): nativeOnCameraFrame 49.6 ms (trackedPts=0)
10-01 15:01:36.918 W/FrameProbe(18737): nativeOnCameraFrame 52.5 ms (trackedPts=0)
10-01 15:01:37.038 W/FrameProbe(18737): nativeOnCameraFrame 43.6 ms (trackedPts=0)
10-01 15:01:37.179 W/FrameProbe(18737): nativeOnCameraFrame 45.4 ms (trackedPts=0)
10-01 15:01:37.242 D/FpsProbe(18737): fps=24.2 LOW
10-01 15:01:37.329 W/FrameProbe(18737): nativeOnCameraFrame 65.4 ms (trackedPts=0)
10-01 15:01:37.464 W/FrameProbe(18737): nativeOnCameraFrame 67.0 ms (trackedPts=0)
10-01 15:01:37.585 W/FrameProbe(18737): nativeOnCameraFrame 59.7 ms (trackedPts=0)
10-01 15:01:37.732 W/FrameProbe(18737): nativeOnCameraFrame 72.2 ms (trackedPts=0)
10-01 15:01:37.863 W/FrameProbe(18737): nativeOnCameraFrame 67.9 ms (trackedPts=0)
10-01 15:01:37.992 W/FrameProbe(18737): nativeOnCameraFrame 67.5 ms (trackedPts=0)
10-01 15:01:38.127 W/FrameProbe(18737): nativeOnCameraFrame 60.8 ms (trackedPts=0)
10-01 15:01:38.254 W/FrameProbe(18737): nativeOnCameraFrame 62.7 ms (trackedPts=0)
10-01 15:01:38.272 D/FpsProbe(18737): fps=22.3 LOW
10-01 15:01:38.409 W/FrameProbe(18737): nativeOnCameraFrame 70.2 ms (trackedPts=0)
10-01 15:01:38.525 W/FrameProbe(18737): nativeOnCameraFrame 61.7 ms (trackedPts=0)
10-01 15:01:38.654 W/FrameProbe(18737): nativeOnCameraFrame 60.9 ms (trackedPts=0)
10-01 15:01:38.790 W/FrameProbe(18737): nativeOnCameraFrame 64.3 ms (trackedPts=0)
10-01 15:01:38.939 W/FrameProbe(18737): nativeOnCameraFrame 72.3 ms (trackedPts=0)
10-01 15:01:38.964 W/FrameProbe(18737): nativeOnCameraFrame 17.1 ms (trackedPts=0)
10-01 15:01:39.075 W/FrameProbe(18737): nativeOnCameraFrame 80.1 ms (trackedPts=0)
10-01 15:01:39.202 W/FrameProbe(18737): nativeOnCameraFrame 70.0 ms (trackedPts=0)
10-01 15:01:39.341 W/FrameProbe(18737): nativeOnCameraFrame 75.6 ms (trackedPts=0)
10-01 15:01:39.365 D/FpsProbe(18737): fps=23.4 LOW
10-01 15:01:39.472 W/FrameProbe(18737): nativeOnCameraFrame 80.1 ms (trackedPts=0)
10-01 15:01:39.498 W/FrameProbe(18737): nativeOnCameraFrame 17.5 ms (trackedPts=0)
10-01 15:01:39.582 W/FrameProbe(18737): nativeOnCameraFrame 54.5 ms (trackedPts=0)
10-01 15:01:39.735 W/FrameProbe(18737): nativeOnCameraFrame 69.4 ms (trackedPts=0)
10-01 15:01:39.764 W/FrameProbe(18737): nativeOnCameraFrame 19.3 ms (trackedPts=0)
10-01 15:01:39.863 W/FrameProbe(18737): nativeOnCameraFrame 63.6 ms (trackedPts=0)
10-01 15:01:39.999 W/FrameProbe(18737): nativeOnCameraFrame 67.2 ms (trackedPts=0)
10-01 15:01:40.138 W/FrameProbe(18737): nativeOnCameraFrame 70.0 ms (trackedPts=0)
10-01 15:01:40.254 W/FrameProbe(18737): nativeOnCameraFrame 61.7 ms (trackedPts=0)
10-01 15:01:40.392 W/FrameProbe(18737): nativeOnCameraFrame 66.0 ms (trackedPts=0)
10-01 15:01:40.406 D/FpsProbe(18737): fps=23.4 LOW
10-01 15:01:40.531 W/FrameProbe(18737): nativeOnCameraFrame 71.1 ms (trackedPts=0)
10-01 15:01:40.678 W/FrameProbe(18737): nativeOnCameraFrame 78.1 ms (trackedPts=0)
10-01 15:01:40.785 W/FrameProbe(18737): nativeOnCameraFrame 57.9 ms (trackedPts=0)
10-01 15:01:40.926 W/FrameProbe(18737): nativeOnCameraFrame 60.4 ms (trackedPts=0)
10-01 15:01:40.968 W/FrameProbe(18737): nativeOnCameraFrame 16.3 ms (trackedPts=0)
10-01 15:01:41.063 W/FrameProbe(18737): nativeOnCameraFrame 63.3 ms (trackedPts=0)
10-01 15:01:41.185 W/FrameProbe(18737): nativeOnCameraFrame 52.7 ms (trackedPts=0)
10-01 15:01:41.334 W/FrameProbe(18737): nativeOnCameraFrame 62.4 ms (trackedPts=0)
10-01 15:01:41.457 W/FrameProbe(18737): nativeOnCameraFrame 64.1 ms (trackedPts=0)
10-01 15:01:41.471 D/FpsProbe(18737): fps=26.1
10-01 15:01:41.597 W/FrameProbe(18737): nativeOnCameraFrame 68.1 ms (trackedPts=0)
10-01 15:01:41.735 W/FrameProbe(18737): nativeOnCameraFrame 68.8 ms (trackedPts=0)
10-01 15:01:41.852 W/FrameProbe(18737): nativeOnCameraFrame 59.8 ms (trackedPts=0)
10-01 15:01:41.999 W/FrameProbe(18737): nativeOnCameraFrame 69.3 ms (trackedPts=0)
10-01 15:01:42.121 W/FrameProbe(18737): nativeOnCameraFrame 64.8 ms (trackedPts=0)
10-01 15:01:42.254 W/FrameProbe(18737): nativeOnCameraFrame 62.0 ms (trackedPts=0)
10-01 15:01:42.362 W/FrameProbe(18737): nativeOnCameraFrame 40.0 ms (trackedPts=0)
10-01 15:01:42.522 W/FrameProbe(18737): nativeOnCameraFrame 62.5 ms (trackedPts=0)
10-01 15:01:42.523 D/FpsProbe(18737): fps=25.2
10-01 15:01:42.652 W/FrameProbe(18737): nativeOnCameraFrame 61.1 ms (trackedPts=0)
10-01 15:01:42.793 W/FrameProbe(18737): nativeOnCameraFrame 59.9 ms (trackedPts=0)
10-01 15:01:42.898 W/FrameProbe(18737): nativeOnCameraFrame 40.4 ms (trackedPts=0)
10-01 15:01:43.053 W/FrameProbe(18737): nativeOnCameraFrame 61.5 ms (trackedPts=0)
10-01 15:01:43.175 W/FrameProbe(18737): nativeOnCameraFrame 49.1 ms (trackedPts=0)
10-01 15:01:43.311 W/FrameProbe(18737): nativeOnCameraFrame 44.9 ms (trackedPts=0)
10-01 15:01:43.451 W/FrameProbe(18737): nativeOnCameraFrame 61.4 ms (trackedPts=0)
10-01 15:01:43.507 D/FpsProbe(18737): fps=27.1
10-01 15:01:43.575 W/FrameProbe(18737): nativeOnCameraFrame 48.2 ms (trackedPts=0)
10-01 15:01:43.724 W/FrameProbe(18737): nativeOnCameraFrame 66.1 ms (trackedPts=0)
10-01 15:01:43.857 W/FrameProbe(18737): nativeOnCameraFrame 66.7 ms (trackedPts=0)
10-01 15:01:43.978 W/FrameProbe(18737): nativeOnCameraFrame 54.4 ms (trackedPts=0)
10-01 15:01:44.113 W/FrameProbe(18737): nativeOnCameraFrame 52.4 ms (trackedPts=0)
10-01 15:01:44.259 W/FrameProbe(18737): nativeOnCameraFrame 68.3 ms (trackedPts=0)
10-01 15:01:44.376 W/FrameProbe(18737): nativeOnCameraFrame 53.0 ms (trackedPts=0)
10-01 15:01:44.525 W/FrameProbe(18737): nativeOnCameraFrame 64.6 ms (trackedPts=0)
10-01 15:01:44.548 D/FpsProbe(18737): fps=26.1
10-01 15:01:44.640 W/FrameProbe(18737): nativeOnCameraFrame 49.5 ms (trackedPts=0)
10-01 15:01:44.790 W/FrameProbe(18737): nativeOnCameraFrame 64.1 ms (trackedPts=0)
10-01 15:01:44.908 W/FrameProbe(18737): nativeOnCameraFrame 50.7 ms (trackedPts=0)
10-01 15:01:45.033 W/FrameProbe(18737): nativeOnCameraFrame 40.7 ms (trackedPts=0)
10-01 15:01:45.188 W/FrameProbe(18737): nativeOnCameraFrame 60.3 ms (trackedPts=0)
10-01 15:01:45.318 W/FrameProbe(18737): nativeOnCameraFrame 59.4 ms (trackedPts=0)
10-01 15:01:45.461 W/FrameProbe(18737): nativeOnCameraFrame 62.9 ms (trackedPts=0)
10-01 15:01:45.576 W/FrameProbe(18737): nativeOnCameraFrame 50.5 ms (trackedPts=0)
10-01 15:01:45.597 D/FpsProbe(18737): fps=26.1
10-01 15:01:45.698 W/FrameProbe(18737): nativeOnCameraFrame 39.4 ms (trackedPts=0)
10-01 15:01:45.725 W/FrameProbe(18737): nativeOnCameraFrame 16.5 ms (trackedPts=0)
10-01 15:01:45.856 W/FrameProbe(18737): nativeOnCameraFrame 65.6 ms (trackedPts=0)
10-01 15:01:46.003 W/FrameProbe(18737): nativeOnCameraFrame 70.8 ms (trackedPts=0)
10-01 15:01:46.028 W/FrameProbe(18737): nativeOnCameraFrame 17.0 ms (trackedPts=0)
10-01 15:01:46.115 W/FrameProbe(18737): nativeOnCameraFrame 56.2 ms (trackedPts=0)
10-01 15:01:46.257 W/FrameProbe(18737): nativeOnCameraFrame 64.5 ms (trackedPts=0)
10-01 15:01:46.396 W/FrameProbe(18737): nativeOnCameraFrame 65.4 ms (trackedPts=0)
10-01 15:01:46.528 W/FrameProbe(18737): nativeOnCameraFrame 62.0 ms (trackedPts=0)
10-01 15:01:46.647 W/FrameProbe(18737): nativeOnCameraFrame 49.2 ms (trackedPts=0)
10-01 15:01:46.648 D/FpsProbe(18737): fps=24.2 LOW
10-01 15:01:46.773 W/FrameProbe(18737): nativeOnCameraFrame 43.8 ms (trackedPts=0)
10-01 15:01:46.925 W/FrameProbe(18737): nativeOnCameraFrame 59.7 ms (trackedPts=0)
10-01 15:01:47.054 W/FrameProbe(18737): nativeOnCameraFrame 65.7 ms (trackedPts=0)
10-01 15:01:47.185 W/FrameProbe(18737): nativeOnCameraFrame 64.0 ms (trackedPts=0)
10-01 15:01:47.315 W/FrameProbe(18737): nativeOnCameraFrame 57.3 ms (trackedPts=0)
10-01 15:01:47.456 W/FrameProbe(18737): nativeOnCameraFrame 59.4 ms (trackedPts=0)
10-01 15:01:47.591 W/FrameProbe(18737): nativeOnCameraFrame 64.9 ms (trackedPts=0)
10-01 15:01:47.634 D/FpsProbe(18737): fps=24.2 LOW
10-01 15:01:47.730 W/FrameProbe(18737): nativeOnCameraFrame 65.1 ms (trackedPts=0)
10-01 15:01:47.869 W/FrameProbe(18737): nativeOnCameraFrame 69.3 ms (trackedPts=0)
10-01 15:01:47.977 W/FrameProbe(18737): nativeOnCameraFrame 53.8 ms (trackedPts=0)
10-01 15:01:48.117 W/FrameProbe(18737): nativeOnCameraFrame 61.8 ms (trackedPts=0)
10-01 15:01:48.238 W/FrameProbe(18737): nativeOnCameraFrame 50.0 ms (trackedPts=0)
10-01 15:01:48.374 W/FrameProbe(18737): nativeOnCameraFrame 54.3 ms (trackedPts=0)
10-01 15:01:48.516 W/FrameProbe(18737): nativeOnCameraFrame 56.2 ms (trackedPts=0)
10-01 15:01:48.652 W/FrameProbe(18737): nativeOnCameraFrame 62.8 ms (trackedPts=0)
10-01 15:01:48.685 D/FpsProbe(18737): fps=27.1
10-01 15:01:48.795 W/FrameProbe(18737): nativeOnCameraFrame 63.9 ms (trackedPts=0)
10-01 15:01:48.916 W/FrameProbe(18737): nativeOnCameraFrame 51.6 ms (trackedPts=0)
10-01 15:01:49.039 W/FrameProbe(18737): nativeOnCameraFrame 39.9 ms (trackedPts=0)
10-01 15:01:49.186 W/FrameProbe(18737): nativeOnCameraFrame 60.5 ms (trackedPts=0)
10-01 15:01:49.321 W/FrameProbe(18737): nativeOnCameraFrame 63.2 ms (trackedPts=0)
10-01 15:01:49.457 W/FrameProbe(18737): nativeOnCameraFrame 66.7 ms (trackedPts=0)
10-01 15:01:49.572 W/FrameProbe(18737): nativeOnCameraFrame 47.9 ms (trackedPts=0)
10-01 15:01:49.713 W/FrameProbe(18737): nativeOnCameraFrame 51.6 ms (trackedPts=0)
10-01 15:01:49.733 D/FpsProbe(18737): fps=26.1
10-01 15:01:49.844 W/FrameProbe(18737): nativeOnCameraFrame 53.0 ms (trackedPts=0)
10-01 15:01:49.989 W/FrameProbe(18737): nativeOnCameraFrame 64.3 ms (trackedPts=0)
10-01 15:01:50.121 W/FrameProbe(18737): nativeOnCameraFrame 64.8 ms (trackedPts=0)
10-01 15:01:50.262 W/FrameProbe(18737): nativeOnCameraFrame 64.4 ms (trackedPts=0)
10-01 15:01:50.401 W/FrameProbe(18737): nativeOnCameraFrame 65.4 ms (trackedPts=0)
10-01 15:01:50.520 W/FrameProbe(18737): nativeOnCameraFrame 62.5 ms (trackedPts=0)
10-01 15:01:50.651 W/FrameProbe(18737): nativeOnCameraFrame 60.2 ms (trackedPts=0)
10-01 15:01:50.805 W/FrameProbe(18737): nativeOnCameraFrame 74.8 ms (trackedPts=0)
10-01 15:01:50.806 D/FpsProbe(18737): fps=25.2
10-01 15:01:50.926 W/FrameProbe(18737): nativeOnCameraFrame 67.3 ms (trackedPts=0)
10-01 15:01:51.052 W/FrameProbe(18737): nativeOnCameraFrame 61.5 ms (trackedPts=0)
10-01 15:01:51.197 W/FrameProbe(18737): nativeOnCameraFrame 67.2 ms (trackedPts=0)
10-01 15:01:51.338 W/FrameProbe(18737): nativeOnCameraFrame 74.0 ms (trackedPts=0)
10-01 15:01:51.461 W/FrameProbe(18737): nativeOnCameraFrame 62.7 ms (trackedPts=0)
10-01 15:01:51.592 W/FrameProbe(18737): nativeOnCameraFrame 69.1 ms (trackedPts=0)
10-01 15:01:51.726 W/FrameProbe(18737): nativeOnCameraFrame 64.3 ms (trackedPts=0)
10-01 15:01:51.771 D/FpsProbe(18737): fps=22.3 LOW
10-01 15:01:51.854 W/FrameProbe(18737): nativeOnCameraFrame 65.9 ms (trackedPts=0)
10-01 15:01:51.991 W/FrameProbe(18737): nativeOnCameraFrame 61.8 ms (trackedPts=0)
10-01 15:01:52.115 W/FrameProbe(18737): nativeOnCameraFrame 58.3 ms (trackedPts=0)
10-01 15:01:52.259 W/FrameProbe(18737): nativeOnCameraFrame 68.7 ms (trackedPts=0)
10-01 15:01:52.367 W/FrameProbe(18737): nativeOnCameraFrame 43.0 ms (trackedPts=0)
10-01 15:01:52.392 W/FrameProbe(18737): nativeOnCameraFrame 16.1 ms (trackedPts=0)
10-01 15:01:52.515 W/FrameProbe(18737): nativeOnCameraFrame 45.7 ms (trackedPts=0)
10-01 15:01:52.652 W/FrameProbe(18737): nativeOnCameraFrame 60.1 ms (trackedPts=0)
10-01 15:01:52.782 W/FrameProbe(18737): nativeOnCameraFrame 58.2 ms (trackedPts=0)
10-01 15:01:52.823 D/FpsProbe(18737): fps=26.1
10-01 15:01:52.933 W/FrameProbe(18737): nativeOnCameraFrame 68.6 ms (trackedPts=0)
10-01 15:01:53.056 W/FrameProbe(18737): nativeOnCameraFrame 64.2 ms (trackedPts=0)
10-01 15:01:53.188 W/FrameProbe(18737): nativeOnCameraFrame 64.3 ms (trackedPts=0)
10-01 15:01:53.332 W/FrameProbe(18737): nativeOnCameraFrame 65.9 ms (trackedPts=0)
10-01 15:01:53.440 W/FrameProbe(18737): nativeOnCameraFrame 43.8 ms (trackedPts=0)
10-01 15:01:53.596 W/FrameProbe(18737): nativeOnCameraFrame 65.0 ms (trackedPts=0)
10-01 15:01:53.731 W/FrameProbe(18737): nativeOnCameraFrame 66.2 ms (trackedPts=0)
10-01 15:01:53.859 W/FrameProbe(18737): nativeOnCameraFrame 61.4 ms (trackedPts=0)
10-01 15:01:53.882 D/FpsProbe(18737): fps=23.4 LOW
10-01 15:01:53.969 W/FrameProbe(18737): nativeOnCameraFrame 43.3 ms (trackedPts=0)
10-01 15:01:54.126 W/FrameProbe(18737): nativeOnCameraFrame 62.9 ms (trackedPts=0)
10-01 15:01:54.256 W/FrameProbe(18737): nativeOnCameraFrame 60.3 ms (trackedPts=0)
10-01 15:01:54.383 W/FrameProbe(18737): nativeOnCameraFrame 58.0 ms (trackedPts=0)
10-01 15:01:54.523 W/FrameProbe(18737): nativeOnCameraFrame 59.2 ms (trackedPts=0)
10-01 15:01:54.651 W/FrameProbe(18737): nativeOnCameraFrame 54.2 ms (trackedPts=0)
10-01 15:01:54.769 W/FrameProbe(18737): nativeOnCameraFrame 40.1 ms (trackedPts=0)
10-01 15:01:54.914 W/FrameProbe(18737): nativeOnCameraFrame 58.4 ms (trackedPts=0)
10-01 15:01:54.931 D/FpsProbe(18737): fps=25.3
10-01 15:01:55.039 W/FrameProbe(18737): nativeOnCameraFrame 48.1 ms (trackedPts=0)
10-01 15:01:55.191 W/FrameProbe(18737): nativeOnCameraFrame 68.2 ms (trackedPts=0)
10-01 15:01:55.339 W/FrameProbe(18737): nativeOnCameraFrame 75.2 ms (trackedPts=0)
10-01 15:01:55.462 W/FrameProbe(18737): nativeOnCameraFrame 62.8 ms (trackedPts=0)
10-01 15:01:55.598 W/FrameProbe(18737): nativeOnCameraFrame 66.1 ms (trackedPts=0)
10-01 15:01:55.707 W/FrameProbe(18737): nativeOnCameraFrame 48.6 ms (trackedPts=0)
10-01 15:01:55.863 W/FrameProbe(18737): nativeOnCameraFrame 71.6 ms (trackedPts=0)
10-01 15:01:55.893 W/FrameProbe(18737): nativeOnCameraFrame 17.9 ms (trackedPts=0)
10-01 15:01:55.997 W/FrameProbe(18737): nativeOnCameraFrame 70.6 ms (trackedPts=0)
10-01 15:01:56.015 D/FpsProbe(18737): fps=24.4 LOW
10-01 15:01:56.115 W/FrameProbe(18737): nativeOnCameraFrame 61.8 ms (trackedPts=0)
10-01 15:01:56.239 W/FrameProbe(18737): nativeOnCameraFrame 50.1 ms (trackedPts=0)
10-01 15:01:56.372 W/FrameProbe(18737): nativeOnCameraFrame 50.1 ms (trackedPts=0)
10-01 15:01:56.516 W/FrameProbe(18737): nativeOnCameraFrame 58.1 ms (trackedPts=0)
10-01 15:01:56.641 W/FrameProbe(18737): nativeOnCameraFrame 55.3 ms (trackedPts=0)
10-01 15:01:56.777 W/FrameProbe(18737): nativeOnCameraFrame 53.8 ms (trackedPts=0)
10-01 15:01:56.924 W/FrameProbe(18737): nativeOnCameraFrame 57.6 ms (trackedPts=0)
10-01 15:01:57.052 W/FrameProbe(18737): nativeOnCameraFrame 55.5 ms (trackedPts=0)
10-01 15:01:57.075 D/FpsProbe(18737): fps=28.1
10-01 15:01:57.174 W/FrameProbe(18737): nativeOnCameraFrame 49.1 ms (trackedPts=0)
10-01 15:01:57.324 W/FrameProbe(18737): nativeOnCameraFrame 61.4 ms (trackedPts=0)
10-01 15:01:57.353 W/FrameProbe(18737): nativeOnCameraFrame 16.9 ms (trackedPts=0)
10-01 15:01:57.437 W/FrameProbe(18737): nativeOnCameraFrame 47.0 ms (trackedPts=0)
10-01 15:01:57.571 W/FrameProbe(18737): nativeOnCameraFrame 49.4 ms (trackedPts=0)
10-01 15:01:57.721 W/FrameProbe(18737): nativeOnCameraFrame 55.8 ms (trackedPts=0)
10-01 15:01:57.856 W/FrameProbe(18737): nativeOnCameraFrame 61.9 ms (trackedPts=0)
10-01 15:01:57.988 W/FrameProbe(18737): nativeOnCameraFrame 57.0 ms (trackedPts=0)
10-01 15:01:58.123 W/FrameProbe(18737): nativeOnCameraFrame 59.2 ms (trackedPts=0)
10-01 15:01:58.124 D/FpsProbe(18737): fps=27.1
10-01 15:01:58.236 W/FrameProbe(18737): nativeOnCameraFrame 47.1 ms (trackedPts=0)
10-01 15:01:58.380 W/FrameProbe(18737): nativeOnCameraFrame 56.8 ms (trackedPts=0)
10-01 15:01:58.523 W/FrameProbe(18737): nativeOnCameraFrame 65.6 ms (trackedPts=0)
10-01 15:01:58.645 W/FrameProbe(18737): nativeOnCameraFrame 55.1 ms (trackedPts=0)
10-01 15:01:58.797 W/FrameProbe(18737): nativeOnCameraFrame 62.4 ms (trackedPts=0)
10-01 15:01:58.909 W/FrameProbe(18737): nativeOnCameraFrame 52.7 ms (trackedPts=0)
10-01 15:01:59.053 W/FrameProbe(18737): nativeOnCameraFrame 57.4 ms (trackedPts=0)
10-01 15:01:59.095 D/FpsProbe(18737): fps=26.1
10-01 15:01:59.177 W/FrameProbe(18737): nativeOnCameraFrame 53.8 ms (trackedPts=0)
10-01 15:01:59.308 W/FrameProbe(18737): nativeOnCameraFrame 50.6 ms (trackedPts=0)
10-01 15:01:59.437 W/FrameProbe(18737): nativeOnCameraFrame 48.2 ms (trackedPts=0)
10-01 15:01:59.581 W/FrameProbe(18737): nativeOnCameraFrame 52.7 ms (trackedPts=0)
10-01 15:01:59.721 W/FrameProbe(18737): nativeOnCameraFrame 58.0 ms (trackedPts=0)
10-01 15:01:59.861 W/FrameProbe(18737): nativeOnCameraFrame 64.5 ms (trackedPts=0)
10-01 15:01:59.980 W/FrameProbe(18737): nativeOnCameraFrame 58.1 ms (trackedPts=0)
10-01 15:02:00.121 W/FrameProbe(18737): nativeOnCameraFrame 64.6 ms (trackedPts=0)
10-01 15:02:00.138 D/FpsProbe(18737): fps=25.2
10-01 15:02:00.253 W/FrameProbe(18737): nativeOnCameraFrame 55.9 ms (trackedPts=0)
10-01 15:02:00.378 W/FrameProbe(18737): nativeOnCameraFrame 56.6 ms (trackedPts=0)
10-01 15:02:00.515 W/FrameProbe(18737): nativeOnCameraFrame 54.7 ms (trackedPts=0)
10-01 15:02:00.657 W/FrameProbe(18737): nativeOnCameraFrame 61.0 ms (trackedPts=0)
10-01 15:02:00.776 W/FrameProbe(18737): nativeOnCameraFrame 55.2 ms (trackedPts=0)
10-01 15:02:00.916 W/FrameProbe(18737): nativeOnCameraFrame 57.9 ms (trackedPts=0)
10-01 15:02:01.056 W/FrameProbe(18737): nativeOnCameraFrame 60.2 ms (trackedPts=0)
10-01 15:02:01.181 W/FrameProbe(18737): nativeOnCameraFrame 55.3 ms (trackedPts=0)
10-01 15:02:01.198 D/FpsProbe(18737): fps=25.3
10-01 15:02:01.315 W/FrameProbe(18737): nativeOnCameraFrame 61.0 ms (trackedPts=0)
10-01 15:02:01.450 W/FrameProbe(18737): nativeOnCameraFrame 53.4 ms (trackedPts=0)
10-01 15:02:01.574 W/FrameProbe(18737): nativeOnCameraFrame 48.2 ms (trackedPts=0)
10-01 15:02:01.721 W/FrameProbe(18737): nativeOnCameraFrame 59.9 ms (trackedPts=0)
10-01 15:02:01.842 W/FrameProbe(18737): nativeOnCameraFrame 54.1 ms (trackedPts=0)
10-01 15:02:01.963 W/FrameProbe(18737): nativeOnCameraFrame 41.7 ms (trackedPts=0)
10-01 15:02:02.120 W/FrameProbe(18737): nativeOnCameraFrame 64.5 ms (trackedPts=0)
10-01 15:02:02.235 W/FrameProbe(18737): nativeOnCameraFrame 47.6 ms (trackedPts=0)
10-01 15:02:02.265 D/FpsProbe(18737): fps=25.2
10-01 15:02:02.390 W/FrameProbe(18737): nativeOnCameraFrame 69.0 ms (trackedPts=0)
10-01 15:02:02.512 W/FrameProbe(18737): nativeOnCameraFrame 54.4 ms (trackedPts=0)
10-01 15:02:02.642 W/FrameProbe(18737): nativeOnCameraFrame 54.5 ms (trackedPts=0)
10-01 15:02:02.798 W/FrameProbe(18737): nativeOnCameraFrame 53.9 ms (trackedPts=0)
10-01 15:02:02.917 W/FrameProbe(18737): nativeOnCameraFrame 62.1 ms (trackedPts=0)
10-01 15:02:03.033 W/FrameProbe(18737): nativeOnCameraFrame 45.9 ms (trackedPts=0)
10-01 15:02:03.189 W/FrameProbe(18737): nativeOnCameraFrame 68.7 ms (trackedPts=0)
10-01 15:02:03.330 W/FrameProbe(18737): nativeOnCameraFrame 75.1 ms (trackedPts=0)
10-01 15:02:03.331 D/FpsProbe(18737): fps=27.1
10-01 15:02:03.469 W/FrameProbe(18737): nativeOnCameraFrame 71.6 ms (trackedPts=0)
10-01 15:02:03.603 W/FrameProbe(18737): nativeOnCameraFrame 71.5 ms (trackedPts=0)
10-01 15:02:03.735 W/FrameProbe(18737): nativeOnCameraFrame 69.2 ms (trackedPts=0)
10-01 15:02:03.864 W/FrameProbe(18737): nativeOnCameraFrame 70.0 ms (trackedPts=0)
10-01 15:02:04.004 W/FrameProbe(18737): nativeOnCameraFrame 73.8 ms (trackedPts=0)
10-01 15:02:04.124 W/FrameProbe(18737): nativeOnCameraFrame 67.4 ms (trackedPts=0)
10-01 15:02:04.256 W/FrameProbe(18737): nativeOnCameraFrame 68.9 ms (trackedPts=0)
10-01 15:02:04.299 D/FpsProbe(18737): fps=22.3 LOW
10-01 15:02:04.370 W/FrameProbe(18737): nativeOnCameraFrame 55.3 ms (trackedPts=0)
10-01 15:02:04.521 W/FrameProbe(18737): nativeOnCameraFrame 58.4 ms (trackedPts=0)
10-01 15:02:04.657 W/FrameProbe(18737): nativeOnCameraFrame 62.3 ms (trackedPts=0)
10-01 15:02:04.774 W/FrameProbe(18737): nativeOnCameraFrame 52.9 ms (trackedPts=0)
10-01 15:02:04.917 W/FrameProbe(18737): nativeOnCameraFrame 61.4 ms (trackedPts=0)
10-01 15:02:05.045 W/FrameProbe(18737): nativeOnCameraFrame 56.3 ms (trackedPts=0)
10-01 15:02:05.170 W/FrameProbe(18737): nativeOnCameraFrame 46.5 ms (trackedPts=0)
10-01 15:02:05.297 W/FrameProbe(18737): nativeOnCameraFrame 43.6 ms (trackedPts=0)
10-01 15:02:05.335 D/FpsProbe(18737): fps=26.1
10-01 15:02:05.439 W/FrameProbe(18737): nativeOnCameraFrame 46.1 ms (trackedPts=0)
10-01 15:02:05.566 W/FrameProbe(18737): nativeOnCameraFrame 44.7 ms (trackedPts=0)
10-01 15:02:05.707 W/FrameProbe(18737): nativeOnCameraFrame 47.5 ms (trackedPts=0)
10-01 15:02:05.781 I/ArPoseProbe(18737): fromTs=80.7% latest=19.3% total=12960
10-01 15:02:05.834 W/FrameProbe(18737): nativeOnCameraFrame 38.6 ms (trackedPts=0)
10-01 15:02:05.969 W/FrameProbe(18737): nativeOnCameraFrame 45.9 ms (trackedPts=0)
10-01 15:02:06.120 W/FrameProbe(18737): nativeOnCameraFrame 57.6 ms (trackedPts=0)
10-01 15:02:06.218 W/FrameProbe(18737): nativeOnCameraFrame 31.0 ms (trackedPts=0)
10-01 15:02:06.380 W/FrameProbe(18737): nativeOnCameraFrame 52.1 ms (trackedPts=0)
10-01 15:02:06.400 D/FpsProbe(18737): fps=28.1
10-01 15:02:06.514 W/FrameProbe(18737): nativeOnCameraFrame 51.5 ms (trackedPts=0)
10-01 15:02:06.655 W/FrameProbe(18737): nativeOnCameraFrame 60.8 ms (trackedPts=0)
10-01 15:02:06.784 W/FrameProbe(18737): nativeOnCameraFrame 62.8 ms (trackedPts=0)
10-01 15:02:06.904 W/FrameProbe(18737): nativeOnCameraFrame 47.4 ms (trackedPts=0)
10-01 15:02:07.049 W/FrameProbe(18737): nativeOnCameraFrame 55.0 ms (trackedPts=0)
10-01 15:02:07.172 W/FrameProbe(18737): nativeOnCameraFrame 54.4 ms (trackedPts=0)
10-01 15:02:07.296 W/FrameProbe(18737): nativeOnCameraFrame 42.3 ms (trackedPts=0)
10-01 15:02:07.323 W/FrameProbe(18737): nativeOnCameraFrame 16.5 ms (trackedPts=0)
10-01 15:02:07.373 I/ArPoseProbe(18737): fromTs=80.7% latest=19.3% total=13050
10-01 15:02:07.456 W/FrameProbe(18737): nativeOnCameraFrame 57.7 ms (trackedPts=0)
10-01 15:02:07.470 D/FpsProbe(18737): fps=27.1
10-01 15:02:07.494 W/FrameProbe(18737): nativeOnCameraFrame 16.3 ms (trackedPts=0)
10-01 15:02:07.580 W/FrameProbe(18737): nativeOnCameraFrame 55.4 ms (trackedPts=0)
10-01 15:02:07.724 W/FrameProbe(18737): nativeOnCameraFrame 62.2 ms (trackedPts=0)
10-01 15:02:07.853 W/FrameProbe(18737): nativeOnCameraFrame 66.4 ms (trackedPts=0)
10-01 15:02:07.978 W/FrameProbe(18737): nativeOnCameraFrame 56.2 ms (trackedPts=0)
10-01 15:02:08.126 W/FrameProbe(18737): nativeOnCameraFrame 62.8 ms (trackedPts=0)
10-01 15:02:08.255 W/FrameProbe(18737): nativeOnCameraFrame 66.1 ms (trackedPts=0)
10-01 15:02:08.385 W/FrameProbe(18737): nativeOnCameraFrame 65.0 ms (trackedPts=0)
10-01 15:02:08.516 W/FrameProbe(18737): nativeOnCameraFrame 55.8 ms (trackedPts=0)
10-01 15:02:08.517 D/FpsProbe(18737): fps=26.1
10-01 15:02:08.658 W/FrameProbe(18737): nativeOnCameraFrame 68.5 ms (trackedPts=0)
10-01 15:02:08.789 W/FrameProbe(18737): nativeOnCameraFrame 68.0 ms (trackedPts=0)
10-01 15:02:08.927 W/FrameProbe(18737): nativeOnCameraFrame 65.1 ms (trackedPts=0)
10-01 15:02:09.032 I/ArPoseProbe(18737): fromTs=80.8% latest=19.2% total=13140
10-01 15:02:09.048 W/FrameProbe(18737): nativeOnCameraFrame 61.4 ms (trackedPts=0)
10-01 15:02:09.198 W/FrameProbe(18737): nativeOnCameraFrame 74.7 ms (trackedPts=0)
10-01 15:02:09.319 W/FrameProbe(18737): nativeOnCameraFrame 66.7 ms (trackedPts=0)
10-01 15:02:09.459 W/FrameProbe(18737): nativeOnCameraFrame 65.1 ms (trackedPts=0)
10-01 15:02:09.506 D/FpsProbe(18737): fps=24.2 LOW
10-01 15:02:09.598 W/FrameProbe(18737): nativeOnCameraFrame 71.1 ms (trackedPts=0)
10-01 15:02:09.729 W/FrameProbe(18737): nativeOnCameraFrame 70.7 ms (trackedPts=0)
10-01 15:02:09.789 W/FrameProbe(18737): nativeOnCameraFrame 28.5 ms (trackedPts=0)
10-01 15:02:09.858 W/FrameProbe(18737): nativeOnCameraFrame 60.9 ms (trackedPts=0)
10-01 15:02:09.974 W/FrameProbe(18737): nativeOnCameraFrame 57.2 ms (trackedPts=0)
10-01 15:02:10.119 W/FrameProbe(18737): nativeOnCameraFrame 65.9 ms (trackedPts=0)
10-01 15:02:10.256 W/FrameProbe(18737): nativeOnCameraFrame 63.6 ms (trackedPts=0)
10-01 15:02:10.393 W/FrameProbe(18737): nativeOnCameraFrame 72.3 ms (trackedPts=0)
10-01 15:02:10.532 W/FrameProbe(18737): nativeOnCameraFrame 67.9 ms (trackedPts=0)
10-01 15:02:10.548 D/FpsProbe(18737): fps=23.2 LOW
10-01 15:02:10.652 W/FrameProbe(18737): nativeOnCameraFrame 66.6 ms (trackedPts=0)
10-01 15:02:10.679 I/ArPoseProbe(18737): fromTs=80.8% latest=19.2% total=13230
10-01 15:02:10.788 W/FrameProbe(18737): nativeOnCameraFrame 61.9 ms (trackedPts=0)
10-01 15:02:10.920 W/FrameProbe(18737): nativeOnCameraFrame 66.4 ms (trackedPts=0)
10-01 15:02:11.056 W/FrameProbe(18737): nativeOnCameraFrame 68.0 ms (trackedPts=0)
10-01 15:02:11.181 W/FrameProbe(18737): nativeOnCameraFrame 63.3 ms (trackedPts=0)
10-01 15:02:11.329 W/FrameProbe(18737): nativeOnCameraFrame 69.8 ms (trackedPts=0)
10-01 15:02:11.461 W/FrameProbe(18737): nativeOnCameraFrame 75.2 ms (trackedPts=0)
10-01 15:02:11.587 W/FrameProbe(18737): nativeOnCameraFrame 65.1 ms (trackedPts=0)
10-01 15:02:11.600 D/FpsProbe(18737): fps=22.5 LOW
10-01 15:02:11.727 W/FrameProbe(18737): nativeOnCameraFrame 65.9 ms (trackedPts=0)
10-01 15:02:11.867 W/FrameProbe(18737): nativeOnCameraFrame 72.3 ms (trackedPts=0)
10-01 15:02:11.988 W/FrameProbe(18737): nativeOnCameraFrame 62.6 ms (trackedPts=0)
10-01 15:02:12.145 W/FrameProbe(18737): nativeOnCameraFrame 81.4 ms (trackedPts=0)
10-01 15:02:12.254 W/FrameProbe(18737): nativeOnCameraFrame 65.1 ms (trackedPts=0)
10-01 15:02:12.383 W/FrameProbe(18737): nativeOnCameraFrame 64.9 ms (trackedPts=0)
10-01 15:02:12.398 I/ArPoseProbe(18737): fromTs=80.8% latest=19.2% total=13320
10-01 15:02:12.520 W/FrameProbe(18737): nativeOnCameraFrame 63.5 ms (trackedPts=0)
10-01 15:02:12.660 W/FrameProbe(18737): nativeOnCameraFrame 71.5 ms (trackedPts=0)
10-01 15:02:12.678 D/FpsProbe(18737): fps=22.5 LOW
10-01 15:02:12.794 W/FrameProbe(18737): nativeOnCameraFrame 66.5 ms (trackedPts=0)
10-01 15:02:12.926 W/FrameProbe(18737): nativeOnCameraFrame 68.2 ms (trackedPts=0)
10-01 15:02:13.056 W/FrameProbe(18737): nativeOnCameraFrame 70.1 ms (trackedPts=0)
10-01 15:02:13.180 W/FrameProbe(18737): nativeOnCameraFrame 55.8 ms (trackedPts=0)
10-01 15:02:13.329 W/FrameProbe(18737): nativeOnCameraFrame 68.3 ms (trackedPts=0)
10-01 15:02:13.444 W/FrameProbe(18737): nativeOnCameraFrame 53.7 ms (trackedPts=0)
10-01 15:02:13.575 W/FrameProbe(18737): nativeOnCameraFrame 47.7 ms (trackedPts=0)
10-01 15:02:13.708 W/FrameProbe(18737): nativeOnCameraFrame 54.6 ms (trackedPts=0)
10-01 15:02:13.728 D/FpsProbe(18737): fps=24.4 LOW
10-01 15:02:13.852 W/FrameProbe(18737): nativeOnCameraFrame 65.7 ms (trackedPts=0)
10-01 15:02:13.991 W/FrameProbe(18737): nativeOnCameraFrame 63.3 ms (trackedPts=0)
10-01 15:02:14.063 I/ArPoseProbe(18737): fromTs=80.9% latest=19.1% total=13410
10-01 15:02:14.105 W/FrameProbe(18737): nativeOnCameraFrame 56.4 ms (trackedPts=0)
10-01 15:02:14.250 W/FrameProbe(18737): nativeOnCameraFrame 57.6 ms (trackedPts=0)
10-01 15:02:14.364 W/FrameProbe(18737): nativeOnCameraFrame 40.4 ms (trackedPts=0)
10-01 15:02:14.522 W/FrameProbe(18737): nativeOnCameraFrame 67.3 ms (trackedPts=0)
10-01 15:02:14.654 W/FrameProbe(18737): nativeOnCameraFrame 69.1 ms (trackedPts=0)
10-01 15:02:14.783 W/FrameProbe(18737): nativeOnCameraFrame 65.2 ms (trackedPts=0)
10-01 15:02:14.799 D/FpsProbe(18737): fps=24.4 LOW
10-01 15:02:14.934 W/FrameProbe(18737): nativeOnCameraFrame 71.7 ms (trackedPts=0)
10-01 15:02:15.055 W/FrameProbe(18737): nativeOnCameraFrame 65.7 ms (trackedPts=0)
10-01 15:02:15.193 W/FrameProbe(18737): nativeOnCameraFrame 66.2 ms (trackedPts=0)
10-01 15:02:15.311 W/FrameProbe(18737): nativeOnCameraFrame 60.0 ms (trackedPts=0)
10-01 15:02:15.462 W/FrameProbe(18737): nativeOnCameraFrame 67.3 ms (trackedPts=0)
10-01 15:02:15.598 W/FrameProbe(18737): nativeOnCameraFrame 70.6 ms (trackedPts=0)
10-01 15:02:15.718 W/FrameProbe(18737): nativeOnCameraFrame 64.3 ms (trackedPts=0)
10-01 15:02:15.719 I/ArPoseProbe(18737): fromTs=81.0% latest=19.0% total=13500
10-01 15:02:15.867 W/FrameProbe(18737): nativeOnCameraFrame 71.4 ms (trackedPts=0)
10-01 15:02:15.890 D/FpsProbe(18737): fps=24.4 LOW
10-01 15:02:15.997 W/FrameProbe(18737): nativeOnCameraFrame 79.1 ms (trackedPts=0)
10-01 15:02:16.119 W/FrameProbe(18737): nativeOnCameraFrame 65.4 ms (trackedPts=0)
10-01 15:02:16.258 W/FrameProbe(18737): nativeOnCameraFrame 71.5 ms (trackedPts=0)
10-01 15:02:16.387 W/FrameProbe(18737): nativeOnCameraFrame 66.1 ms (trackedPts=0)
10-01 15:02:16.512 W/FrameProbe(18737): nativeOnCameraFrame 61.2 ms (trackedPts=0)
10-01 15:02:16.672 W/FrameProbe(18737): nativeOnCameraFrame 75.3 ms (trackedPts=0)
10-01 15:02:16.794 W/FrameProbe(18737): nativeOnCameraFrame 71.6 ms (trackedPts=0)
10-01 15:02:16.823 W/FrameProbe(18737): nativeOnCameraFrame 16.2 ms (trackedPts=0)
10-01 15:02:16.926 W/FrameProbe(18737): nativeOnCameraFrame 67.0 ms (trackedPts=0)
10-01 15:02:16.947 D/FpsProbe(18737): fps=23.4 LOW
10-01 15:02:17.065 W/FrameProbe(18737): nativeOnCameraFrame 72.4 ms (trackedPts=0)
10-01 15:02:17.090 W/FrameProbe(18737): nativeOnCameraFrame 17.7 ms (trackedPts=0)
10-01 15:02:17.193 W/FrameProbe(18737): nativeOnCameraFrame 65.3 ms (trackedPts=0)
10-01 15:02:17.336 W/FrameProbe(18737): nativeOnCameraFrame 77.6 ms (trackedPts=0)
10-01 15:02:17.363 W/FrameProbe(18737): nativeOnCameraFrame 17.0 ms (trackedPts=0)
10-01 15:02:17.401 I/ArPoseProbe(18737): fromTs=81.0% latest=19.0% total=13590
10-01 15:02:17.458 W/FrameProbe(18737): nativeOnCameraFrame 68.7 ms (trackedPts=0)
10-01 15:02:17.575 W/FrameProbe(18737): nativeOnCameraFrame 54.9 ms (trackedPts=0)
10-01 15:02:17.721 W/FrameProbe(18737): nativeOnCameraFrame 62.9 ms (trackedPts=0)
10-01 15:02:17.874 W/FrameProbe(18737): nativeOnCameraFrame 78.2 ms (trackedPts=0)
10-01 15:02:17.995 W/FrameProbe(18737): nativeOnCameraFrame 71.0 ms (trackedPts=0)
10-01 15:02:18.010 D/FpsProbe(18737): fps=23.4 LOW
10-01 15:02:18.133 W/FrameProbe(18737): nativeOnCameraFrame 80.5 ms (trackedPts=0)
10-01 15:02:18.264 W/FrameProbe(18737): nativeOnCameraFrame 71.1 ms (trackedPts=0)
10-01 15:02:18.378 W/FrameProbe(18737): nativeOnCameraFrame 58.4 ms (trackedPts=0)
10-01 15:02:18.514 W/FrameProbe(18737): nativeOnCameraFrame 64.2 ms (trackedPts=0)
10-01 15:02:18.636 W/FrameProbe(18737): nativeOnCameraFrame 51.8 ms (trackedPts=0)
10-01 15:02:18.659 W/FrameProbe(18737): nativeOnCameraFrame 16.1 ms (trackedPts=0)
10-01 15:02:18.780 W/FrameProbe(18737): nativeOnCameraFrame 59.9 ms (trackedPts=0)
10-01 15:02:18.923 W/FrameProbe(18737): nativeOnCameraFrame 62.1 ms (trackedPts=0)
10-01 15:02:19.062 W/FrameProbe(18737): nativeOnCameraFrame 76.0 ms (trackedPts=0)
10-01 15:02:19.063 I/ArPoseProbe(18737): fromTs=81.0% latest=19.0% total=13680
10-01 15:02:19.090 W/FrameProbe(18737): nativeOnCameraFrame 18.0 ms (trackedPts=0)
10-01 15:02:19.091 D/FpsProbe(18737): fps=24.4 LOW
10-01 15:02:19.187 W/FrameProbe(18737): nativeOnCameraFrame 65.3 ms (trackedPts=0)
10-01 15:02:19.303 W/FrameProbe(18737): nativeOnCameraFrame 52.6 ms (trackedPts=0)
10-01 15:02:19.443 W/FrameProbe(18737): nativeOnCameraFrame 57.4 ms (trackedPts=0)
10-01 15:02:19.573 W/FrameProbe(18737): nativeOnCameraFrame 56.1 ms (trackedPts=0)
10-01 15:02:19.707 W/FrameProbe(18737): nativeOnCameraFrame 52.9 ms (trackedPts=0)
10-01 15:02:19.835 W/FrameProbe(18737): nativeOnCameraFrame 57.3 ms (trackedPts=0)
10-01 15:02:19.986 W/FrameProbe(18737): nativeOnCameraFrame 60.9 ms (trackedPts=0)
10-01 15:02:20.118 W/FrameProbe(18737): nativeOnCameraFrame 61.0 ms (trackedPts=0)
10-01 15:02:20.133 D/FpsProbe(18737): fps=27.2
10-01 15:02:20.263 W/FrameProbe(18737): nativeOnCameraFrame 67.0 ms (trackedPts=0)
10-01 15:02:20.387 W/FrameProbe(18737): nativeOnCameraFrame 61.5 ms (trackedPts=0)
10-01 15:02:20.518 W/FrameProbe(18737): nativeOnCameraFrame 65.7 ms (trackedPts=0)
10-01 15:02:20.652 W/FrameProbe(18737): nativeOnCameraFrame 59.7 ms (trackedPts=0)
10-01 15:02:20.699 I/ArPoseProbe(18737): fromTs=81.1% latest=18.9% total=13770
10-01 15:02:20.786 W/FrameProbe(18737): nativeOnCameraFrame 60.3 ms (trackedPts=0)
10-01 15:02:20.915 W/FrameProbe(18737): nativeOnCameraFrame 58.1 ms (trackedPts=0)
10-01 15:02:21.045 W/FrameProbe(18737): nativeOnCameraFrame 61.0 ms (trackedPts=0)
10-01 15:02:21.182 W/FrameProbe(18737): nativeOnCameraFrame 59.1 ms (trackedPts=0)
10-01 15:02:21.198 D/FpsProbe(18737): fps=23.2 LOW
10-01 15:02:21.320 W/FrameProbe(18737): nativeOnCameraFrame 61.6 ms (trackedPts=0)
10-01 15:02:21.438 W/FrameProbe(18737): nativeOnCameraFrame 51.4 ms (trackedPts=0)
10-01 15:02:21.582 W/FrameProbe(18737): nativeOnCameraFrame 59.1 ms (trackedPts=0)
10-01 15:02:21.711 W/FrameProbe(18737): nativeOnCameraFrame 57.7 ms (trackedPts=0)
10-01 15:02:21.855 W/FrameProbe(18737): nativeOnCameraFrame 63.7 ms (trackedPts=0)
10-01 15:02:21.969 W/FrameProbe(18737): nativeOnCameraFrame 48.4 ms (trackedPts=0)
10-01 15:02:22.105 W/FrameProbe(18737): nativeOnCameraFrame 51.1 ms (trackedPts=0)
10-01 15:02:22.233 W/FrameProbe(18737): nativeOnCameraFrame 46.9 ms (trackedPts=0)
10-01 15:02:22.233 D/FpsProbe(18737): fps=27.1
10-01 15:02:22.299 I/ArPoseProbe(18737): fromTs=81.2% latest=18.8% total=13860
10-01 15:02:22.384 W/FrameProbe(18737): nativeOnCameraFrame 60.4 ms (trackedPts=0)
10-01 15:02:22.510 W/FrameProbe(18737): nativeOnCameraFrame 49.8 ms (trackedPts=0)
10-01 15:02:22.640 W/FrameProbe(18737): nativeOnCameraFrame 45.9 ms (trackedPts=0)
10-01 15:02:22.765 W/FrameProbe(18737): nativeOnCameraFrame 47.4 ms (trackedPts=0)
10-01 15:02:22.908 W/FrameProbe(18737): nativeOnCameraFrame 53.6 ms (trackedPts=0)
10-01 15:02:23.017 W/FrameProbe(18737): nativeOnCameraFrame 32.4 ms (trackedPts=0)
10-01 15:02:23.184 W/FrameProbe(18737): nativeOnCameraFrame 57.6 ms (trackedPts=0)
10-01 15:02:23.231 D/FpsProbe(18737): fps=26.1
10-01 15:02:23.300 W/FrameProbe(18737): nativeOnCameraFrame 49.9 ms (trackedPts=0)
10-01 15:02:23.454 W/FrameProbe(18737): nativeOnCameraFrame 67.4 ms (trackedPts=0)
10-01 15:02:23.571 W/FrameProbe(18737): nativeOnCameraFrame 57.3 ms (trackedPts=0)
10-01 15:02:23.708 W/FrameProbe(18737): nativeOnCameraFrame 49.8 ms (trackedPts=0)
10-01 15:02:23.833 W/FrameProbe(18737): nativeOnCameraFrame 48.8 ms (trackedPts=0)
10-01 15:02:23.876 I/ArPoseProbe(18737): fromTs=81.2% latest=18.8% total=13950
10-01 15:02:23.973 W/FrameProbe(18737): nativeOnCameraFrame 61.4 ms (trackedPts=0)
10-01 15:02:24.122 W/FrameProbe(18737): nativeOnCameraFrame 62.5 ms (trackedPts=0)
10-01 15:02:24.252 W/FrameProbe(18737): nativeOnCameraFrame 59.9 ms (trackedPts=0)
10-01 15:02:24.267 D/FpsProbe(18737): fps=26.1
10-01 15:02:24.387 W/FrameProbe(18737): nativeOnCameraFrame 66.6 ms (trackedPts=0)
10-01 15:02:24.515 W/FrameProbe(18737): nativeOnCameraFrame 66.3 ms (trackedPts=0)
10-01 15:02:24.649 W/FrameProbe(18737): nativeOnCameraFrame 62.2 ms (trackedPts=0)
10-01 15:02:24.789 W/FrameProbe(18737): nativeOnCameraFrame 62.7 ms (trackedPts=0)
10-01 15:02:24.914 W/FrameProbe(18737): nativeOnCameraFrame 62.0 ms (trackedPts=0)
10-01 15:02:25.028 W/FrameProbe(18737): nativeOnCameraFrame 43.3 ms (trackedPts=0)
10-01 15:02:25.177 W/FrameProbe(18737): nativeOnCameraFrame 51.8 ms (trackedPts=0)
10-01 15:02:25.310 W/FrameProbe(18737): nativeOnCameraFrame 54.2 ms (trackedPts=0)
10-01 15:02:25.327 D/FpsProbe(18737): fps=26.1
10-01 15:02:25.425 W/FrameProbe(18737): nativeOnCameraFrame 34.6 ms (trackedPts=0)
10-01 15:02:25.505 I/ArPoseProbe(18737): fromTs=81.4% latest=18.6% total=14040
10-01 15:02:25.568 W/FrameProbe(18737): nativeOnCameraFrame 47.0 ms (trackedPts=0)
10-01 15:02:25.712 W/FrameProbe(18737): nativeOnCameraFrame 53.8 ms (trackedPts=0)
10-01 15:02:25.840 W/FrameProbe(18737): nativeOnCameraFrame 45.4 ms (trackedPts=0)
10-01 15:02:25.978 W/FrameProbe(18737): nativeOnCameraFrame 60.4 ms (trackedPts=0)
10-01 15:02:26.124 W/FrameProbe(18737): nativeOnCameraFrame 66.5 ms (trackedPts=0)
10-01 15:02:26.251 W/FrameProbe(18737): nativeOnCameraFrame 71.6 ms (trackedPts=0)
10-01 15:02:26.379 W/FrameProbe(18737): nativeOnCameraFrame 62.4 ms (trackedPts=0)
10-01 15:02:26.380 D/FpsProbe(18737): fps=27.1
10-01 15:02:26.520 W/FrameProbe(18737): nativeOnCameraFrame 61.4 ms (trackedPts=0)
10-01 15:02:26.638 W/FrameProbe(18737): nativeOnCameraFrame 55.3 ms (trackedPts=0)
10-01 15:02:26.778 W/FrameProbe(18737): nativeOnCameraFrame 59.0 ms (trackedPts=0)
10-01 15:02:26.903 W/FrameProbe(18737): nativeOnCameraFrame 51.9 ms (trackedPts=0)
10-01 15:02:27.044 W/FrameProbe(18737): nativeOnCameraFrame 52.7 ms (trackedPts=0)
10-01 15:02:27.097 I/ArPoseProbe(18737): fromTs=81.5% latest=18.5% total=14130
10-01 15:02:27.173 W/FrameProbe(18737): nativeOnCameraFrame 55.5 ms (trackedPts=0)
10-01 15:02:27.302 W/FrameProbe(18737): nativeOnCameraFrame 52.6 ms (trackedPts=0)
10-01 15:02:27.366 D/FpsProbe(18737): fps=27.1
10-01 15:02:27.434 W/FrameProbe(18737): nativeOnCameraFrame 51.5 ms (trackedPts=0)
10-01 15:02:27.591 W/FrameProbe(18737): nativeOnCameraFrame 66.8 ms (trackedPts=0)
10-01 15:02:27.722 W/FrameProbe(18737): nativeOnCameraFrame 57.2 ms (trackedPts=0)
10-01 15:02:27.848 W/FrameProbe(18737): nativeOnCameraFrame 51.4 ms (trackedPts=0)
10-01 15:02:27.960 W/FrameProbe(18737): nativeOnCameraFrame 42.9 ms (trackedPts=0)
10-01 15:02:28.112 W/FrameProbe(18737): nativeOnCameraFrame 57.3 ms (trackedPts=0)
10-01 15:02:28.257 W/FrameProbe(18737): nativeOnCameraFrame 67.6 ms (trackedPts=0)
10-01 15:02:28.401 W/FrameProbe(18737): nativeOnCameraFrame 78.8 ms (trackedPts=0)
10-01 15:02:28.422 D/FpsProbe(18737): fps=24.2 LOW
10-01 15:02:28.492 W/FrameProbe(18737): nativeOnCameraFrame 40.2 ms (trackedPts=0)
10-01 15:02:28.637 W/FrameProbe(18737): nativeOnCameraFrame 53.6 ms (trackedPts=0)
10-01 15:02:28.757 I/ArPoseProbe(18737): fromTs=81.5% latest=18.5% total=14220
10-01 15:02:28.780 W/FrameProbe(18737): nativeOnCameraFrame 63.7 ms (trackedPts=0)
10-01 15:02:28.911 W/FrameProbe(18737): nativeOnCameraFrame 54.9 ms (trackedPts=0)
10-01 15:02:29.061 W/FrameProbe(18737): nativeOnCameraFrame 67.5 ms (trackedPts=0)
10-01 15:02:29.181 W/FrameProbe(18737): nativeOnCameraFrame 64.8 ms (trackedPts=0)
10-01 15:02:29.321 W/FrameProbe(18737): nativeOnCameraFrame 62.8 ms (trackedPts=0)
10-01 15:02:29.456 W/FrameProbe(18737): nativeOnCameraFrame 64.8 ms (trackedPts=0)
10-01 15:02:29.472 D/FpsProbe(18737): fps=24.4 LOW
10-01 15:02:29.589 W/FrameProbe(18737): nativeOnCameraFrame 65.9 ms (trackedPts=0)
10-01 15:02:29.732 W/FrameProbe(18737): nativeOnCameraFrame 69.4 ms (trackedPts=0)
10-01 15:02:29.850 W/FrameProbe(18737): nativeOnCameraFrame 67.1 ms (trackedPts=0)
10-01 15:02:29.986 W/FrameProbe(18737): nativeOnCameraFrame 67.6 ms (trackedPts=0)
10-01 15:02:30.116 W/FrameProbe(18737): nativeOnCameraFrame 66.5 ms (trackedPts=0)
10-01 15:02:30.266 W/FrameProbe(18737): nativeOnCameraFrame 72.7 ms (trackedPts=0)
10-01 15:02:30.395 W/FrameProbe(18737): nativeOnCameraFrame 71.6 ms (trackedPts=0)
10-01 15:02:30.500 I/ArPoseProbe(18737): fromTs=81.6% latest=18.4% total=14310
10-01 15:02:30.526 W/FrameProbe(18737): nativeOnCameraFrame 68.0 ms (trackedPts=0)
10-01 15:02:30.542 D/FpsProbe(18737): fps=22.5 LOW
10-01 15:02:30.660 W/FrameProbe(18737): nativeOnCameraFrame 70.4 ms (trackedPts=0)
10-01 15:02:30.793 W/FrameProbe(18737): nativeOnCameraFrame 73.9 ms (trackedPts=0)
10-01 15:02:30.920 W/FrameProbe(18737): nativeOnCameraFrame 62.9 ms (trackedPts=0)
10-01 15:02:31.053 W/FrameProbe(18737): nativeOnCameraFrame 70.6 ms (trackedPts=0)
10-01 15:02:31.182 W/FrameProbe(18737): nativeOnCameraFrame 66.5 ms (trackedPts=0)
10-01 15:02:31.317 W/FrameProbe(18737): nativeOnCameraFrame 66.6 ms (trackedPts=0)
10-01 15:02:31.459 W/FrameProbe(18737): nativeOnCameraFrame 76.6 ms (trackedPts=0)
10-01 15:02:31.603 W/FrameProbe(18737): nativeOnCameraFrame 77.9 ms (trackedPts=0)
10-01 15:02:31.622 D/FpsProbe(18737): fps=22.5 LOW
10-01 15:02:31.723 W/FrameProbe(18737): nativeOnCameraFrame 66.5 ms (trackedPts=0)
10-01 15:02:31.855 W/FrameProbe(18737): nativeOnCameraFrame 71.3 ms (trackedPts=0)
10-01 15:02:31.984 W/FrameProbe(18737): nativeOnCameraFrame 67.4 ms (trackedPts=0)
10-01 15:02:32.127 W/FrameProbe(18737): nativeOnCameraFrame 69.5 ms (trackedPts=0)
10-01 15:02:32.262 W/FrameProbe(18737): nativeOnCameraFrame 69.8 ms (trackedPts=0)
10-01 15:02:32.388 W/FrameProbe(18737): nativeOnCameraFrame 65.4 ms (trackedPts=0)
10-01 15:02:32.518 W/FrameProbe(18737): nativeOnCameraFrame 73.9 ms (trackedPts=0)
10-01 15:02:32.658 W/FrameProbe(18737): nativeOnCameraFrame 74.1 ms (trackedPts=0)
10-01 15:02:32.674 D/FpsProbe(18737): fps=22.5 LOW
10-01 15:02:32.786 W/FrameProbe(18737): nativeOnCameraFrame 70.1 ms (trackedPts=0)
10-01 15:02:32.931 W/FrameProbe(18737): nativeOnCameraFrame 74.7 ms (trackedPts=0)
10-01 15:02:33.064 W/FrameProbe(18737): nativeOnCameraFrame 73.5 ms (trackedPts=0)
10-01 15:02:33.180 W/FrameProbe(18737): nativeOnCameraFrame 69.7 ms (trackedPts=0)
10-01 15:02:33.331 W/FrameProbe(18737): nativeOnCameraFrame 78.0 ms (trackedPts=0)
10-01 15:02:33.451 W/FrameProbe(18737): nativeOnCameraFrame 66.3 ms (trackedPts=0)
10-01 15:02:33.595 W/FrameProbe(18737): nativeOnCameraFrame 70.5 ms (trackedPts=0)
10-01 15:02:33.719 W/FrameProbe(18737): nativeOnCameraFrame 62.3 ms (trackedPts=0)
10-01 15:02:33.746 W/FrameProbe(18737): nativeOnCameraFrame 17.6 ms (trackedPts=0)
10-01 15:02:33.747 D/FpsProbe(18737): fps=22.5 LOW
10-01 15:02:33.851 W/FrameProbe(18737): nativeOnCameraFrame 68.3 ms (trackedPts=0)
10-01 15:02:33.983 W/FrameProbe(18737): nativeOnCameraFrame 57.6 ms (trackedPts=0)
10-01 15:02:34.107 W/FrameProbe(18737): nativeOnCameraFrame 57.3 ms (trackedPts=0)
10-01 15:02:34.244 W/FrameProbe(18737): nativeOnCameraFrame 66.5 ms (trackedPts=0)
10-01 15:02:34.413 W/FrameProbe(18737): nativeOnCameraFrame 88.0 ms (trackedPts=0)
10-01 15:02:34.523 W/FrameProbe(18737): nativeOnCameraFrame 65.6 ms (trackedPts=0)
10-01 15:02:34.649 W/FrameProbe(18737): nativeOnCameraFrame 63.1 ms (trackedPts=0)
10-01 15:02:34.793 W/FrameProbe(18737): nativeOnCameraFrame 68.2 ms (trackedPts=0)
10-01 15:02:34.810 D/FpsProbe(18737): fps=22.5 LOW
10-01 15:02:34.911 W/FrameProbe(18737): nativeOnCameraFrame 59.7 ms (trackedPts=0)
10-01 15:02:35.060 W/FrameProbe(18737): nativeOnCameraFrame 82.6 ms (trackedPts=0)
10-01 15:02:35.194 W/FrameProbe(18737): nativeOnCameraFrame 68.9 ms (trackedPts=0)
10-01 15:02:35.245 W/FrameProbe(18737): nativeOnCameraFrame 19.0 ms (trackedPts=0)
10-01 15:02:35.311 W/FrameProbe(18737): nativeOnCameraFrame 58.7 ms (trackedPts=0)
10-01 15:02:35.443 W/FrameProbe(18737): nativeOnCameraFrame 54.7 ms (trackedPts=0)
10-01 15:02:35.581 W/FrameProbe(18737): nativeOnCameraFrame 60.2 ms (trackedPts=0)
10-01 15:02:35.716 W/FrameProbe(18737): nativeOnCameraFrame 61.0 ms (trackedPts=0)
10-01 15:02:35.855 W/FrameProbe(18737): nativeOnCameraFrame 71.4 ms (trackedPts=0)
10-01 15:02:35.872 D/FpsProbe(18737): fps=23.4 LOW
10-01 15:02:35.983 W/FrameProbe(18737): nativeOnCameraFrame 59.4 ms (trackedPts=0)
10-01 15:02:36.120 W/FrameProbe(18737): nativeOnCameraFrame 64.6 ms (trackedPts=0)
10-01 15:02:36.264 W/FrameProbe(18737): nativeOnCameraFrame 74.3 ms (trackedPts=0)
10-01 15:02:36.387 W/FrameProbe(18737): nativeOnCameraFrame 67.3 ms (trackedPts=0)
10-01 15:02:36.512 W/FrameProbe(18737): nativeOnCameraFrame 55.5 ms (trackedPts=0)
10-01 15:02:36.652 W/FrameProbe(18737): nativeOnCameraFrame 68.4 ms (trackedPts=0)
10-01 15:02:36.793 W/FrameProbe(18737): nativeOnCameraFrame 68.8 ms (trackedPts=0)
10-01 15:02:36.930 W/FrameProbe(18737): nativeOnCameraFrame 73.0 ms (trackedPts=0)
10-01 15:02:36.954 W/FrameProbe(18737): nativeOnCameraFrame 17.6 ms (trackedPts=0)
10-01 15:02:36.954 D/FpsProbe(18737): fps=22.5 LOW
10-01 15:02:37.039 W/FrameProbe(18737): nativeOnCameraFrame 51.3 ms (trackedPts=0)
10-01 15:02:37.189 W/FrameProbe(18737): nativeOnCameraFrame 66.2 ms (trackedPts=0)
10-01 15:02:37.319 W/FrameProbe(18737): nativeOnCameraFrame 60.3 ms (trackedPts=0)
10-01 15:02:37.433 W/FrameProbe(18737): nativeOnCameraFrame 48.2 ms (trackedPts=0)
10-01 15:02:37.566 W/FrameProbe(18737): nativeOnCameraFrame 50.2 ms (trackedPts=0)
10-01 15:02:37.725 W/FrameProbe(18737): nativeOnCameraFrame 67.4 ms (trackedPts=0)
10-01 15:02:37.855 W/FrameProbe(18737): nativeOnCameraFrame 63.3 ms (trackedPts=0)
10-01 15:02:37.976 W/FrameProbe(18737): nativeOnCameraFrame 61.2 ms (trackedPts=0)
10-01 15:02:37.993 D/FpsProbe(18737): fps=25.3
10-01 15:02:38.099 W/FrameProbe(18737): nativeOnCameraFrame 48.9 ms (trackedPts=0)
10-01 15:02:38.247 W/FrameProbe(18737): nativeOnCameraFrame 55.0 ms (trackedPts=0)
10-01 15:02:38.376 W/FrameProbe(18737): nativeOnCameraFrame 54.1 ms (trackedPts=0)
10-01 15:02:38.515 W/FrameProbe(18737): nativeOnCameraFrame 58.3 ms (trackedPts=0)
10-01 15:02:38.631 W/FrameProbe(18737): nativeOnCameraFrame 41.5 ms (trackedPts=0)
10-01 15:02:38.784 W/FrameProbe(18737): nativeOnCameraFrame 60.4 ms (trackedPts=0)
10-01 15:02:38.911 W/FrameProbe(18737): nativeOnCameraFrame 60.3 ms (trackedPts=0)
10-01 15:02:39.052 W/FrameProbe(18737): nativeOnCameraFrame 62.3 ms (trackedPts=0)
10-01 15:02:39.066 D/FpsProbe(18737): fps=25.3
10-01 15:02:39.186 W/FrameProbe(18737): nativeOnCameraFrame 63.1 ms (trackedPts=0)
10-01 15:02:39.323 W/FrameProbe(18737): nativeOnCameraFrame 66.3 ms (trackedPts=0)
10-01 15:02:39.444 W/FrameProbe(18737): nativeOnCameraFrame 55.5 ms (trackedPts=0)
10-01 15:02:39.580 W/FrameProbe(18737): nativeOnCameraFrame 66.1 ms (trackedPts=0)
10-01 15:02:39.710 W/FrameProbe(18737): nativeOnCameraFrame 60.2 ms (trackedPts=0)
10-01 15:02:39.859 W/FrameProbe(18737): nativeOnCameraFrame 70.0 ms (trackedPts=0)
10-01 15:02:39.990 W/FrameProbe(18737): nativeOnCameraFrame 72.4 ms (trackedPts=0)
10-01 15:02:40.115 W/FrameProbe(18737): nativeOnCameraFrame 58.8 ms (trackedPts=0)
10-01 15:02:40.130 D/FpsProbe(18737): fps=23.4 LOW
10-01 15:02:40.260 W/FrameProbe(18737): nativeOnCameraFrame 71.1 ms (trackedPts=0)
10-01 15:02:40.376 W/FrameProbe(18737): nativeOnCameraFrame 54.8 ms (trackedPts=0)
10-01 15:02:40.506 W/FrameProbe(18737): nativeOnCameraFrame 54.8 ms (trackedPts=0)
10-01 15:02:40.635 W/FrameProbe(18737): nativeOnCameraFrame 53.6 ms (trackedPts=0)
10-01 15:02:40.774 W/FrameProbe(18737): nativeOnCameraFrame 59.5 ms (trackedPts=0)
10-01 15:02:40.913 W/FrameProbe(18737): nativeOnCameraFrame 62.7 ms (trackedPts=0)
10-01 15:02:41.043 W/FrameProbe(18737): nativeOnCameraFrame 59.9 ms (trackedPts=0)
10-01 15:02:41.179 W/FrameProbe(18737): nativeOnCameraFrame 54.3 ms (trackedPts=0)
10-01 15:02:41.197 D/FpsProbe(18737): fps=24.4 LOW
10-01 15:02:41.324 W/FrameProbe(18737): nativeOnCameraFrame 72.5 ms (trackedPts=0)
10-01 15:02:41.442 W/FrameProbe(18737): nativeOnCameraFrame 63.2 ms (trackedPts=0)
10-01 15:02:41.575 W/FrameProbe(18737): nativeOnCameraFrame 52.5 ms (trackedPts=0)
10-01 15:02:41.711 W/FrameProbe(18737): nativeOnCameraFrame 57.7 ms (trackedPts=0)
10-01 15:02:41.849 W/FrameProbe(18737): nativeOnCameraFrame 66.5 ms (trackedPts=0)
10-01 15:02:41.978 W/FrameProbe(18737): nativeOnCameraFrame 62.8 ms (trackedPts=0)
10-01 15:02:42.126 W/FrameProbe(18737): nativeOnCameraFrame 75.7 ms (trackedPts=0)
10-01 15:02:42.151 W/FrameProbe(18737): nativeOnCameraFrame 18.9 ms (trackedPts=0)
10-01 15:02:42.255 W/FrameProbe(18737): nativeOnCameraFrame 69.3 ms (trackedPts=0)
10-01 15:02:42.272 D/FpsProbe(18737): fps=24.4 LOW
10-01 15:02:42.378 W/FrameProbe(18737): nativeOnCameraFrame 62.7 ms (trackedPts=0)
10-01 15:02:42.529 W/FrameProbe(18737): nativeOnCameraFrame 68.4 ms (trackedPts=0)
10-01 15:02:42.554 W/FrameProbe(18737): nativeOnCameraFrame 16.3 ms (trackedPts=0)
10-01 15:02:42.653 W/FrameProbe(18737): nativeOnCameraFrame 64.6 ms (trackedPts=0)
10-01 15:02:42.781 W/FrameProbe(18737): nativeOnCameraFrame 54.9 ms (trackedPts=0)
10-01 15:02:42.914 W/FrameProbe(18737): nativeOnCameraFrame 64.8 ms (trackedPts=0)
10-01 15:02:43.039 W/FrameProbe(18737): nativeOnCameraFrame 59.6 ms (trackedPts=0)
10-01 15:02:43.167 W/FrameProbe(18737): nativeOnCameraFrame 51.9 ms (trackedPts=0)
10-01 15:02:43.310 W/FrameProbe(18737): nativeOnCameraFrame 58.0 ms (trackedPts=0)
10-01 15:02:43.326 D/FpsProbe(18737): fps=25.3
10-01 15:02:43.441 W/FrameProbe(18737): nativeOnCameraFrame 48.8 ms (trackedPts=0)
10-01 15:02:43.554 W/FrameProbe(18737): nativeOnCameraFrame 38.9 ms (trackedPts=0)
10-01 15:02:43.697 W/FrameProbe(18737): nativeOnCameraFrame 41.4 ms (trackedPts=0)
10-01 15:02:43.816 W/FrameProbe(18737): nativeOnCameraFrame 32.4 ms (trackedPts=0)
10-01 15:02:43.951 W/FrameProbe(18737): nativeOnCameraFrame 36.2 ms (trackedPts=0)
10-01 15:02:44.096 W/FrameProbe(18737): nativeOnCameraFrame 38.2 ms (trackedPts=0)
10-01 15:02:44.229 W/FrameProbe(18737): nativeOnCameraFrame 38.2 ms (trackedPts=0)
10-01 15:02:44.354 W/FrameProbe(18737): nativeOnCameraFrame 32.8 ms (trackedPts=0)
10-01 15:02:44.369 D/FpsProbe(18737): fps=30.0
10-01 15:02:44.490 W/FrameProbe(18737): nativeOnCameraFrame 40.0 ms (trackedPts=0)
10-01 15:02:44.625 W/FrameProbe(18737): nativeOnCameraFrame 40.2 ms (trackedPts=0)
10-01 15:02:44.754 W/FrameProbe(18737): nativeOnCameraFrame 38.4 ms (trackedPts=0)
10-01 15:02:44.901 W/FrameProbe(18737): nativeOnCameraFrame 44.6 ms (trackedPts=0)
10-01 15:02:45.027 W/FrameProbe(18737): nativeOnCameraFrame 39.3 ms (trackedPts=0)
10-01 15:02:45.164 W/FrameProbe(18737): nativeOnCameraFrame 42.2 ms (trackedPts=0)
10-01 15:02:45.291 W/FrameProbe(18737): nativeOnCameraFrame 43.0 ms (trackedPts=0)
10-01 15:02:45.428 W/FrameProbe(18737): nativeOnCameraFrame 43.6 ms (trackedPts=0)
10-01 15:02:45.429 D/FpsProbe(18737): fps=30.0
10-01 15:02:45.562 W/FrameProbe(18737): nativeOnCameraFrame 48.2 ms (trackedPts=0)
10-01 15:02:45.689 W/FrameProbe(18737): nativeOnCameraFrame 40.6 ms (trackedPts=0)
10-01 15:02:45.824 W/FrameProbe(18737): nativeOnCameraFrame 40.5 ms (trackedPts=0)
10-01 15:02:45.969 W/FrameProbe(18737): nativeOnCameraFrame 46.6 ms (trackedPts=0)
10-01 15:02:46.091 W/FrameProbe(18737): nativeOnCameraFrame 42.8 ms (trackedPts=0)
10-01 15:02:46.224 W/FrameProbe(18737): nativeOnCameraFrame 41.3 ms (trackedPts=0)
10-01 15:02:46.362 W/FrameProbe(18737): nativeOnCameraFrame 45.0 ms (trackedPts=0)
10-01 15:02:46.426 D/FpsProbe(18737): fps=30.0
10-01 15:02:46.481 W/FrameProbe(18737): nativeOnCameraFrame 33.5 ms (trackedPts=0)
10-01 15:02:46.628 W/FrameProbe(18737): nativeOnCameraFrame 39.0 ms (trackedPts=0)
10-01 15:02:46.758 W/FrameProbe(18737): nativeOnCameraFrame 41.9 ms (trackedPts=0)
10-01 15:02:46.893 W/FrameProbe(18737): nativeOnCameraFrame 45.6 ms (trackedPts=0)
10-01 15:02:47.033 W/FrameProbe(18737): nativeOnCameraFrame 52.4 ms (trackedPts=0)
10-01 15:02:47.151 W/FrameProbe(18737): nativeOnCameraFrame 43.5 ms (trackedPts=0)
10-01 15:02:47.297 W/FrameProbe(18737): nativeOnCameraFrame 46.8 ms (trackedPts=0)
10-01 15:02:47.321 W/FrameProbe(18737): nativeOnCameraFrame 16.9 ms (trackedPts=0)
10-01 15:02:47.436 W/FrameProbe(18737): nativeOnCameraFrame 51.3 ms (trackedPts=0)
10-01 15:02:47.467 D/FpsProbe(18737): fps=30.0
10-01 15:02:47.546 W/FrameProbe(18737): nativeOnCameraFrame 38.0 ms (trackedPts=0)
10-01 15:02:47.702 W/FrameProbe(18737): nativeOnCameraFrame 53.9 ms (trackedPts=0)
10-01 15:02:47.831 W/FrameProbe(18737): nativeOnCameraFrame 42.4 ms (trackedPts=0)
10-01 15:02:47.966 W/FrameProbe(18737): nativeOnCameraFrame 50.5 ms (trackedPts=0)
10-01 15:02:48.106 W/FrameProbe(18737): nativeOnCameraFrame 54.6 ms (trackedPts=0)
10-01 15:02:48.257 W/FrameProbe(18737): nativeOnCameraFrame 69.5 ms (trackedPts=0)
10-01 15:02:48.370 W/FrameProbe(18737): nativeOnCameraFrame 61.2 ms (trackedPts=0)
10-01 15:02:48.504 W/FrameProbe(18737): nativeOnCameraFrame 53.4 ms (trackedPts=0)
10-01 15:02:48.519 D/FpsProbe(18737): fps=28.1
10-01 15:02:48.653 W/FrameProbe(18737): nativeOnCameraFrame 70.3 ms (trackedPts=0)
10-01 15:02:48.771 W/FrameProbe(18737): nativeOnCameraFrame 62.8 ms (trackedPts=0)
10-01 15:02:48.895 W/FrameProbe(18737): nativeOnCameraFrame 46.7 ms (trackedPts=0)
10-01 15:02:48.919 W/FrameProbe(18737): nativeOnCameraFrame 17.3 ms (trackedPts=0)
10-01 15:02:49.038 W/FrameProbe(18737): nativeOnCameraFrame 57.1 ms (trackedPts=0)
10-01 15:02:49.180 W/FrameProbe(18737): nativeOnCameraFrame 64.6 ms (trackedPts=0)
10-01 15:02:49.308 W/FrameProbe(18737): nativeOnCameraFrame 54.1 ms (trackedPts=0)
10-01 15:02:49.458 W/FrameProbe(18737): nativeOnCameraFrame 66.3 ms (trackedPts=0)
10-01 15:02:49.567 W/FrameProbe(18737): nativeOnCameraFrame 53.6 ms (trackedPts=0)
10-01 15:02:49.567 D/FpsProbe(18737): fps=26.1
10-01 15:02:49.682 W/FrameProbe(18737): nativeOnCameraFrame 35.4 ms (trackedPts=0)
10-01 15:02:49.832 W/FrameProbe(18737): nativeOnCameraFrame 42.2 ms (trackedPts=0)
10-01 15:02:49.952 W/FrameProbe(18737): nativeOnCameraFrame 39.1 ms (trackedPts=0)
10-01 15:02:50.090 W/FrameProbe(18737): nativeOnCameraFrame 41.2 ms (trackedPts=0)
10-01 15:02:50.231 W/FrameProbe(18737): nativeOnCameraFrame 42.2 ms (trackedPts=0)
10-01 15:02:50.355 W/FrameProbe(18737): nativeOnCameraFrame 45.7 ms (trackedPts=0)
10-01 15:02:50.498 W/FrameProbe(18737): nativeOnCameraFrame 42.7 ms (trackedPts=0)
10-01 15:02:50.553 D/FpsProbe(18737): fps=30.0
10-01 15:02:50.633 W/FrameProbe(18737): nativeOnCameraFrame 42.9 ms (trackedPts=0)
10-01 15:02:50.775 W/FrameProbe(18737): nativeOnCameraFrame 51.2 ms (trackedPts=0)
10-01 15:02:50.901 W/FrameProbe(18737): nativeOnCameraFrame 59.2 ms (trackedPts=0)
10-01 15:02:51.035 W/FrameProbe(18737): nativeOnCameraFrame 52.3 ms (trackedPts=0)
10-01 15:02:51.158 W/FrameProbe(18737): nativeOnCameraFrame 37.2 ms (trackedPts=0)
10-01 15:02:51.183 W/FrameProbe(18737): nativeOnCameraFrame 17.9 ms (trackedPts=0)
10-01 15:02:51.287 W/FrameProbe(18737): nativeOnCameraFrame 41.0 ms (trackedPts=0)
10-01 15:02:51.438 W/FrameProbe(18737): nativeOnCameraFrame 48.3 ms (trackedPts=0)
10-01 15:02:51.478 W/FrameProbe(18737): nativeOnCameraFrame 16.8 ms (trackedPts=0)
10-01 15:02:51.562 W/FrameProbe(18737): nativeOnCameraFrame 48.1 ms (trackedPts=0)
10-01 15:02:51.593 D/FpsProbe(18737): fps=29.0
10-01 15:02:51.697 W/FrameProbe(18737): nativeOnCameraFrame 50.4 ms (trackedPts=0)
10-01 15:02:51.720 W/FrameProbe(18737): nativeOnCameraFrame 17.0 ms (trackedPts=0)
10-01 15:02:51.829 W/FrameProbe(18737): nativeOnCameraFrame 40.5 ms (trackedPts=0)
10-01 15:02:51.961 W/FrameProbe(18737): nativeOnCameraFrame 45.8 ms (trackedPts=0)
10-01 15:02:52.094 W/FrameProbe(18737): nativeOnCameraFrame 41.0 ms (trackedPts=0)
10-01 15:02:52.221 W/FrameProbe(18737): nativeOnCameraFrame 39.1 ms (trackedPts=0)
10-01 15:02:52.371 W/FrameProbe(18737): nativeOnCameraFrame 46.5 ms (trackedPts=0)
10-01 15:02:52.492 W/FrameProbe(18737): nativeOnCameraFrame 36.5 ms (trackedPts=0)
10-01 15:02:52.517 W/FrameProbe(18737): nativeOnCameraFrame 18.6 ms (trackedPts=0)
10-01 15:02:52.618 W/FrameProbe(18737): nativeOnCameraFrame 37.1 ms (trackedPts=0)
10-01 15:02:52.630 D/FpsProbe(18737): fps=30.0
10-01 15:02:52.756 W/FrameProbe(18737): nativeOnCameraFrame 33.5 ms (trackedPts=0)
10-01 15:02:52.890 W/FrameProbe(18737): nativeOnCameraFrame 35.5 ms (trackedPts=0)
10-01 15:02:53.025 W/FrameProbe(18737): nativeOnCameraFrame 36.1 ms (trackedPts=0)
10-01 15:02:53.164 W/FrameProbe(18737): nativeOnCameraFrame 42.8 ms (trackedPts=0)
10-01 15:02:53.294 W/FrameProbe(18737): nativeOnCameraFrame 37.7 ms (trackedPts=0)
10-01 15:02:53.416 W/FrameProbe(18737): nativeOnCameraFrame 35.7 ms (trackedPts=0)
10-01 15:02:53.554 W/FrameProbe(18737): nativeOnCameraFrame 34.0 ms (trackedPts=0)
10-01 15:02:53.695 W/FrameProbe(18737): nativeOnCameraFrame 41.1 ms (trackedPts=0)
10-01 15:02:53.696 D/FpsProbe(18737): fps=30.0
10-01 15:02:53.817 W/FrameProbe(18737): nativeOnCameraFrame 37.0 ms (trackedPts=0)
10-01 15:02:53.958 W/FrameProbe(18737): nativeOnCameraFrame 40.6 ms (trackedPts=0)
10-01 15:02:54.088 W/FrameProbe(18737): nativeOnCameraFrame 41.3 ms (trackedPts=0)
10-01 15:02:54.219 W/FrameProbe(18737): nativeOnCameraFrame 36.9 ms (trackedPts=0)
10-01 15:02:54.350 W/FrameProbe(18737): nativeOnCameraFrame 34.2 ms (trackedPts=0)
10-01 15:02:54.492 W/FrameProbe(18737): nativeOnCameraFrame 37.3 ms (trackedPts=0)
10-01 15:02:54.624 W/FrameProbe(18737): nativeOnCameraFrame 36.0 ms (trackedPts=0)
10-01 15:02:54.688 D/FpsProbe(18737): fps=30.0
10-01 15:02:54.762 W/FrameProbe(18737): nativeOnCameraFrame 41.5 ms (trackedPts=0)
10-01 15:02:54.890 W/FrameProbe(18737): nativeOnCameraFrame 42.1 ms (trackedPts=0)
10-01 15:02:55.026 W/FrameProbe(18737): nativeOnCameraFrame 43.1 ms (trackedPts=0)
10-01 15:02:55.052 W/FrameProbe(18737): nativeOnCameraFrame 19.5 ms (trackedPts=0)
10-01 15:02:55.151 W/FrameProbe(18737): nativeOnCameraFrame 36.3 ms (trackedPts=0)
10-01 15:02:55.287 W/FrameProbe(18737): nativeOnCameraFrame 40.8 ms (trackedPts=0)
10-01 15:02:55.417 W/FrameProbe(18737): nativeOnCameraFrame 36.8 ms (trackedPts=0)
10-01 15:02:55.557 W/FrameProbe(18737): nativeOnCameraFrame 41.9 ms (trackedPts=0)
10-01 15:02:55.696 W/FrameProbe(18737): nativeOnCameraFrame 40.9 ms (trackedPts=0)
10-01 15:02:55.727 D/FpsProbe(18737): fps=30.0
10-01 15:02:55.825 W/FrameProbe(18737): nativeOnCameraFrame 43.9 ms (trackedPts=0)
10-01 15:02:55.960 W/FrameProbe(18737): nativeOnCameraFrame 43.0 ms (trackedPts=0)
10-01 15:02:56.090 W/FrameProbe(18737): nativeOnCameraFrame 43.6 ms (trackedPts=0)
10-01 15:02:56.217 W/FrameProbe(18737): nativeOnCameraFrame 37.6 ms (trackedPts=0)
10-01 15:02:56.353 W/FrameProbe(18737): nativeOnCameraFrame 36.2 ms (trackedPts=0)
10-01 15:02:56.490 W/FrameProbe(18737): nativeOnCameraFrame 34.4 ms (trackedPts=0)
10-01 15:02:56.616 W/FrameProbe(18737): nativeOnCameraFrame 33.9 ms (trackedPts=0)
10-01 15:02:56.749 W/FrameProbe(18737): nativeOnCameraFrame 37.1 ms (trackedPts=0)
10-01 15:02:56.766 D/FpsProbe(18737): fps=30.0
10-01 15:02:56.894 W/FrameProbe(18737): nativeOnCameraFrame 40.0 ms (trackedPts=0)
10-01 15:02:57.022 W/FrameProbe(18737): nativeOnCameraFrame 39.4 ms (trackedPts=0)
10-01 15:02:57.158 W/FrameProbe(18737): nativeOnCameraFrame 34.4 ms (trackedPts=0)
10-01 15:02:57.292 W/FrameProbe(18737): nativeOnCameraFrame 39.3 ms (trackedPts=0)
10-01 15:02:57.432 W/FrameProbe(18737): nativeOnCameraFrame 42.2 ms (trackedPts=0)
10-01 15:02:57.558 W/FrameProbe(18737): nativeOnCameraFrame 44.7 ms (trackedPts=0)
10-01 15:02:57.683 W/FrameProbe(18737): nativeOnCameraFrame 34.5 ms (trackedPts=0)
10-01 15:02:57.823 W/FrameProbe(18737): nativeOnCameraFrame 34.2 ms (trackedPts=0)
10-01 15:02:57.823 D/FpsProbe(18737): fps=30.0
10-01 15:02:57.950 W/FrameProbe(18737): nativeOnCameraFrame 36.4 ms (trackedPts=0)
10-01 15:02:58.100 W/FrameProbe(18737): nativeOnCameraFrame 45.6 ms (trackedPts=0)
10-01 15:02:58.229 W/FrameProbe(18737): nativeOnCameraFrame 42.3 ms (trackedPts=0)
10-01 15:02:58.356 W/FrameProbe(18737): nativeOnCameraFrame 36.0 ms (trackedPts=0)
10-01 15:02:58.480 W/FrameProbe(18737): nativeOnCameraFrame 36.1 ms (trackedPts=0)
10-01 15:02:58.627 W/FrameProbe(18737): nativeOnCameraFrame 39.5 ms (trackedPts=0)
10-01 15:02:58.759 W/FrameProbe(18737): nativeOnCameraFrame 40.3 ms (trackedPts=0)
10-01 15:02:58.819 D/FpsProbe(18737): fps=30.0
10-01 15:02:58.886 W/FrameProbe(18737): nativeOnCameraFrame 42.2 ms (trackedPts=0)
10-01 15:02:59.022 W/FrameProbe(18737): nativeOnCameraFrame 41.6 ms (trackedPts=0)
10-01 15:02:59.161 W/FrameProbe(18737): nativeOnCameraFrame 41.9 ms (trackedPts=0)
10-01 15:02:59.305 W/FrameProbe(18737): nativeOnCameraFrame 58.0 ms (trackedPts=0)
10-01 15:02:59.439 W/FrameProbe(18737): nativeOnCameraFrame 53.4 ms (trackedPts=0)
10-01 15:02:59.562 W/FrameProbe(18737): nativeOnCameraFrame 46.7 ms (trackedPts=0)
10-01 15:02:59.690 W/FrameProbe(18737): nativeOnCameraFrame 35.0 ms (trackedPts=0)
10-01 15:02:59.717 W/FrameProbe(18737): nativeOnCameraFrame 16.0 ms (trackedPts=0)
10-01 15:02:59.826 W/FrameProbe(18737): nativeOnCameraFrame 47.7 ms (trackedPts=0)
10-01 15:02:59.860 D/FpsProbe(18737): fps=30.0
10-01 15:02:59.964 W/FrameProbe(18737): nativeOnCameraFrame 49.4 ms (trackedPts=0)
10-01 15:03:00.084 W/FrameProbe(18737): nativeOnCameraFrame 43.2 ms (trackedPts=0)
10-01 15:03:00.219 W/FrameProbe(18737): nativeOnCameraFrame 41.0 ms (trackedPts=0)
10-01 15:03:00.363 W/FrameProbe(18737): nativeOnCameraFrame 47.2 ms (trackedPts=0)
10-01 15:03:00.495 W/FrameProbe(18737): nativeOnCameraFrame 48.4 ms (trackedPts=0)
10-01 15:03:00.617 W/FrameProbe(18737): nativeOnCameraFrame 44.9 ms (trackedPts=0)
10-01 15:03:00.756 W/FrameProbe(18737): nativeOnCameraFrame 47.3 ms (trackedPts=0)
10-01 15:03:00.895 W/FrameProbe(18737): nativeOnCameraFrame 41.5 ms (trackedPts=0)
10-01 15:03:00.918 W/FrameProbe(18737): nativeOnCameraFrame 16.5 ms (trackedPts=0)
10-01 15:03:00.918 D/FpsProbe(18737): fps=30.0
10-01 15:03:01.028 W/FrameProbe(18737): nativeOnCameraFrame 38.5 ms (trackedPts=0)
10-01 15:03:01.157 W/FrameProbe(18737): nativeOnCameraFrame 37.1 ms (trackedPts=0)
10-01 15:03:01.282 W/FrameProbe(18737): nativeOnCameraFrame 36.5 ms (trackedPts=0)
10-01 15:03:01.424 W/FrameProbe(18737): nativeOnCameraFrame 37.0 ms (trackedPts=0)
10-01 15:03:01.561 W/FrameProbe(18737): nativeOnCameraFrame 38.0 ms (trackedPts=0)
10-01 15:03:01.583 W/FrameProbe(18737): nativeOnCameraFrame 16.4 ms (trackedPts=0)
10-01 15:03:01.695 W/FrameProbe(18737): nativeOnCameraFrame 41.9 ms (trackedPts=0)
10-01 15:03:01.818 W/FrameProbe(18737): nativeOnCameraFrame 39.2 ms (trackedPts=0)
10-01 15:03:01.958 W/FrameProbe(18737): nativeOnCameraFrame 44.4 ms (trackedPts=0)
10-01 15:03:01.959 D/FpsProbe(18737): fps=29.0
10-01 15:03:02.079 W/FrameProbe(18737): nativeOnCameraFrame 34.3 ms (trackedPts=0)
10-01 15:03:02.221 W/FrameProbe(18737): nativeOnCameraFrame 43.6 ms (trackedPts=0)
10-01 15:03:02.361 W/FrameProbe(18737): nativeOnCameraFrame 40.1 ms (trackedPts=0)
10-01 15:03:02.489 W/FrameProbe(18737): nativeOnCameraFrame 43.9 ms (trackedPts=0)
10-01 15:03:02.634 W/FrameProbe(18737): nativeOnCameraFrame 47.3 ms (trackedPts=0)
10-01 15:03:02.763 W/FrameProbe(18737): nativeOnCameraFrame 44.3 ms (trackedPts=0)
10-01 15:03:02.883 W/FrameProbe(18737): nativeOnCameraFrame 37.2 ms (trackedPts=0)
10-01 15:03:02.916 W/FrameProbe(18737): nativeOnCameraFrame 27.0 ms (trackedPts=0)
10-01 15:03:02.953 D/FpsProbe(18737): fps=30.0
10-01 15:03:03.034 W/FrameProbe(18737): nativeOnCameraFrame 44.2 ms (trackedPts=0)
10-01 15:03:03.157 W/FrameProbe(18737): nativeOnCameraFrame 43.8 ms (trackedPts=0)
10-01 15:03:03.292 W/FrameProbe(18737): nativeOnCameraFrame 44.4 ms (trackedPts=0)
10-01 15:03:03.429 W/FrameProbe(18737): nativeOnCameraFrame 44.2 ms (trackedPts=0)
10-01 15:03:03.553 W/FrameProbe(18737): nativeOnCameraFrame 40.3 ms (trackedPts=0)
10-01 15:03:03.682 W/FrameProbe(18737): nativeOnCameraFrame 34.5 ms (trackedPts=0)
10-01 15:03:03.833 W/FrameProbe(18737): nativeOnCameraFrame 46.4 ms (trackedPts=0)
10-01 15:03:03.964 W/FrameProbe(18737): nativeOnCameraFrame 49.9 ms (trackedPts=0)
10-01 15:03:03.983 W/FrameProbe(18737): nativeOnCameraFrame 17.2 ms (trackedPts=0)
10-01 15:03:04.000 D/FpsProbe(18737): fps=29.0
10-01 15:03:04.093 W/FrameProbe(18737): nativeOnCameraFrame 46.3 ms (trackedPts=0)
10-01 15:03:04.234 W/FrameProbe(18737): nativeOnCameraFrame 44.1 ms (trackedPts=0)
10-01 15:03:04.355 W/FrameProbe(18737): nativeOnCameraFrame 40.7 ms (trackedPts=0)
10-01 15:03:04.494 W/FrameProbe(18737): nativeOnCameraFrame 48.4 ms (trackedPts=0)
10-01 15:03:04.618 W/FrameProbe(18737): nativeOnCameraFrame 37.8 ms (trackedPts=0)
10-01 15:03:04.765 W/FrameProbe(18737): nativeOnCameraFrame 45.2 ms (trackedPts=0)
10-01 15:03:04.887 W/FrameProbe(18737): nativeOnCameraFrame 38.6 ms (trackedPts=0)
10-01 15:03:05.025 W/FrameProbe(18737): nativeOnCameraFrame 39.7 ms (trackedPts=0)
10-01 15:03:05.050 W/FrameProbe(18737): nativeOnCameraFrame 19.0 ms (trackedPts=0)
10-01 15:03:05.050 D/FpsProbe(18737): fps=30.0
10-01 15:03:05.156 W/FrameProbe(18737): nativeOnCameraFrame 37.8 ms (trackedPts=0)
10-01 15:03:05.180 W/FrameProbe(18737): nativeOnCameraFrame 16.4 ms (trackedPts=0)
10-01 15:03:05.280 W/FrameProbe(18737): nativeOnCameraFrame 41.9 ms (trackedPts=0)
10-01 15:03:05.423 W/FrameProbe(18737): nativeOnCameraFrame 37.5 ms (trackedPts=0)
10-01 15:03:05.562 W/FrameProbe(18737): nativeOnCameraFrame 43.6 ms (trackedPts=0)
10-01 15:03:05.699 W/FrameProbe(18737): nativeOnCameraFrame 46.0 ms (trackedPts=0)
10-01 15:03:05.833 W/FrameProbe(18737): nativeOnCameraFrame 45.6 ms (trackedPts=0)
10-01 15:03:05.958 W/FrameProbe(18737): nativeOnCameraFrame 44.5 ms (trackedPts=0)
10-01 15:03:06.088 W/FrameProbe(18737): nativeOnCameraFrame 43.4 ms (trackedPts=0)
10-01 15:03:06.088 D/FpsProbe(18737): fps=29.0
10-01 15:03:06.118 W/FrameProbe(18737): nativeOnCameraFrame 17.9 ms (trackedPts=0)
10-01 15:03:06.227 W/FrameProbe(18737): nativeOnCameraFrame 40.1 ms (trackedPts=0)
10-01 15:03:06.358 W/FrameProbe(18737): nativeOnCameraFrame 45.3 ms (trackedPts=0)
10-01 15:03:06.381 W/FrameProbe(18737): nativeOnCameraFrame 16.3 ms (trackedPts=0)
10-01 15:03:06.493 W/FrameProbe(18737): nativeOnCameraFrame 38.4 ms (trackedPts=0)
10-01 15:03:06.626 W/FrameProbe(18737): nativeOnCameraFrame 38.4 ms (trackedPts=0)
10-01 15:03:06.765 W/FrameProbe(18737): nativeOnCameraFrame 50.4 ms (trackedPts=0)
10-01 15:03:06.889 W/FrameProbe(18737): nativeOnCameraFrame 35.5 ms (trackedPts=0)
10-01 15:03:07.020 W/FrameProbe(18737): nativeOnCameraFrame 33.8 ms (trackedPts=0)
10-01 15:03:07.086 D/FpsProbe(18737): fps=30.0
10-01 15:03:07.156 W/FrameProbe(18737): nativeOnCameraFrame 43.3 ms (trackedPts=0)
10-01 15:03:07.180 W/FrameProbe(18737): nativeOnCameraFrame 16.6 ms (trackedPts=0)
10-01 15:03:07.296 W/FrameProbe(18737): nativeOnCameraFrame 43.8 ms (trackedPts=0)
10-01 15:03:07.435 W/FrameProbe(18737): nativeOnCameraFrame 50.9 ms (trackedPts=0)
10-01 15:03:07.588 W/FrameProbe(18737): nativeOnCameraFrame 74.2 ms (trackedPts=0)
10-01 15:03:07.698 W/FrameProbe(18737): nativeOnCameraFrame 50.7 ms (trackedPts=0)
10-01 15:03:07.840 W/FrameProbe(18737): nativeOnCameraFrame 59.0 ms (trackedPts=0)
10-01 15:03:07.959 W/FrameProbe(18737): nativeOnCameraFrame 49.2 ms (trackedPts=0)
10-01 15:03:08.113 W/FrameProbe(18737): nativeOnCameraFrame 55.5 ms (trackedPts=0)
10-01 15:03:08.128 D/FpsProbe(18737): fps=27.1
10-01 15:03:08.221 W/FrameProbe(18737): nativeOnCameraFrame 40.5 ms (trackedPts=0)
10-01 15:03:08.360 W/FrameProbe(18737): nativeOnCameraFrame 45.2 ms (trackedPts=0)
10-01 15:03:08.384 W/FrameProbe(18737): nativeOnCameraFrame 16.7 ms (trackedPts=0)
10-01 15:03:08.494 W/FrameProbe(18737): nativeOnCameraFrame 55.0 ms (trackedPts=0)
10-01 15:03:08.622 W/FrameProbe(18737): nativeOnCameraFrame 39.8 ms (trackedPts=0)
10-01 15:03:08.760 W/FrameProbe(18737): nativeOnCameraFrame 50.2 ms (trackedPts=0)
10-01 15:03:08.901 W/FrameProbe(18737): nativeOnCameraFrame 50.0 ms (trackedPts=0)
10-01 15:03:09.029 W/FrameProbe(18737): nativeOnCameraFrame 56.8 ms (trackedPts=0)
10-01 15:03:09.170 W/FrameProbe(18737): nativeOnCameraFrame 53.7 ms (trackedPts=0)
10-01 15:03:09.187 D/FpsProbe(18737): fps=30.0
10-01 15:03:09.296 W/FrameProbe(18737): nativeOnCameraFrame 56.1 ms (trackedPts=0)
10-01 15:03:09.436 W/FrameProbe(18737): nativeOnCameraFrame 48.6 ms (trackedPts=0)
10-01 15:03:09.557 W/FrameProbe(18737): nativeOnCameraFrame 52.5 ms (trackedPts=0)
10-01 15:03:09.695 W/FrameProbe(18737): nativeOnCameraFrame 48.7 ms (trackedPts=0)
10-01 15:03:09.828 W/FrameProbe(18737): nativeOnCameraFrame 50.7 ms (trackedPts=0)
10-01 15:03:09.960 W/FrameProbe(18737): nativeOnCameraFrame 44.4 ms (trackedPts=0)
10-01 15:03:10.115 W/FrameProbe(18737): nativeOnCameraFrame 74.6 ms (trackedPts=0)
10-01 15:03:10.250 W/FrameProbe(18737): nativeOnCameraFrame 60.9 ms (trackedPts=0)
10-01 15:03:10.250 D/FpsProbe(18737): fps=29.0
10-01 15:03:10.376 W/FrameProbe(18737): nativeOnCameraFrame 55.6 ms (trackedPts=0)
10-01 15:03:10.498 W/FrameProbe(18737): nativeOnCameraFrame 52.6 ms (trackedPts=0)
10-01 15:03:10.625 W/FrameProbe(18737): nativeOnCameraFrame 44.9 ms (trackedPts=0)
10-01 15:03:10.765 W/FrameProbe(18737): nativeOnCameraFrame 45.5 ms (trackedPts=0)
10-01 15:03:10.906 W/FrameProbe(18737): nativeOnCameraFrame 52.0 ms (trackedPts=0)
10-01 15:03:11.027 W/FrameProbe(18737): nativeOnCameraFrame 46.0 ms (trackedPts=0)
10-01 15:03:11.155 W/FrameProbe(18737): nativeOnCameraFrame 36.4 ms (trackedPts=0)
10-01 15:03:11.224 D/FpsProbe(18737): fps=28.1
10-01 15:03:11.294 W/FrameProbe(18737): nativeOnCameraFrame 50.9 ms (trackedPts=0)
10-01 15:03:11.429 W/FrameProbe(18737): nativeOnCameraFrame 43.8 ms (trackedPts=0)
10-01 15:03:11.556 W/FrameProbe(18737): nativeOnCameraFrame 36.2 ms (trackedPts=0)
10-01 15:03:11.698 W/FrameProbe(18737): nativeOnCameraFrame 46.1 ms (trackedPts=0)
10-01 15:03:11.829 W/FrameProbe(18737): nativeOnCameraFrame 52.5 ms (trackedPts=0)
10-01 15:03:11.958 W/FrameProbe(18737): nativeOnCameraFrame 47.7 ms (trackedPts=0)
10-01 15:03:12.085 W/FrameProbe(18737): nativeOnCameraFrame 38.7 ms (trackedPts=0)
10-01 15:03:12.225 W/FrameProbe(18737): nativeOnCameraFrame 45.2 ms (trackedPts=0)
10-01 15:03:12.249 W/FrameProbe(18737): nativeOnCameraFrame 18.0 ms (trackedPts=0)
10-01 15:03:12.259 D/FpsProbe(18737): fps=30.0
10-01 15:03:12.364 W/FrameProbe(18737): nativeOnCameraFrame 45.1 ms (trackedPts=0)
10-01 15:03:12.499 W/FrameProbe(18737): nativeOnCameraFrame 48.2 ms (trackedPts=0)
10-01 15:03:12.637 W/FrameProbe(18737): nativeOnCameraFrame 56.3 ms (trackedPts=0)
10-01 15:03:12.767 W/FrameProbe(18737): nativeOnCameraFrame 58.2 ms (trackedPts=0)
10-01 15:03:12.904 W/FrameProbe(18737): nativeOnCameraFrame 57.6 ms (trackedPts=0)
10-01 15:03:13.027 W/FrameProbe(18737): nativeOnCameraFrame 48.1 ms (trackedPts=0)
10-01 15:03:13.166 W/FrameProbe(18737): nativeOnCameraFrame 50.3 ms (trackedPts=0)
10-01 15:03:13.288 W/FrameProbe(18737): nativeOnCameraFrame 50.6 ms (trackedPts=0)
10-01 15:03:13.305 D/FpsProbe(18737): fps=29.0
10-01 15:03:13.443 W/FrameProbe(18737): nativeOnCameraFrame 57.2 ms (trackedPts=0)
10-01 15:03:13.566 W/FrameProbe(18737): nativeOnCameraFrame 48.2 ms (trackedPts=0)
10-01 15:03:13.697 W/FrameProbe(18737): nativeOnCameraFrame 51.4 ms (trackedPts=0)
10-01 15:03:13.831 W/FrameProbe(18737): nativeOnCameraFrame 54.1 ms (trackedPts=0)
10-01 15:03:13.851 W/FrameProbe(18737): nativeOnCameraFrame 17.9 ms (trackedPts=0)
10-01 15:03:13.958 W/FrameProbe(18737): nativeOnCameraFrame 51.9 ms (trackedPts=0)
10-01 15:03:14.088 W/FrameProbe(18737): nativeOnCameraFrame 44.9 ms (trackedPts=0)
10-01 15:03:14.225 W/FrameProbe(18737): nativeOnCameraFrame 48.2 ms (trackedPts=0)
10-01 15:03:14.251 W/FrameProbe(18737): nativeOnCameraFrame 19.1 ms (trackedPts=0)
10-01 15:03:14.364 W/FrameProbe(18737): nativeOnCameraFrame 57.4 ms (trackedPts=0)
10-01 15:03:14.365 D/FpsProbe(18737): fps=30.0
10-01 15:03:14.522 W/FrameProbe(18737): nativeOnCameraFrame 66.4 ms (trackedPts=0)
10-01 15:03:14.648 W/FrameProbe(18737): nativeOnCameraFrame 58.9 ms (trackedPts=0)
10-01 15:03:14.758 W/FrameProbe(18737): nativeOnCameraFrame 48.9 ms (trackedPts=0)
10-01 15:03:14.903 W/FrameProbe(18737): nativeOnCameraFrame 57.7 ms (trackedPts=0)
10-01 15:03:15.031 W/FrameProbe(18737): nativeOnCameraFrame 54.0 ms (trackedPts=0)
10-01 15:03:15.158 W/FrameProbe(18737): nativeOnCameraFrame 46.4 ms (trackedPts=0)
10-01 15:03:15.182 W/FrameProbe(18737): nativeOnCameraFrame 16.4 ms (trackedPts=0)
10-01 15:03:15.290 W/FrameProbe(18737): nativeOnCameraFrame 52.1 ms (trackedPts=0)
10-01 15:03:15.355 D/FpsProbe(18737): fps=28.1
10-01 15:03:15.427 W/FrameProbe(18737): nativeOnCameraFrame 55.9 ms (trackedPts=0)
10-01 15:03:15.548 W/FrameProbe(18737): nativeOnCameraFrame 36.0 ms (trackedPts=0)
10-01 15:03:15.683 W/FrameProbe(18737): nativeOnCameraFrame 44.2 ms (trackedPts=0)
10-01 15:03:15.817 W/FrameProbe(18737): nativeOnCameraFrame 33.5 ms (trackedPts=0)
10-01 15:03:15.953 W/FrameProbe(18737): nativeOnCameraFrame 49.5 ms (trackedPts=0)
10-01 15:03:16.077 W/FrameProbe(18737): nativeOnCameraFrame 32.9 ms (trackedPts=0)
10-01 15:03:16.228 W/FrameProbe(18737): nativeOnCameraFrame 43.4 ms (trackedPts=0)
10-01 15:03:16.361 W/FrameProbe(18737): nativeOnCameraFrame 41.4 ms (trackedPts=0)
10-01 15:03:16.396 D/FpsProbe(18737): fps=30.0
10-01 15:03:16.489 W/FrameProbe(18737): nativeOnCameraFrame 41.3 ms (trackedPts=0)
10-01 15:03:16.626 W/FrameProbe(18737): nativeOnCameraFrame 47.2 ms (trackedPts=0)
10-01 15:03:16.754 W/FrameProbe(18737): nativeOnCameraFrame 42.6 ms (trackedPts=0)
10-01 15:03:16.898 W/FrameProbe(18737): nativeOnCameraFrame 48.0 ms (trackedPts=0)
10-01 15:03:17.038 W/FrameProbe(18737): nativeOnCameraFrame 54.0 ms (trackedPts=0)
10-01 15:03:17.186 W/FrameProbe(18737): nativeOnCameraFrame 67.5 ms (trackedPts=0)
10-01 15:03:17.299 W/FrameProbe(18737): nativeOnCameraFrame 61.3 ms (trackedPts=0)
10-01 15:03:17.420 W/FrameProbe(18737): nativeOnCameraFrame 43.1 ms (trackedPts=0)
10-01 15:03:17.428 D/FpsProbe(18737): fps=27.1
10-01 15:03:17.552 W/FrameProbe(18737): nativeOnCameraFrame 33.3 ms (trackedPts=0)
10-01 15:03:17.677 W/FrameProbe(18737): nativeOnCameraFrame 36.2 ms (trackedPts=0)
10-01 15:03:17.811 W/FrameProbe(18737): nativeOnCameraFrame 40.1 ms (trackedPts=0)
10-01 15:03:17.953 W/FrameProbe(18737): nativeOnCameraFrame 42.2 ms (trackedPts=0)
10-01 15:03:18.092 W/FrameProbe(18737): nativeOnCameraFrame 48.2 ms (trackedPts=0)
10-01 15:03:18.239 W/FrameProbe(18737): nativeOnCameraFrame 54.8 ms (trackedPts=0)
10-01 15:03:18.361 W/FrameProbe(18737): nativeOnCameraFrame 44.0 ms (trackedPts=0)
10-01 15:03:18.490 W/FrameProbe(18737): nativeOnCameraFrame 45.3 ms (trackedPts=0)
10-01 15:03:18.491 D/FpsProbe(18737): fps=30.0
10-01 15:03:18.514 W/FrameProbe(18737): nativeOnCameraFrame 17.5 ms (trackedPts=0)
10-01 15:03:18.611 W/FrameProbe(18737): nativeOnCameraFrame 35.9 ms (trackedPts=0)
10-01 15:03:18.750 W/FrameProbe(18737): nativeOnCameraFrame 32.0 ms (trackedPts=0)
10-01 15:03:18.876 W/FrameProbe(18737): nativeOnCameraFrame 30.9 ms (trackedPts=0)
10-01 15:03:19.014 W/FrameProbe(18737): nativeOnCameraFrame 36.9 ms (trackedPts=0)
10-01 15:03:19.163 W/FrameProbe(18737): nativeOnCameraFrame 53.0 ms (trackedPts=0)
10-01 15:03:19.290 W/FrameProbe(18737): nativeOnCameraFrame 44.9 ms (trackedPts=0)
10-01 15:03:19.407 W/FrameProbe(18737): nativeOnCameraFrame 34.9 ms (trackedPts=0)
10-01 15:03:19.490 D/FpsProbe(18737): fps=30.0
10-01 15:03:19.547 W/FrameProbe(18737): nativeOnCameraFrame 33.6 ms (trackedPts=0)
10-01 15:03:19.685 W/FrameProbe(18737): nativeOnCameraFrame 32.6 ms (trackedPts=0)
10-01 15:03:19.815 W/FrameProbe(18737): nativeOnCameraFrame 32.2 ms (trackedPts=0)
10-01 15:03:19.944 W/FrameProbe(18737): nativeOnCameraFrame 33.0 ms (trackedPts=0)
10-01 15:03:20.076 W/FrameProbe(18737): nativeOnCameraFrame 31.0 ms (trackedPts=0)
10-01 15:03:20.212 W/FrameProbe(18737): nativeOnCameraFrame 28.8 ms (trackedPts=0)
10-01 15:03:20.352 W/FrameProbe(18737): nativeOnCameraFrame 40.7 ms (trackedPts=0)
10-01 15:03:20.482 W/FrameProbe(18737): nativeOnCameraFrame 28.4 ms (trackedPts=0)
10-01 15:03:20.513 D/FpsProbe(18737): fps=30.0
10-01 15:03:20.633 W/FrameProbe(18737): nativeOnCameraFrame 52.7 ms (trackedPts=0)
10-01 15:03:20.745 W/FrameProbe(18737): nativeOnCameraFrame 35.5 ms (trackedPts=0)
10-01 15:03:20.826 W/FrameProbe(18737): nativeOnCameraFrame 22.9 ms (trackedPts=0)
10-01 15:03:20.902 W/FrameProbe(18737): nativeOnCameraFrame 49.3 ms (trackedPts=0)
10-01 15:03:21.028 W/FrameProbe(18737): nativeOnCameraFrame 49.3 ms (trackedPts=0)
10-01 15:03:21.157 W/FrameProbe(18737): nativeOnCameraFrame 40.2 ms (trackedPts=0)
10-01 15:03:21.179 W/FrameProbe(18737): nativeOnCameraFrame 16.4 ms (trackedPts=0)
10-01 15:03:21.287 W/FrameProbe(18737): nativeOnCameraFrame 41.7 ms (trackedPts=0)
10-01 15:03:21.414 W/FrameProbe(18737): nativeOnCameraFrame 32.1 ms (trackedPts=0)
10-01 15:03:21.559 W/FrameProbe(18737): nativeOnCameraFrame 42.7 ms (trackedPts=0)
10-01 15:03:21.566 D/FpsProbe(18737): fps=29.0
10-01 15:03:21.685 W/FrameProbe(18737): nativeOnCameraFrame 36.3 ms (trackedPts=0)
10-01 15:03:21.819 W/FrameProbe(18737): nativeOnCameraFrame 34.6 ms (trackedPts=0)
10-01 15:03:21.954 W/FrameProbe(18737): nativeOnCameraFrame 40.3 ms (trackedPts=0)
10-01 15:03:22.075 W/FrameProbe(18737): nativeOnCameraFrame 36.0 ms (trackedPts=0)
10-01 15:03:22.227 W/FrameProbe(18737): nativeOnCameraFrame 42.5 ms (trackedPts=0)
10-01 15:03:22.350 W/FrameProbe(18737): nativeOnCameraFrame 33.0 ms (trackedPts=0)
10-01 15:03:22.483 W/FrameProbe(18737): nativeOnCameraFrame 31.4 ms (trackedPts=0)
10-01 15:03:22.622 W/FrameProbe(18737): nativeOnCameraFrame 43.4 ms (trackedPts=0)
10-01 15:03:22.622 D/FpsProbe(18737): fps=30.0
10-01 15:03:22.758 W/FrameProbe(18737): nativeOnCameraFrame 42.9 ms (trackedPts=0)
10-01 15:03:22.884 W/FrameProbe(18737): nativeOnCameraFrame 40.6 ms (trackedPts=0)
10-01 15:03:23.013 W/FrameProbe(18737): nativeOnCameraFrame 37.8 ms (trackedPts=0)
10-01 15:03:23.137 W/FrameProbe(18737): nativeOnCameraFrame 27.7 ms (trackedPts=0)
10-01 15:03:23.296 W/FrameProbe(18737): nativeOnCameraFrame 44.1 ms (trackedPts=0)
10-01 15:03:23.423 W/FrameProbe(18737): nativeOnCameraFrame 33.8 ms (trackedPts=0)
10-01 15:03:23.549 W/FrameProbe(18737): nativeOnCameraFrame 34.1 ms (trackedPts=0)
10-01 15:03:23.615 D/FpsProbe(18737): fps=30.0
10-01 15:03:23.669 W/FrameProbe(18737): nativeOnCameraFrame 25.9 ms (trackedPts=0)
10-01 15:03:23.811 W/FrameProbe(18737): nativeOnCameraFrame 30.6 ms (trackedPts=0)
10-01 15:03:23.944 W/FrameProbe(18737): nativeOnCameraFrame 33.2 ms (trackedPts=0)
10-01 15:03:24.090 W/FrameProbe(18737): nativeOnCameraFrame 42.6 ms (trackedPts=0)
10-01 15:03:24.224 W/FrameProbe(18737): nativeOnCameraFrame 39.9 ms (trackedPts=0)
10-01 15:03:24.246 W/FrameProbe(18737): nativeOnCameraFrame 16.1 ms (trackedPts=0)
10-01 15:03:24.346 W/FrameProbe(18737): nativeOnCameraFrame 34.1 ms (trackedPts=0)
10-01 15:03:24.476 W/FrameProbe(18737): nativeOnCameraFrame 31.6 ms (trackedPts=0)
10-01 15:03:24.622 W/FrameProbe(18737): nativeOnCameraFrame 37.8 ms (trackedPts=0)
10-01 15:03:24.666 D/FpsProbe(18737): fps=30.0
10-01 15:03:24.735 W/FrameProbe(18737): nativeOnCameraFrame 36.3 ms (trackedPts=0)
10-01 15:03:24.883 W/FrameProbe(18737): nativeOnCameraFrame 35.2 ms (trackedPts=0)
10-01 15:03:25.006 W/FrameProbe(18737): nativeOnCameraFrame 31.0 ms (trackedPts=0)
10-01 15:03:25.159 W/FrameProbe(18737): nativeOnCameraFrame 48.1 ms (trackedPts=0)
10-01 15:03:25.282 W/FrameProbe(18737): nativeOnCameraFrame 38.0 ms (trackedPts=0)
10-01 15:03:25.411 W/FrameProbe(18737): nativeOnCameraFrame 35.4 ms (trackedPts=0)
10-01 15:03:25.552 W/FrameProbe(18737): nativeOnCameraFrame 50.4 ms (trackedPts=0)
10-01 15:03:25.688 W/FrameProbe(18737): nativeOnCameraFrame 42.2 ms (trackedPts=0)
10-01 15:03:25.710 D/FpsProbe(18737): fps=30.0
10-01 15:03:25.815 W/FrameProbe(18737): nativeOnCameraFrame 45.6 ms (trackedPts=0)
10-01 15:03:25.952 W/FrameProbe(18737): nativeOnCameraFrame 39.2 ms (trackedPts=0)
10-01 15:03:26.087 W/FrameProbe(18737): nativeOnCameraFrame 37.8 ms (trackedPts=0)
10-01 15:03:26.215 W/FrameProbe(18737): nativeOnCameraFrame 36.7 ms (trackedPts=0)
10-01 15:03:26.336 W/FrameProbe(18737): nativeOnCameraFrame 28.7 ms (trackedPts=0)
10-01 15:03:26.485 W/FrameProbe(18737): nativeOnCameraFrame 35.9 ms (trackedPts=0)
10-01 15:03:26.507 W/FrameProbe(18737): nativeOnCameraFrame 16.7 ms (trackedPts=0)
10-01 15:03:26.615 W/FrameProbe(18737): nativeOnCameraFrame 36.7 ms (trackedPts=0)
10-01 15:03:26.741 W/FrameProbe(18737): nativeOnCameraFrame 32.8 ms (trackedPts=0)
10-01 15:03:26.742 D/FpsProbe(18737): fps=30.0
10-01 15:03:26.890 W/FrameProbe(18737): nativeOnCameraFrame 45.0 ms (trackedPts=0)
10-01 15:03:27.022 W/FrameProbe(18737): nativeOnCameraFrame 43.5 ms (trackedPts=0)
10-01 15:03:27.135 W/FrameProbe(18737): nativeOnCameraFrame 32.6 ms (trackedPts=0)
10-01 15:03:27.290 W/FrameProbe(18737): nativeOnCameraFrame 45.3 ms (trackedPts=0)
10-01 15:03:27.421 W/FrameProbe(18737): nativeOnCameraFrame 46.1 ms (trackedPts=0)
10-01 15:03:27.450 W/FrameProbe(18737): nativeOnCameraFrame 20.8 ms (trackedPts=0)
10-01 15:03:27.558 W/FrameProbe(18737): nativeOnCameraFrame 50.3 ms (trackedPts=0)
10-01 15:03:27.690 W/FrameProbe(18737): nativeOnCameraFrame 49.9 ms (trackedPts=0)
10-01 15:03:27.710 W/FrameProbe(18737): nativeOnCameraFrame 18.3 ms (trackedPts=0)
10-01 15:03:27.752 D/FpsProbe(18737): fps=30.0
10-01 15:03:27.818 W/FrameProbe(18737): nativeOnCameraFrame 51.2 ms (trackedPts=0)
10-01 15:03:27.844 W/FrameProbe(18737): nativeOnCameraFrame 18.2 ms (trackedPts=0)
10-01 15:03:27.959 W/FrameProbe(18737): nativeOnCameraFrame 49.3 ms (trackedPts=0)
10-01 15:03:28.094 W/FrameProbe(18737): nativeOnCameraFrame 44.2 ms (trackedPts=0)
10-01 15:03:28.225 W/FrameProbe(18737): nativeOnCameraFrame 47.4 ms (trackedPts=0)
10-01 15:03:28.343 W/FrameProbe(18737): nativeOnCameraFrame 40.9 ms (trackedPts=0)
10-01 15:03:28.495 W/FrameProbe(18737): nativeOnCameraFrame 43.9 ms (trackedPts=0)
10-01 15:03:28.621 W/FrameProbe(18737): nativeOnCameraFrame 38.2 ms (trackedPts=0)
10-01 15:03:28.756 W/FrameProbe(18737): nativeOnCameraFrame 43.4 ms (trackedPts=0)
10-01 15:03:28.787 D/FpsProbe(18737): fps=30.0
10-01 15:03:28.886 W/FrameProbe(18737): nativeOnCameraFrame 44.1 ms (trackedPts=0)
10-01 15:03:29.013 W/FrameProbe(18737): nativeOnCameraFrame 37.2 ms (trackedPts=0)
10-01 15:03:29.150 W/FrameProbe(18737): nativeOnCameraFrame 40.2 ms (trackedPts=0)
10-01 15:03:29.288 W/FrameProbe(18737): nativeOnCameraFrame 42.9 ms (trackedPts=0)
10-01 15:03:29.414 W/FrameProbe(18737): nativeOnCameraFrame 42.4 ms (trackedPts=0)
10-01 15:03:29.558 W/FrameProbe(18737): nativeOnCameraFrame 41.4 ms (trackedPts=0)
10-01 15:03:29.687 W/FrameProbe(18737): nativeOnCameraFrame 44.8 ms (trackedPts=0)
10-01 15:03:29.812 W/FrameProbe(18737): nativeOnCameraFrame 36.5 ms (trackedPts=0)
10-01 15:03:29.828 D/FpsProbe(18737): fps=30.0
10-01 15:03:29.960 W/FrameProbe(18737): nativeOnCameraFrame 49.4 ms (trackedPts=0)
10-01 15:03:30.083 W/FrameProbe(18737): nativeOnCameraFrame 43.2 ms (trackedPts=0)
10-01 15:03:30.108 W/FrameProbe(18737): nativeOnCameraFrame 16.5 ms (trackedPts=0)
10-01 15:03:30.226 W/FrameProbe(18737): nativeOnCameraFrame 49.1 ms (trackedPts=0)
10-01 15:03:30.362 W/FrameProbe(18737): nativeOnCameraFrame 49.7 ms (trackedPts=0)
10-01 15:03:30.503 W/FrameProbe(18737): nativeOnCameraFrame 52.7 ms (trackedPts=0)
10-01 15:03:30.623 W/FrameProbe(18737): nativeOnCameraFrame 51.8 ms (trackedPts=0)
10-01 15:03:30.758 W/FrameProbe(18737): nativeOnCameraFrame 49.5 ms (trackedPts=0)
10-01 15:03:30.891 W/FrameProbe(18737): nativeOnCameraFrame 48.1 ms (trackedPts=0)
10-01 15:03:30.891 D/FpsProbe(18737): fps=30.0
10-01 15:03:31.021 W/FrameProbe(18737): nativeOnCameraFrame 45.2 ms (trackedPts=0)
10-01 15:03:31.162 W/FrameProbe(18737): nativeOnCameraFrame 53.2 ms (trackedPts=0)
10-01 15:03:31.297 W/FrameProbe(18737): nativeOnCameraFrame 48.6 ms (trackedPts=0)
10-01 15:03:31.423 W/FrameProbe(18737): nativeOnCameraFrame 51.7 ms (trackedPts=0)
10-01 15:03:31.571 W/FrameProbe(18737): nativeOnCameraFrame 55.3 ms (trackedPts=0)
10-01 15:03:31.696 W/FrameProbe(18737): nativeOnCameraFrame 48.2 ms (trackedPts=0)
10-01 15:03:31.821 W/FrameProbe(18737): nativeOnCameraFrame 45.9 ms (trackedPts=0)
10-01 15:03:31.846 W/FrameProbe(18737): nativeOnCameraFrame 18.9 ms (trackedPts=0)
10-01 15:03:31.887 D/FpsProbe(18737): fps=28.1
10-01 15:03:31.954 W/FrameProbe(18737): nativeOnCameraFrame 48.0 ms (trackedPts=0)
10-01 15:03:31.984 W/FrameProbe(18737): nativeOnCameraFrame 22.0 ms (trackedPts=0)
10-01 15:03:32.090 W/FrameProbe(18737): nativeOnCameraFrame 53.1 ms (trackedPts=0)
10-01 15:03:32.228 W/FrameProbe(18737): nativeOnCameraFrame 46.8 ms (trackedPts=0)
10-01 15:03:32.362 W/FrameProbe(18737): nativeOnCameraFrame 53.3 ms (trackedPts=0)
10-01 15:03:32.493 W/FrameProbe(18737): nativeOnCameraFrame 45.0 ms (trackedPts=0)
10-01 15:03:32.626 W/FrameProbe(18737): nativeOnCameraFrame 48.3 ms (trackedPts=0)
10-01 15:03:32.757 W/FrameProbe(18737): nativeOnCameraFrame 47.7 ms (trackedPts=0)
10-01 15:03:32.896 W/FrameProbe(18737): nativeOnCameraFrame 48.4 ms (trackedPts=0)
10-01 15:03:32.930 D/FpsProbe(18737): fps=30.0
10-01 15:03:33.025 W/FrameProbe(18737): nativeOnCameraFrame 41.7 ms (trackedPts=0)
10-01 15:03:33.153 W/FrameProbe(18737): nativeOnCameraFrame 52.5 ms (trackedPts=0)
10-01 15:03:33.292 W/FrameProbe(18737): nativeOnCameraFrame 48.0 ms (trackedPts=0)
10-01 15:03:33.432 W/FrameProbe(18737): nativeOnCameraFrame 50.1 ms (trackedPts=0)
10-01 15:03:33.560 W/FrameProbe(18737): nativeOnCameraFrame 44.8 ms (trackedPts=0)
10-01 15:03:33.578 W/FrameProbe(18737): nativeOnCameraFrame 16.1 ms (trackedPts=0)
10-01 15:03:33.692 W/FrameProbe(18737): nativeOnCameraFrame 55.5 ms (trackedPts=0)
10-01 15:03:33.809 W/FrameProbe(18737): nativeOnCameraFrame 38.1 ms (trackedPts=0)
10-01 15:03:33.959 W/FrameProbe(18737): nativeOnCameraFrame 49.0 ms (trackedPts=0)
10-01 15:03:33.977 D/FpsProbe(18737): fps=30.0
10-01 15:03:34.093 W/FrameProbe(18737): nativeOnCameraFrame 43.8 ms (trackedPts=0)
10-01 15:03:34.112 W/FrameProbe(18737): nativeOnCameraFrame 16.2 ms (trackedPts=0)
10-01 15:03:34.220 W/FrameProbe(18737): nativeOnCameraFrame 38.9 ms (trackedPts=0)
10-01 15:03:34.360 W/FrameProbe(18737): nativeOnCameraFrame 46.6 ms (trackedPts=0)
10-01 15:03:34.496 W/FrameProbe(18737): nativeOnCameraFrame 48.2 ms (trackedPts=0)
10-01 15:03:34.625 W/FrameProbe(18737): nativeOnCameraFrame 48.8 ms (trackedPts=0)
10-01 15:03:34.743 W/FrameProbe(18737): nativeOnCameraFrame 34.4 ms (trackedPts=0)
10-01 15:03:34.892 W/FrameProbe(18737): nativeOnCameraFrame 43.0 ms (trackedPts=0)
10-01 15:03:35.013 W/FrameProbe(18737): nativeOnCameraFrame 40.1 ms (trackedPts=0)
10-01 15:03:35.013 D/FpsProbe(18737): fps=29.0
10-01 15:03:35.160 W/FrameProbe(18737): nativeOnCameraFrame 52.5 ms (trackedPts=0)
10-01 15:03:35.302 W/FrameProbe(18737): nativeOnCameraFrame 52.5 ms (trackedPts=0)
10-01 15:03:35.423 W/FrameProbe(18737): nativeOnCameraFrame 52.0 ms (trackedPts=0)
10-01 15:03:35.568 W/FrameProbe(18737): nativeOnCameraFrame 52.9 ms (trackedPts=0)
10-01 15:03:35.690 W/FrameProbe(18737): nativeOnCameraFrame 49.2 ms (trackedPts=0)
10-01 15:03:35.818 W/FrameProbe(18737): nativeOnCameraFrame 43.4 ms (trackedPts=0)
10-01 15:03:35.948 W/FrameProbe(18737): nativeOnCameraFrame 38.9 ms (trackedPts=0)
10-01 15:03:36.020 D/FpsProbe(18737): fps=28.1
10-01 15:03:36.091 W/FrameProbe(18737): nativeOnCameraFrame 48.3 ms (trackedPts=0)
10-01 15:03:36.222 W/FrameProbe(18737): nativeOnCameraFrame 47.9 ms (trackedPts=0)
10-01 15:03:36.350 W/FrameProbe(18737): nativeOnCameraFrame 48.4 ms (trackedPts=0)
10-01 15:03:36.487 W/FrameProbe(18737): nativeOnCameraFrame 48.8 ms (trackedPts=0)
10-01 15:03:36.621 W/FrameProbe(18737): nativeOnCameraFrame 48.2 ms (trackedPts=0)
10-01 15:03:36.754 W/FrameProbe(18737): nativeOnCameraFrame 43.9 ms (trackedPts=0)
10-01 15:03:36.884 W/FrameProbe(18737): nativeOnCameraFrame 44.4 ms (trackedPts=0)
10-01 15:03:37.018 W/FrameProbe(18737): nativeOnCameraFrame 50.0 ms (trackedPts=0)
10-01 15:03:37.043 W/FrameProbe(18737): nativeOnCameraFrame 18.4 ms (trackedPts=0)
10-01 15:03:37.061 D/FpsProbe(18737): fps=29.0
10-01 15:03:37.156 W/FrameProbe(18737): nativeOnCameraFrame 48.9 ms (trackedPts=0)
10-01 15:03:37.179 W/FrameProbe(18737): nativeOnCameraFrame 16.5 ms (trackedPts=0)
10-01 15:03:37.292 W/FrameProbe(18737): nativeOnCameraFrame 48.4 ms (trackedPts=0)
10-01 15:03:37.416 W/FrameProbe(18737): nativeOnCameraFrame 41.1 ms (trackedPts=0)
10-01 15:03:37.551 W/FrameProbe(18737): nativeOnCameraFrame 43.0 ms (trackedPts=0)
10-01 15:03:37.690 W/FrameProbe(18737): nativeOnCameraFrame 42.1 ms (trackedPts=0)
10-01 15:03:37.712 W/FrameProbe(18737): nativeOnCameraFrame 19.6 ms (trackedPts=0)
10-01 15:03:37.737 W/FrameProbe(18737): nativeOnCameraFrame 16.0 ms (trackedPts=0)
10-01 15:03:37.831 W/FrameProbe(18737): nativeOnCameraFrame 48.2 ms (trackedPts=0)
10-01 15:03:37.964 W/FrameProbe(18737): nativeOnCameraFrame 50.0 ms (trackedPts=0)
10-01 15:03:38.090 W/FrameProbe(18737): nativeOnCameraFrame 42.0 ms (trackedPts=0)
10-01 15:03:38.111 D/FpsProbe(18737): fps=30.0
10-01 15:03:38.214 W/FrameProbe(18737): nativeOnCameraFrame 44.1 ms (trackedPts=0)
10-01 15:03:38.349 W/FrameProbe(18737): nativeOnCameraFrame 48.3 ms (trackedPts=0)
10-01 15:03:38.504 W/FrameProbe(18737): nativeOnCameraFrame 52.3 ms (trackedPts=0)
10-01 15:03:38.619 W/FrameProbe(18737): nativeOnCameraFrame 46.3 ms (trackedPts=0)
10-01 15:03:38.644 W/FrameProbe(18737): nativeOnCameraFrame 18.1 ms (trackedPts=0)
10-01 15:03:38.756 W/FrameProbe(18737): nativeOnCameraFrame 47.4 ms (trackedPts=0)
10-01 15:03:38.779 W/FrameProbe(18737): nativeOnCameraFrame 16.4 ms (trackedPts=0)
10-01 15:03:38.878 W/FrameProbe(18737): nativeOnCameraFrame 44.9 ms (trackedPts=0)
10-01 15:03:39.017 W/FrameProbe(18737): nativeOnCameraFrame 40.5 ms (trackedPts=0)
10-01 15:03:39.161 W/FrameProbe(18737): nativeOnCameraFrame 45.1 ms (trackedPts=0)
10-01 15:03:39.161 D/FpsProbe(18737): fps=29.0
10-01 15:03:39.279 W/FrameProbe(18737): nativeOnCameraFrame 40.3 ms (trackedPts=0)
10-01 15:03:39.420 W/FrameProbe(18737): nativeOnCameraFrame 38.4 ms (trackedPts=0)
10-01 15:03:39.443 W/FrameProbe(18737): nativeOnCameraFrame 16.0 ms (trackedPts=0)
10-01 15:03:39.545 W/FrameProbe(18737): nativeOnCameraFrame 34.7 ms (trackedPts=0)
10-01 15:03:39.683 W/FrameProbe(18737): nativeOnCameraFrame 44.1 ms (trackedPts=0)
10-01 15:03:39.826 W/FrameProbe(18737): nativeOnCameraFrame 44.0 ms (trackedPts=0)
10-01 15:03:39.954 W/FrameProbe(18737): nativeOnCameraFrame 53.0 ms (trackedPts=0)
10-01 15:03:40.098 W/FrameProbe(18737): nativeOnCameraFrame 52.0 ms (trackedPts=0)
10-01 15:03:40.153 D/FpsProbe(18737): fps=30.0
10-01 15:03:40.222 W/FrameProbe(18737): nativeOnCameraFrame 41.6 ms (trackedPts=0)
10-01 15:03:40.365 W/FrameProbe(18737): nativeOnCameraFrame 50.0 ms (trackedPts=0)
10-01 15:03:40.486 W/FrameProbe(18737): nativeOnCameraFrame 42.6 ms (trackedPts=0)
10-01 15:03:40.505 W/FrameProbe(18737): nativeOnCameraFrame 16.7 ms (trackedPts=0)
10-01 15:03:40.622 W/FrameProbe(18737): nativeOnCameraFrame 41.2 ms (trackedPts=0)
10-01 15:03:40.742 W/FrameProbe(18737): nativeOnCameraFrame 44.5 ms (trackedPts=0)
10-01 15:03:40.890 W/FrameProbe(18737): nativeOnCameraFrame 43.2 ms (trackedPts=0)
10-01 15:03:41.012 W/FrameProbe(18737): nativeOnCameraFrame 46.9 ms (trackedPts=0)
10-01 15:03:41.151 W/FrameProbe(18737): nativeOnCameraFrame 40.8 ms (trackedPts=0)
10-01 15:03:41.187 D/FpsProbe(18737): fps=29.0
10-01 15:03:41.285 W/FrameProbe(18737): nativeOnCameraFrame 44.3 ms (trackedPts=0)
10-01 15:03:41.419 W/FrameProbe(18737): nativeOnCameraFrame 47.6 ms (trackedPts=0)
10-01 15:03:41.556 W/FrameProbe(18737): nativeOnCameraFrame 49.9 ms (trackedPts=0)
10-01 15:03:41.704 W/FrameProbe(18737): nativeOnCameraFrame 53.0 ms (trackedPts=0)
10-01 15:03:41.822 W/FrameProbe(18737): nativeOnCameraFrame 47.7 ms (trackedPts=0)
10-01 15:03:41.844 W/FrameProbe(18737): nativeOnCameraFrame 17.4 ms (trackedPts=0)
10-01 15:03:41.958 W/FrameProbe(18737): nativeOnCameraFrame 50.6 ms (trackedPts=0)
10-01 15:03:41.979 W/FrameProbe(18737): nativeOnCameraFrame 18.5 ms (trackedPts=0)
10-01 15:03:42.088 W/FrameProbe(18737): nativeOnCameraFrame 47.8 ms (trackedPts=0)
10-01 15:03:42.221 W/FrameProbe(18737): nativeOnCameraFrame 48.0 ms (trackedPts=0)
10-01 15:03:42.243 W/FrameProbe(18737): nativeOnCameraFrame 19.7 ms (trackedPts=0)
10-01 15:03:42.243 D/FpsProbe(18737): fps=30.0
10-01 15:03:42.355 W/FrameProbe(18737): nativeOnCameraFrame 48.8 ms (trackedPts=0)
10-01 15:03:42.380 W/FrameProbe(18737): nativeOnCameraFrame 19.2 ms (trackedPts=0)
10-01 15:03:42.491 W/FrameProbe(18737): nativeOnCameraFrame 42.9 ms (trackedPts=0)
10-01 15:03:42.619 W/FrameProbe(18737): nativeOnCameraFrame 45.9 ms (trackedPts=0)
10-01 15:03:42.641 W/FrameProbe(18737): nativeOnCameraFrame 19.7 ms (trackedPts=0)
10-01 15:03:42.755 W/FrameProbe(18737): nativeOnCameraFrame 49.7 ms (trackedPts=0)
10-01 15:03:42.880 W/FrameProbe(18737): nativeOnCameraFrame 40.6 ms (trackedPts=0)
10-01 15:03:43.026 W/FrameProbe(18737): nativeOnCameraFrame 46.3 ms (trackedPts=0)
10-01 15:03:43.162 W/FrameProbe(18737): nativeOnCameraFrame 48.1 ms (trackedPts=0)
10-01 15:03:43.294 W/FrameProbe(18737): nativeOnCameraFrame 46.6 ms (trackedPts=0)
10-01 15:03:43.294 D/FpsProbe(18737): fps=29.0
10-01 15:03:43.422 W/FrameProbe(18737): nativeOnCameraFrame 48.4 ms (trackedPts=0)
10-01 15:03:43.550 W/FrameProbe(18737): nativeOnCameraFrame 42.9 ms (trackedPts=0)
10-01 15:03:43.695 W/FrameProbe(18737): nativeOnCameraFrame 50.4 ms (trackedPts=0)
10-01 15:03:43.822 W/FrameProbe(18737): nativeOnCameraFrame 48.4 ms (trackedPts=0)
10-01 15:03:43.952 W/FrameProbe(18737): nativeOnCameraFrame 43.1 ms (trackedPts=0)
10-01 15:03:44.082 W/FrameProbe(18737): nativeOnCameraFrame 40.7 ms (trackedPts=0)
10-01 15:03:44.216 W/FrameProbe(18737): nativeOnCameraFrame 43.1 ms (trackedPts=0)
10-01 15:03:44.289 D/FpsProbe(18737): fps=30.0
10-01 15:03:44.362 W/FrameProbe(18737): nativeOnCameraFrame 48.5 ms (trackedPts=0)
10-01 15:03:44.481 W/FrameProbe(18737): nativeOnCameraFrame 47.4 ms (trackedPts=0)
10-01 15:03:44.616 W/FrameProbe(18737): nativeOnCameraFrame 45.0 ms (trackedPts=0)
10-01 15:03:44.755 W/FrameProbe(18737): nativeOnCameraFrame 55.0 ms (trackedPts=0)
10-01 15:03:44.887 W/FrameProbe(18737): nativeOnCameraFrame 49.2 ms (trackedPts=0)
10-01 15:03:45.026 W/FrameProbe(18737): nativeOnCameraFrame 50.7 ms (trackedPts=0)
10-01 15:03:45.162 W/FrameProbe(18737): nativeOnCameraFrame 51.8 ms (trackedPts=0)
10-01 15:03:45.298 W/FrameProbe(18737): nativeOnCameraFrame 53.9 ms (trackedPts=0)
10-01 15:03:45.319 D/FpsProbe(18737): fps=28.1
10-01 15:03:45.416 W/FrameProbe(18737): nativeOnCameraFrame 51.0 ms (trackedPts=0)
10-01 15:03:45.442 W/FrameProbe(18737): nativeOnCameraFrame 18.6 ms (trackedPts=0)
10-01 15:03:45.560 W/FrameProbe(18737): nativeOnCameraFrame 49.6 ms (trackedPts=0)
10-01 15:03:45.714 W/FrameProbe(18737): nativeOnCameraFrame 68.8 ms (trackedPts=0)
10-01 15:03:45.835 W/FrameProbe(18737): nativeOnCameraFrame 52.3 ms (trackedPts=0)
10-01 15:03:45.957 W/FrameProbe(18737): nativeOnCameraFrame 47.0 ms (trackedPts=0)
10-01 15:03:46.091 W/FrameProbe(18737): nativeOnCameraFrame 43.4 ms (trackedPts=0)
10-01 15:03:46.110 W/FrameProbe(18737): nativeOnCameraFrame 17.1 ms (trackedPts=0)
10-01 15:03:46.207 W/FrameProbe(18737): nativeOnCameraFrame 33.2 ms (trackedPts=0)
10-01 15:03:46.363 W/FrameProbe(18737): nativeOnCameraFrame 46.3 ms (trackedPts=0)
10-01 15:03:46.381 D/FpsProbe(18737): fps=28.1
10-01 15:03:46.482 W/FrameProbe(18737): nativeOnCameraFrame 41.3 ms (trackedPts=0)
10-01 15:03:46.510 W/FrameProbe(18737): nativeOnCameraFrame 18.0 ms (trackedPts=0)
10-01 15:03:46.607 W/FrameProbe(18737): nativeOnCameraFrame 35.1 ms (trackedPts=0)
10-01 15:03:46.750 W/FrameProbe(18737): nativeOnCameraFrame 43.1 ms (trackedPts=0)
10-01 15:03:46.875 W/FrameProbe(18737): nativeOnCameraFrame 33.8 ms (trackedPts=0)
10-01 15:03:47.025 W/FrameProbe(18737): nativeOnCameraFrame 51.6 ms (trackedPts=0)
10-01 15:03:47.174 W/FrameProbe(18737): nativeOnCameraFrame 59.6 ms (trackedPts=0)
10-01 15:03:47.284 W/FrameProbe(18737): nativeOnCameraFrame 45.5 ms (trackedPts=0)
10-01 15:03:47.417 W/FrameProbe(18737): nativeOnCameraFrame 42.5 ms (trackedPts=0)
10-01 15:03:47.417 D/FpsProbe(18737): fps=30.0
10-01 15:03:47.536 W/FrameProbe(18737): nativeOnCameraFrame 37.6 ms (trackedPts=0)
10-01 15:03:47.685 W/FrameProbe(18737): nativeOnCameraFrame 49.2 ms (trackedPts=0)
10-01 15:03:47.823 W/FrameProbe(18737): nativeOnCameraFrame 43.2 ms (trackedPts=0)
10-01 15:03:47.930 W/FrameProbe(18737): nativeOnCameraFrame 26.8 ms (trackedPts=0)
10-01 15:03:48.080 W/FrameProbe(18737): nativeOnCameraFrame 39.4 ms (trackedPts=0)
10-01 15:03:48.219 W/FrameProbe(18737): nativeOnCameraFrame 40.0 ms (trackedPts=0)
10-01 15:03:48.351 W/FrameProbe(18737): nativeOnCameraFrame 37.8 ms (trackedPts=0)
10-01 15:03:48.414 D/FpsProbe(18737): fps=30.0
10-01 15:03:48.481 W/FrameProbe(18737): nativeOnCameraFrame 47.8 ms (trackedPts=0)
10-01 15:03:48.625 W/FrameProbe(18737): nativeOnCameraFrame 45.9 ms (trackedPts=0)
10-01 15:03:48.753 W/FrameProbe(18737): nativeOnCameraFrame 40.2 ms (trackedPts=0)
10-01 15:03:48.775 W/FrameProbe(18737): nativeOnCameraFrame 16.3 ms (trackedPts=0)
10-01 15:03:48.888 W/FrameProbe(18737): nativeOnCameraFrame 41.6 ms (trackedPts=0)
10-01 15:03:49.008 W/FrameProbe(18737): nativeOnCameraFrame 37.2 ms (trackedPts=0)
10-01 15:03:49.141 W/FrameProbe(18737): nativeOnCameraFrame 34.2 ms (trackedPts=0)
10-01 15:03:49.288 W/FrameProbe(18737): nativeOnCameraFrame 43.4 ms (trackedPts=0)
10-01 15:03:49.311 W/FrameProbe(18737): nativeOnCameraFrame 16.4 ms (trackedPts=0)
10-01 15:03:49.410 W/FrameProbe(18737): nativeOnCameraFrame 42.7 ms (trackedPts=0)
10-01 15:03:49.445 D/FpsProbe(18737): fps=30.0
10-01 15:03:49.558 W/FrameProbe(18737): nativeOnCameraFrame 47.2 ms (trackedPts=0)
10-01 15:03:49.582 W/FrameProbe(18737): nativeOnCameraFrame 16.1 ms (trackedPts=0)
10-01 15:03:49.676 W/FrameProbe(18737): nativeOnCameraFrame 47.6 ms (trackedPts=0)
10-01 15:03:49.814 W/FrameProbe(18737): nativeOnCameraFrame 41.3 ms (trackedPts=0)
10-01 15:03:49.950 W/FrameProbe(18737): nativeOnCameraFrame 41.4 ms (trackedPts=0)
10-01 15:03:50.083 W/FrameProbe(18737): nativeOnCameraFrame 45.3 ms (trackedPts=0)
10-01 15:03:50.206 W/FrameProbe(18737): nativeOnCameraFrame 31.1 ms (trackedPts=0)
10-01 15:03:50.344 W/FrameProbe(18737): nativeOnCameraFrame 35.6 ms (trackedPts=0)
10-01 15:03:50.481 W/FrameProbe(18737): nativeOnCameraFrame 35.6 ms (trackedPts=0)
10-01 15:03:50.494 D/FpsProbe(18737): fps=30.0
10-01 15:03:50.603 W/FrameProbe(18737): nativeOnCameraFrame 31.6 ms (trackedPts=0)
10-01 15:03:50.739 W/FrameProbe(18737): nativeOnCameraFrame 32.5 ms (trackedPts=0)
10-01 15:03:50.878 W/FrameProbe(18737): nativeOnCameraFrame 31.5 ms (trackedPts=0)
10-01 15:03:51.018 W/FrameProbe(18737): nativeOnCameraFrame 50.5 ms (trackedPts=0)
10-01 15:03:51.151 W/FrameProbe(18737): nativeOnCameraFrame 37.9 ms (trackedPts=0)
10-01 15:03:51.267 W/FrameProbe(18737): nativeOnCameraFrame 30.4 ms (trackedPts=0)
10-01 15:03:51.413 W/FrameProbe(18737): nativeOnCameraFrame 36.7 ms (trackedPts=0)
10-01 15:03:51.543 W/FrameProbe(18737): nativeOnCameraFrame 40.1 ms (trackedPts=0)
10-01 15:03:51.544 D/FpsProbe(18737): fps=30.0
10-01 15:03:51.679 W/FrameProbe(18737): nativeOnCameraFrame 32.9 ms (trackedPts=0)
10-01 15:03:51.820 W/FrameProbe(18737): nativeOnCameraFrame 39.5 ms (trackedPts=0)
10-01 15:03:51.843 W/FrameProbe(18737): nativeOnCameraFrame 17.5 ms (trackedPts=0)
10-01 15:03:51.943 W/FrameProbe(18737): nativeOnCameraFrame 37.9 ms (trackedPts=0)
10-01 15:03:52.070 W/FrameProbe(18737): nativeOnCameraFrame 30.0 ms (trackedPts=0)
10-01 15:03:52.216 W/FrameProbe(18737): nativeOnCameraFrame 35.4 ms (trackedPts=0)
10-01 15:03:52.345 W/FrameProbe(18737): nativeOnCameraFrame 33.3 ms (trackedPts=0)
10-01 15:03:52.478 W/FrameProbe(18737): nativeOnCameraFrame 40.2 ms (trackedPts=0)
10-01 15:03:52.541 D/FpsProbe(18737): fps=30.0
10-01 15:03:52.607 W/FrameProbe(18737): nativeOnCameraFrame 28.6 ms (trackedPts=0)
10-01 15:03:52.744 W/FrameProbe(18737): nativeOnCameraFrame 30.8 ms (trackedPts=0)
10-01 15:03:52.865 W/FrameProbe(18737): nativeOnCameraFrame 24.3 ms (trackedPts=0)
10-01 15:03:53.005 W/FrameProbe(18737): nativeOnCameraFrame 31.5 ms (trackedPts=0)
10-01 15:03:53.135 W/FrameProbe(18737): nativeOnCameraFrame 31.5 ms (trackedPts=0)
10-01 15:03:53.275 W/FrameProbe(18737): nativeOnCameraFrame 31.1 ms (trackedPts=0)
10-01 15:03:53.407 W/FrameProbe(18737): nativeOnCameraFrame 33.0 ms (trackedPts=0)
10-01 15:03:53.540 W/FrameProbe(18737): nativeOnCameraFrame 39.0 ms (trackedPts=0)
10-01 15:03:53.577 D/FpsProbe(18737): fps=30.0
10-01 15:03:53.683 W/FrameProbe(18737): nativeOnCameraFrame 41.0 ms (trackedPts=0)
10-01 15:03:53.809 W/FrameProbe(18737): nativeOnCameraFrame 29.9 ms (trackedPts=0)
10-01 15:03:53.940 W/FrameProbe(18737): nativeOnCameraFrame 32.2 ms (trackedPts=0)
10-01 15:03:54.060 W/FrameProbe(18737): nativeOnCameraFrame 21.9 ms (trackedPts=0)
10-01 15:03:54.209 W/FrameProbe(18737): nativeOnCameraFrame 37.5 ms (trackedPts=0)
10-01 15:03:54.342 W/FrameProbe(18737): nativeOnCameraFrame 32.0 ms (trackedPts=0)
10-01 15:03:54.474 W/FrameProbe(18737): nativeOnCameraFrame 33.9 ms (trackedPts=0)
10-01 15:03:54.604 W/FrameProbe(18737): nativeOnCameraFrame 24.1 ms (trackedPts=0)
10-01 15:03:54.616 D/FpsProbe(18737): fps=30.0
10-01 15:03:54.735 W/FrameProbe(18737): nativeOnCameraFrame 25.0 ms (trackedPts=0)
10-01 15:03:54.874 W/FrameProbe(18737): nativeOnCameraFrame 33.6 ms (trackedPts=0)
10-01 15:03:55.017 W/FrameProbe(18737): nativeOnCameraFrame 36.5 ms (trackedPts=0)
10-01 15:03:55.133 W/FrameProbe(18737): nativeOnCameraFrame 32.0 ms (trackedPts=0)
10-01 15:03:55.266 W/FrameProbe(18737): nativeOnCameraFrame 25.7 ms (trackedPts=0)
10-01 15:03:55.407 W/FrameProbe(18737): nativeOnCameraFrame 32.4 ms (trackedPts=0)
10-01 15:03:55.537 W/FrameProbe(18737): nativeOnCameraFrame 24.6 ms (trackedPts=0)
10-01 15:03:55.663 W/FrameProbe(18737): nativeOnCameraFrame 23.0 ms (trackedPts=0)
10-01 15:03:55.663 D/FpsProbe(18737): fps=30.0
10-01 15:03:55.793 W/FrameProbe(18737): nativeOnCameraFrame 27.9 ms (trackedPts=0)
10-01 15:03:55.947 W/FrameProbe(18737): nativeOnCameraFrame 32.8 ms (trackedPts=0)
10-01 15:03:56.061 W/FrameProbe(18737): nativeOnCameraFrame 26.7 ms (trackedPts=0)
10-01 15:03:56.209 W/FrameProbe(18737): nativeOnCameraFrame 26.9 ms (trackedPts=0)
10-01 15:03:56.325 W/FrameProbe(18737): nativeOnCameraFrame 28.0 ms (trackedPts=0)
10-01 15:03:56.467 W/FrameProbe(18737): nativeOnCameraFrame 29.4 ms (trackedPts=0)
10-01 15:03:56.593 W/FrameProbe(18737): nativeOnCameraFrame 24.9 ms (trackedPts=0)
10-01 15:03:56.683 D/FpsProbe(18737): fps=30.0
10-01 15:03:56.726 W/FrameProbe(18737): nativeOnCameraFrame 27.0 ms (trackedPts=0)
10-01 15:03:56.880 W/FrameProbe(18737): nativeOnCameraFrame 32.6 ms (trackedPts=0)
10-01 15:03:56.907 W/FrameProbe(18737): nativeOnCameraFrame 21.4 ms (trackedPts=0)
10-01 15:03:56.991 W/FrameProbe(18737): nativeOnCameraFrame 27.3 ms (trackedPts=0)
10-01 15:03:57.143 W/FrameProbe(18737): nativeOnCameraFrame 44.3 ms (trackedPts=0)
10-01 15:03:57.270 W/FrameProbe(18737): nativeOnCameraFrame 29.6 ms (trackedPts=0)
10-01 15:03:57.400 W/FrameProbe(18737): nativeOnCameraFrame 26.7 ms (trackedPts=0)
10-01 15:03:57.539 W/FrameProbe(18737): nativeOnCameraFrame 31.7 ms (trackedPts=0)
10-01 15:03:57.670 W/FrameProbe(18737): nativeOnCameraFrame 27.4 ms (trackedPts=0)
10-01 15:03:57.713 D/FpsProbe(18737): fps=30.0
10-01 15:03:57.801 W/FrameProbe(18737): nativeOnCameraFrame 27.8 ms (trackedPts=0)
10-01 15:03:57.942 W/FrameProbe(18737): nativeOnCameraFrame 35.9 ms (trackedPts=0)
10-01 15:03:58.077 W/FrameProbe(18737): nativeOnCameraFrame 33.3 ms (trackedPts=0)
10-01 15:03:58.205 W/FrameProbe(18737): nativeOnCameraFrame 31.3 ms (trackedPts=0)
10-01 15:03:58.345 W/FrameProbe(18737): nativeOnCameraFrame 31.0 ms (trackedPts=0)
10-01 15:03:58.464 W/FrameProbe(18737): nativeOnCameraFrame 26.5 ms (trackedPts=0)
10-01 15:03:58.606 W/FrameProbe(18737): nativeOnCameraFrame 35.8 ms (trackedPts=0)
10-01 15:03:58.737 W/FrameProbe(18737): nativeOnCameraFrame 30.7 ms (trackedPts=0)
10-01 15:03:58.752 D/FpsProbe(18737): fps=30.0
10-01 15:03:58.883 W/FrameProbe(18737): nativeOnCameraFrame 35.8 ms (trackedPts=0)
10-01 15:03:59.008 W/FrameProbe(18737): nativeOnCameraFrame 29.1 ms (trackedPts=0)
10-01 15:03:59.141 W/FrameProbe(18737): nativeOnCameraFrame 42.0 ms (trackedPts=0)
10-01 15:03:59.269 W/FrameProbe(18737): nativeOnCameraFrame 36.1 ms (trackedPts=0)
10-01 15:03:59.406 W/FrameProbe(18737): nativeOnCameraFrame 29.0 ms (trackedPts=0)
10-01 15:03:59.543 W/FrameProbe(18737): nativeOnCameraFrame 29.8 ms (trackedPts=0)
10-01 15:03:59.674 W/FrameProbe(18737): nativeOnCameraFrame 33.7 ms (trackedPts=0)
10-01 15:03:59.812 W/FrameProbe(18737): nativeOnCameraFrame 36.8 ms (trackedPts=0)
10-01 15:03:59.812 D/FpsProbe(18737): fps=30.0
10-01 15:03:59.953 W/FrameProbe(18737): nativeOnCameraFrame 41.6 ms (trackedPts=0)
10-01 15:03:59.976 W/FrameProbe(18737): nativeOnCameraFrame 16.1 ms (trackedPts=0)
10-01 15:04:00.068 W/FrameProbe(18737): nativeOnCameraFrame 35.6 ms (trackedPts=0)
10-01 15:04:00.209 W/FrameProbe(18737): nativeOnCameraFrame 42.9 ms (trackedPts=0)
10-01 15:04:00.340 W/FrameProbe(18737): nativeOnCameraFrame 39.9 ms (trackedPts=0)
10-01 15:04:00.487 W/FrameProbe(18737): nativeOnCameraFrame 44.7 ms (trackedPts=0)
10-01 15:04:00.609 W/FrameProbe(18737): nativeOnCameraFrame 35.8 ms (trackedPts=0)
10-01 15:04:00.743 W/FrameProbe(18737): nativeOnCameraFrame 38.7 ms (trackedPts=0)
10-01 15:04:00.812 D/FpsProbe(18737): fps=30.0
10-01 15:04:00.882 W/FrameProbe(18737): nativeOnCameraFrame 49.9 ms (trackedPts=0)
10-01 15:04:01.038 W/FrameProbe(18737): nativeOnCameraFrame 60.1 ms (trackedPts=0)
10-01 15:04:01.162 W/FrameProbe(18737): nativeOnCameraFrame 57.2 ms (trackedPts=0)
10-01 15:04:01.297 W/FrameProbe(18737): nativeOnCameraFrame 58.8 ms (trackedPts=0)
10-01 15:04:01.421 W/FrameProbe(18737): nativeOnCameraFrame 54.8 ms (trackedPts=0)
10-01 15:04:01.555 W/FrameProbe(18737): nativeOnCameraFrame 55.8 ms (trackedPts=0)
10-01 15:04:01.685 W/FrameProbe(18737): nativeOnCameraFrame 49.3 ms (trackedPts=0)
10-01 15:04:01.829 W/FrameProbe(18737): nativeOnCameraFrame 49.9 ms (trackedPts=0)
10-01 15:04:01.853 D/FpsProbe(18737): fps=28.1
10-01 15:04:01.946 W/FrameProbe(18737): nativeOnCameraFrame 42.5 ms (trackedPts=0)
10-01 15:04:02.086 W/FrameProbe(18737): nativeOnCameraFrame 51.3 ms (trackedPts=0)
10-01 15:04:02.223 W/FrameProbe(18737): nativeOnCameraFrame 45.8 ms (trackedPts=0)
10-01 15:04:02.241 W/FrameProbe(18737): nativeOnCameraFrame 16.3 ms (trackedPts=0)
10-01 15:04:02.363 W/FrameProbe(18737): nativeOnCameraFrame 49.8 ms (trackedPts=0)
10-01 15:04:02.484 W/FrameProbe(18737): nativeOnCameraFrame 40.2 ms (trackedPts=0)
10-01 15:04:02.609 W/FrameProbe(18737): nativeOnCameraFrame 37.2 ms (trackedPts=0)
10-01 15:04:02.736 W/FrameProbe(18737): nativeOnCameraFrame 31.9 ms (trackedPts=0)
10-01 15:04:02.871 W/FrameProbe(18737): nativeOnCameraFrame 28.3 ms (trackedPts=0)
10-01 15:04:02.882 D/FpsProbe(18737): fps=29.1
10-01 15:04:03.006 W/FrameProbe(18737): nativeOnCameraFrame 26.7 ms (trackedPts=0)
10-01 15:04:03.148 W/FrameProbe(18737): nativeOnCameraFrame 49.8 ms (trackedPts=0)
10-01 15:04:03.173 W/FrameProbe(18737): nativeOnCameraFrame 17.1 ms (trackedPts=0)
10-01 15:04:03.243 W/FrameProbe(18737): nativeOnCameraFrame 32.9 ms (trackedPts=0)
10-01 15:04:03.384 W/FrameProbe(18737): nativeOnCameraFrame 38.9 ms (trackedPts=0)
10-01 15:04:03.407 W/FrameProbe(18737): nativeOnCameraFrame 18.4 ms (trackedPts=0)
10-01 15:04:03.503 W/FrameProbe(18737): nativeOnCameraFrame 33.5 ms (trackedPts=0)
10-01 15:04:03.634 W/FrameProbe(18737): nativeOnCameraFrame 23.0 ms (trackedPts=0)
10-01 15:04:03.790 W/FrameProbe(18737): nativeOnCameraFrame 43.3 ms (trackedPts=0)
10-01 15:04:03.834 W/FrameProbe(18737): nativeOnCameraFrame 17.6 ms (trackedPts=0)
10-01 15:04:03.910 W/FrameProbe(18737): nativeOnCameraFrame 32.4 ms (trackedPts=0)
10-01 15:04:03.911 D/FpsProbe(18737): fps=30.0
10-01 15:04:04.044 W/FrameProbe(18737): nativeOnCameraFrame 45.2 ms (trackedPts=0)
10-01 15:04:04.071 W/FrameProbe(18737): nativeOnCameraFrame 18.6 ms (trackedPts=0)
10-01 15:04:04.183 W/FrameProbe(18737): nativeOnCameraFrame 34.2 ms (trackedPts=0)
10-01 15:04:04.290 W/FrameProbe(18737): nativeOnCameraFrame 27.5 ms (trackedPts=0)
10-01 15:04:04.434 W/FrameProbe(18737): nativeOnCameraFrame 30.2 ms (trackedPts=0)
10-01 15:04:04.571 W/FrameProbe(18737): nativeOnCameraFrame 25.9 ms (trackedPts=0)
10-01 15:04:04.698 W/FrameProbe(18737): nativeOnCameraFrame 34.3 ms (trackedPts=0)
10-01 15:04:04.843 W/FrameProbe(18737): nativeOnCameraFrame 30.4 ms (trackedPts=0)
10-01 15:04:04.908 D/FpsProbe(18737): fps=30.0
10-01 15:04:04.977 W/FrameProbe(18737): nativeOnCameraFrame 32.7 ms (trackedPts=0)
10-01 15:04:05.100 W/FrameProbe(18737): nativeOnCameraFrame 25.1 ms (trackedPts=0)
10-01 15:04:05.240 W/FrameProbe(18737): nativeOnCameraFrame 28.1 ms (trackedPts=0)
10-01 15:04:05.375 W/FrameProbe(18737): nativeOnCameraFrame 31.3 ms (trackedPts=0)
10-01 15:04:05.500 W/FrameProbe(18737): nativeOnCameraFrame 30.6 ms (trackedPts=0)
10-01 15:04:05.640 W/FrameProbe(18737): nativeOnCameraFrame 28.7 ms (trackedPts=0)
10-01 15:04:05.771 W/FrameProbe(18737): nativeOnCameraFrame 25.1 ms (trackedPts=0)
10-01 15:04:05.903 W/FrameProbe(18737): nativeOnCameraFrame 28.5 ms (trackedPts=0)
10-01 15:04:05.940 D/FpsProbe(18737): fps=30.0
10-01 15:04:06.030 W/FrameProbe(18737): nativeOnCameraFrame 20.7 ms (trackedPts=0)
10-01 15:04:06.172 W/FrameProbe(18737): nativeOnCameraFrame 26.4 ms (trackedPts=0)
10-01 15:04:06.299 W/FrameProbe(18737): nativeOnCameraFrame 29.8 ms (trackedPts=0)
10-01 15:04:06.435 W/FrameProbe(18737): nativeOnCameraFrame 26.6 ms (trackedPts=0)
10-01 15:04:06.561 W/FrameProbe(18737): nativeOnCameraFrame 22.9 ms (trackedPts=0)
10-01 15:04:06.704 W/FrameProbe(18737): nativeOnCameraFrame 30.8 ms (trackedPts=0)
10-01 15:04:06.825 W/FrameProbe(18737): nativeOnCameraFrame 21.5 ms (trackedPts=0)
10-01 15:04:06.967 W/FrameProbe(18737): nativeOnCameraFrame 25.3 ms (trackedPts=0)
10-01 15:04:06.983 D/FpsProbe(18737): fps=30.0
10-01 15:04:07.097 W/FrameProbe(18737): nativeOnCameraFrame 25.8 ms (trackedPts=0)
10-01 15:04:07.235 W/FrameProbe(18737): nativeOnCameraFrame 25.4 ms (trackedPts=0)
10-01 15:04:07.366 W/FrameProbe(18737): nativeOnCameraFrame 24.2 ms (trackedPts=0)
10-01 15:04:07.513 W/FrameProbe(18737): nativeOnCameraFrame 36.3 ms (trackedPts=0)
10-01 15:04:07.542 W/FrameProbe(18737): nativeOnCameraFrame 22.2 ms (trackedPts=0)
10-01 15:04:07.638 W/FrameProbe(18737): nativeOnCameraFrame 28.6 ms (trackedPts=0)
10-01 15:04:07.766 W/FrameProbe(18737): nativeOnCameraFrame 25.5 ms (trackedPts=0)
10-01 15:04:07.888 W/FrameProbe(18737): nativeOnCameraFrame 20.5 ms (trackedPts=0)
10-01 15:04:08.051 W/FrameProbe(18737): nativeOnCameraFrame 32.5 ms (trackedPts=0)
10-01 15:04:08.051 D/FpsProbe(18737): fps=30.0
10-01 15:04:08.075 W/FrameProbe(18737): nativeOnCameraFrame 17.7 ms (trackedPts=0)
10-01 15:04:08.174 W/FrameProbe(18737): nativeOnCameraFrame 29.9 ms (trackedPts=0)
10-01 15:04:08.305 W/FrameProbe(18737): nativeOnCameraFrame 36.4 ms (trackedPts=0)
10-01 15:04:08.424 W/FrameProbe(18737): nativeOnCameraFrame 24.6 ms (trackedPts=0)
10-01 15:04:08.557 W/FrameProbe(18737): nativeOnCameraFrame 24.4 ms (trackedPts=0)
10-01 15:04:08.834 W/FrameProbe(18737): nativeOnCameraFrame 33.0 ms (trackedPts=0)
10-01 15:04:08.996 W/FrameProbe(18737): nativeOnCameraFrame 46.3 ms (trackedPts=0)
10-01 15:04:09.043 D/FpsProbe(18737): fps=30.0
10-01 15:04:09.118 W/FrameProbe(18737): nativeOnCameraFrame 40.9 ms (trackedPts=0)
10-01 15:04:09.140 W/FrameProbe(18737): nativeOnCameraFrame 18.9 ms (trackedPts=0)
10-01 15:04:09.236 W/FrameProbe(18737): nativeOnCameraFrame 26.7 ms (trackedPts=0)
10-01 15:04:09.365 W/FrameProbe(18737): nativeOnCameraFrame 27.6 ms (trackedPts=0)
10-01 15:04:09.449 W/FrameProbe(18737): nativeOnCameraFrame 16.0 ms (trackedPts=0)
10-01 15:04:09.509 W/FrameProbe(18737): nativeOnCameraFrame 26.4 ms (trackedPts=0)
10-01 15:04:09.632 W/FrameProbe(18737): nativeOnCameraFrame 25.2 ms (trackedPts=0)
10-01 15:04:09.772 W/FrameProbe(18737): nativeOnCameraFrame 27.6 ms (trackedPts=0)
10-01 15:04:09.904 W/FrameProbe(18737): nativeOnCameraFrame 27.2 ms (trackedPts=0)
10-01 15:04:10.021 W/FrameProbe(18737): nativeOnCameraFrame 20.2 ms (trackedPts=0)
10-01 15:04:10.081 D/FpsProbe(18737): fps=30.0
10-01 15:04:10.175 W/FrameProbe(18737): nativeOnCameraFrame 30.2 ms (trackedPts=0)
10-01 15:04:10.310 W/FrameProbe(18737): nativeOnCameraFrame 33.4 ms (trackedPts=0)
10-01 15:04:10.419 W/FrameProbe(18737): nativeOnCameraFrame 28.3 ms (trackedPts=0)
10-01 15:04:10.568 W/FrameProbe(18737): nativeOnCameraFrame 25.0 ms (trackedPts=0)
10-01 15:04:10.699 W/FrameProbe(18737): nativeOnCameraFrame 25.1 ms (trackedPts=0)
10-01 15:04:10.847 W/FrameProbe(18737): nativeOnCameraFrame 37.7 ms (trackedPts=0)
10-01 15:04:10.975 W/FrameProbe(18737): nativeOnCameraFrame 26.6 ms (trackedPts=0)
10-01 15:04:11.098 W/FrameProbe(18737): nativeOnCameraFrame 35.1 ms (trackedPts=0)
10-01 15:04:11.115 D/FpsProbe(18737): fps=30.0
10-01 15:04:11.240 W/FrameProbe(18737): nativeOnCameraFrame 25.8 ms (trackedPts=0)
10-01 15:04:11.375 W/FrameProbe(18737): nativeOnCameraFrame 28.0 ms (trackedPts=0)
10-01 15:04:11.502 W/FrameProbe(18737): nativeOnCameraFrame 27.7 ms (trackedPts=0)
10-01 15:04:11.641 W/FrameProbe(18737): nativeOnCameraFrame 32.4 ms (trackedPts=0)
10-01 15:04:11.762 W/FrameProbe(18737): nativeOnCameraFrame 29.7 ms (trackedPts=0)
10-01 15:04:11.903 W/FrameProbe(18737): nativeOnCameraFrame 27.6 ms (trackedPts=0)
10-01 15:04:12.042 W/FrameProbe(18737): nativeOnCameraFrame 26.3 ms (trackedPts=0)
10-01 15:04:12.172 W/FrameProbe(18737): nativeOnCameraFrame 29.2 ms (trackedPts=0)
10-01 15:04:12.172 D/FpsProbe(18737): fps=30.0
10-01 15:04:12.436 W/FrameProbe(18737): nativeOnCameraFrame 27.0 ms (trackedPts=0)
10-01 15:04:12.562 W/FrameProbe(18737): nativeOnCameraFrame 16.4 ms (trackedPts=0)
10-01 15:04:12.695 W/FrameProbe(18737): nativeOnCameraFrame 20.4 ms (trackedPts=0)
10-01 15:04:12.827 W/FrameProbe(18737): nativeOnCameraFrame 22.5 ms (trackedPts=0)
10-01 15:04:12.972 W/FrameProbe(18737): nativeOnCameraFrame 24.2 ms (trackedPts=0)
10-01 15:04:13.088 W/FrameProbe(18737): nativeOnCameraFrame 21.5 ms (trackedPts=0)
10-01 15:04:13.180 D/FpsProbe(18737): fps=30.0
10-01 15:04:13.236 W/FrameProbe(18737): nativeOnCameraFrame 26.7 ms (trackedPts=0)
10-01 15:04:13.353 W/FrameProbe(18737): nativeOnCameraFrame 18.2 ms (trackedPts=0)
10-01 15:04:13.491 W/FrameProbe(18737): nativeOnCameraFrame 23.7 ms (trackedPts=0)
10-01 15:04:13.709 W/FrameProbe(18737): nativeOnCameraFrame 98.7 ms (trackedPts=0)
10-01 15:04:13.830 W/FrameProbe(18737): nativeOnCameraFrame 91.8 ms (trackedPts=0)
10-01 15:04:13.975 W/FrameProbe(18737): nativeOnCameraFrame 101.4 ms (trackedPts=0)
10-01 15:04:14.117 W/FrameProbe(18737): nativeOnCameraFrame 106.8 ms (trackedPts=0)
10-01 15:04:14.261 W/FrameProbe(18737): nativeOnCameraFrame 113.1 ms (trackedPts=0)
10-01 15:04:14.276 D/FpsProbe(18737): fps=20.6 LOW
10-01 15:04:14.450 W/FrameProbe(18737): nativeOnCameraFrame 164.7 ms (trackedPts=0)
10-01 15:04:14.558 W/FrameProbe(18737): nativeOnCameraFrame 98.1 ms (trackedPts=0)
10-01 15:04:14.645 W/FrameProbe(18737): nativeOnCameraFrame 64.2 ms (trackedPts=0)
10-01 15:04:14.761 W/FrameProbe(18737): nativeOnCameraFrame 61.0 ms (trackedPts=0)
10-01 15:04:14.891 W/FrameProbe(18737): nativeOnCameraFrame 67.2 ms (trackedPts=0)
10-01 15:04:15.033 W/FrameProbe(18737): nativeOnCameraFrame 59.0 ms (trackedPts=0)
10-01 15:04:15.155 W/FrameProbe(18737): nativeOnCameraFrame 64.1 ms (trackedPts=0)
10-01 15:04:15.278 W/FrameProbe(18737): nativeOnCameraFrame 44.1 ms (trackedPts=0)
10-01 15:04:15.295 D/FpsProbe(18737): fps=23.2 LOW
10-01 15:04:15.431 W/FrameProbe(18737): nativeOnCameraFrame 53.3 ms (trackedPts=0)
10-01 15:04:15.548 W/FrameProbe(18737): nativeOnCameraFrame 49.3 ms (trackedPts=0)
10-01 15:04:15.575 W/FrameProbe(18737): nativeOnCameraFrame 20.7 ms (trackedPts=0)
10-01 15:04:15.681 W/FrameProbe(18737): nativeOnCameraFrame 36.4 ms (trackedPts=0)
10-01 15:04:15.703 W/FrameProbe(18737): nativeOnCameraFrame 16.8 ms (trackedPts=0)
10-01 15:04:15.810 W/FrameProbe(18737): nativeOnCameraFrame 34.1 ms (trackedPts=0)
10-01 15:04:15.945 W/FrameProbe(18737): nativeOnCameraFrame 40.4 ms (trackedPts=0)
10-01 15:04:16.103 W/FrameProbe(18737): nativeOnCameraFrame 61.7 ms (trackedPts=0)
10-01 15:04:16.137 W/FrameProbe(18737): nativeOnCameraFrame 16.2 ms (trackedPts=0)
10-01 15:04:16.201 W/FrameProbe(18737): nativeOnCameraFrame 35.2 ms (trackedPts=0)
10-01 15:04:16.349 W/FrameProbe(18737): nativeOnCameraFrame 48.3 ms (trackedPts=0)
10-01 15:04:16.349 D/FpsProbe(18737): fps=29.0
10-01 15:04:16.476 W/FrameProbe(18737): nativeOnCameraFrame 45.6 ms (trackedPts=0)
10-01 15:04:16.612 W/FrameProbe(18737): nativeOnCameraFrame 35.5 ms (trackedPts=0)
10-01 15:04:16.744 W/FrameProbe(18737): nativeOnCameraFrame 36.8 ms (trackedPts=0)
10-01 15:04:16.866 W/FrameProbe(18737): nativeOnCameraFrame 32.5 ms (trackedPts=0)
10-01 15:04:17.010 W/FrameProbe(18737): nativeOnCameraFrame 32.2 ms (trackedPts=0)
10-01 15:04:17.136 W/FrameProbe(18737): nativeOnCameraFrame 32.2 ms (trackedPts=0)
10-01 15:04:17.274 W/FrameProbe(18737): nativeOnCameraFrame 38.9 ms (trackedPts=0)
10-01 15:04:17.336 D/FpsProbe(18737): fps=30.0
10-01 15:04:17.408 W/FrameProbe(18737): nativeOnCameraFrame 37.3 ms (trackedPts=0)
10-01 15:04:17.546 W/FrameProbe(18737): nativeOnCameraFrame 36.2 ms (trackedPts=0)
10-01 15:04:17.675 W/FrameProbe(18737): nativeOnCameraFrame 33.3 ms (trackedPts=0)
10-01 15:04:17.821 W/FrameProbe(18737): nativeOnCameraFrame 38.0 ms (trackedPts=0)
10-01 15:04:17.943 W/FrameProbe(18737): nativeOnCameraFrame 37.4 ms (trackedPts=0)
10-01 15:04:18.081 W/FrameProbe(18737): nativeOnCameraFrame 44.2 ms (trackedPts=0)
10-01 15:04:18.112 W/FrameProbe(18737): nativeOnCameraFrame 23.6 ms (trackedPts=0)
10-01 15:04:18.218 W/FrameProbe(18737): nativeOnCameraFrame 44.5 ms (trackedPts=0)
10-01 15:04:18.344 W/FrameProbe(18737): nativeOnCameraFrame 50.1 ms (trackedPts=0)
10-01 15:04:18.373 W/FrameProbe(18737): nativeOnCameraFrame 16.8 ms (trackedPts=0)
10-01 15:04:18.385 D/FpsProbe(18737): fps=29.0
10-01 15:04:18.478 W/FrameProbe(18737): nativeOnCameraFrame 44.7 ms (trackedPts=0)
10-01 15:04:18.619 W/FrameProbe(18737): nativeOnCameraFrame 50.4 ms (trackedPts=0)
10-01 15:04:18.760 W/FrameProbe(18737): nativeOnCameraFrame 53.8 ms (trackedPts=0)
10-01 15:04:18.886 W/FrameProbe(18737): nativeOnCameraFrame 47.1 ms (trackedPts=0)
10-01 15:04:19.018 W/FrameProbe(18737): nativeOnCameraFrame 54.2 ms (trackedPts=0)
10-01 15:04:19.157 W/FrameProbe(18737): nativeOnCameraFrame 49.7 ms (trackedPts=0)
10-01 15:04:19.281 W/FrameProbe(18737): nativeOnCameraFrame 47.9 ms (trackedPts=0)
10-01 15:04:19.419 W/FrameProbe(18737): nativeOnCameraFrame 51.2 ms (trackedPts=0)
10-01 15:04:19.438 D/FpsProbe(18737): fps=29.0
10-01 15:04:19.565 W/FrameProbe(18737): nativeOnCameraFrame 59.2 ms (trackedPts=0)
10-01 15:04:19.685 W/FrameProbe(18737): nativeOnCameraFrame 51.2 ms (trackedPts=0)
10-01 15:04:19.814 W/FrameProbe(18737): nativeOnCameraFrame 47.9 ms (trackedPts=0)
10-01 15:04:19.968 W/FrameProbe(18737): nativeOnCameraFrame 61.2 ms (trackedPts=0)
10-01 15:04:20.223 W/FrameProbe(18737): nativeOnCameraFrame 56.3 ms (trackedPts=0)
10-01 15:04:20.347 W/FrameProbe(18737): nativeOnCameraFrame 52.1 ms (trackedPts=0)
10-01 15:04:20.473 W/FrameProbe(18737): nativeOnCameraFrame 43.8 ms (trackedPts=0)
10-01 15:04:20.473 D/FpsProbe(18737): fps=28.1
10-01 15:04:20.617 W/FrameProbe(18737): nativeOnCameraFrame 40.6 ms (trackedPts=0)
10-01 15:04:20.640 W/FrameProbe(18737): nativeOnCameraFrame 16.5 ms (trackedPts=0)
10-01 15:04:20.749 W/FrameProbe(18737): nativeOnCameraFrame 40.4 ms (trackedPts=0)
10-01 15:04:20.874 W/FrameProbe(18737): nativeOnCameraFrame 44.7 ms (trackedPts=0)
10-01 15:04:21.018 W/FrameProbe(18737): nativeOnCameraFrame 42.2 ms (trackedPts=0)
10-01 15:04:21.148 W/FrameProbe(18737): nativeOnCameraFrame 41.1 ms (trackedPts=0)
10-01 15:04:21.279 W/FrameProbe(18737): nativeOnCameraFrame 44.4 ms (trackedPts=0)
10-01 15:04:21.411 W/FrameProbe(18737): nativeOnCameraFrame 40.0 ms (trackedPts=0)
10-01 15:04:21.477 D/FpsProbe(18737): fps=30.0
10-01 15:04:21.548 W/FrameProbe(18737): nativeOnCameraFrame 44.1 ms (trackedPts=0)
10-01 15:04:21.691 W/FrameProbe(18737): nativeOnCameraFrame 47.8 ms (trackedPts=0)
10-01 15:04:21.810 W/FrameProbe(18737): nativeOnCameraFrame 45.9 ms (trackedPts=0)
10-01 15:04:21.838 W/FrameProbe(18737): nativeOnCameraFrame 21.9 ms (trackedPts=0)
10-01 15:04:21.956 W/FrameProbe(18737): nativeOnCameraFrame 50.2 ms (trackedPts=0)
10-01 15:04:22.099 W/FrameProbe(18737): nativeOnCameraFrame 56.9 ms (trackedPts=0)
10-01 15:04:22.221 W/FrameProbe(18737): nativeOnCameraFrame 45.3 ms (trackedPts=0)
10-01 15:04:22.354 W/FrameProbe(18737): nativeOnCameraFrame 52.4 ms (trackedPts=0)
10-01 15:04:22.500 W/FrameProbe(18737): nativeOnCameraFrame 58.4 ms (trackedPts=0)
10-01 15:04:22.513 D/FpsProbe(18737): fps=28.1
10-01 15:04:22.626 W/FrameProbe(18737): nativeOnCameraFrame 49.6 ms (trackedPts=0)
10-01 15:04:22.757 W/FrameProbe(18737): nativeOnCameraFrame 54.5 ms (trackedPts=0)
10-01 15:04:22.908 W/FrameProbe(18737): nativeOnCameraFrame 65.7 ms (trackedPts=0)
10-01 15:04:23.039 W/FrameProbe(18737): nativeOnCameraFrame 64.1 ms (trackedPts=0)
10-01 15:04:23.163 W/FrameProbe(18737): nativeOnCameraFrame 60.9 ms (trackedPts=0)
10-01 15:04:23.309 W/FrameProbe(18737): nativeOnCameraFrame 66.1 ms (trackedPts=0)
10-01 15:04:23.442 W/FrameProbe(18737): nativeOnCameraFrame 67.1 ms (trackedPts=0)
10-01 15:04:23.559 W/FrameProbe(18737): nativeOnCameraFrame 59.4 ms (trackedPts=0)
10-01 15:04:23.573 D/FpsProbe(18737): fps=24.2 LOW
10-01 15:04:23.692 W/FrameProbe(18737): nativeOnCameraFrame 59.3 ms (trackedPts=0)
10-01 15:04:23.819 W/FrameProbe(18737): nativeOnCameraFrame 46.7 ms (trackedPts=0)
10-01 15:04:23.952 W/FrameProbe(18737): nativeOnCameraFrame 45.8 ms (trackedPts=0)
10-01 15:04:24.083 W/FrameProbe(18737): nativeOnCameraFrame 47.8 ms (trackedPts=0)
10-01 15:04:24.222 W/FrameProbe(18737): nativeOnCameraFrame 45.3 ms (trackedPts=0)
10-01 15:04:24.355 W/FrameProbe(18737): nativeOnCameraFrame 59.0 ms (trackedPts=0)
10-01 15:04:24.486 W/FrameProbe(18737): nativeOnCameraFrame 57.9 ms (trackedPts=0)
10-01 15:04:24.622 W/FrameProbe(18737): nativeOnCameraFrame 51.9 ms (trackedPts=0)
10-01 15:04:24.622 D/FpsProbe(18737): fps=29.0
10-01 15:04:24.756 W/FrameProbe(18737): nativeOnCameraFrame 48.7 ms (trackedPts=0)
10-01 15:04:24.883 W/FrameProbe(18737): nativeOnCameraFrame 55.7 ms (trackedPts=0)
10-01 15:04:25.024 W/FrameProbe(18737): nativeOnCameraFrame 53.0 ms (trackedPts=0)
10-01 15:04:25.142 W/FrameProbe(18737): nativeOnCameraFrame 50.5 ms (trackedPts=0)
10-01 15:04:25.304 W/FrameProbe(18737): nativeOnCameraFrame 60.8 ms (trackedPts=0)
10-01 15:04:25.422 W/FrameProbe(18737): nativeOnCameraFrame 53.7 ms (trackedPts=0)
10-01 15:04:25.567 W/FrameProbe(18737): nativeOnCameraFrame 64.3 ms (trackedPts=0)
10-01 15:04:25.610 D/FpsProbe(18737): fps=26.1
10-01 15:04:25.705 W/FrameProbe(18737): nativeOnCameraFrame 64.5 ms (trackedPts=0)
10-01 15:04:25.835 W/FrameProbe(18737): nativeOnCameraFrame 62.0 ms (trackedPts=0)
10-01 15:04:25.967 W/FrameProbe(18737): nativeOnCameraFrame 59.0 ms (trackedPts=0)
10-01 15:04:26.095 W/FrameProbe(18737): nativeOnCameraFrame 61.2 ms (trackedPts=0)
10-01 15:04:26.217 W/FrameProbe(18737): nativeOnCameraFrame 54.8 ms (trackedPts=0)
10-01 15:04:26.361 W/FrameProbe(18737): nativeOnCameraFrame 63.9 ms (trackedPts=0)
10-01 15:04:26.498 W/FrameProbe(18737): nativeOnCameraFrame 68.9 ms (trackedPts=0)
10-01 15:04:26.618 W/FrameProbe(18737): nativeOnCameraFrame 51.7 ms (trackedPts=0)
10-01 15:04:26.649 D/FpsProbe(18737): fps=26.1
10-01 15:04:26.764 W/FrameProbe(18737): nativeOnCameraFrame 65.4 ms (trackedPts=0)
10-01 15:04:26.895 W/FrameProbe(18737): nativeOnCameraFrame 69.6 ms (trackedPts=0)
10-01 15:04:27.023 W/FrameProbe(18737): nativeOnCameraFrame 56.2 ms (trackedPts=0)
10-01 15:04:27.151 W/FrameProbe(18737): nativeOnCameraFrame 55.9 ms (trackedPts=0)
10-01 15:04:27.288 W/FrameProbe(18737): nativeOnCameraFrame 52.5 ms (trackedPts=0)
10-01 15:04:27.418 W/FrameProbe(18737): nativeOnCameraFrame 56.9 ms (trackedPts=0)
10-01 15:04:27.561 W/FrameProbe(18737): nativeOnCameraFrame 53.4 ms (trackedPts=0)
10-01 15:04:27.682 W/FrameProbe(18737): nativeOnCameraFrame 55.0 ms (trackedPts=0)
10-01 15:04:27.704 D/FpsProbe(18737): fps=28.1
10-01 15:04:27.807 W/FrameProbe(18737): nativeOnCameraFrame 49.0 ms (trackedPts=0)
10-01 15:04:27.944 W/FrameProbe(18737): nativeOnCameraFrame 52.5 ms (trackedPts=0)
10-01 15:04:28.088 W/FrameProbe(18737): nativeOnCameraFrame 48.6 ms (trackedPts=0)
10-01 15:04:28.215 W/FrameProbe(18737): nativeOnCameraFrame 45.2 ms (trackedPts=0)
10-01 15:04:28.355 W/FrameProbe(18737): nativeOnCameraFrame 48.7 ms (trackedPts=0)
10-01 15:04:28.482 W/FrameProbe(18737): nativeOnCameraFrame 44.0 ms (trackedPts=0)
10-01 15:04:28.507 W/FrameProbe(18737): nativeOnCameraFrame 18.2 ms (trackedPts=0)
10-01 15:04:28.624 W/FrameProbe(18737): nativeOnCameraFrame 49.6 ms (trackedPts=0)
10-01 15:04:28.670 W/FrameProbe(18737): nativeOnCameraFrame 17.1 ms (trackedPts=0)
10-01 15:04:28.748 W/FrameProbe(18737): nativeOnCameraFrame 48.2 ms (trackedPts=0)
10-01 15:04:28.748 D/FpsProbe(18737): fps=29.0
10-01 15:04:28.876 W/FrameProbe(18737): nativeOnCameraFrame 45.8 ms (trackedPts=0)
10-01 15:04:28.905 W/FrameProbe(18737): nativeOnCameraFrame 17.6 ms (trackedPts=0)
10-01 15:04:29.011 W/FrameProbe(18737): nativeOnCameraFrame 49.1 ms (trackedPts=0)
10-01 15:04:29.153 W/FrameProbe(18737): nativeOnCameraFrame 49.5 ms (trackedPts=0)
10-01 15:04:29.283 W/FrameProbe(18737): nativeOnCameraFrame 55.8 ms (trackedPts=0)
10-01 15:04:29.429 W/FrameProbe(18737): nativeOnCameraFrame 53.9 ms (trackedPts=0)
10-01 15:04:29.552 W/FrameProbe(18737): nativeOnCameraFrame 50.6 ms (trackedPts=0)
10-01 15:04:29.574 W/FrameProbe(18737): nativeOnCameraFrame 18.4 ms (trackedPts=0)
10-01 15:04:29.684 W/FrameProbe(18737): nativeOnCameraFrame 53.7 ms (trackedPts=0)
10-01 15:04:29.709 W/FrameProbe(18737): nativeOnCameraFrame 20.5 ms (trackedPts=0)
10-01 15:04:29.743 D/FpsProbe(18737): fps=29.0
10-01 15:04:29.832 W/FrameProbe(18737): nativeOnCameraFrame 67.3 ms (trackedPts=0)
10-01 15:04:29.949 W/FrameProbe(18737): nativeOnCameraFrame 44.7 ms (trackedPts=0)
10-01 15:04:30.080 W/FrameProbe(18737): nativeOnCameraFrame 53.6 ms (trackedPts=0)
10-01 15:04:30.216 W/FrameProbe(18737): nativeOnCameraFrame 47.7 ms (trackedPts=0)
10-01 15:04:30.351 W/FrameProbe(18737): nativeOnCameraFrame 52.2 ms (trackedPts=0)
10-01 15:04:30.491 W/FrameProbe(18737): nativeOnCameraFrame 51.2 ms (trackedPts=0)
10-01 15:04:30.604 W/FrameProbe(18737): nativeOnCameraFrame 42.0 ms (trackedPts=0)
10-01 15:04:30.744 W/FrameProbe(18737): nativeOnCameraFrame 37.3 ms (trackedPts=0)
10-01 15:04:30.779 D/FpsProbe(18737): fps=29.0
10-01 15:04:30.877 W/FrameProbe(18737): nativeOnCameraFrame 47.4 ms (trackedPts=0)
10-01 15:04:31.011 W/FrameProbe(18737): nativeOnCameraFrame 45.1 ms (trackedPts=0)
10-01 15:04:31.162 W/FrameProbe(18737): nativeOnCameraFrame 52.1 ms (trackedPts=0)
10-01 15:04:31.280 W/FrameProbe(18737): nativeOnCameraFrame 52.4 ms (trackedPts=0)
10-01 15:04:31.409 W/FrameProbe(18737): nativeOnCameraFrame 43.0 ms (trackedPts=0)
10-01 15:04:31.548 W/FrameProbe(18737): nativeOnCameraFrame 40.3 ms (trackedPts=0)
10-01 15:04:31.670 W/FrameProbe(18737): nativeOnCameraFrame 50.0 ms (trackedPts=0)
10-01 15:04:31.805 W/FrameProbe(18737): nativeOnCameraFrame 49.1 ms (trackedPts=0)
10-01 15:04:31.822 D/FpsProbe(18737): fps=30.0
10-01 15:04:31.946 W/FrameProbe(18737): nativeOnCameraFrame 40.6 ms (trackedPts=0)
10-01 15:04:32.076 W/FrameProbe(18737): nativeOnCameraFrame 38.4 ms (trackedPts=0)
10-01 15:04:32.200 W/FrameProbe(18737): nativeOnCameraFrame 35.8 ms (trackedPts=0)
10-01 15:04:32.339 W/FrameProbe(18737): nativeOnCameraFrame 47.0 ms (trackedPts=0)
10-01 15:04:32.475 W/FrameProbe(18737): nativeOnCameraFrame 38.2 ms (trackedPts=0)
10-01 15:04:32.620 W/FrameProbe(18737): nativeOnCameraFrame 40.6 ms (trackedPts=0)
10-01 15:04:32.752 W/FrameProbe(18737): nativeOnCameraFrame 45.5 ms (trackedPts=0)
10-01 15:04:32.875 W/FrameProbe(18737): nativeOnCameraFrame 45.5 ms (trackedPts=0)
10-01 15:04:32.876 D/FpsProbe(18737): fps=29.0
10-01 15:04:33.004 W/FrameProbe(18737): nativeOnCameraFrame 37.1 ms (trackedPts=0)
10-01 15:04:33.121 W/FrameProbe(18737): nativeOnCameraFrame 26.8 ms (trackedPts=0)
10-01 15:04:33.268 W/FrameProbe(18737): nativeOnCameraFrame 31.8 ms (trackedPts=0)
10-01 15:04:33.402 W/FrameProbe(18737): nativeOnCameraFrame 40.0 ms (trackedPts=0)
10-01 15:04:33.534 W/FrameProbe(18737): nativeOnCameraFrame 33.7 ms (trackedPts=0)
10-01 15:04:33.666 W/FrameProbe(18737): nativeOnCameraFrame 36.5 ms (trackedPts=0)
10-01 15:04:33.813 W/FrameProbe(18737): nativeOnCameraFrame 41.8 ms (trackedPts=0)
10-01 15:04:33.894 D/FpsProbe(18737): fps=30.0
10-01 15:04:33.946 W/FrameProbe(18737): nativeOnCameraFrame 40.0 ms (trackedPts=0)
10-01 15:04:34.081 W/FrameProbe(18737): nativeOnCameraFrame 43.7 ms (trackedPts=0)
10-01 15:04:34.211 W/FrameProbe(18737): nativeOnCameraFrame 40.9 ms (trackedPts=0)
10-01 15:04:34.334 W/FrameProbe(18737): nativeOnCameraFrame 43.1 ms (trackedPts=0)
10-01 15:04:34.483 W/FrameProbe(18737): nativeOnCameraFrame 43.4 ms (trackedPts=0)
10-01 15:04:34.607 W/FrameProbe(18737): nativeOnCameraFrame 41.9 ms (trackedPts=0)
10-01 15:04:34.745 W/FrameProbe(18737): nativeOnCameraFrame 41.8 ms (trackedPts=0)
10-01 15:04:34.875 W/FrameProbe(18737): nativeOnCameraFrame 43.9 ms (trackedPts=0)
10-01 15:04:34.899 W/FrameProbe(18737): nativeOnCameraFrame 16.9 ms (trackedPts=0)
10-01 15:04:34.911 D/FpsProbe(18737): fps=30.0
10-01 15:04:35.010 W/FrameProbe(18737): nativeOnCameraFrame 41.2 ms (trackedPts=0)
10-01 15:04:35.032 W/FrameProbe(18737): nativeOnCameraFrame 16.7 ms (trackedPts=0)
10-01 15:04:35.148 W/FrameProbe(18737): nativeOnCameraFrame 44.6 ms (trackedPts=0)
10-01 15:04:35.171 W/FrameProbe(18737): nativeOnCameraFrame 16.7 ms (trackedPts=0)
10-01 15:04:35.272 W/FrameProbe(18737): nativeOnCameraFrame 36.1 ms (trackedPts=0)
10-01 15:04:35.411 W/FrameProbe(18737): nativeOnCameraFrame 35.7 ms (trackedPts=0)
10-01 15:04:35.540 W/FrameProbe(18737): nativeOnCameraFrame 39.2 ms (trackedPts=0)
10-01 15:04:35.671 W/FrameProbe(18737): nativeOnCameraFrame 38.5 ms (trackedPts=0)
10-01 15:04:35.748 W/FrameProbe(18737): nativeOnCameraFrame 20.7 ms (trackedPts=0)
10-01 15:04:35.820 W/FrameProbe(18737): nativeOnCameraFrame 39.0 ms (trackedPts=0)
10-01 15:04:35.944 W/FrameProbe(18737): nativeOnCameraFrame 40.1 ms (trackedPts=0)
10-01 15:04:35.958 D/FpsProbe(18737): fps=30.0
10-01 15:04:36.078 W/FrameProbe(18737): nativeOnCameraFrame 41.7 ms (trackedPts=0)
10-01 15:04:36.214 W/FrameProbe(18737): nativeOnCameraFrame 41.1 ms (trackedPts=0)
10-01 15:04:36.333 W/FrameProbe(18737): nativeOnCameraFrame 41.1 ms (trackedPts=0)
10-01 15:04:36.472 W/FrameProbe(18737): nativeOnCameraFrame 42.9 ms (trackedPts=0)
10-01 15:04:36.600 W/FrameProbe(18737): nativeOnCameraFrame 34.3 ms (trackedPts=0)
10-01 15:04:36.758 W/FrameProbe(18737): nativeOnCameraFrame 49.7 ms (trackedPts=0)
10-01 15:04:36.878 W/FrameProbe(18737): nativeOnCameraFrame 46.6 ms (trackedPts=0)
10-01 15:04:37.005 W/FrameProbe(18737): nativeOnCameraFrame 39.4 ms (trackedPts=0)
10-01 15:04:37.006 D/FpsProbe(18737): fps=30.0
10-01 15:04:37.137 W/FrameProbe(18737): nativeOnCameraFrame 34.9 ms (trackedPts=0)
10-01 15:04:37.274 W/FrameProbe(18737): nativeOnCameraFrame 38.9 ms (trackedPts=0)
10-01 15:04:37.406 W/FrameProbe(18737): nativeOnCameraFrame 42.2 ms (trackedPts=0)
10-01 15:04:37.540 W/FrameProbe(18737): nativeOnCameraFrame 35.0 ms (trackedPts=0)
10-01 15:04:37.672 W/FrameProbe(18737): nativeOnCameraFrame 40.9 ms (trackedPts=0)
10-01 15:04:37.810 W/FrameProbe(18737): nativeOnCameraFrame 41.8 ms (trackedPts=0)
10-01 15:04:37.833 W/FrameProbe(18737): nativeOnCameraFrame 16.6 ms (trackedPts=0)
10-01 15:04:37.940 W/FrameProbe(18737): nativeOnCameraFrame 39.2 ms (trackedPts=0)
10-01 15:04:38.012 D/FpsProbe(18737): fps=30.0
10-01 15:04:38.071 W/FrameProbe(18737): nativeOnCameraFrame 43.0 ms (trackedPts=0)
10-01 15:04:38.099 W/FrameProbe(18737): nativeOnCameraFrame 16.9 ms (trackedPts=0)
10-01 15:04:38.212 W/FrameProbe(18737): nativeOnCameraFrame 39.1 ms (trackedPts=0)
10-01 15:04:38.338 W/FrameProbe(18737): nativeOnCameraFrame 39.0 ms (trackedPts=0)
10-01 15:04:38.478 W/FrameProbe(18737): nativeOnCameraFrame 43.8 ms (trackedPts=0)
10-01 15:04:38.602 W/FrameProbe(18737): nativeOnCameraFrame 38.9 ms (trackedPts=0)
10-01 15:04:38.740 W/FrameProbe(18737): nativeOnCameraFrame 42.9 ms (trackedPts=0)
10-01 15:04:38.868 W/FrameProbe(18737): nativeOnCameraFrame 40.7 ms (trackedPts=0)
10-01 15:04:38.998 W/FrameProbe(18737): nativeOnCameraFrame 32.9 ms (trackedPts=0)
10-01 15:04:39.047 D/FpsProbe(18737): fps=30.0
10-01 15:04:39.133 W/FrameProbe(18737): nativeOnCameraFrame 41.4 ms (trackedPts=0)
10-01 15:04:39.277 W/FrameProbe(18737): nativeOnCameraFrame 40.0 ms (trackedPts=0)
10-01 15:04:39.405 W/FrameProbe(18737): nativeOnCameraFrame 37.6 ms (trackedPts=0)
10-01 15:04:39.540 W/FrameProbe(18737): nativeOnCameraFrame 42.6 ms (trackedPts=0)
10-01 15:04:39.671 W/FrameProbe(18737): nativeOnCameraFrame 33.6 ms (trackedPts=0)
10-01 15:04:39.803 W/FrameProbe(18737): nativeOnCameraFrame 36.9 ms (trackedPts=0)
10-01 15:04:39.937 W/FrameProbe(18737): nativeOnCameraFrame 41.0 ms (trackedPts=0)
10-01 15:04:40.074 W/FrameProbe(18737): nativeOnCameraFrame 39.9 ms (trackedPts=0)
10-01 15:04:40.090 D/FpsProbe(18737): fps=30.0
10-01 15:04:40.206 W/FrameProbe(18737): nativeOnCameraFrame 37.2 ms (trackedPts=0)
10-01 15:04:40.342 W/FrameProbe(18737): nativeOnCameraFrame 35.7 ms (trackedPts=0)
10-01 15:04:40.476 W/FrameProbe(18737): nativeOnCameraFrame 41.6 ms (trackedPts=0)
10-01 15:04:40.501 W/FrameProbe(18737): nativeOnCameraFrame 19.0 ms (trackedPts=0)
10-01 15:04:40.608 W/FrameProbe(18737): nativeOnCameraFrame 39.5 ms (trackedPts=0)
10-01 15:04:40.744 W/FrameProbe(18737): nativeOnCameraFrame 38.6 ms (trackedPts=0)
10-01 15:04:40.880 W/FrameProbe(18737): nativeOnCameraFrame 39.6 ms (trackedPts=0)
10-01 15:04:41.006 W/FrameProbe(18737): nativeOnCameraFrame 38.5 ms (trackedPts=0)
10-01 15:04:41.139 W/FrameProbe(18737): nativeOnCameraFrame 38.6 ms (trackedPts=0)
10-01 15:04:41.140 D/FpsProbe(18737): fps=30.0
10-01 15:04:41.265 W/FrameProbe(18737): nativeOnCameraFrame 33.0 ms (trackedPts=0)
10-01 15:04:41.404 W/FrameProbe(18737): nativeOnCameraFrame 37.8 ms (trackedPts=0)
10-01 15:04:41.540 W/FrameProbe(18737): nativeOnCameraFrame 38.3 ms (trackedPts=0)
10-01 15:04:41.677 W/FrameProbe(18737): nativeOnCameraFrame 38.6 ms (trackedPts=0)
10-01 15:04:41.702 W/FrameProbe(18737): nativeOnCameraFrame 18.8 ms (trackedPts=0)
10-01 15:04:41.809 W/FrameProbe(18737): nativeOnCameraFrame 38.6 ms (trackedPts=0)
10-01 15:04:41.943 W/FrameProbe(18737): nativeOnCameraFrame 39.3 ms (trackedPts=0)
10-01 15:04:42.073 W/FrameProbe(18737): nativeOnCameraFrame 38.6 ms (trackedPts=0)
10-01 15:04:42.144 D/FpsProbe(18737): fps=30.0
10-01 15:04:42.213 W/FrameProbe(18737): nativeOnCameraFrame 40.7 ms (trackedPts=0)
10-01 15:04:42.235 W/FrameProbe(18737): nativeOnCameraFrame 16.0 ms (trackedPts=0)
10-01 15:04:42.344 W/FrameProbe(18737): nativeOnCameraFrame 39.5 ms (trackedPts=0)
10-01 15:04:42.366 W/FrameProbe(18737): nativeOnCameraFrame 16.3 ms (trackedPts=0)
10-01 15:04:42.467 W/FrameProbe(18737): nativeOnCameraFrame 42.2 ms (trackedPts=0)
10-01 15:04:42.598 W/FrameProbe(18737): nativeOnCameraFrame 38.2 ms (trackedPts=0)
10-01 15:04:42.742 W/FrameProbe(18737): nativeOnCameraFrame 39.8 ms (trackedPts=0)
10-01 15:04:42.868 W/FrameProbe(18737): nativeOnCameraFrame 39.3 ms (trackedPts=0)
10-01 15:04:43.008 W/FrameProbe(18737): nativeOnCameraFrame 41.2 ms (trackedPts=0)
10-01 15:04:43.149 W/FrameProbe(18737): nativeOnCameraFrame 43.1 ms (trackedPts=0)
10-01 15:04:43.179 D/FpsProbe(18737): fps=30.0
10-01 15:04:43.281 W/FrameProbe(18737): nativeOnCameraFrame 48.2 ms (trackedPts=0)
10-01 15:04:43.413 W/FrameProbe(18737): nativeOnCameraFrame 47.4 ms (trackedPts=0)
10-01 15:04:43.535 W/FrameProbe(18737): nativeOnCameraFrame 35.2 ms (trackedPts=0)
10-01 15:04:43.672 W/FrameProbe(18737): nativeOnCameraFrame 42.3 ms (trackedPts=0)
10-01 15:04:43.799 W/FrameProbe(18737): nativeOnCameraFrame 46.3 ms (trackedPts=0)
10-01 15:04:43.935 W/FrameProbe(18737): nativeOnCameraFrame 31.4 ms (trackedPts=0)
10-01 15:04:44.078 W/FrameProbe(18737): nativeOnCameraFrame 39.0 ms (trackedPts=0)
10-01 15:04:44.195 W/FrameProbe(18737): nativeOnCameraFrame 22.6 ms (trackedPts=0)
10-01 15:04:44.209 D/FpsProbe(18737): fps=30.0
10-01 15:04:44.329 W/FrameProbe(18737): nativeOnCameraFrame 34.7 ms (trackedPts=0)
10-01 15:04:44.468 W/FrameProbe(18737): nativeOnCameraFrame 33.1 ms (trackedPts=0)
10-01 15:04:44.607 W/FrameProbe(18737): nativeOnCameraFrame 41.5 ms (trackedPts=0)
10-01 15:04:44.735 W/FrameProbe(18737): nativeOnCameraFrame 40.1 ms (trackedPts=0)
10-01 15:04:44.864 W/FrameProbe(18737): nativeOnCameraFrame 30.7 ms (trackedPts=0)
10-01 15:04:45.005 W/FrameProbe(18737): nativeOnCameraFrame 32.5 ms (trackedPts=0)
10-01 15:04:45.137 W/FrameProbe(18737): nativeOnCameraFrame 31.6 ms (trackedPts=0)
10-01 15:04:45.275 W/FrameProbe(18737): nativeOnCameraFrame 38.8 ms (trackedPts=0)
10-01 15:04:45.275 D/FpsProbe(18737): fps=30.0
10-01 15:04:45.402 W/FrameProbe(18737): nativeOnCameraFrame 30.7 ms (trackedPts=0)
10-01 15:04:45.540 W/FrameProbe(18737): nativeOnCameraFrame 38.8 ms (trackedPts=0)
10-01 15:04:45.672 W/FrameProbe(18737): nativeOnCameraFrame 38.7 ms (trackedPts=0)
10-01 15:04:45.813 W/FrameProbe(18737): nativeOnCameraFrame 41.8 ms (trackedPts=0)
10-01 15:04:45.934 W/FrameProbe(18737): nativeOnCameraFrame 39.8 ms (trackedPts=0)
10-01 15:04:46.065 W/FrameProbe(18737): nativeOnCameraFrame 33.7 ms (trackedPts=0)
10-01 15:04:46.207 W/FrameProbe(18737): nativeOnCameraFrame 35.2 ms (trackedPts=0)
10-01 15:04:46.278 D/FpsProbe(18737): fps=30.0
10-01 15:04:46.339 W/FrameProbe(18737): nativeOnCameraFrame 37.9 ms (trackedPts=0)
10-01 15:04:46.466 W/FrameProbe(18737): nativeOnCameraFrame 32.1 ms (trackedPts=0)
10-01 15:04:46.603 W/FrameProbe(18737): nativeOnCameraFrame 35.8 ms (trackedPts=0)
10-01 15:04:46.739 W/FrameProbe(18737): nativeOnCameraFrame 38.5 ms (trackedPts=0)
10-01 15:04:46.875 W/FrameProbe(18737): nativeOnCameraFrame 42.5 ms (trackedPts=0)
10-01 15:04:47.003 W/FrameProbe(18737): nativeOnCameraFrame 35.5 ms (trackedPts=0)
10-01 15:04:47.142 W/FrameProbe(18737): nativeOnCameraFrame 38.9 ms (trackedPts=0)
10-01 15:04:47.275 W/FrameProbe(18737): nativeOnCameraFrame 40.5 ms (trackedPts=0)
10-01 15:04:47.308 D/FpsProbe(18737): fps=30.0
10-01 15:04:47.401 W/FrameProbe(18737): nativeOnCameraFrame 33.5 ms (trackedPts=0)
10-01 15:04:47.548 W/FrameProbe(18737): nativeOnCameraFrame 39.3 ms (trackedPts=0)
10-01 15:04:47.667 W/FrameProbe(18737): nativeOnCameraFrame 42.4 ms (trackedPts=0)
10-01 15:04:47.807 W/FrameProbe(18737): nativeOnCameraFrame 38.2 ms (trackedPts=0)
10-01 15:04:47.940 W/FrameProbe(18737): nativeOnCameraFrame 46.3 ms (trackedPts=0)
10-01 15:04:48.058 W/FrameProbe(18737): nativeOnCameraFrame 31.3 ms (trackedPts=0)
10-01 15:04:48.206 W/FrameProbe(18737): nativeOnCameraFrame 33.7 ms (trackedPts=0)
10-01 15:04:48.336 W/FrameProbe(18737): nativeOnCameraFrame 32.5 ms (trackedPts=0)
10-01 15:04:48.354 D/FpsProbe(18737): fps=30.0
10-01 15:04:48.467 W/FrameProbe(18737): nativeOnCameraFrame 30.8 ms (trackedPts=0)
10-01 15:04:48.602 W/FrameProbe(18737): nativeOnCameraFrame 33.1 ms (trackedPts=0)
10-01 15:04:48.735 W/FrameProbe(18737): nativeOnCameraFrame 36.5 ms (trackedPts=0)
10-01 15:04:48.869 W/FrameProbe(18737): nativeOnCameraFrame 35.2 ms (trackedPts=0)
10-01 15:04:48.999 W/FrameProbe(18737): nativeOnCameraFrame 39.0 ms (trackedPts=0)
10-01 15:04:49.136 W/FrameProbe(18737): nativeOnCameraFrame 38.7 ms (trackedPts=0)
10-01 15:04:49.275 W/FrameProbe(18737): nativeOnCameraFrame 37.4 ms (trackedPts=0)
10-01 15:04:49.298 W/FrameProbe(18737): nativeOnCameraFrame 17.5 ms (trackedPts=0)
10-01 15:04:49.393 W/FrameProbe(18737): nativeOnCameraFrame 37.0 ms (trackedPts=0)
10-01 15:04:49.394 D/FpsProbe(18737): fps=30.0
10-01 15:04:49.534 W/FrameProbe(18737): nativeOnCameraFrame 33.5 ms (trackedPts=0)
10-01 15:04:49.667 W/FrameProbe(18737): nativeOnCameraFrame 34.9 ms (trackedPts=0)
10-01 15:04:49.800 W/FrameProbe(18737): nativeOnCameraFrame 44.5 ms (trackedPts=0)
10-01 15:04:49.936 W/FrameProbe(18737): nativeOnCameraFrame 43.0 ms (trackedPts=0)
10-01 15:04:50.069 W/FrameProbe(18737): nativeOnCameraFrame 32.6 ms (trackedPts=0)
10-01 15:04:50.197 W/FrameProbe(18737): nativeOnCameraFrame 38.9 ms (trackedPts=0)
10-01 15:04:50.339 W/FrameProbe(18737): nativeOnCameraFrame 34.9 ms (trackedPts=0)
10-01 15:04:50.398 D/FpsProbe(18737): fps=30.0
10-01 15:04:50.477 W/FrameProbe(18737): nativeOnCameraFrame 42.5 ms (trackedPts=0)
10-01 15:04:50.598 W/FrameProbe(18737): nativeOnCameraFrame 31.2 ms (trackedPts=0)
10-01 15:04:50.732 W/FrameProbe(18737): nativeOnCameraFrame 35.7 ms (trackedPts=0)
10-01 15:04:50.870 W/FrameProbe(18737): nativeOnCameraFrame 32.8 ms (trackedPts=0)
10-01 15:04:51.008 W/FrameProbe(18737): nativeOnCameraFrame 33.0 ms (trackedPts=0)
10-01 15:04:51.033 W/FrameProbe(18737): nativeOnCameraFrame 18.3 ms (trackedPts=0)
10-01 15:04:51.131 W/FrameProbe(18737): nativeOnCameraFrame 38.8 ms (trackedPts=0)
10-01 15:04:51.268 W/FrameProbe(18737): nativeOnCameraFrame 34.9 ms (trackedPts=0)
10-01 15:04:51.409 W/FrameProbe(18737): nativeOnCameraFrame 40.1 ms (trackedPts=0)
10-01 15:04:51.437 D/FpsProbe(18737): fps=30.0
10-01 15:04:51.528 W/FrameProbe(18737): nativeOnCameraFrame 32.3 ms (trackedPts=0)
10-01 15:04:51.668 W/FrameProbe(18737): nativeOnCameraFrame 34.0 ms (trackedPts=0)
10-01 15:04:51.793 W/FrameProbe(18737): nativeOnCameraFrame 35.4 ms (trackedPts=0)
10-01 15:04:51.927 W/FrameProbe(18737): nativeOnCameraFrame 35.5 ms (trackedPts=0)
10-01 15:04:52.064 W/FrameProbe(18737): nativeOnCameraFrame 38.8 ms (trackedPts=0)
10-01 15:04:52.198 W/FrameProbe(18737): nativeOnCameraFrame 33.0 ms (trackedPts=0)
10-01 15:04:52.341 W/FrameProbe(18737): nativeOnCameraFrame 38.0 ms (trackedPts=0)
10-01 15:04:52.468 W/FrameProbe(18737): nativeOnCameraFrame 33.7 ms (trackedPts=0)
10-01 15:04:52.485 D/FpsProbe(18737): fps=30.0
10-01 15:04:52.611 W/FrameProbe(18737): nativeOnCameraFrame 40.6 ms (trackedPts=0)
10-01 15:04:52.740 W/FrameProbe(18737): nativeOnCameraFrame 38.3 ms (trackedPts=0)
10-01 15:04:52.865 W/FrameProbe(18737): nativeOnCameraFrame 29.7 ms (trackedPts=0)
10-01 15:04:53.008 W/FrameProbe(18737): nativeOnCameraFrame 38.6 ms (trackedPts=0)
10-01 15:04:53.141 W/FrameProbe(18737): nativeOnCameraFrame 47.4 ms (trackedPts=0)
10-01 15:04:53.276 W/FrameProbe(18737): nativeOnCameraFrame 38.6 ms (trackedPts=0)
10-01 15:04:53.300 W/FrameProbe(18737): nativeOnCameraFrame 17.8 ms (trackedPts=0)
10-01 15:04:53.401 W/FrameProbe(18737): nativeOnCameraFrame 45.4 ms (trackedPts=0)
10-01 15:04:53.534 W/FrameProbe(18737): nativeOnCameraFrame 41.1 ms (trackedPts=0)
10-01 15:04:53.534 D/FpsProbe(18737): fps=30.0
10-01 15:04:53.668 W/FrameProbe(18737): nativeOnCameraFrame 37.1 ms (trackedPts=0)
10-01 15:04:53.800 W/FrameProbe(18737): nativeOnCameraFrame 42.6 ms (trackedPts=0)
10-01 15:04:53.942 W/FrameProbe(18737): nativeOnCameraFrame 37.5 ms (trackedPts=0)
10-01 15:04:54.063 W/FrameProbe(18737): nativeOnCameraFrame 32.2 ms (trackedPts=0)
10-01 15:04:54.201 W/FrameProbe(18737): nativeOnCameraFrame 42.3 ms (trackedPts=0)
10-01 15:04:54.342 W/FrameProbe(18737): nativeOnCameraFrame 37.6 ms (trackedPts=0)
10-01 15:04:54.469 W/FrameProbe(18737): nativeOnCameraFrame 36.5 ms (trackedPts=0)
10-01 15:04:54.532 D/FpsProbe(18737): fps=30.0
10-01 15:04:54.609 W/FrameProbe(18737): nativeOnCameraFrame 42.6 ms (trackedPts=0)
10-01 15:04:54.739 W/FrameProbe(18737): nativeOnCameraFrame 45.4 ms (trackedPts=0)
10-01 15:04:54.877 W/FrameProbe(18737): nativeOnCameraFrame 42.5 ms (trackedPts=0)
10-01 15:04:54.903 W/FrameProbe(18737): nativeOnCameraFrame 19.6 ms (trackedPts=0)
10-01 15:04:55.010 W/FrameProbe(18737): nativeOnCameraFrame 39.0 ms (trackedPts=0)
10-01 15:04:55.140 W/FrameProbe(18737): nativeOnCameraFrame 36.1 ms (trackedPts=0)
10-01 15:04:55.165 W/FrameProbe(18737): nativeOnCameraFrame 17.1 ms (trackedPts=0)
10-01 15:04:55.272 W/FrameProbe(18737): nativeOnCameraFrame 39.0 ms (trackedPts=0)
10-01 15:04:55.396 W/FrameProbe(18737): nativeOnCameraFrame 37.6 ms (trackedPts=0)
10-01 15:04:55.530 W/FrameProbe(18737): nativeOnCameraFrame 37.9 ms (trackedPts=0)
10-01 15:04:55.578 D/FpsProbe(18737): fps=30.0
10-01 15:04:55.700 W/FrameProbe(18737): nativeOnCameraFrame 63.8 ms (trackedPts=0)
10-01 15:04:55.832 W/FrameProbe(18737): nativeOnCameraFrame 67.7 ms (trackedPts=0)
10-01 15:04:55.940 W/FrameProbe(18737): nativeOnCameraFrame 39.9 ms (trackedPts=0)
10-01 15:04:56.073 W/FrameProbe(18737): nativeOnCameraFrame 34.5 ms (trackedPts=0)
10-01 15:04:56.208 W/FrameProbe(18737): nativeOnCameraFrame 41.5 ms (trackedPts=0)
10-01 15:04:56.336 W/FrameProbe(18737): nativeOnCameraFrame 32.8 ms (trackedPts=0)
10-01 15:04:56.470 W/FrameProbe(18737): nativeOnCameraFrame 39.2 ms (trackedPts=0)
10-01 15:04:56.611 W/FrameProbe(18737): nativeOnCameraFrame 41.1 ms (trackedPts=0)
10-01 15:04:56.633 D/FpsProbe(18737): fps=28.1
10-01 15:04:56.758 W/FrameProbe(18737): nativeOnCameraFrame 62.7 ms (trackedPts=0)
10-01 15:04:56.874 W/FrameProbe(18737): nativeOnCameraFrame 41.1 ms (trackedPts=0)
10-01 15:04:57.021 W/FrameProbe(18737): nativeOnCameraFrame 55.0 ms (trackedPts=0)
10-01 15:04:57.139 W/FrameProbe(18737): nativeOnCameraFrame 45.6 ms (trackedPts=0)
10-01 15:04:57.167 W/FrameProbe(18737): nativeOnCameraFrame 19.7 ms (trackedPts=0)
10-01 15:04:57.277 W/FrameProbe(18737): nativeOnCameraFrame 47.0 ms (trackedPts=0)
10-01 15:04:57.465 W/FrameProbe(18737): nativeOnCameraFrame 99.8 ms (trackedPts=0)
10-01 15:04:57.572 W/FrameProbe(18737): nativeOnCameraFrame 71.2 ms (trackedPts=0)
10-01 15:04:57.908 W/FrameProbe(18737): nativeOnCameraFrame 268.0 ms (trackedPts=0)
10-01 15:04:57.910 D/FpsProbe(18737): fps=25.2
10-01 15:04:58.312 W/FrameProbe(18737): nativeOnCameraFrame 340.9 ms (trackedPts=0)
10-01 15:05:53.568 W/FrameProbe(18737): nativeOnCameraFrame 43.2 ms (trackedPts=0)
10-01 15:05:53.568 D/FpsProbe(18737): fps=0.0 LOW
10-01 15:05:53.661 W/FrameProbe(18737): nativeOnCameraFrame 36.5 ms (trackedPts=0)
10-01 15:05:54.011 I/ArAxesProbe(18737): cameraToView=[1.5183, 0.0000, -0.2591, 0.0000, -1.0000, 1.0000]
10-01 15:11:46.207 I/ThermalGuard(18737): initial thermal status = 1 (depthMin=0ms meshScale=1)
10-01 15:11:46.230 I/DepthProvider(18737): probe: 本机没有 DEPTH_OUTPUT 相机（走单目模型）
10-01 15:11:46.311 I/ThermalGuard(18737): thermal status -> 1 (depthMin=0ms)
10-01 15:11:46.335 I/MobileScan3D(18737): V0.4 native create Vulkan=1
10-01 15:11:46.829 I/ArAxesProbe(18737): cameraToView=[1.5183, 0.0000, -0.2591, 0.0000, -1.0000, 1.0000]
10-01 15:11:47.831 D/FpsProbe(18737): fps=29.0
10-01 15:11:48.864 D/FpsProbe(18737): fps=30.0
10-01 15:11:49.865 I/ArPoseProbe(18737): fromTs=0.0% latest=100.0% total=90
10-01 15:11:49.899 D/FpsProbe(18737): fps=30.0
10-01 15:11:50.928 D/FpsProbe(18737): fps=30.2
10-01 15:11:51.932 D/FpsProbe(18737): fps=29.8
10-01 15:11:52.885 I/ArPoseProbe(18737): fromTs=0.0% latest=100.0% total=180
10-01 15:11:52.968 D/FpsProbe(18737): fps=30.0
10-01 15:11:54.005 D/FpsProbe(18737): fps=30.0
10-01 15:11:55.035 D/FpsProbe(18737): fps=30.0
10-01 15:11:55.874 I/ArPoseProbe(18737): fromTs=0.0% latest=100.0% total=270
10-01 15:11:56.060 D/FpsProbe(18737): fps=30.0
10-01 15:11:57.096 D/FpsProbe(18737): fps=30.0
10-01 15:11:58.136 D/FpsProbe(18737): fps=30.0
10-01 15:11:58.864 I/ArPoseProbe(18737): fromTs=0.0% latest=100.0% total=360
10-01 15:11:59.168 D/FpsProbe(18737): fps=30.0
10-01 15:12:00.211 D/FpsProbe(18737): fps=30.0
10-01 15:12:01.229 D/FpsProbe(18737): fps=30.0
10-01 15:12:02.203 I/ArPoseProbe(18737): fromTs=0.0% latest=100.0% total=450
10-01 15:12:02.267 D/FpsProbe(18737): fps=30.0
10-01 15:12:03.284 D/FpsProbe(18737): fps=30.0
10-01 15:12:04.338 D/FpsProbe(18737): fps=30.0
10-01 15:12:05.372 D/FpsProbe(18737): fps=30.0
10-01 15:12:05.982 I/ArPoseProbe(18737): fromTs=0.0% latest=100.0% total=540
10-01 15:12:06.387 D/FpsProbe(18737): fps=30.0
10-01 15:12:07.430 D/FpsProbe(18737): fps=30.0
10-01 15:12:08.464 D/FpsProbe(18737): fps=30.0
10-01 15:12:09.493 D/FpsProbe(18737): fps=30.0
10-01 15:12:09.598 I/ArPoseProbe(18737): fromTs=0.0% latest=100.0% total=630
10-01 15:12:10.529 D/FpsProbe(18737): fps=30.0
10-01 15:12:11.551 D/FpsProbe(18737): fps=30.0
10-01 15:12:12.600 D/FpsProbe(18737): fps=30.0
10-01 15:12:13.234 I/ArPoseProbe(18737): fromTs=0.0% latest=100.0% total=720
10-01 15:12:13.335 I/ThermalGuard(18737): thermal status -> 2 (depthMin=450ms)
10-01 15:12:13.626 D/FpsProbe(18737): fps=30.0
10-01 15:12:14.660 D/FpsProbe(18737): fps=30.0
10-01 15:12:15.698 D/FpsProbe(18737): fps=30.0
10-01 15:12:16.602 I/ArPoseProbe(18737): fromTs=0.0% latest=100.0% total=810
10-01 15:12:16.720 D/FpsProbe(18737): fps=30.0
10-01 15:12:17.757 D/FpsProbe(18737): fps=30.0
10-01 15:12:18.780 D/FpsProbe(18737): fps=30.0
10-01 15:12:19.607 I/ArPoseProbe(18737): fromTs=0.0% latest=100.0% total=900
10-01 15:12:19.830 D/FpsProbe(18737): fps=30.0
10-01 15:12:20.854 D/FpsProbe(18737): fps=30.0
10-01 15:12:21.883 D/FpsProbe(18737): fps=30.0
10-01 15:12:22.596 I/ArPoseProbe(18737): fromTs=0.0% latest=100.0% total=990
10-01 15:12:22.910 D/FpsProbe(18737): fps=30.0
10-01 15:12:23.949 D/FpsProbe(18737): fps=30.0
10-01 15:12:24.982 D/FpsProbe(18737): fps=30.0
10-01 15:12:25.675 I/ArPoseProbe(18737): fromTs=0.0% latest=100.0% total=1080
10-01 15:12:26.033 D/FpsProbe(18737): fps=30.0
10-01 15:12:27.054 D/FpsProbe(18737): fps=30.0
10-01 15:12:28.082 D/FpsProbe(18737): fps=30.0
10-01 15:12:29.115 D/FpsProbe(18737): fps=30.0
10-01 15:12:29.573 I/ArPoseProbe(18737): fromTs=0.0% latest=100.0% total=1170
10-01 15:12:30.153 D/FpsProbe(18737): fps=30.0
10-01 15:12:31.192 D/FpsProbe(18737): fps=30.0
10-01 15:12:32.222 D/FpsProbe(18737): fps=30.0
10-01 15:12:33.244 I/ArPoseProbe(18737): fromTs=0.0% latest=100.0% total=1260
10-01 15:12:33.259 D/FpsProbe(18737): fps=30.0
10-01 15:12:34.293 D/FpsProbe(18737): fps=30.0
10-01 15:12:35.316 D/FpsProbe(18737): fps=30.0
10-01 15:12:36.357 D/FpsProbe(18737): fps=30.0
10-01 15:12:36.946 I/ArPoseProbe(18737): fromTs=0.0% latest=100.0% total=1350
10-01 15:12:37.392 D/FpsProbe(18737): fps=30.0
10-01 15:12:38.419 D/FpsProbe(18737): fps=30.0
10-01 15:12:39.455 D/FpsProbe(18737): fps=30.0
10-01 15:12:40.482 D/FpsProbe(18737): fps=30.0
10-01 15:12:40.631 I/ArPoseProbe(18737): fromTs=0.0% latest=100.0% total=1440
10-01 15:12:41.479 D/FpsProbe(18737): fps=30.0
10-01 15:12:42.517 D/FpsProbe(18737): fps=30.0
10-01 15:12:43.564 D/FpsProbe(18737): fps=30.0
10-01 15:12:44.573 D/FpsProbe(18737): fps=30.0
10-01 15:12:44.600 I/ArPoseProbe(18737): fromTs=0.0% latest=100.0% total=1530
10-01 15:12:45.627 D/FpsProbe(18737): fps=30.0
10-01 15:12:46.641 D/FpsProbe(18737): fps=30.0
10-01 15:12:47.703 D/FpsProbe(18737): fps=30.0
10-01 15:12:47.966 I/ArPoseProbe(18737): fromTs=0.0% latest=100.0% total=1620
10-01 15:12:48.723 D/FpsProbe(18737): fps=30.0
10-01 15:12:49.749 D/FpsProbe(18737): fps=30.0
10-01 15:12:50.781 D/FpsProbe(18737): fps=30.0
10-01 15:12:50.954 I/ArPoseProbe(18737): fromTs=0.0% latest=100.0% total=1710
10-01 15:12:51.805 D/FpsProbe(18737): fps=30.0
10-01 15:12:52.865 D/FpsProbe(18737): fps=30.0
10-01 15:12:53.890 D/FpsProbe(18737): fps=30.0
10-01 15:12:53.959 I/ArPoseProbe(18737): fromTs=0.0% latest=100.0% total=1800
10-01 15:12:54.917 D/FpsProbe(18737): fps=30.0
10-01 15:12:55.951 D/FpsProbe(18737): fps=30.0
10-01 15:12:56.966 I/ArPoseProbe(18737): fromTs=0.0% latest=100.0% total=1890
10-01 15:12:56.977 D/FpsProbe(18737): fps=30.0
10-01 15:12:58.022 D/FpsProbe(18737): fps=30.0
10-01 15:12:59.052 D/FpsProbe(18737): fps=30.0
10-01 15:12:59.977 I/ArPoseProbe(18737): fromTs=0.0% latest=100.0% total=1980
10-01 15:13:00.090 D/FpsProbe(18737): fps=30.0
10-01 15:13:01.111 D/FpsProbe(18737): fps=30.0
10-01 15:13:02.143 D/FpsProbe(18737): fps=30.0
10-01 15:13:02.959 I/ArPoseProbe(18737): fromTs=0.0% latest=100.0% total=2070
10-01 15:13:03.190 D/FpsProbe(18737): fps=30.0
10-01 15:13:04.210 D/FpsProbe(18737): fps=30.0
10-01 15:13:05.242 D/FpsProbe(18737): fps=30.0
10-01 15:13:05.998 I/ArPoseProbe(18737): fromTs=0.0% latest=100.0% total=2160
10-01 15:13:06.274 D/FpsProbe(18737): fps=30.0
10-01 15:13:07.323 D/FpsProbe(18737): fps=30.0
10-01 15:13:08.353 D/FpsProbe(18737): fps=30.0
10-01 15:13:09.004 I/ArPoseProbe(18737): fromTs=0.0% latest=100.0% total=2250
10-01 15:13:09.385 D/FpsProbe(18737): fps=30.0
10-01 15:13:10.406 D/FpsProbe(18737): fps=30.0
10-01 15:13:11.444 D/FpsProbe(18737): fps=30.0
10-01 15:13:11.991 I/ArPoseProbe(18737): fromTs=0.0% latest=100.0% total=2340
10-01 15:13:12.467 D/FpsProbe(18737): fps=30.0
10-01 15:13:13.513 D/FpsProbe(18737): fps=30.0
10-01 15:13:14.550 D/FpsProbe(18737): fps=30.0
10-01 15:13:14.997 I/ArPoseProbe(18737): fromTs=0.0% latest=100.0% total=2430
10-01 15:13:15.575 D/FpsProbe(18737): fps=30.0
10-01 15:13:16.600 D/FpsProbe(18737): fps=30.0
10-01 15:13:17.634 D/FpsProbe(18737): fps=30.0
10-01 15:13:17.986 I/ArPoseProbe(18737): fromTs=0.0% latest=100.0% total=2520
10-01 15:13:18.676 D/FpsProbe(18737): fps=30.0
10-01 15:13:19.707 D/FpsProbe(18737): fps=30.0
10-01 15:13:20.759 D/FpsProbe(18737): fps=30.0
10-01 15:13:20.990 I/ArPoseProbe(18737): fromTs=0.0% latest=100.0% total=2610
10-01 15:13:21.770 D/FpsProbe(18737): fps=30.0
10-01 15:13:22.824 D/FpsProbe(18737): fps=30.0
10-01 15:13:23.849 D/FpsProbe(18737): fps=30.0
10-01 15:13:23.995 I/ArPoseProbe(18737): fromTs=0.0% latest=100.0% total=2700
10-01 15:13:24.891 D/FpsProbe(18737): fps=30.0
10-01 15:13:25.906 D/FpsProbe(18737): fps=30.0
10-01 15:13:26.934 D/FpsProbe(18737): fps=30.0
10-01 15:13:26.986 I/ArPoseProbe(18737): fromTs=0.0% latest=100.0% total=2790
10-01 15:13:27.980 D/FpsProbe(18737): fps=30.0
10-01 15:13:29.016 D/FpsProbe(18737): fps=30.0
10-01 15:13:29.989 I/ArPoseProbe(18737): fromTs=0.0% latest=100.0% total=2880
10-01 15:13:30.047 D/FpsProbe(18737): fps=30.0
10-01 15:13:31.062 D/FpsProbe(18737): fps=30.0
10-01 15:13:32.100 D/FpsProbe(18737): fps=30.0
10-01 15:13:32.995 I/ArPoseProbe(18737): fromTs=0.0% latest=100.0% total=2970
10-01 15:13:33.131 D/FpsProbe(18737): fps=30.0
10-01 15:13:34.183 D/FpsProbe(18737): fps=30.0
10-01 15:13:35.211 D/FpsProbe(18737): fps=30.0
10-01 15:13:35.984 I/ArPoseProbe(18737): fromTs=0.0% latest=100.0% total=3060
10-01 15:13:36.242 D/FpsProbe(18737): fps=30.0
10-01 15:13:37.282 D/FpsProbe(18737): fps=30.0
10-01 15:13:38.308 D/FpsProbe(18737): fps=30.0
10-01 15:13:38.988 I/ArPoseProbe(18737): fromTs=0.0% latest=100.0% total=3150
10-01 15:13:39.348 D/FpsProbe(18737): fps=30.0
10-01 15:13:40.386 D/FpsProbe(18737): fps=30.0
10-01 15:13:41.417 D/FpsProbe(18737): fps=30.0
10-01 15:13:41.994 I/ArPoseProbe(18737): fromTs=0.0% latest=100.0% total=3240
10-01 15:13:42.428 D/FpsProbe(18737): fps=30.0
10-01 15:13:43.466 D/FpsProbe(18737): fps=30.0
10-01 15:13:44.514 D/FpsProbe(18737): fps=30.0
10-01 15:13:44.982 I/ArPoseProbe(18737): fromTs=0.0% latest=100.0% total=3330
10-01 15:13:45.543 D/FpsProbe(18737): fps=30.0
10-01 15:13:46.576 D/FpsProbe(18737): fps=30.0
10-01 15:13:47.595 D/FpsProbe(18737): fps=30.0
10-01 15:13:47.987 I/ArPoseProbe(18737): fromTs=0.0% latest=100.0% total=3420
10-01 15:13:48.639 D/FpsProbe(18737): fps=30.0
10-01 15:13:49.671 D/FpsProbe(18737): fps=30.0
10-01 15:13:50.713 D/FpsProbe(18737): fps=30.0
10-01 15:13:50.994 I/ArPoseProbe(18737): fromTs=0.0% latest=100.0% total=3510
10-01 15:13:51.741 D/FpsProbe(18737): fps=30.0
10-01 15:13:52.761 D/FpsProbe(18737): fps=30.0
10-01 15:13:53.793 D/FpsProbe(18737): fps=30.0
10-01 15:13:53.982 I/ArPoseProbe(18737): fromTs=0.0% latest=100.0% total=3600
10-01 15:13:54.836 D/FpsProbe(18737): fps=30.0
10-01 15:13:55.877 D/FpsProbe(18737): fps=30.0
10-01 15:13:56.915 D/FpsProbe(18737): fps=30.0
10-01 15:13:56.986 I/ArPoseProbe(18737): fromTs=0.0% latest=100.0% total=3690
10-01 15:13:57.933 D/FpsProbe(18737): fps=30.0
10-01 15:13:58.962 D/FpsProbe(18737): fps=30.0
10-01 15:13:59.976 I/ArPoseProbe(18737): fromTs=0.0% latest=100.0% total=3780
10-01 15:14:00.017 D/FpsProbe(18737): fps=30.0
10-01 15:14:01.042 D/FpsProbe(18737): fps=30.0
10-01 15:14:02.066 D/FpsProbe(18737): fps=30.0
10-01 15:14:02.980 I/ArPoseProbe(18737): fromTs=0.0% latest=100.0% total=3870
10-01 15:14:03.099 D/FpsProbe(18737): fps=30.0
10-01 15:14:04.124 D/FpsProbe(18737): fps=30.0
10-01 15:14:05.179 D/FpsProbe(18737): fps=30.0
10-01 15:14:05.968 I/ArPoseProbe(18737): fromTs=0.0% latest=100.0% total=3960
10-01 15:14:06.209 D/FpsProbe(18737): fps=30.0
10-01 15:14:07.235 D/FpsProbe(18737): fps=30.0
10-01 15:14:08.263 D/FpsProbe(18737): fps=30.0
10-01 15:14:08.975 I/ArPoseProbe(18737): fromTs=0.0% latest=100.0% total=4050
10-01 15:14:09.305 D/FpsProbe(18737): fps=30.0
10-01 15:14:10.331 D/FpsProbe(18737): fps=30.0
10-01 15:14:11.364 D/FpsProbe(18737): fps=30.0
10-01 15:14:11.980 I/ArPoseProbe(18737): fromTs=0.0% latest=100.0% total=4140
10-01 15:14:12.403 D/FpsProbe(18737): fps=30.0
10-01 15:14:13.433 D/FpsProbe(18737): fps=30.0
10-01 15:14:14.457 D/FpsProbe(18737): fps=30.0
10-01 15:14:14.982 I/ArPoseProbe(18737): fromTs=0.0% latest=100.0% total=4230
10-01 15:14:15.500 D/FpsProbe(18737): fps=30.0
10-01 15:14:16.537 D/FpsProbe(18737): fps=30.0
10-01 15:14:17.557 D/FpsProbe(18737): fps=30.0
10-01 15:14:18.006 I/ArPoseProbe(18737): fromTs=0.0% latest=100.0% total=4320
10-01 15:14:18.599 D/FpsProbe(18737): fps=30.0
10-01 15:14:19.623 D/FpsProbe(18737): fps=30.0
10-01 15:14:20.663 D/FpsProbe(18737): fps=30.0
10-01 15:14:21.010 I/ArPoseProbe(18737): fromTs=0.0% latest=100.0% total=4410
10-01 15:14:21.693 D/FpsProbe(18737): fps=30.0
10-01 15:14:22.728 D/FpsProbe(18737): fps=30.0
10-01 15:14:23.758 D/FpsProbe(18737): fps=30.0
10-01 15:14:24.014 I/ArPoseProbe(18737): fromTs=0.0% latest=100.0% total=4500
10-01 15:14:24.813 D/FpsProbe(18737): fps=30.0
10-01 15:14:25.829 D/FpsProbe(