ply
format ascii 1.0
element vertex 3697
property float x
property float y
property float z
property uchar red
property uchar green
property uchar blue
end_header
-0.392 -0.2 -0.28 16 223 255
-0.344 -0.192 -0.288 181 158 165
-0.384 -0.192 -0.28 16 223 255
-0.624 -0.272 -0.312 197 198 214
-0.616 -0.272 -0.312 197 198 214
-0.632 -0.288 -0.304 197 194 206
-0.624 -0.264 -0.352 90 142 156
-0.608 -0.264 -0.328 206 190 206
-0.576 -0.216 -0.296 107 130 132
-0.544 -0.224 -0.288 0 16 16
-0.536 -0.224 -0.288 0 16 16
-0.312 -0.088 -0.072 74 186 222
-0.656 -0.2 -0.352 189 186 189
-0.648 -0.2 -0.344 189 186 189
-0.648 -0.176 -0.32 33 40 41
-0.64 -0.176 -0.32 33 40 41
-0.584 -0.192 -0.28 115 154 173
-0.592 -0.176 -0.28 33 53 58
-0.608 -0.152 -0.264 173 174 173
-0.6 -0.152 -0.264 173 174 173
-0.592 -0.144 -0.264 206 202 206
-0.584 -0.144 -0.264 206 202 206
-0.576 -0.192 -0.32 16 40 41
-0.568 -0.192 -0.312 16 40 41
-0.616 -0.256 -0.344 90 142 156
-0.6 -0.256 -0.328 197 190 206
-0.592 -0.256 -0.328 197 190 206
-0.648 -0.224 -0.32 206 202 206
-0.656 -0.24 -0.304 197 194 206
-0.496 0.344 -0.032 123 117 99
-0.488 0.344 -0.032 123 117 99
-0.296 0.256 -0.064 74 20 0
-0.288 0.256 -0.064 82 24 0
-0.296 0.264 -0.064 74 20 0
-0.304 0.256 -0.056 74 16 0
-0.296 0.256 -0.056 66 12 8
-0.304 0.256 -0.048 90 24 0
-0.296 0.256 -0.048 82 20 0
-0.304 0.264 -0.048 82 24 0
-0.304 0.256 -0.04 74 20 0
-0.296 0.256 -0.04 82 24 0
-0.304 0.264 -0.04 82 24 0
-0.312 0.256 -0.032 58 16 8
-0.304 0.256 -0.032 66 16 8
-0.312 0.264 -0.032 41 12 0
-0.304 0.264 -0.032 41 4 8
-0.32 0.256 -0.024 16 8 16
-0.312 0.256 -0.024 16 12 16
-0.312 0.264 -0.024 25 12 8
-0.304 0.264 -0.024 8 4 8
-0.32 0.256 -0.016 0 0 0
-0.312 0.256 -0.016 8 4 0
-0.32 0.264 -0.016 25 4 8
-0.312 0.264 -0.016 25 4 8
-0.32 0.256 -0.008 0 0 0
-0.32 0.264 -0.008 0 0 0
-0.312 0.264 -0.008 0 0 0
-0.32 0.272 -0.008 8 0 0
-0.272 0.256 -0.104 74 4 0
-0.28 0.256 -0.096 58 4 8
-0.272 0.256 -0.096 49 4 0
-0.28 0.264 -0.096 58 4 0
-0.288 0.256 -0.088 41 0 0
-0.28 0.256 -0.088 58 4 0
-0.288 0.264 -0.088 41 4 0
-0.288 0.256 -0.08 8 0 0
-0.28 0.256 -0.08 16 0 0
-0.288 0.264 -0.08 0 0 0
-0.296 0.256 -0.072 90 24 0
-0.288 0.256 -0.072 74 28 0
-0.296 0.264 -0.072 82 28 0
-0.328 0.256 0.016 115 101 49
-0.328 0.256 0.024 173 125 115
-0.328 0.264 0.024 189 134 99
-0.336 0.256 0.032 90 73 49
-0.328 0.256 0.032 90 57 25
-0.328 0.264 0.032 173 154 115
-0.32 0.24 0 74 28 8
-0.32 0.248 0 90 36 16
-0.312 0.248 0 49 16 0
-0.32 0.224 0.008 115 101 99
-0.32 0.232 0.008 115 113 99
-0.32 0.24 0.008 107 97 82
-0.32 0.248 0.008 156 93 90
-0.312 0.248 0.008 148 81 58
-0.32 0.24 0.016 156 134 115
-0.32 0.248 0.016 123 101 58
-0.048 -0.112 -0.072 90 85 41
-0.064 -0.104 -0.144 58 77 66
-0.064 -0.096 -0.144 66 77 58
-0.064 -0.088 -0.144 90 85 82
-0.064 -0.08 -0.144 49 69 49
-0.056 -0.08 -0.144 99 97 90
-0.064 -0.072 -0.144 49 65 58
-0.056 -0.072 -0.144 90 109 90
-0.064 -0.104 -0.136 49 53 58
-0.064 -0.08 -0.136 58 53 49
-0.064 -0.072 -0.136 58 61 58
-0.048 -0.072 -0.136 99 105 90
-0.304 -0.088 -0.064 230 235 247
-0.176 -0.08 -0.128 90 158 181
-0.176 -0.072 -0.128 107 138 132
-0.144 -0.096 -0.12 90 113 107
-0.136 -0.096 -0.12 115 121 123
-0.184 -0.088 -0.12 148 178 189
-0.144 -0.088 -0.12 132 158 165
-0.136 -0.088 -0.12 99 130 148
-0.192 -0.08 -0.12 99 125 148
-0.184 -0.08 -0.12 99 146 156
-0.152 -0.08 -0.12 107 142 140
-0.144 -0.08 -0.12 90 130 148
-0.136 -0.08 -0.12 74 109 123
-0.192 -0.072 -0.12 132 146 148
-0.184 -0.072 -0.12 123 138 140
-0.168 -0.072 -0.12 90 121 140
-0.152 -0.072 -0.12 90 130 148
-0.144 -0.072 -0.12 148 182 181
-0.136 -0.072 -0.12 74 105 107
-0.136 -0.104 -0.112 123 138 173
-0.184 -0.096 -0.112 107 178 173
-0.16 -0.096 -0.112 107 158 173
-0.152 -0.096 -0.112 99 158 181
-0.144 -0.096 -0.112 99 117 132
-0.136 -0.096 -0.112 90 113 132
-0.192 -0.088 -0.112 99 166 189
-0.184 -0.088 -0.112 99 150 156
-0.168 -0.088 -0.112 123 134 148
-0.16 -0.088 -0.112 123 166 181
-0.152 -0.088 -0.112 90 162 181
-0.144 -0.088 -0.112 99 142 156
-0.192 -0.08 -0.112 107 194 206
-0.184 -0.08 -0.112 115 138 123
-0.176 -0.08 -0.112 132 138 140
-0.168 -0.08 -0.112 107 138 140
-0.16 -0.08 -0.112 107 134 132
-0.152 -0.08 -0.112 107 113 132
-0.144 -0.08 -0.112 99 130 148
-0.192 -0.072 -0.112 115 162 197
-0.176 -0.072 -0.112 123 158 173
-0.168 -0.072 -0.112 140 146 148
-0.16 -0.072 -0.112 82 138 165
-0.144 -0.112 -0.104 123 154 165
-0.136 -0.112 -0.104 33 146 156
-0.144 -0.104 -0.104 123 146 140
-0.136 -0.104 -0.104 165 166 181
-0.168 -0.096 -0.104 99 146 173
-0.16 -0.096 -0.104 140 170 181
-0.152 -0.096 -0.104 132 162 156
-0.144 -0.096 -0.104 156 150 156
-0.136 -0.096 -0.104 148 166 181
-0.192 -0.088 -0.104 165 162 173
-0.168 -0.088 -0.104 99 150 189
-0.16 -0.088 -0.104 132 142 156
-0.152 -0.088 -0.104 132 162 156
-0.192 -0.08 -0.104 115 150 165
-0.184 -0.08 -0.104 107 194 197
-0.176 -0.08 -0.104 123 130 156
-0.168 -0.08 -0.104 115 138 132
-0.184 -0.072 -0.104 115 166 156
-0.176 -0.072 -0.104 123 166 173
-0.168 -0.072 -0.104 123 158 173
-0.152 -0.112 -0.096 165 186 189
-0.152 -0.104 -0.096 148 162 173
-0.144 -0.104 -0.096 140 158 148
-0.136 -0.104 -0.096 115 154 173
-0.176 -0.096 -0.096 123 134 140
-0.168 -0.096 -0.096 115 174 181
-0.16 -0.096 -0.096 99 134 148
-0.152 -0.096 -0.096 107 162 181
-0.144 -0.096 -0.096 132 162 181
-0.176 -0.088 -0.096 115 150 165
-0.168 -0.088 -0.096 107 166 165
-0.16 -0.088 -0.096 99 158 165
-0.184 -0.08 -0.096 107 117 115
-0.176 -0.08 -0.096 107 174 189
-0.192 -0.072 -0.096 115 117 123
-0.184 -0.072 -0.096 165 158 173
-0.176 -0.072 -0.096 90 182 189
-0.16 -0.104 -0.088 156 162 165
-0.152 -0.104 -0.088 107 186 206
-0.184 -0.096 -0.088 41 49 58
-0.176 -0.096 -0.088 58 65 74
-0.16 -0.096 -0.088 132 158 156
-0.152 -0.096 -0.088 99 206 222
-0.184 -0.088 -0.088 49 49 58
-0.176 -0.088 -0.088 123 113 123
-0.168 -0.088 -0.088 132 130 140
-0.16 -0.088 -0.088 132 146 148
-0.192 -0.08 -0.088 41 45 49
-0.184 -0.08 -0.088 66 65 74
-0.192 -0.072 -0.088 33 49 49
-0.184 -0.072 -0.088 90 93 90
-0.168 -0.104 -0.08 49 57 66
-0.16 -0.104 -0.08 99 101 115
-0.184 -0.096 -0.08 49 57 66
-0.168 -0.096 -0.08 82 81 99
-0.16 -0.096 -0.08 132 138 148
-0.184 -0.088 -0.08 49 53 58
-0.176 -0.088 -0.08 41 49 49
-0.168 -0.088 -0.08 66 65 82
-0.192 -0.08 -0.08 58 61 66
-0.184 -0.08 -0.08 49 53 58
-0.176 -0.08 -0.08 41 45 49
-0.168 -0.08 -0.08 66 69 74
-0.192 -0.072 -0.08 58 57 66
-0.184 -0.072 -0.08 41 49 49
-0.168 -0.104 -0.072 74 81 90
-0.184 -0.096 -0.072 58 73 82
-0.176 -0.096 -0.072 66 77 90
-0.168 -0.096 -0.072 74 77 82
-0.184 -0.088 -0.072 74 81 90
-0.176 -0.088 -0.072 58 65 74
-0.168 -0.088 -0.072 49 61 66
-0.192 -0.08 -0.072 123 121 140
-0.184 -0.08 -0.072 49 61 58
-0.176 -0.08 -0.072 49 57 66
-0.192 -0.072 -0.072 82 101 90
-0.184 -0.072 -0.072 58 57 66
-0.272 0.192 -0.12 74 8 0
-0.264 0.192 -0.12 74 12 0
-0.272 0.2 -0.12 66 8 0
-0.264 0.2 -0.12 66 8 0
-0.264 0.208 -0.12 66 8 0
-0.264 0.216 -0.12 66 4 0
-0.264 0.248 -0.12 90 12 0
-0.288 0.192 -0.112 66 4 0
-0.28 0.192 -0.112 74 4 0
-0.272 0.192 -0.112 66 4 0
-0.264 0.192 -0.112 74 8 0
-0.288 0.2 -0.112 66 4 0
-0.28 0.2 -0.112 66 4 0
-0.272 0.2 -0.112 74 4 0
-0.264 0.2 -0.112 74 4 0
-0.28 0.208 -0.112 66 4 0
-0.272 0.208 -0.112 66 4 0
-0.264 0.208 -0.112 74 12 0
-0.28 0.216 -0.112 66 4 0
-0.272 0.216 -0.112 66 4 0
-0.264 0.216 -0.112 74 8 0
-0.272 0.224 -0.112 58 4 0
-0.264 0.224 -0.112 66 0 0
-0.264 0.232 -0.112 90 8 0
-0.264 0.24 -0.112 82 12 0
-0.264 0.248 -0.112 82 12 0
-0.304 0.192 -0.104 49 4 0
-0.296 0.192 -0.104 49 4 0
-0.288 0.192 -0.104 66 4 0
-0.28 0.192 -0.104 58 4 0
-0.296 0.2 -0.104 58 4 0
-0.288 0.2 -0.104 58 0 0
-0.28 0.2 -0.104 49 0 0
-0.272 0.2 -0.104 66 4 0
-0.296 0.208 -0.104 49 0 0
-0.288 0.208 -0.104 58 4 0
-0.28 0.208 -0.104 58 4 0
-0.272 0.208 -0.104 49 0 0
-0.288 0.216 -0.104 58 4 0
-0.28 0.216 -0.104 58 4 0
-0.272 0.216 -0.104 66 8 0
-0.288 0.224 -0.104 49 4 0
-0.28 0.224 -0.104 49 4 0
-0.272 0.224 -0.104 58 4 0
-0.264 0.224 -0.104 66 8 0
-0.28 0.232 -0.104 49 4 0
-0.272 0.232 -0.104 58 4 0
-0.264 0.232 -0.104 74 4 0
-0.272 0.24 -0.104 66 4 0
-0.272 0.248 -0.104 66 8 0
-0.304 0.192 -0.096 58 4 0
-0.296 0.192 -0.096 49 4 0
-0.288 0.192 -0.096 58 4 0
-0.304 0.2 -0.096 49 0 0
-0.296 0.2 -0.096 49 0 0
-0.288 0.2 -0.096 49 0 0
-0.28 0.2 -0.096 41 0 0
-0.296 0.208 -0.096 41 4 0
-0.288 0.208 -0.096 41 0 0
-0.28 0.208 -0.096 49 0 0
-0.296 0.216 -0.096 49 0 0
-0.288 0.216 -0.096 41 0 0
-0.28 0.216 -0.096 49 4 0
-0.296 0.224 -0.096 41 0 0
-0.288 0.224 -0.096 49 4 0
-0.28 0.224 -0.096 49 0 0
-0.288 0.232 -0.096 49 4 0
-0.28 0.232 -0.096 49 4 0
-0.272 0.232 -0.096 58 4 0
-0.28 0.24 -0.096 58 4 0
-0.272 0.24 -0.096 58 8 0
-0.28 0.248 -0.096 58 8 0
-0.272 0.248 -0.096 58 4 0
-0.312 0.192 -0.088 41 0 0
-0.304 0.192 -0.088 41 0 0
-0.296 0.192 -0.088 49 0 0
-0.312 0.2 -0.088 41 0 0
-0.304 0.2 -0.088 49 0 0
-0.296 0.2 -0.088 49 4 0
-0.288 0.2 -0.088 41 4 0
-0.304 0.208 -0.088 41 0 0
-0.296 0.208 -0.088 41 0 0
-0.288 0.208 -0.088 49 0 0
-0.304 0.216 -0.088 41 0 0
-0.296 0.216 -0.088 41 0 0
-0.288 0.216 -0.088 41 0 0
-0.28 0.216 -0.088 58 0 0
-0.296 0.224 -0.088 25 0 0
-0.288 0.224 -0.088 41 0 0
-0.296 0.232 -0.088 25 0 0
-0.288 0.232 -0.088 33 0 0
-0.28 0.232 -0.088 49 4 0
-0.288 0.24 -0.088 25 0 0
-0.28 0.24 -0.088 49 4 0
-0.28 0.248 -0.088 58 4 0
-0.312 0.192 -0.08 8 0 0
-0.304 0.192 -0.08 16 0 0
-0.312 0.2 -0.08 0 0 0
-0.304 0.2 -0.08 8 0 0
-0.296 0.2 -0.08 16 0 0
-0.312 0.208 -0.08 0 0 0
-0.304 0.208 -0.08 0 0 0
-0.296 0.208 -0.08 33 8 0
-0.304 0.216 -0.08 8 0 0
-0.296 0.216 -0.08 25 0 0
-0.288 0.216 -0.08 0 0 0
-0.304 0.224 -0.08 41 12 0
-0.296 0.224 -0.08 33 8 0
-0.288 0.224 -0.08 16 0 0
-0.304 0.232 -0.08 49 16 0
-0.296 0.232 -0.08 41 8 0
-0.288 0.232 -0.08 8 0 0
-0.296 0.24 -0.08 25 8 0
-0.288 0.24 -0.08 33 12 8
-0.288 0.248 -0.08 33 12 0
-0.32 0.192 -0.072 82 24 0
-0.312 0.192 -0.072 90 32 0
-0.304 0.192 -0.072 82 20 0
-0.312 0.2 -0.072 90 24 0
-0.304 0.2 -0.072 90 28 0
-0.312 0.208 -0.072 82 24 0
-0.304 0.208 -0.072 58 20 0
-0.312 0.216 -0.072 74 16 0
-0.304 0.216 -0.072 58 16 0
-0.296 0.216 -0.072 74 20 0
-0.304 0.224 -0.072 66 12 0
-0.296 0.224 -0.072 74 16 0
-0.304 0.232 -0.072 66 16 0
-0.296 0.232 -0.072 66 12 0
-0.304 0.24 -0.072 74 16 0
-0.296 0.24 -0.072 82 24 0
-0.288 0.24 -0.072 90 24 8
-0.296 0.248 -0.072 90 24 8
-0.288 0.248 -0.072 82 28 0
-0.4 0.064 0 58 40 8
-0.392 0.064 0 140 93 58
-0.4 0.072 0 66 32 16
-0.392 0.072 0 90 53 16
-0.392 0.08 0 58 24 8
-0.392 0.088 0 66 36 16
-0.392 0.096 0 58 24 8
-0.4 0.064 0.008 107 73 58
-0.392 0.064 0.008 25 24 16
-0.4 0.072 0.008 148 93 82
-0.392 0.072 0.008 90 65 74
-0.4 0.08 0.008 140 101 66
-0.392 0.08 0.008 140 89 49
-0.392 0.088 0.008 148 101 49
-0.392 0.096 0.008 140 117 58
-0.392 0.104 0.008 132 101 33
-0.408 0.064 0.016 41 32 25
-0.4 0.064 0.016 66 61 33
-0.408 0.072 0.016 41 36 33
-0.4 0.072 0.016 58 49 49
-0.392 0.072 0.016 49 40 41
-0.4 0.08 0.016 156 101 107
-0.392 0.08 0.016 107 97 82
-0.4 0.088 0.016 181 158 140
-0.392 0.088 0.016 181 158 148
-0.4 0.096 0.016 173 150 132
-0.392 0.096 0.016 173 150 132
-0.392 0.104 0.016 189 162 148
-0.392 0.112 0.016 173 158 132
-0.408 0.064 0.024 58 57 33
-0.4 0.064 0.024 66 69 33
-0.408 0.072 0.024 49 40 41
-0.4 0.072 0.024 41 32 25
-0.408 0.08 0.024 82 61 58
-0.4 0.08 0.024 90 65 41
-0.4 0.088 0.024 156 117 132
-0.4 0.096 0.024 165 121 132
-0.392 0.096 0.024 74 69 49
-0.4 0.104 0.024 181 134 148
-0.392 0.104 0.024 156 121 123
-0.4 0.112 0.024 181 125 140
-0.392 0.112 0.024 173 125 132
-0.392 0.12 0.024 148 125 107
-0.4 0.064 0.032 90 61 66
-0.392 0.064 0.032 90 61 58
-0.4 0.072 0.032 58 49 25
-0.392 0.072 0.032 33 32 25
-0.4 0.08 0.032 99 61 49
-0.392 0.08 0.032 107 77 58
-0.4 0.088 0.032 107 81 66
-0.392 0.088 0.032 99 81 58
-0.392 0.096 0.032 107 81 66
-0.392 0.104 0.032 107 85 74
-0.424 0.064 0.04 99 77 58
-0.416 0.064 0.04 99 81 58
-0.416 0.072 0.04 99 85 66
-0.408 0.072 0.04 99 81 58
-0.416 0.08 0.04 90 81 66
-0.408 0.08 0.04 99 85 74
-0.416 0.088 0.04 82 73 66
-0.408 0.088 0.04 82 73 66
-0.408 0.096 0.04 99 77 58
-0.4 0.096 0.04 99 77 58
-0.408 0.104 0.04 115 89 66
-0.4 0.104 0.04 115 81 58
-0.4 0.112 0.04 107 77 49
-0.392 0.112 0.04 99 69 33
-0.4 0.12 0.04 90 65 41
-0.392 0.12 0.04 90 65 41
-0.224 -0.096 -0.048 255 255 255
-0.232 -0.096 -0.04 255 255 255
-0.224 -0.096 -0.04 255 255 255
-0.232 -0.096 -0.032 255 255 255
-0.232 -0.088 -0.032 255 255 255
-0.2 -0.088 -0.032 255 255 255
-0.24 -0.096 -0.024 255 255 255
-0.232 -0.096 -0.024 255 255 255
-0.24 -0.088 -0.024 255 255 255
-0.232 -0.088 -0.024 255 255 255
-0.2 -0.088 -0.024 255 255 255
-0.2 -0.08 -0.024 255 255 255
-0.248 -0.096 -0.016 255 255 255
-0.248 -0.088 -0.016 255 255 255
-0.24 -0.088 -0.016 255 255 255
-0.208 -0.08 -0.016 255 255 255
-0.2 -0.072 -0.016 255 255 255
-0.248 -0.096 -0.008 255 255 255
-0.2 -0.096 -0.008 255 255 255
-0.256 -0.088 -0.008 255 255 255
-0.248 -0.088 -0.008 255 255 255
-0.24 -0.088 -0.008 255 255 255
-0.2 -0.088 -0.008 255 255 255
-0.2 -0.08 -0.008 255 255 255
-0.2 -0.072 -0.008 255 255 255
-0.2 -0.08 -0.112 115 174 173
-0.2 -0.072 -0.112 99 178 197
-0.2 -0.08 -0.104 115 125 115
-0.2 -0.072 -0.104 156 162 165
-0.216 -0.104 -0.096 58 65 66
-0.208 -0.104 -0.096 33 45 49
-0.2 -0.104 -0.096 58 57 74
-0.216 -0.104 -0.088 58 57 74
-0.216 -0.104 -0.08 148 130 165
-0.144 0.008 -0.128 41 53 49
-0.136 0.008 -0.128 41 93 99
-0.152 0.016 -0.128 58 53 49
-0.144 0.016 -0.128 49 49 49
-0.136 0.016 -0.128 33 105 156
-0.16 0.024 -0.128 41 45 41
-0.152 0.024 -0.128 49 49 49
-0.144 0.024 -0.128 49 49 49
-0.136 0.024 -0.128 49 61 58
-0.168 0.032 -0.128 41 45 41
-0.16 0.032 -0.128 41 45 41
-0.152 0.032 -0.128 41 45 41
-0.144 0.032 -0.128 41 45 41
-0.136 0.032 -0.128 49 49 49
-0.152 0.04 -0.128 41 49 49
-0.144 0.04 -0.128 49 49 49
-0.136 0.04 -0.128 41 45 41
-0.152 0.048 -0.128 49 49 49
-0.144 0.048 -0.128 49 49 49
-0.136 0.048 -0.128 49 53 49
-0.16 0.056 -0.128 41 49 41
-0.144 0.056 -0.128 49 53 49
-0.136 0.056 -0.128 49 49 49
-0.152 0.008 -0.12 66 57 49
-0.184 0.016 -0.12 49 40 41
-0.176 0.016 -0.12 33 32 33
-0.168 0.016 -0.12 41 45 41
-0.16 0.016 -0.12 74 61 49
-0.192 0.024 -0.12 41 32 33
-0.184 0.024 -0.12 33 28 16
-0.176 0.024 -0.12 41 45 41
-0.168 0.024 -0.12 58 45 41
-0.192 0.032 -0.12 49 45 49
-0.184 0.032 -0.12 41 45 41
-0.176 0.032 -0.12 41 45 49
-0.168 0.032 -0.12 49 45 49
-0.192 0.04 -0.12 41 45 41
-0.184 0.04 -0.12 41 45 41
-0.176 0.04 -0.12 41 45 41
-0.168 0.04 -0.12 41 45 41
-0.16 0.04 -0.12 41 45 41
-0.192 0.048 -0.12 49 49 49
-0.184 0.048 -0.12 41 40 41
-0.176 0.048 -0.12 41 45 41
-0.168 0.048 -0.12 49 49 49
-0.16 0.048 -0.12 49 45 49
-0.192 0.056 -0.12 41 40 41
-0.184 0.056 -0.12 41 45 41
-0.176 0.056 -0.12 41 45 41
-0.168 0.056 -0.12 41 45 41
-0.16 0.056 -0.12 41 45 41
-0.152 0.056 -0.12 49 49 49
-0.136 0 -0.112 74 49 58
-0.16 0.008 -0.112 41 24 25
-0.152 0.008 -0.112 66 45 25
-0.184 0.016 -0.112 41 45 41
-0.176 0.016 -0.112 25 24 25
-0.168 0.016 -0.112 49 40 41
-0.184 0.024 -0.112 49 45 41
-0.192 0.032 -0.112 74 57 16
-0.192 0.04 -0.112 82 57 25
-0.192 0.048 -0.112 41 24 25
-0.144 0 -0.104 82 57 49
-0.136 0 -0.104 82 77 41
-0.152 0.008 -0.104 58 49 41
-0.168 0.016 -0.104 49 40 41
-0.192 0.024 -0.104 90 65 33
-0.184 0.024 -0.104 99 81 41
-0.176 0.024 -0.104 82 69 58
-0.144 0 -0.096 66 40 16
-0.152 0.008 -0.096 25 24 16
-0.144 0.008 -0.096 58 49 49
-0.136 0.008 -0.096 115 81 49
-0.152 0.016 -0.096 25 24 25
-0.152 0.024 -0.096 99 69 33
-0.176 0.032 -0.096 74 53 8
-0.144 0 -0.088 115 89 8
-0.152 0.008 -0.088 41 28 8
-0.144 0.008 -0.088 33 28 0
-0.152 0.016 -0.088 132 73 25
-0.144 0.016 -0.088 49 36 16
-0.144 0.024 -0.088 115 85 49
-0.16 0.032 -0.088 148 125 16
-0.192 0.04 -0.088 132 109 49
-0.152 0 -0.08 214 154 8
-0.144 0 -0.08 165 134 0
-0.152 0.008 -0.08 222 170 16
-0.144 0.008 -0.08 189 138 25
-0.152 0.016 -0.08 197 158 25
-0.144 0.016 -0.08 148 125 16
-0.136 0.016 -0.08 148 93 16
-0.144 0.024 -0.08 165 105 16
-0.136 0.024 -0.08 197 138 25
-0.16 0.032 -0.08 165 146 33
-0.184 0.04 -0.08 173 138 41
-0.176 0.04 -0.08 74 53 25
-0.152 0 -0.072 230 174 25
-0.144 0 -0.072 206 134 8
-0.152 0.008 -0.072 230 186 25
-0.16 0.016 -0.072 189 146 25
-0.152 0.016 -0.072 206 134 41
-0.168 0.024 -0.072 189 146 41
-0.16 0.024 -0.072 165 125 25
-0.152 0.024 -0.072 115 109 33
-0.144 0.024 -0.072 197 150 41
-0.184 0.032 -0.072 206 162 49
-0.176 0.032 -0.072 239 202 33
-0.32 -0.048 0 66 69 74
-0.312 -0.048 0 74 77 82
-0.304 -0.048 0 66 73 74
-0.32 -0.04 0 82 69 66
-0.312 -0.04 0 74 69 74
-0.304 -0.04 0 82 69 74
-0.296 -0.04 0 66 69 82
-0.288 -0.04 0 66 65 74
-0.32 -0.048 0.008 107 93 74
-0.304 -0.04 0.008 140 113 90
-0.32 -0.048 0.016 156 146 107
-0.32 -0.04 0.016 206 178 140
-0.312 -0.04 0.016 206 178 140
-0.296 -0.04 0.016 197 178 148
-0.32 -0.048 0.024 197 186 165
-0.312 -0.048 0.024 197 182 165
-0.288 -0.048 0.024 181 166 148
-0.28 -0.048 0.024 214 190 181
-0.272 -0.048 0.024 206 186 173
-0.304 -0.04 0.024 206 190 165
-0.296 -0.04 0.024 206 190 173
-0.272 -0.04 0.024 206 186 165
-0.264 -0.04 0.024 206 182 165
-0.288 0.128 -0.128 82 12 0
-0.28 0.128 -0.128 90 16 0
-0.272 0.128 -0.128 90 16 0
-0.264 0.128 -0.128 66 28 16
-0.288 0.136 -0.128 90 16 0
-0.28 0.136 -0.128 90 16 0
-0.272 0.136 -0.128 99 28 8
-0.264 0.136 -0.128 99 28 0
-0.28 0.144 -0.128 99 24 8
-0.272 0.144 -0.128 99 24 8
-0.264 0.144 -0.128 99 28 8
-0.28 0.152 -0.128 90 20 8
-0.272 0.152 -0.128 99 28 8
-0.264 0.152 -0.128 90 28 8
-0.272 0.16 -0.128 99 24 8
-0.264 0.16 -0.128 90 28 8
-0.264 0.168 -0.128 90 24 8
-0.264 0.176 -0.128 82 24 0
-0.264 0.184 -0.128 74 8 0
-0.296 0.128 -0.12 82 12 0
-0.288 0.128 -0.12 82 12 0
-0.28 0.128 -0.12 90 16 0
-0.272 0.128 -0.12 82 16 0
-0.296 0.136 -0.12 82 12 0
-0.288 0.136 -0.12 82 12 0
-0.28 0.136 -0.12 90 16 0
-0.272 0.136 -0.12 82 16 0
-0.288 0.144 -0.12 82 16 0
-0.28 0.144 -0.12 90 20 0
-0.272 0.144 -0.12 90 20 0
-0.288 0.152 -0.12 90 16 0
-0.28 0.152 -0.12 82 16 0
-0.272 0.152 -0.12 90 24 0
-0.264 0.152 -0.12 90 16 0
-0.288 0.16 -0.12 82 12 0
-0.28 0.16 -0.12 82 20 0
-0.272 0.16 -0.12 82 16 0
-0.264 0.16 -0.12 90 24 0
-0.28 0.168 -0.12 82 16 0
-0.272 0.168 -0.12 82 12 0
-0.264 0.168 -0.12 90 24 8
-0.28 0.176 -0.12 74 12 0
-0.272 0.176 -0.12 82 12 0
-0.264 0.176 -0.12 82 12 0
-0.28 0.184 -0.12 82 12 0
-0.272 0.184 -0.12 74 12 0
-0.264 0.184 -0.12 74 12 0
-0.312 0.128 -0.112 107 28 0
-0.304 0.128 -0.112 99 20 0
-0.296 0.128 -0.112 90 20 0
-0.288 0.128 -0.112 99 20 0
-0.304 0.136 -0.112 107 24 0
-0.296 0.136 -0.112 107 24 0
-0.288 0.136 -0.112 90 16 0
-0.28 0.136 -0.112 90 16 0
-0.304 0.144 -0.112 107 24 0
-0.296 0.144 -0.112 99 16 0
-0.288 0.144 -0.112 90 16 0
-0.28 0.144 -0.112 82 16 0
-0.304 0.152 -0.112 99 20 0
-0.296 0.152 -0.112 99 20 0
-0.288 0.152 -0.112 99 16 0
-0.28 0.152 -0.112 90 12 0
-0.272 0.152 -0.112 90 16 0
-0.296 0.16 -0.112 99 20 0
-0.288 0.16 -0.112 99 20 0
-0.28 0.16 -0.112 82 12 0
-0.272 0.16 -0.112 82 16 0
-0.296 0.168 -0.112 99 20 0
-0.288 0.168 -0.112 82 12 0
-0.28 0.168 -0.112 82 12 0
-0.272 0.168 -0.112 82 16 0
-0.296 0.176 -0.112 90 16 0
-0.288 0.176 -0.112 90 20 0
-0.28 0.176 -0.112 74 12 0
-0.272 0.176 -0.112 90 12 0
-0.264 0.176 -0.112 82 12 0
-0.288 0.184 -0.112 66 4 0
-0.28 0.184 -0.112 74 8 0
-0.272 0.184 -0.112 74 4 0
-0.264 0.184 -0.112 74 8 0
-0.32 0.128 -0.104 41 4 0
-0.312 0.128 -0.104 58 4 0
-0.304 0.128 -0.104 82 16 0
-0.312 0.136 -0.104 66 8 0
-0.304 0.136 -0.104 74 12 0
-0.296 0.136 -0.104 99 24 0
-0.312 0.144 -0.104 58 4 0
-0.304 0.144 -0.104 66 12 0
-0.296 0.144 -0.104 107 20 0
-0.312 0.152 -0.104 49 0 0
-0.304 0.152 -0.104 82 12 0
-0.296 0.152 -0.104 90 20 0
-0.288 0.152 -0.104 99 20 0
-0.304 0.16 -0.104 74 8 0
-0.296 0.16 -0.104 90 20 0
-0.288 0.16 -0.104 99 20 0
-0.304 0.168 -0.104 58 8 0
-0.296 0.168 -0.104 82 16 0
-0.288 0.168 -0.104 107 24 0
-0.304 0.176 -0.104 66 12 0
-0.296 0.176 -0.104 74 12 0
-0.288 0.176 -0.104 66 8 0
-0.28 0.176 -0.104 74 12 0
-0.304 0.184 -0.104 66 4 0
-0.296 0.184 -0.104 58 8 0
-0.288 0.184 -0.104 66 4 0
-0.28 0.184 -0.104 66 4 0
-0.32 0.128 -0.096 41 0 0
-0.312 0.128 -0.096 41 0 0
-0.32 0.136 -0.096 49 0 0
-0.312 0.136 -0.096 49 0 0
-0.32 0.144 -0.096 41 0 0
-0.312 0.144 -0.096 49 0 0
-0.304 0.144 -0.096 41 0 0
-0.32 0.152 -0.096 41 0 0
-0.312 0.152 -0.096 41 0 0
-0.304 0.152 -0.096 41 0 0
-0.312 0.16 -0.096 58 8 0
-0.304 0.16 -0.096 49 4 0
-0.312 0.168 -0.096 58 4 0
-0.304 0.168 -0.096 49 4 0
-0.296 0.168 -0.096 49 4 0
-0.312 0.176 -0.096 49 0 0
-0.304 0.176 -0.096 49 0 0
-0.296 0.176 -0.096 49 4 0
-0.312 0.184 -0.096 49 0 0
-0.304 0.184 -0.096 49 4 0
-0.296 0.184 -0.096 49 4 0
-0.288 0.184 -0.096 49 4 0
-0.32 0.128 -0.088 41 0 0
-0.32 0.136 -0.088 41 0 0
-0.32 0.144 -0.088 33 0 0
-0.312 0.144 -0.088 25 0 0
-0.32 0.152 -0.088 41 0 0
-0.312 0.152 -0.088 41 4 0
-0.32 0.16 -0.088 41 0 0
-0.312 0.16 -0.088 49 0 0
-0.32 0.168 -0.088 33 0 0
-0.312 0.168 -0.088 41 0 0
-0.304 0.168 -0.088 49 0 0
-0.312 0.176 -0.088 41 0 0
-0.304 0.176 -0.088 49 4 0
-0.312 0.184 -0.088 41 0 0
-0.304 0.184 -0.088 49 0 0
-0.296 0.184 -0.088 41 0 0
-0.32 0.136 -0.08 25 8 0
-0.32 0.144 -0.08 8 0 0
-0.32 0.152 -0.08 0 0 0
-0.32 0.16 -0.08 8 0 0
-0.312 0.16 -0.08 16 4 0
-0.32 0.168 -0.08 33 12 0
-0.312 0.168 -0.08 8 0 0
-0.32 0.176 -0.08 16 4 0
-0.312 0.176 -0.08 8 0 0
-0.32 0.184 -0.08 0 0 0
-0.312 0.184 -0.08 0 0 0
-0.304 0.184 -0.08 8 0 0
-0.32 0.144 -0.072 74 20 0
-0.32 0.152 -0.072 58 12 0
-0.32 0.16 -0.072 66 16 0
-0.32 0.168 -0.072 82 24 0
-0.312 0.168 -0.072 74 20 0
-0.32 0.176 -0.072 82 24 0
-0.312 0.176 -0.072 58 20 0
-0.32 0.184 -0.072 82 24 0
-0.312 0.184 -0.072 58 20 0
-0.304 -0.04 -0.064 58 53 58
-0.296 -0.04 -0.064 58 57 66
-0.288 -0.04 -0.064 66 61 74
-0.28 -0.04 -0.064 66 65 74
-0.272 -0.04 -0.064 66 61 74
-0.264 -0.04 -0.064 66 61 74
-0.296 -0.032 -0.064 49 45 41
-0.288 -0.032 -0.064 41 45 41
-0.28 -0.032 -0.064 41 45 49
-0.272 -0.032 -0.064 41 49 49
-0.264 -0.032 -0.064 41 49 49
-0.296 -0.04 -0.056 66 65 66
-0.288 -0.04 -0.056 49 61 58
-0.28 -0.04 -0.056 49 57 58
-0.272 -0.04 -0.056 58 61 66
-0.264 -0.04 -0.056 58 57 66
-0.304 -0.032 -0.056 49 45 58
-0.296 -0.032 -0.056 49 49 49
-0.288 -0.032 -0.056 49 49 49
-0.28 -0.032 -0.056 49 53 49
-0.272 -0.032 -0.056 41 49 49
-0.264 -0.032 -0.056 41 49 49
-0.312 -0.04 -0.048 58 53 58
-0.304 -0.04 -0.048 49 53 58
-0.296 -0.04 -0.048 58 57 58
-0.288 -0.04 -0.048 66 61 58
-0.28 -0.04 -0.048 58 57 58
-0.264 -0.04 -0.048 58 57 58
-0.288 -0.032 -0.048 49 49 49
-0.28 -0.032 -0.048 49 49 49
-0.272 -0.032 -0.048 49 49 49
-0.264 -0.032 -0.048 49 53 49
-0.304 -0.048 -0.04 74 65 82
-0.296 -0.048 -0.04 74 65 82
-0.288 -0.048 -0.04 66 69 74
-0.28 -0.048 -0.04 66 69 74
-0.32 -0.04 -0.04 58 57 66
-0.312 -0.04 -0.04 58 53 58
-0.304 -0.04 -0.04 58 53 58
-0.296 -0.04 -0.04 58 53 66
-0.288 -0.04 -0.04 49 49 49
-0.28 -0.04 -0.04 58 53 58
-0.32 -0.048 -0.032 66 69 74
-0.312 -0.048 -0.032 74 73 74
-0.304 -0.048 -0.032 66 69 74
-0.296 -0.048 -0.032 74 69 74
-0.32 -0.04 -0.032 49 53 66
-0.312 -0.04 -0.032 49 57 66
-0.304 -0.04 -0.032 58 57 74
-0.296 -0.04 -0.032 58 57 74
-0.288 -0.04 -0.032 58 57 74
-0.32 -0.048 -0.024 82 73 82
-0.32 -0.04 -0.024 58 61 66
-0.312 -0.04 -0.024 58 57 66
-0.304 -0.04 -0.024 58 57 66
-0.296 -0.04 -0.024 58 57 66
-0.288 -0.04 -0.024 49 57 66
-0.32 -0.048 -0.016 82 77 82
-0.312 -0.048 -0.016 82 77 90
-0.304 -0.048 -0.016 82 81 90
-0.32 -0.04 -0.016 66 61 66
-0.312 -0.04 -0.016 66 61 66
-0.304 -0.04 -0.016 58 61 66
-0.32 -0.048 -0.008 74 73 74
-0.312 -0.048 -0.008 82 77 82
-0.304 -0.048 -0.008 82 77 82
-0.296 -0.048 -0.008 82 77 82
-0.32 -0.04 -0.008 66 65 66
-0.312 -0.04 -0.008 66 69 66
-0.304 -0.04 -0.008 66 65 66
-0.256 -0.032 -0.064 41 40 41
-0.2 -0.032 -0.064 148 134 165
-0.256 -0.032 -0.056 41 53 49
-0.2 -0.032 -0.048 181 162 189
-0.248 -0.032 -0.04 49 53 58
-0.24 -0.032 -0.04 58 57 66
-0.232 -0.032 -0.04 74 69 74
-0.216 -0.032 -0.04 90 81 99
-0.208 -0.032 -0.04 123 113 132
-0.2 -0.032 -0.04 123 142 132
-0.2 -0.04 -0.032 173 198 181
-0.216 -0.032 -0.032 58 57 66
-0.208 -0.032 -0.032 66 61 66
-0.2 -0.048 -0.024 255 255 255
-0.2 -0.04 -0.024 197 198 206
-0.2 -0.064 -0.016 255 255 255
-0.2 -0.056 -0.016 255 255 255
-0.208 -0.048 -0.016 255 255 255
-0.2 -0.048 -0.016 255 255 255
-0.208 -0.04 -0.016 214 194 214
-0.2 -0.04 -0.016 214 206 214
-0.2 -0.064 -0.008 255 255 255
-0.208 -0.056 -0.008 255 255 255
-0.2 -0.056 -0.008 255 255 255
-0.208 -0.048 -0.008 255 255 255
-0.2 -0.048 -0.008 255 255 255
-0.216 -0.04 -0.008 214 190 214
-0.208 -0.04 -0.008 222 210 222
-0.12 0.128 -0.112 8 8 8
-0.128 0.128 -0.104 197 125 115
-0.12 0.128 -0.104 189 93 90
-0.128 0.136 -0.104 206 142 123
-0.392 -0.024 -0.048 74 32 33
-0.392 -0.016 -0.048 66 28 33
-0.392 -0.008 -0.048 66 28 25
-0.392 -0.032 -0.04 82 40 33
-0.392 -0.024 -0.04 74 32 33
-0.392 -0.016 -0.04 74 28 33
-0.392 -0.008 -0.04 74 32 25
-0.392 -0.04 -0.032 74 45 41
-0.4 -0.032 -0.032 82 40 41
-0.392 -0.032 -0.032 82 40 41
-0.4 -0.024 -0.032 74 36 33
-0.392 -0.024 -0.032 74 36 33
-0.4 -0.016 -0.032 66 32 25
-0.392 -0.016 -0.032 66 32 25
-0.4 -0.008 -0.032 82 32 25
-0.392 -0.008 -0.032 82 32 25
-0.392 -0.048 -0.024 123 77 66
-0.4 -0.04 -0.024 99 57 58
-0.392 -0.04 -0.024 90 53 49
-0.4 -0.032 -0.024 107 57 41
-0.408 -0.024 -0.024 99 61 41
-0.4 -0.024 -0.024 90 57 41
-0.408 -0.016 -0.024 107 57 41
-0.4 -0.016 -0.024 115 65 49
-0.4 -0.008 -0.024 107 57 41
-0.392 -0.008 -0.024 132 73 58
-0.4 -0.048 -0.016 66 53 49
-0.392 -0.048 -0.016 66 53 58
-0.408 -0.04 -0.016 90 57 41
-0.4 -0.04 -0.016 90 57 41
-0.408 -0.032 -0.016 90 49 41
-0.4 -0.032 -0.016 90 49 41
-0.408 -0.024 -0.016 99 57 41
-0.4 -0.024 -0.016 99 57 33
-0.408 -0.016 -0.016 107 61 33
-0.4 -0.016 -0.016 99 61 33
-0.408 -0.008 -0.016 107 57 49
-0.4 -0.008 -0.016 90 45 25
-0.408 -0.048 -0.008 82 49 49
-0.4 -0.048 -0.008 82 57 49
-0.392 -0.048 -0.008 74 53 58
-0.408 -0.04 -0.008 82 40 33
-0.4 -0.04 -0.008 90 49 33
-0.408 -0.032 -0.008 82 40 33
-0.4 -0.032 -0.008 82 40 33
-0.408 -0.024 -0.008 90 45 33
-0.4 -0.024 -0.008 82 40 33
-0.408 -0.016 -0.008 99 45 25
-0.4 -0.016 -0.008 90 40 25
-0.408 -0.008 -0.008 99 45 25
-0.4 -0.008 -0.008 107 45 33
-0.312 -0.008 -0.12 123 32 33
-0.304 -0.008 -0.12 115 32 33
-0.32 -0.024 -0.112 99 32 16
-0.312 -0.024 -0.112 107 32 25
-0.304 -0.024 -0.112 123 32 25
-0.296 -0.024 -0.112 140 32 33
-0.32 -0.016 -0.112 99 28 16
-0.312 -0.016 -0.112 99 32 16
-0.304 -0.016 -0.112 107 32 16
-0.288 -0.016 -0.112 90 28 33
-0.28 -0.016 -0.112 58 36 41
-0.272 -0.016 -0.112 49 49 41
-0.32 -0.008 -0.112 99 28 8
-0.312 -0.008 -0.112 99 32 16
-0.272 -0.008 -0.112 82 40 25
-0.264 -0.008 -0.112 90 65 33
-0.32 -0.032 -0.104 99 36 33
-0.312 -0.032 -0.104 90 36 33
-0.304 -0.032 -0.104 99 32 25
-0.296 -0.032 -0.104 90 28 25
-0.288 -0.032 -0.104 115 32 25
-0.32 -0.024 -0.104 90 36 25
-0.272 -0.024 -0.104 82 24 16
-0.264 -0.024 -0.104 49 24 25
-0.32 -0.016 -0.104 107 32 16
-0.32 -0.008 -0.104 99 32 16
-0.272 -0.032 -0.096 74 28 25
-0.32 -0.04 -0.088 58 53 66
-0.312 -0.04 -0.088 58 53 66
-0.264 -0.04 -0.088 99 138 148
-0.272 -0.032 -0.088 58 32 33
-0.264 -0.024 -0.088 49 24 25
-0.32 -0.04 -0.08 49 49 58
-0.312 -0.04 -0.08 49 53 58
-0.304 -0.04 -0.08 49 57 58
-0.296 -0.04 -0.08 58 57 66
-0.272 -0.04 -0.08 41 40 49
-0.264 -0.04 -0.08 156 178 189
-0.28 -0.032 -0.08 33 40 41
-0.272 -0.032 -0.08 41 40 41
-0.264 -0.032 -0.08 41 36 33
-0.312 -0.04 -0.072 74 61 74
-0.304 -0.04 -0.072 66 57 66
-0.296 -0.04 -0.072 66 61 74
-0.288 -0.04 -0.072 58 61 74
-0.28 -0.04 -0.072 58 61 66
-0.272 -0.04 -0.072 58 53 66
-0.264 -0.04 -0.072 49 45 49
-0.288 -0.032 -0.072 41 45 41
-0.28 -0.032 -0.072 41 45 41
-0.272 -0.032 -0.072 49 49 49
-0.264 -0.032 -0.072 41 45 49
-0.208 0.032 -0.112 49 45 49
-0.2 0.032 -0.112 66 61 41
-0.248 0.04 -0.112 41 36 25
-0.208 0.04 -0.112 90 36 25
-0.2 0.04 -0.112 41 28 25
-0.256 0.048 -0.112 66 45 16
-0.248 0.048 -0.112 99 73 16
-0.24 0.048 -0.112 99 77 25
-0.232 0.048 -0.112 90 69 33
-0.224 0.048 -0.112 123 57 33
-0.216 0.048 -0.112 140 45 41
-0.208 0.048 -0.112 107 45 25
-0.2 0.048 -0.112 74 20 8
-0.256 0.056 -0.112 41 40 41
-0.248 0.056 -0.112 66 57 41
-0.24 0.056 -0.112 41 40 41
-0.232 0.056 -0.112 49 36 33
-0.224 0.056 -0.112 90 65 41
-0.216 0.056 -0.112 140 53 33
-0.208 0.056 -0.112 115 32 41
-0.256 0.024 -0.104 49 49 33
-0.248 0.024 -0.104 58 57 41
-0.24 0.024 -0.104 66 53 33
-0.256 0.032 -0.104 33 40 33
-0.24 0.032 -0.104 58 53 33
-0.232 0.032 -0.104 99 77 16
-0.224 0.032 -0.104 99 65 25
-0.216 0.032 -0.104 140 85 25
-0.208 0.032 -0.104 132 73 33
-0.256 0.04 -0.104 74 57 16
-0.248 0.04 -0.104 74 57 16
-0.256 0.048 -0.104 74 65 49
-0.248 0.048 -0.104 49 45 49
-0.24 0.048 -0.104 49 49 41
-0.256 0.056 -0.104 41 49 49
-0.248 0.056 -0.104 49 49 49
-0.24 0.056 -0.104 49 53 49
-0.232 0.056 -0.104 49 49 49
-0.256 0 -0.096 140 105 41
-0.24 0 -0.096 132 105 66
-0.256 0.008 -0.096 90 73 41
-0.248 0.008 -0.096 107 85 49
-0.256 0.016 -0.096 82 73 33
-0.248 0.016 -0.096 49 36 25
-0.24 0.016 -0.096 156 154 156
-0.256 0.024 -0.096 33 36 25
-0.248 0.024 -0.096 41 32 25
-0.216 0.024 -0.096 107 85 33
-0.256 0.048 -0.096 49 49 49
-0.256 0 -0.088 197 150 49
-0.24 0 -0.088 148 113 25
-0.232 0 -0.088 123 81 33
-0.256 0.008 -0.088 115 53 16
-0.248 0.008 -0.088 99 69 25
-0.24 0.008 -0.088 99 77 58
-0.232 0.008 -0.088 99 77 58
-0.248 0.016 -0.088 99 81 41
-0.24 0.016 -0.088 99 69 25
-0.208 0.016 -0.088 123 93 25
-0.256 0.024 -0.088 90 73 33
-0.248 0.024 -0.088 99 85 33
-0.24 0.024 -0.088 74 73 41
-0.232 0.024 -0.088 90 81 25
-0.224 0.024 -0.088 107 77 33
-0.216 0.024 -0.088 123 97 25
-0.208 0.024 -0.088 132 93 16
-0.2 0.024 -0.088 132 97 16
-0.256 0.032 -0.088 165 121 0
-0.24 0 -0.08 255 210 82
-0.232 0 -0.08 181 125 41
-0.224 0 -0.08 156 105 41
-0.216 0 -0.08 156 109 49
-0.232 0.008 -0.08 115 73 33
-0.224 0.008 -0.08 90 77 25
-0.224 0.016 -0.08 148 121 41
-0.216 0.016 -0.08 123 105 25
-0.24 0.024 -0.08 165 121 0
-0.232 0.024 -0.08 230 186 33
-0.216 0.024 -0.08 99 89 41
-0.232 0.032 -0.08 66 53 41
-0.224 0.032 -0.08 99 49 16
-0.216 0.032 -0.08 82 49 16
-0.224 0.04 -0.08 189 134 16
-0.216 0.04 -0.08 165 109 16
-0.208 0.04 -0.08 115 57 8
-0.216 0 -0.072 156 93 25
-0.208 0 -0.072 173 125 33
-0.208 0.032 -0.072 214 162 33
-0.408 -0.048 0 82 57 66
-0.4 -0.048 0 82 57 66
-0.392 -0.048 0 82 57 66
-0.408 -0.04 0 99 49 41
-0.4 -0.04 0 107 57 41
-0.408 -0.032 0 90 49 41
-0.408 -0.024 0 82 45 33
-0.408 -0.016 0 90 40 25
-0.4 -0.016 0 115 65 41
-0.408 -0.008 0 90 45 25
-0.4 -0.008 0 115 61 41
-0.408 -0.048 0.008 132 93 66
-0.4 -0.048 0.008 123 89 58
-0.392 -0.048 0.008 115 89 49
-0.416 -0.04 0.008 132 77 49
-0.408 -0.04 0.008 132 81 49
-0.4 -0.04 0.008 123 81 49
-0.416 -0.032 0.008 148 93 82
-0.408 -0.032 0.008 148 93 82
-0.416 -0.024 0.008 140 89 74
-0.408 -0.024 0.008 148 101 90
-0.4 -0.024 0.008 165 121 107
-0.416 -0.016 0.008 115 69 58
-0.408 -0.016 0.008 148 77 66
-0.4 -0.016 0.008 123 89 49
-0.416 -0.008 0.008 115 65 49
-0.408 -0.008 0.008 123 49 33
-0.4 -0.008 0.008 140 49 33
-0.408 -0.048 0.016 181 154 107
-0.4 -0.048 0.016 173 154 115
-0.392 -0.048 0.016 156 146 123
-0.416 -0.04 0.016 189 138 90
-0.408 -0.04 0.016 189 138 90
-0.416 -0.032 0.016 189 154 115
-0.408 -0.032 0.016 189 154 123
-0.416 -0.024 0.016 181 146 115
-0.408 -0.024 0.016 189 146 140
-0.416 -0.016 0.016 148 85 49
-0.408 -0.016 0.016 165 89 49
-0.416 -0.008 0.016 123 61 33
-0.408 -0.008 0.016 123 53 33
-0.408 -0.048 0.024 197 178 148
-0.4 -0.048 0.024 197 178 148
-0.392 -0.048 0.024 197 178 140
-0.416 -0.04 0.024 214 170 123
-0.408 -0.04 0.024 214 170 123
-0.416 -0.032 0.024 206 174 148
-0.408 -0.032 0.024 197 170 140
-0.416 -0.024 0.024 181 154 132
-0.408 -0.024 0.024 206 170 148
-0.416 -0.016 0.024 181 113 66
-0.408 -0.016 0.024 222 142 90
-0.416 -0.008 0.024 206 142 82
-0.408 -0.008 0.024 230 154 107
-0.4 -0.04 0.032 206 182 165
-0.392 -0.04 0.032 206 182 165
-0.4 -0.032 0.032 222 198 181
-0.392 -0.032 0.032 222 198 181
-0.408 -0.024 0.032 222 194 173
-0.4 -0.024 0.032 214 194 173
-0.392 -0.024 0.032 222 198 181
-0.408 -0.016 0.032 197 154 156
-0.4 -0.016 0.032 214 158 165
-0.392 -0.016 0.032 197 150 148
-0.408 -0.008 0.032 206 130 107
-0.4 -0.008 0.032 197 138 115
-0.392 -0.008 0.032 197 134 115
-0.432 -0.024 0.04 222 170 115
-0.44 -0.016 0.04 156 121 99
-0.432 -0.016 0.04 140 105 82
-0.432 -0.008 0.04 58 45 33
-0.608 -0.256 -0.32 206 190 206
-0.64 -0.224 -0.32 206 202 206
-0.632 -0.256 -0.304 99 134 148
-0.624 -0.248 -0.304 99 134 148
-0.584 -0.216 -0.296 107 130 132
-0.592 -0.224 -0.288 0 20 25
-0.584 -0.224 -0.288 0 20 25
-0.6 -0.256 -0.28 41 49 49
-0.592 -0.248 -0.28 41 49 49
-0.608 -0.216 -0.272 58 65 66
-0.6 -0.208 -0.272 58 65 66
-0.368 -0.04 -0.064 58 45 49
-0.36 -0.04 -0.064 58 45 49
-0.352 -0.04 -0.064 58 49 58
-0.376 -0.032 -0.064 66 36 41
-0.368 -0.032 -0.064 74 40 33
-0.376 -0.024 -0.064 66 32 25
-0.368 -0.024 -0.064 82 40 33
-0.376 -0.016 -0.064 58 28 25
-0.368 -0.016 -0.064 82 40 33
-0.376 -0.008 -0.064 74 32 25
-0.368 -0.008 -0.064 82 45 33
-0.376 -0.04 -0.056 66 49 49
-0.368 -0.04 -0.056 66 53 58
-0.36 -0.04 -0.056 58 53 58
-0.384 -0.032 -0.056 82 40 33
-0.376 -0.032 -0.056 82 36 33
-0.384 -0.024 -0.056 66 32 33
-0.376 -0.024 -0.056 66 28 25
-0.384 -0.016 -0.056 66 28 33
-0.376 -0.016 -0.056 58 24 25
-0.384 -0.008 -0.056 66 24 16
-0.376 -0.008 -0.056 66 28 16
-0.376 -0.04 -0.048 58 49 49
-0.368 -0.04 -0.048 58 49 49
-0.384 -0.032 -0.048 74 36 33
-0.376 -0.032 -0.048 90 49 33
-0.384 -0.024 -0.048 74 32 25
-0.384 -0.016 -0.048 66 28 25
-0.376 -0.016 -0.048 66 28 25
-0.384 -0.008 -0.048 66 24 25
-0.376 -0.008 -0.048 66 28 16
-0.36 -0.048 -0.04 74 61 66
-0.384 -0.04 -0.04 82 49 49
-0.376 -0.04 -0.04 82 49 49
-0.368 -0.04 -0.04 66 49 58
-0.384 -0.032 -0.04 82 36 41
-0.384 -0.024 -0.04 66 32 25
-0.384 -0.016 -0.04 66 28 25
-0.384 -0.008 -0.04 74 28 25
-0.376 -0.048 -0.032 90 57 58
-0.368 -0.048 -0.032 82 57 58
-0.36 -0.048 -0.032 82 57 58
-0.352 -0.048 -0.032 82 61 66
-0.344 -0.048 -0.032 74 65 66
-0.336 -0.048 -0.032 74 69 74
-0.328 -0.048 -0.032 66 65 74
-0.384 -0.04 -0.032 82 49 49
-0.376 -0.04 -0.032 66 49 49
-0.384 -0.048 -0.024 123 77 66
-0.376 -0.048 -0.024 115 77 74
-0.344 -0.048 -0.024 90 73 82
-0.336 -0.048 -0.024 74 69 82
-0.328 -0.048 -0.024 74 69 82
-0.384 -0.04 -0.024 74 49 49
-0.328 -0.04 -0.024 58 61 66
-0.384 -0.048 -0.016 66 57 58
-0.352 -0.048 -0.016 66 65 74
-0.344 -0.048 -0.016 74 69 74
-0.336 -0.048 -0.016 74 69 74
-0.328 -0.04 -0.016 66 65 66
-0.328 -0.048 -0.008 74 73 74
-0.336 -0.04 -0.008 66 69 74
-0.328 -0.04 -0.008 66 65 66
-0.36 -0.208 -0.312 90 138 156
-0.352 -0.2 -0.312 0 109 140
-0.36 -0.208 -0.304 173 158 165
-0.36 -0.2 -0.304 181 162 165
-0.384 -0.232 -0.296 173 166 173
-0.368 -0.208 -0.288 8 113 132
-0.36 -0.208 -0.288 8 190 222
-0.368 -0.2 -0.288 8 24 25
-0.36 -0.2 -0.28 8 170 181
-0.384 -0.216 -0.272 49 53 41
-0.376 -0.208 -0.272 49 53 41
-0.232 0.192 -0.136 99 20 0
-0.224 0.192 -0.136 107 24 0
-0.216 0.192 -0.136 82 16 0
-0.224 0.2 -0.136 107 20 0
-0.216 0.2 -0.136 99 20 0
-0.216 0.208 -0.136 107 28 0
-0.224 0.216 -0.136 99 20 0
-0.216 0.216 -0.136 74 16 0
-0.224 0.224 -0.136 115 28 0
-0.344 0.128 -0.064 74 24 0
-0.336 0.128 -0.064 74 28 0
-0.336 0.136 -0.064 74 20 0
-0.328 0.136 -0.064 66 16 0
-0.336 0.144 -0.064 66 20 0
-0.328 0.144 -0.064 66 16 0
-0.336 0.152 -0.064 66 12 0
-0.328 0.152 -0.064 66 16 0
-0.328 0.16 -0.064 74 20 0
-0.328 0.168 -0.064 74 20 0
-0.328 0.176 -0.064 74 20 0
-0.344 0.128 -0.056 99 36 0
-0.336 0.128 -0.056 90 28 0
-0.344 0.136 -0.056 90 28 0
-0.336 0.136 -0.056 90 28 0
-0.344 0.144 -0.056 90 28 0
-0.336 0.144 -0.056 74 20 0
-0.328 0.144 -0.056 66 20 0
-0.336 0.152 -0.056 74 16 0
-0.328 0.152 -0.056 66 16 0
-0.336 0.16 -0.056 82 20 0
-0.328 0.16 -0.056 74 20 0
-0.336 0.168 -0.056 74 20 0
-0.328 0.168 -0.056 66 16 0
-0.328 0.176 -0.056 66 16 0
-0.328 0.184 -0.056 66 12 0
-0.352 0.128 -0.048 82 28 0
-0.344 0.128 -0.048 82 32 0
-0.352 0.136 -0.048 90 28 0
-0.344 0.136 -0.048 90 28 0
-0.344 0.144 -0.048 90 24 0
-0.336 0.144 -0.048 90 24 0
-0.344 0.152 -0.048 82 24 0
-0.336 0.152 -0.048 74 16 0
-0.344 0.16 -0.048 74 16 0
-0.336 0.16 -0.048 82 20 0
-0.328 0.16 -0.048 74 20 0
-0.336 0.168 -0.048 66 16 0
-0.328 0.168 -0.048 66 12 0
-0.336 0.176 -0.048 82 20 0
-0.328 0.176 -0.048 74 16 0
-0.336 0.184 -0.048 74 20 0
-0.328 0.184 -0.048 74 16 0
-0.36 0.128 -0.04 82 32 0
-0.352 0.128 -0.04 82 28 0
-0.352 0.136 -0.04 82 28 0
-0.344 0.136 -0.04 90 28 8
-0.352 0.144 -0.04 74 20 0
-0.344 0.144 -0.04 74 24 0
-0.352 0.152 -0.04 66 16 0
-0.344 0.152 -0.04 66 20 0
-0.336 0.152 -0.04 66 16 0
-0.344 0.16 -0.04 66 16 0
-0.336 0.16 -0.04 66 16 0
-0.344 0.168 -0.04 66 16 0
-0.336 0.168 -0.04 66 20 0
-0.344 0.176 -0.04 74 20 0
-0.336 0.176 -0.04 66 16 0
-0.328 0.176 -0.04 74 16 0
-0.336 0.184 -0.04 74 20 0
-0.328 0.184 -0.04 82 24 0
-0.368 0.128 -0.032 58 20 0
-0.36 0.128 -0.032 58 16 0
-0.368 0.136 -0.032 49 12 0
-0.36 0.136 -0.032 58 16 0
-0.352 0.136 -0.032 74 24 0
-0.36 0.144 -0.032 58 16 0
-0.352 0.144 -0.032 49 16 8
-0.36 0.152 -0.032 49 12 0
-0.352 0.152 -0.032 41 12 0
-0.36 0.16 -0.032 41 12 0
-0.352 0.16 -0.032 49 12 0
-0.344 0.16 -0.032 66 16 0
-0.352 0.168 -0.032 49 12 0
-0.344 0.168 -0.032 74 20 0
-0.352 0.176 -0.032 58 20 8
-0.344 0.176 -0.032 58 24 8
-0.336 0.176 -0.032 82 49 16
-0.344 0.184 -0.032 90 77 41
-0.336 0.184 -0.032 82 61 16
-0.376 0.128 -0.024 33 16 8
-0.368 0.128 -0.024 25 12 0
-0.368 0.136 -0.024 8 0 0
-0.36 0.136 -0.024 8 0 0
-0.368 0.144 -0.024 16 4 0
-0.36 0.144 -0.024 8 4 0
-0.368 0.152 -0.024 8 0 0
-0.36 0.152 -0.024 8 0 0
-0.36 0.16 -0.024 8 0 0
-0.352 0.16 -0.024 8 0 0
-0.36 0.168 -0.024 8 0 0
-0.352 0.168 -0.024 16 0 0
-0.352 0.176 -0.024 66 28 8
-0.344 0.176 -0.024 107 93 74
-0.352 0.184 -0.024 140 85 99
-0.344 0.184 -0.024 181 134 123
-0.376 0.128 -0.016 16 4 0
-0.368 0.128 -0.016 16 0 0
-0.376 0.136 -0.016 16 0 0
-0.368 0.136 -0.016 16 0 0
-0.376 0.144 -0.016 8 0 0
-0.368 0.144 -0.016 8 0 0
-0.368 0.152 -0.016 0 0 0
-0.36 0.152 -0.016 8 0 0
-0.368 0.16 -0.016 8 0 0
-0.36 0.16 -0.016 8 0 0
-0.36 0.168 -0.016 8 0 0
-0.352 0.168 -0.016 8 0 8
-0.36 0.176 -0.016 58 12 0
-0.352 0.176 -0.016 66 28 0
-0.352 0.184 -0.016 107 69 74
-0.344 0.184 -0.016 16 16 8
-0.376 0.128 -0.008 16 0 0
-0.368 0.128 -0.008 49 20 8
-0.376 0.136 -0.008 8 0 0
-0.368 0.136 -0.008 8 4 0
-0.376 0.144 -0.008 16 0 0
-0.368 0.144 -0.008 8 0 0
-0.368 0.152 -0.008 0 0 0
-0.36 0.152 -0.008 8 0 0
-0.368 0.16 -0.008 0 0 0
-0.36 0.16 -0.008 0 0 0
-0.36 0.168 -0.008 8 0 8
-0.352 0.168 -0.008 25 4 0
-0.36 0.176 -0.008 33 8 8
-0.352 0.176 -0.008 41 4 0
-0.352 0.184 -0.008 8 4 0
-0.344 0.184 -0.008 25 0 0
-0.224 -0.032 -0.152 140 125 82
-0.216 -0.024 -0.152 156 150 115
-0.248 -0.064 -0.136 197 190 197
-0.24 -0.064 -0.136 197 190 197
-0.256 -0.056 -0.136 58 61 58
-0.248 -0.056 -0.136 58 61 58
-0.2 -0.008 -0.136 115 36 0
-0.328 -0.032 -0.104 90 32 25
-0.336 -0.024 -0.104 107 36 25
-0.328 -0.024 -0.104 99 36 25
-0.336 -0.016 -0.104 107 36 16
-0.328 -0.016 -0.104 107 32 25
-0.336 -0.008 -0.104 107 32 25
-0.328 -0.008 -0.104 107 36 16
-0.344 -0.032 -0.096 49 32 41
-0.336 -0.032 -0.096 41 32 41
-0.328 -0.032 -0.096 49 32 33
-0.352 -0.024 -0.096 58 20 25
-0.344 -0.024 -0.096 66 24 25
-0.352 -0.016 -0.096 58 20 25
-0.344 -0.016 -0.096 66 20 25
-0.336 -0.016 -0.096 58 16 25
-0.352 -0.008 -0.096 58 20 16
-0.344 -0.008 -0.096 49 16 16
-0.336 -0.008 -0.096 74 24 16
-0.336 -0.04 -0.088 49 45 58
-0.352 -0.032 -0.088 41 32 41
-0.344 -0.032 -0.088 41 32 33
-0.336 -0.032 -0.088 41 32 41
-0.36 -0.024 -0.088 25 20 25
-0.352 -0.024 -0.088 33 24 25
-0.36 -0.016 -0.088 16 12 25
-0.352 -0.016 -0.088 16 12 16
-0.36 -0.008 -0.088 16 12 16
-0.352 -0.008 -0.088 16 8 8
-0.344 -0.008 -0.088 16 4 16
-0.352 -0.04 -0.08 115 65 58
-0.344 -0.04 -0.08 115 65 58
-0.336 -0.04 -0.08 82 57 58
-0.36 -0.032 -0.08 82 49 41
-0.352 -0.032 -0.08 66 40 33
-0.368 -0.024 -0.08 107 53 33
-0.36 -0.024 -0.08 99 53 33
-0.368 -0.016 -0.08 99 53 25
-0.36 -0.016 -0.08 90 45 25
-0.352 -0.016 -0.08 99 49 25
-0.36 -0.008 -0.08 74 40 25
-0.352 -0.008 -0.08 99 49 25
-0.36 -0.04 -0.072 49 45 49
-0.352 -0.04 -0.072 49 45 49
-0.344 -0.04 -0.072 66 53 58
-0.368 -0.032 -0.072 74 40 33
-0.36 -0.032 -0.072 82 45 33
-0.368 -0.024 -0.072 90 45 33
-0.36 -0.024 -0.072 82 45 33
-0.376 -0.016 -0.072 74 36 25
-0.368 -0.016 -0.072 74 36 25
-0.36 -0.016 -0.072 66 36 25
-0.368 -0.008 -0.072 74 32 16
-0.36 -0.008 -0.072 90 40 25
-0.168 -0.016 -0.152 123 113 115
-0.192 -0.008 -0.144 0 0 0
-0.184 -0.008 -0.144 0 0 0
-0.176 -0.008 -0.136 156 154 156
-0.184 -0.064 -0.12 115 154 156
-0.168 -0.064 -0.12 90 154 165
-0.16 -0.064 -0.12 99 134 132
-0.152 -0.064 -0.12 115 130 156
-0.144 -0.064 -0.12 74 93 99
-0.136 -0.064 -0.12 115 117 123
-0.168 -0.056 -0.12 99 113 123
-0.16 -0.056 -0.12 90 117 107
-0.152 -0.056 -0.12 148 162 181
-0.144 -0.056 -0.12 58 117 140
-0.136 -0.056 -0.12 115 109 115
-0.16 -0.048 -0.12 74 150 165
-0.152 -0.048 -0.12 74 109 99
-0.144 -0.048 -0.12 74 89 90
-0.136 -0.048 -0.12 90 97 99
-0.16 -0.04 -0.12 74 81 90
-0.152 -0.04 -0.12 123 138 123
-0.144 -0.04 -0.12 189 154 181
-0.136 -0.04 -0.12 181 178 181
-0.136 -0.032 -0.12 173 146 165
-0.192 -0.064 -0.112 115 125 132
-0.176 -0.064 -0.112 99 146 148
-0.168 -0.064 -0.112 99 113 123
-0.16 -0.064 -0.112 115 150 132
-0.176 -0.056 -0.112 90 134 107
-0.168 -0.056 -0.112 115 134 165
-0.16 -0.056 -0.112 123 138 156
-0.152 -0.056 -0.112 82 134 156
-0.176 -0.048 -0.112 132 154 156
-0.168 -0.048 -0.112 66 154 156
-0.152 -0.048 -0.112 74 142 148
-0.176 -0.04 -0.112 99 101 99
-0.168 -0.04 -0.112 74 138 148
-0.16 -0.04 -0.112 58 125 132
-0.152 -0.04 -0.112 66 138 140
-0.144 -0.04 -0.112 148 142 156
-0.168 -0.032 -0.112 58 134 148
-0.16 -0.032 -0.112 41 73 90
-0.152 -0.032 -0.112 33 89 115
-0.144 -0.032 -0.112 148 142 173
-0.136 -0.032 -0.112 189 154 189
-0.144 -0.024 -0.112 148 101 90
-0.136 -0.024 -0.112 74 85 74
-0.136 -0.016 -0.112 25 8 0
-0.136 -0.008 -0.112 8 8 16
-0.184 -0.064 -0.104 107 162 197
-0.176 -0.064 -0.104 115 130 156
-0.184 -0.056 -0.104 115 146 165
-0.176 -0.056 -0.104 99 146 173
-0.184 -0.048 -0.104 99 117 123
-0.176 -0.048 -0.104 58 85 123
-0.184 -0.04 -0.104 82 69 82
-0.176 -0.04 -0.104 82 93 99
-0.168 -0.04 -0.104 66 89 82
-0.176 -0.032 -0.104 66 105 140
-0.168 -0.032 -0.104 33 130 140
-0.16 -0.024 -0.104 58 105 99
-0.152 -0.024 -0.104 74 109 107
-0.144 -0.024 -0.104 90 73 66
-0.136 -0.024 -0.104 49 40 16
-0.144 -0.016 -0.104 25 24 8
-0.136 -0.016 -0.104 0 4 0
-0.144 -0.008 -0.104 33 32 25
-0.136 -0.008 -0.104 16 20 25
-0.192 -0.064 -0.096 107 113 107
-0.184 -0.064 -0.096 107 154 173
-0.168 -0.064 -0.096 132 130 148
-0.192 -0.056 -0.096 99 113 107
-0.184 -0.056 -0.096 90 162 165
-0.192 -0.048 -0.096 115 125 123
-0.184 -0.048 -0.096 82 166 181
-0.192 -0.04 -0.096 74 138 156
-0.184 -0.04 -0.096 41 105 99
-0.176 -0.032 -0.096 66 85 74
-0.16 -0.024 -0.096 16 57 25
-0.152 -0.024 -0.096 49 40 16
-0.152 -0.016 -0.096 90 53 33
-0.144 -0.016 -0.096 49 36 25
-0.144 -0.008 -0.096 99 61 16
-0.192 -0.064 -0.088 33 53 41
-0.184 -0.064 -0.088 99 97 99
-0.192 -0.056 -0.088 66 73 82
-0.184 -0.056 -0.088 107 105 107
-0.192 -0.048 -0.088 90 85 99
-0.192 -0.04 -0.088 74 121 123
-0.192 -0.032 -0.088 58 57 58
-0.184 -0.032 -0.088 90 77 90
-0.176 -0.032 -0.088 82 85 74
-0.16 -0.024 -0.088 90 73 41
-0.152 -0.024 -0.088 16 20 16
-0.152 -0.016 -0.088 66 45 0
-0.152 -0.008 -0.088 148 77 8
-0.144 -0.008 -0.088 123 69 16
-0.192 -0.064 -0.08 41 53 58
-0.184 -0.064 -0.08 41 45 49
-0.192 -0.056 -0.08 41 40 49
-0.192 -0.048 -0.08 25 32 41
-0.192 -0.04 -0.08 41 45 41
-0.192 -0.032 -0.08 41 40 41
-0.168 -0.024 -0.08 165 142 58
-0.16 -0.024 -0.08 173 130 74
-0.152 -0.016 -0.08 107 69 16
-0.152 -0.008 -0.08 214 166 25
-0.144 -0.008 -0.08 173 117 25
-0.192 -0.064 -0.072 66 69 74
-0.184 -0.064 -0.072 58 57 58
-0.192 -0.056 -0.072 49 53 58
-0.192 -0.048 -0.072 41 40 49
-0.192 -0.024 -0.072 181 113 74
-0.184 -0.024 -0.072 148 125 74
-0.176 -0.024 -0.072 140 117 82
-0.168 -0.024 -0.072 189 154 49
-0.16 -0.016 -0.072 239 186 33
-0.152 -0.016 -0.072 214 142 33
-0.16 -0.008 -0.072 222 170 33
-0.152 -0.008 -0.072 173 125 8
-0.408 0 0 90 45 16
-0.4 0 0 115 61 41
-0.408 0.008 0 90 45 25
-0.4 0.008 0 123 73 58
-0.408 0.016 0 99 49 16
-0.4 0.016 0 123 81 58
-0.408 0.024 0 99 53 16
-0.4 0.024 0 140 93 74
-0.408 0.032 0 74 53 8
-0.4 0.032 0 148 105 74
-0.408 0.04 0 82 61 8
-0.4 0.04 0 148 105 74
-0.408 0.048 0 58 53 8
-0.4 0.048 0 99 89 33
-0.4 0.056 0 58 49 8
-0.392 0.056 0 148 89 66
-0.408 0 0.008 123 49 25
-0.4 0 0.008 132 57 25
-0.408 0.008 0.008 107 45 33
-0.4 0.008 0.008 140 53 25
-0.408 0.016 0.008 115 45 16
-0.4 0.016 0.008 115 45 25
-0.408 0.024 0.008 82 45 16
-0.408 0.032 0.008 66 45 41
-0.4 0.032 0.008 66 24 16
-0.408 0.04 0.008 123 109 107
-0.4 0.04 0.008 8 73 74
-0.408 0.048 0.008 123 97 74
-0.4 0.048 0.008 58 73 74
-0.408 0.056 0.008 123 93 66
-0.4 0.056 0.008 58 40 33
-0.416 0 0.016 132 69 33
-0.408 0 0.016 148 61 49
-0.416 0.008 0.016 181 97 66
-0.408 0.008 0.016 181 105 74
-0.416 0.016 0.016 189 93 82
-0.408 0.016 0.016 148 77 49
-0.416 0.024 0.016 140 69 33
-0.408 0.024 0.016 132 53 33
-0.416 0.032 0.016 90 49 16
-0.408 0.032 0.016 165 77 49
-0.416 0.04 0.016 16 57 74
-0.408 0.04 0.016 90 69 49
-0.416 0.048 0.016 25 73 90
-0.408 0.048 0.016 33 40 41
-0.4 0.048 0.016 49 65 49
-0.408 0.056 0.016 25 32 25
-0.4 0.056 0.016 41 32 25
-0.416 0 0.024 181 121 74
-0.408 0 0.024 189 113 66
-0.416 0.008 0.024 165 109 66
-0.408 0.008 0.024 156 105 58
-0.416 0.016 0.024 173 101 90
-0.408 0.016 0.024 123 97 41
-0.416 0.024 0.024 222 130 107
-0.408 0.024 0.024 189 125 82
-0.416 0.032 0.024 165 117 66
-0.416 0.04 0.024 58 49 25
-0.408 0.04 0.024 82 61 41
-0.416 0.048 0.024 41 32 33
-0.408 0.048 0.024 41 32 16
-0.416 0.056 0.024 58 40 41
-0.408 0.056 0.024 58 28 8
-0.408 0 0.032 214 162 123
-0.4 0 0.032 206 162 123
-0.408 0.008 0.032 132 105 58
-0.4 0.008 0.032 132 109 66
-0.392 0.008 0.032 123 101 66
-0.408 0.016 0.032 66 45 33
-0.4 0.016 0.032 41 28 33
-0.408 0.024 0.032 156 117 82
-0.4 0.024 0.032 140 89 82
-0.408 0.032 0.032 189 121 90
-0.4 0.032 0.032 165 97 82
-0.408 0.04 0.032 74 45 41
-0.4 0.04 0.032 66 49 33
-0.408 0.048 0.032 66 40 33
-0.4 0.048 0.032 66 36 33
-0.4 0.056 0.032 33 24 25
-0.432 0 0.04 58 49 41
-0.432 0.008 0.04 181 134 107
-0.424 0.008 0.04 173 125 90
-0.432 0.016 0.04 90 57 41
-0.424 0.016 0.04 66 49 33
-0.432 0.024 0.04 58 49 25
-0.424 0.024 0.04 66 49 41
-0.432 0.032 0.04 66 40 33
-0.424 0.032 0.04 41 36 33
-0.432 0.04 0.04 49 36 33
-0.424 0.04 0.04 66 40 25
-0.424 0.048 0.04 82 53 33
-0.424 0.056 0.04 41 40 41
-0.416 0.056 0.04 49 49 41
-0.184 0.008 -0.16 115 113 99
-0.176 0.008 -0.16 74 69 58
-0.192 0 -0.152 25 16 25
-0.184 0 -0.152 0 0 0
-0.192 0 -0.144 123 73 41
-0.184 0 -0.144 66 45 49
-0.176 0 -0.136 214 215 214
-0.168 0 -0.136 156 154 156
-0.352 -0.048 0 66 57 58
-0.336 -0.048 0 74 65 66
-0.328 -0.048 0 66 73 74
-0.336 -0.04 0 74 65 66
-0.328 -0.04 0 82 69 66
-0.344 -0.048 0.008 115 93 82
-0.336 -0.048 0.008 99 93 74
-0.328 -0.048 0.008 115 93 82
-0.344 -0.04 0.008 132 97 82
-0.336 -0.04 0.008 132 105 82
-0.328 -0.04 0.008 140 113 90
-0.36 -0.048 0.016 165 150 115
-0.352 -0.048 0.016 165 154 123
-0.344 -0.048 0.016 165 150 123
-0.336 -0.048 0.016 156 154 115
-0.328 -0.048 0.016 165 154 107
-0.336 -0.04 0.016 197 170 140
-0.328 -0.04 0.016 206 174 140
-0.384 -0.048 0.024 206 178 148
-0.376 -0.048 0.024 206 178 148
-0.368 -0.048 0.024 206 182 148
-0.36 -0.048 0.024 206 182 156
-0.344 -0.048 0.024 197 182 165
-0.336 -0.048 0.024 197 182 165
-0.328 -0.048 0.024 197 182 165
-0.376 -0.048 0.032 206 194 181
-0.368 -0.048 0.032 197 182 173
-0.344 -0.048 0.032 206 182 165
-0.336 -0.048 0.032 222 206 197
-0.328 -0.048 0.032 230 206 197
-0.336 0 -0.104 107 36 16
-0.328 0 -0.104 115 36 16
-0.336 0.008 -0.104 99 28 25
-0.328 0.008 -0.104 115 36 8
-0.336 0.016 -0.104 99 28 16
-0.328 0.016 -0.104 115 32 16
-0.336 0.024 -0.104 107 28 16
-0.328 0.024 -0.104 115 32 8
-0.336 0.032 -0.104 99 24 8
-0.328 0.032 -0.104 107 28 8
-0.336 0.04 -0.104 99 24 0
-0.328 0.04 -0.104 107 28 0
-0.336 0.048 -0.104 99 20 0
-0.328 0.048 -0.104 107 24 0
-0.328 0.056 -0.104 99 24 0
-0.344 0 -0.096 49 16 16
-0.336 0 -0.096 66 16 16
-0.344 0.008 -0.096 58 16 16
-0.336 0.008 -0.096 58 12 8
-0.344 0.016 -0.096 58 12 8
-0.336 0.016 -0.096 58 12 8
-0.344 0.024 -0.096 58 12 8
-0.336 0.024 -0.096 58 12 8
-0.344 0.032 -0.096 49 8 8
-0.336 0.032 -0.096 58 12 8
-0.344 0.04 -0.096 49 4 8
-0.336 0.04 -0.096 58 12 8
-0.328 0.04 -0.096 58 8 0
-0.344 0.048 -0.096 49 4 0
-0.336 0.048 -0.096 58 4 0
-0.328 0.048 -0.096 74 8 0
-0.336 0.056 -0.096 58 8 0
-0.328 0.056 -0.096 58 4 0
-0.352 0 -0.088 16 4 0
-0.344 0 -0.088 16 8 8
-0.352 0.008 -0.088 0 0 8
-0.344 0.008 -0.088 25 8 8
-0.352 0.016 -0.088 8 0 0
-0.344 0.016 -0.088 25 4 8
-0.352 0.024 -0.088 8 0 0
-0.344 0.024 -0.088 16 0 0
-0.352 0.032 -0.088 8 0 0
-0.344 0.032 -0.088 8 0 0
-0.352 0.04 -0.088 0 0 0
-0.344 0.04 -0.088 0 0 0
-0.336 0.04 -0.088 33 4 0
-0.352 0.048 -0.088 0 0 0
-0.344 0.048 -0.088 8 0 0
-0.336 0.048 -0.088 25 4 0
-0.344 0.056 -0.088 8 0 0
-0.336 0.056 -0.088 33 0 0
-0.36 0 -0.08 99 53 25
-0.352 0 -0.08 90 45 16
-0.36 0.008 -0.08 99 53 25
-0.352 0.008 -0.08 74 40 16
-0.36 0.016 -0.08 90 45 16
-0.352 0.016 -0.08 74 36 8
-0.36 0.024 -0.08 90 45 16
-0.352 0.024 -0.08 74 36 16
-0.36 0.032 -0.08 74 36 8
-0.352 0.032 -0.08 66 32 0
-0.344 0.032 -0.08 82 32 8
-0.352 0.04 -0.08 49 12 8
-0.344 0.04 -0.08 16 4 0
-0.352 0.048 -0.08 41 16 0
-0.344 0.048 -0.08 33 8 0
-0.352 0.056 -0.08 41 8 0
-0.344 0.056 -0.08 25 8 0
-0.368 0 -0.072 82 36 16
-0.36 0 -0.072 90 40 25
-0.368 0.008 -0.072 90 40 16
-0.36 0.008 -0.072 99 45 16
-0.368 0.016 -0.072 90 40 16
-0.36 0.016 -0.072 99 40 16
-0.368 0.024 -0.072 58 20 8
-0.36 0.024 -0.072 58 24 8
-0.36 0.032 -0.072 33 8 0
-0.352 0.032 -0.072 58 24 0
-0.36 0.04 -0.072 99 36 8
-0.352 0.04 -0.072 90 32 0
-0.36 0.048 -0.072 90 32 8
-0.352 0.048 -0.072 82 28 8
-0.36 0.056 -0.072 82 32 0
-0.352 0.056 -0.072 82 32 0
-0.264 -0.088 0.008 255 255 255
-0.272 -0.088 0.016 255 255 255
-0.264 -0.088 0.016 255 255 255
-0.184 0 -0.064 165 134 58
-0.168 0 -0.064 189 146 41
-0.16 0 -0.064 214 170 33
-0.152 0 -0.064 239 182 25
-0.184 0.008 -0.064 197 158 41
-0.168 0.008 -0.064 181 142 41
-0.16 0.008 -0.064 222 174 41
-0.152 0.008 -0.064 214 166 16
-0.192 0.016 -0.064 115 85 0
-0.184 0.016 -0.064 140 109 25
-0.176 0.016 -0.064 206 162 33
-0.168 0.016 -0.064 230 178 25
-0.16 0.016 -0.064 222 174 25
-0.176 0.024 -0.064 230 186 33
-0.168 0 -0.056 239 198 25
-0.208 -0.096 0 255 255 255
-0.256 -0.088 0 255 255 255
-0.2 -0.088 0 255 255 255
-0.216 -0.08 0 255 255 255
-0.2 -0.08 0 255 255 255
-0.208 -0.072 0 255 255 255
-0.2 -0.072 0 255 255 255
-0.256 -0.088 0.008 255 255 255
-0.208 -0.088 0.008 255 255 255
-0.2 -0.088 0.008 255 255 255
-0.224 -0.08 0.008 255 255 255
-0.208 -0.08 0.008 255 255 255
-0.2 -0.08 0.008 255 255 255
-0.216 -0.072 0.008 255 255 255
-0.208 -0.072 0.008 255 255 255
-0.2 -0.072 0.008 255 255 255
-0.216 -0.088 0.016 255 255 255
-0.208 -0.088 0.016 255 255 255
-0.2 -0.088 0.016 255 255 255
-0.216 -0.08 0.016 255 255 255
-0.208 -0.08 0.016 255 255 255
-0.2 -0.08 0.016 255 255 255
-0.216 -0.072 0.016 255 255 255
-0.208 -0.072 0.016 255 255 255
-0.2 -0.072 0.016 255 255 255
-0.216 -0.088 0.024 255 255 255
-0.216 -0.08 0.024 255 255 255
-0.208 -0.08 0.024 255 255 255
-0.216 -0.072 0.024 255 255 255
-0.208 -0.072 0.024 255 255 255
-0.208 -0.064 0 255 255 255
-0.2 -0.064 0 255 255 255
-0.208 -0.056 0 255 255 255
-0.2 -0.056 0 255 255 255
-0.216 -0.048 0 255 255 255
-0.208 -0.048 0 255 255 255
-0.232 -0.04 0 140 138 148
-0.224 -0.04 0 148 150 148
-0.216 -0.04 0 181 162 173
-0.208 -0.04 0 165 174 165
-0.208 -0.064 0.008 255 255 255
-0.216 -0.056 0.008 255 255 255
-0.208 -0.056 0.008 255 255 255
-0.224 -0.048 0.008 239 239 247
-0.216 -0.048 0.008 255 243 255
-0.208 -0.048 0.008 173 198 181
-0.248 -0.04 0.008 90 93 82
-0.24 -0.04 0.008 82 81 82
-0.232 -0.04 0.008 99 97 99
-0.224 -0.04 0.008 140 109 132
-0.216 -0.04 0.008 90 113 90
-0.216 -0.064 0.016 255 255 255
-0.208 -0.064 0.016 255 255 255
-0.224 -0.056 0.016 255 255 255
-0.216 -0.056 0.016 255 255 255
-0.224 -0.048 0.016 165 182 148
-0.216 -0.048 0.016 165 182 156
-0.256 -0.04 0.016 132 117 107
-0.248 -0.04 0.016 115 101 90
-0.24 -0.04 0.016 107 101 99
-0.232 -0.04 0.016 99 97 90
-0.224 -0.04 0.016 107 121 99
-0.216 -0.064 0.024 255 255 255
-0.208 -0.064 0.024 255 255 255
-0.224 -0.056 0.024 181 178 181
-0.216 -0.056 0.024 181 182 181
-0.208 -0.056 0.024 189 190 189
-0.232 -0.04 0.024 115 97 107
-0.2 0.032 -0.168 58 117 156
-0.2 0.008 -0.144 173 186 181
-0.104 -0.112 -0.128 115 121 132
-0.112 -0.104 -0.128 132 130 140
-0.104 -0.104 -0.128 132 125 140
-0.096 -0.104 -0.128 132 121 132
-0.088 -0.104 -0.128 123 117 123
-0.112 -0.096 -0.128 123 113 123
-0.104 -0.096 -0.128 99 101 99
-0.096 -0.096 -0.128 107 113 115
-0.088 -0.096 -0.128 107 117 123
-0.12 -0.088 -0.128 115 121 123
-0.112 -0.088 -0.128 115 109 115
-0.104 -0.088 -0.128 99 101 107
-0.096 -0.088 -0.128 82 85 82
-0.088 -0.088 -0.128 90 93 99
-0.12 -0.08 -0.128 107 105 115
-0.112 -0.08 -0.128 74 89 82
-0.104 -0.08 -0.128 107 105 107
-0.096 -0.08 -0.128 99 101 99
-0.088 -0.08 -0.128 99 89 99
-0.12 -0.072 -0.128 99 97 99
-0.112 -0.072 -0.128 99 101 107
-0.104 -0.072 -0.128 90 89 90
-0.096 -0.072 -0.128 82 81 82
-0.088 -0.072 -0.128 82 73 82
-0.12 -0.112 -0.12 99 101 107
-0.112 -0.112 -0.12 156 154 165
-0.104 -0.112 -0.12 132 134 140
-0.12 -0.104 -0.12 123 134 181
-0.112 -0.104 -0.12 148 142 156
-0.104 -0.104 -0.12 140 130 140
-0.096 -0.104 -0.12 107 113 115
-0.128 -0.096 -0.12 58 81 74
-0.12 -0.096 -0.12 140 130 148
-0.112 -0.096 -0.12 148 142 148
-0.104 -0.096 -0.12 115 130 140
-0.128 -0.088 -0.12 99 101 107
-0.12 -0.088 -0.12 123 121 132
-0.112 -0.088 -0.12 115 117 123
-0.104 -0.088 -0.12 107 109 115
-0.128 -0.08 -0.12 107 117 132
-0.12 -0.08 -0.12 123 121 123
-0.112 -0.08 -0.12 99 101 107
-0.104 -0.08 -0.12 115 109 115
-0.128 -0.072 -0.12 123 121 123
-0.12 -0.072 -0.12 115 113 115
-0.112 -0.072 -0.12 107 105 115
-0.128 -0.112 -0.112 173 174 189
-0.128 -0.104 -0.112 132 130 148
-0.12 -0.104 -0.112 107 121 140
-0.112 -0.104 -0.112 148 138 148
-0.128 -0.096 -0.112 123 125 123
-0.12 -0.096 -0.112 107 109 115
-0.128 -0.104 -0.104 115 142 140
-0.128 -0.096 -0.104 123 130 148
-0.08 -0.104 -0.08 58 202 222
-0.104 -0.112 -0.072 33 138 156
-0.096 -0.112 -0.072 8 134 165
-0.088 -0.112 -0.072 25 81 90
-0.08 -0.112 -0.072 41 101 132
-0.072 -0.112 -0.072 49 121 132
-0.112 -0.104 -0.072 49 170 181
-0.104 -0.104 -0.072 25 138 156
-0.096 -0.104 -0.072 16 158 181
-0.088 -0.104 -0.072 33 105 115
-0.08 -0.104 -0.072 0 134 156
-0.072 -0.104 -0.072 49 121 132
-0.112 -0.096 -0.072 49 146 173
-0.104 -0.096 -0.072 16 150 173
-0.088 -0.096 -0.072 58 146 148
-0.104 -0.088 -0.072 0 182 222
-0.392 0.064 -0.024 25 8 0
-0.392 0.072 -0.024 8 4 0
-0.4 0.064 -0.016 16 4 0
-0.392 0.064 -0.016 16 4 0
-0.392 0.072 -0.016 16 4 0
-0.392 0.08 -0.016 8 0 0
-0.392 0.088 -0.016 66 12 16
-0.4 0.064 -0.008 8 4 0
-0.392 0.064 -0.008 16 4 8
-0.4 0.072 -0.008 16 4 0
-0.392 0.072 -0.008 8 0 0
-0.392 0.08 -0.008 8 0 0
-0.392 0.088 -0.008 41 12 8
-0.392 0.096 -0.008 49 12 8
-0.32 0.192 -0.064 74 16 0
-0.312 0.192 -0.064 66 16 0
-0.32 0.2 -0.064 66 16 0
-0.312 0.2 -0.064 74 16 0
-0.304 0.2 -0.064 66 16 0
-0.312 0.208 -0.064 66 12 0
-0.304 0.208 -0.064 49 8 0
-0.312 0.216 -0.064 74 12 0
-0.304 0.216 -0.064 58 8 0
-0.312 0.224 -0.064 58 12 0
-0.304 0.224 -0.064 33 4 0
-0.296 0.224 -0.064 58 12 0
-0.304 0.232 -0.064 33 4 0
-0.296 0.232 -0.064 66 12 0
-0.304 0.24 -0.064 41 4 0
-0.296 0.24 -0.064 58 12 0
-0.304 0.248 -0.064 58 8 0
-0.296 0.248 -0.064 66 12 0
-0.32 0.192 -0.056 66 16 0
-0.32 0.2 -0.056 74 16 0
-0.312 0.2 -0.056 66 12 0
-0.32 0.208 -0.056 66 12 0
-0.312 0.208 -0.056 66 16 0
-0.32 0.216 -0.056 41 0 0
-0.312 0.216 -0.056 41 0 0
-0.312 0.224 -0.056 58 8 0
-0.304 0.224 -0.056 49 8 8
-0.312 0.232 -0.056 58 12 0
-0.304 0.232 -0.056 41 8 0
-0.312 0.24 -0.056 49 8 0
-0.304 0.24 -0.056 58 8 0
-0.296 0.24 -0.056 74 20 0
-0.304 0.248 -0.056 74 20 0
-0.296 0.248 -0.056 74 16 0
-0.32 0.192 -0.048 66 16 0
-0.32 0.2 -0.048 74 16 0
-0.32 0.208 -0.048 82 20 0
-0.312 0.208 -0.048 74 20 0
-0.32 0.216 -0.048 74 16 0
-0.312 0.216 -0.048 74 24 0
-0.32 0.224 -0.048 58 12 0
-0.312 0.224 -0.048 82 24 0
-0.304 0.224 -0.048 99 28 0
-0.312 0.232 -0.048 90 24 0
-0.312 0.24 -0.048 82 24 8
-0.304 0.24 -0.048 90 28 0
-0.312 0.248 -0.048 90 28 0
-0.304 0.248 -0.048 90 24 0
-0.296 0.248 -0.048 82 20 0
-0.32 0.2 -0.04 66 16 0
-0.32 0.208 -0.04 49 8 0
-0.32 0.216 -0.04 74 16 0
-0.32 0.224 -0.04 33 4 0
-0.312 0.224 -0.04 49 12 0
-0.32 0.232 -0.04 49 8 0
-0.312 0.232 -0.04 49 12 0
-0.32 0.24 -0.04 49 12 0
-0.312 0.24 -0.04 66 16 0
-0.312 0.248 -0.04 74 20 0
-0.304 0.248 -0.04 66 20 0
-0.32 0.216 -0.032 107 101 82
-0.32 0.224 -0.032 107 101 90
-0.32 0.232 -0.032 90 65 58
-0.32 0.24 -0.032 49 24 8
-0.312 0.24 -0.032 49 20 8
-0.32 0.248 -0.032 58 24 8
-0.312 0.248 -0.032 49 16 8
-0.304 0.248 -0.032 33 12 0
-0.32 0.232 -0.024 16 16 8
-0.32 0.24 -0.024 16 16 16
-0.32 0.248 -0.024 25 16 25
-0.312 0.248 -0.024 16 8 16
-0.32 0.232 -0.016 0 4 8
-0.32 0.24 -0.016 8 8 16
-0.32 0.248 -0.016 25 4 8
-0.32 0.248 -0.008 8 0 0
-0.376 0 -0.064 66 32 16
-0.368 0 -0.064 66 32 25
-0.376 0.008 -0.064 74 36 25
-0.368 0.008 -0.064 82 36 25
-0.376 0.016 -0.064 66 32 16
-0.368 0.016 -0.064 74 36 25
-0.368 0.024 -0.064 58 16 8
-0.36 0.024 -0.064 49 16 8
-0.368 0.032 -0.064 16 4 0
-0.36 0.032 -0.064 25 8 0
-0.368 0.04 -0.064 99 40 8
-0.36 0.04 -0.064 99 36 0
-0.368 0.048 -0.064 99 36 8
-0.36 0.048 -0.064 90 36 0
-0.36 0.056 -0.064 90 32 0
-0.352 0.056 -0.064 99 32 0
-0.384 0 -0.056 66 24 16
-0.376 0 -0.056 66 28 16
-0.368 0 -0.056 66 20 16
-0.376 0.008 -0.056 66 24 16
-0.368 0.008 -0.056 66 24 16
-0.376 0.016 -0.056 66 20 8
-0.368 0.016 -0.056 58 16 8
-0.376 0.024 -0.056 49 16 8
-0.368 0.024 -0.056 58 20 8
-0.376 0.032 -0.056 33 8 0
-0.368 0.032 -0.056 25 4 0
-0.376 0.04 -0.056 99 40 8
-0.368 0.04 -0.056 115 45 8
-0.376 0.048 -0.056 115 49 0
-0.368 0.048 -0.056 115 45 0
-0.368 0.056 -0.056 99 40 0
-0.36 0.056 -0.056 99 36 0
-0.384 0 -0.048 66 24 25
-0.376 0 -0.048 74 28 25
-0.384 0.008 -0.048 74 28 16
-0.376 0.008 -0.048 66 20 16
-0.384 0.016 -0.048 66 20 8
-0.376 0.016 -0.048 58 20 8
-0.384 0.024 -0.048 41 12 8
-0.376 0.024 -0.048 41 12 8
-0.384 0.032 -0.048 66 24 8
-0.376 0.032 -0.048 49 12 8
-0.384 0.04 -0.048 90 36 8
-0.376 0.04 -0.048 107 45 8
-0.376 0.048 -0.048 107 45 8
-0.368 0.048 -0.048 107 49 8
-0.376 0.056 -0.048 99 36 8
-0.368 0.056 -0.048 99 36 0
-0.384 0 -0.04 74 28 25
-0.384 0.008 -0.04 66 32 16
-0.384 0.016 -0.04 66 24 8
-0.384 0.024 -0.04 41 12 8
-0.384 0.032 -0.04 90 32 16
-0.376 0.032 -0.04 107 49 16
-0.384 0.04 -0.04 74 32 25
-0.376 0.04 -0.04 99 49 25
-0.384 0.048 -0.04 107 45 8
-0.376 0.048 -0.04 99 45 8
-0.384 0.056 -0.04 90 36 8
-0.376 0.056 -0.04 82 36 0
-0.384 0.016 -0.032 66 24 16
-0.384 0.024 -0.032 82 36 41
-0.384 0.032 -0.032 123 57 33
-0.384 0.04 -0.032 58 32 25
-0.384 0.048 -0.032 58 36 16
-0.384 0.056 -0.032 49 32 16
-0.376 0.056 -0.032 33 24 8
-0.384 0.048 -0.024 16 40 33
-0.384 0.056 -0.024 16 36 25
-0.064 0.064 -0.128 74 81 74
-0.056 0.064 -0.128 74 81 82
-0.048 0.064 -0.128 58 53 49
-0.04 0.064 -0.128 16 12 8
-0.064 0.072 -0.128 82 81 82
-0.056 0.072 -0.128 74 73 66
-0.048 0.072 -0.128 41 40 41
-0.048 0.064 -0.12 66 49 66
-0.04 0.064 -0.12 16 12 16
-0.064 0.072 -0.12 49 36 49
-0.056 0.072 -0.12 90 53 25
-0.064 0.08 -0.12 115 28 25
-0.384 0.08 0 156 85 58
-0.384 0.088 0 140 81 41
-0.384 0.096 0 58 32 8
-0.384 0.104 0 58 20 0
-0.376 0.104 0 123 65 25
-0.384 0.112 0 58 20 16
-0.376 0.112 0 107 57 25
-0.376 0.12 0 49 24 8
-0.368 0.12 0 140 73 41
-0.384 0.088 0.008 156 138 123
-0.384 0.096 0.008 173 142 123
-0.384 0.104 0.008 123 93 33
-0.376 0.104 0.008 165 146 123
-0.384 0.112 0.008 123 109 41
-0.376 0.112 0.008 156 134 107
-0.376 0.12 0.008 132 77 49
-0.368 0.12 0.008 132 109 74
-0.384 0.096 0.016 173 166 140
-0.384 0.104 0.016 173 170 148
-0.384 0.112 0.016 181 158 140
-0.384 0.12 0.016 140 130 90
-0.376 0.12 0.016 107 113 74
-0.384 0.12 0.024 107 73 58
-0.384 0.096 0.032 99 85 74
-0.384 0.104 0.032 99 85 74
-0.384 0.112 0.032 99 73 66
-0.376 0.112 0.032 99 77 66
-0.384 0.12 0.032 123 89 66
-0.376 0.12 0.032 115 89 66
-0.408 0.288 -0.032 123 125 123
-0.424 0.304 -0.032 123 125 123
-0.392 0.28 -0.024 49 45 41
-0.288 0.112 -0.128 74 20 8
-0.28 0.112 -0.128 66 20 8
-0.272 0.112 -0.128 49 32 33
-0.288 0.12 -0.128 82 16 0
-0.28 0.12 -0.128 82 16 0
-0.272 0.12 -0.128 49 28 25
-0.264 0.12 -0.128 58 28 25
-0.296 0.088 -0.12 49 28 16
-0.288 0.088 -0.12 49 28 25
-0.28 0.088 -0.12 33 36 33
-0.272 0.088 -0.12 41 40 41
-0.304 0.096 -0.12 82 16 0
-0.296 0.096 -0.12 74 20 8
-0.288 0.096 -0.12 66 28 16
-0.28 0.096 -0.12 33 32 33
-0.272 0.096 -0.12 33 32 33
-0.264 0.096 -0.12 33 36 33
-0.304 0.104 -0.12 90 16 0
-0.296 0.104 -0.12 90 16 0
-0.288 0.104 -0.12 90 16 0
-0.28 0.104 -0.12 58 28 16
-0.304 0.112 -0.12 82 16 0
-0.296 0.112 -0.12 82 12 0
-0.288 0.112 -0.12 82 16 0
-0.28 0.112 -0.12 90 16 0
-0.296 0.12 -0.12 82 12 0
-0.288 0.12 -0.12 90 16 0
-0.28 0.12 -0.12 82 16 0
-0.312 0.064 -0.112 74 36 16
-0.304 0.064 -0.112 58 40 33
-0.296 0.064 -0.112 66 36 25
-0.288 0.064 -0.112 41 40 41
-0.28 0.064 -0.112 41 45 41
-0.32 0.072 -0.112 115 32 0
-0.312 0.072 -0.112 90 32 8
-0.304 0.072 -0.112 74 32 8
-0.296 0.072 -0.112 74 32 16
-0.288 0.072 -0.112 41 32 25
-0.28 0.072 -0.112 41 40 41
-0.272 0.072 -0.112 41 40 41
-0.312 0.08 -0.112 115 28 0
-0.304 0.08 -0.112 99 28 8
-0.296 0.08 -0.112 90 24 0
-0.264 0.08 -0.112 41 40 41
-0.312 0.088 -0.112 107 24 0
-0.304 0.088 -0.112 107 28 0
-0.296 0.088 -0.112 90 20 0
-0.312 0.096 -0.112 115 28 0
-0.304 0.096 -0.112 107 28 0
-0.296 0.096 -0.112 90 16 0
-0.312 0.104 -0.112 107 28 0
-0.304 0.104 -0.112 107 28 0
-0.296 0.104 -0.112 99 20 0
-0.312 0.112 -0.112 107 24 0
-0.304 0.112 -0.112 107 28 0
-0.296 0.112 -0.112 90 16 0
-0.312 0.12 -0.112 99 24 0
-0.304 0.12 -0.112 107 24 0
-0.296 0.12 -0.112 99 20 0
-0.288 0.12 -0.112 90 20 0
-0.32 0.064 -0.104 58 8 0
-0.32 0.072 -0.104 58 8 0
-0.32 0.08 -0.104 66 12 0
-0.32 0.088 -0.104 74 12 0
-0.312 0.088 -0.104 74 12 0
-0.32 0.096 -0.104 74 12 0
-0.312 0.096 -0.104 74 12 0
-0.32 0.104 -0.104 58 8 0
-0.312 0.104 -0.104 74 12 0
-0.32 0.112 -0.104 58 4 0
-0.312 0.112 -0.104 58 8 0
-0.32 0.12 -0.104 49 4 0
-0.312 0.12 -0.104 58 4 0
-0.304 0.12 -0.104 99 20 0
-0.32 0.088 -0.096 58 4 0
-0.32 0.096 -0.096 41 0 0
-0.32 0.104 -0.096 49 0 0
-0.32 0.112 -0.096 49 4 0
-0.32 0.12 -0.096 49 0 0
-0.312 0.12 -0.096 41 0 0
-0.32 0.12 -0.088 33 0 0
-0.472 0.256 -0.048 148 109 82
-0.48 0.264 -0.048 148 109 82
-0.472 0.264 -0.048 148 109 82
-0.464 0.256 -0.04 156 154 156
-0.488 0.264 -0.04 206 186 173
-0.48 0.264 -0.04 206 186 173
-0.472 0.264 -0.04 156 154 156
-0.496 0.272 -0.04 214 194 181
-0.496 0.264 -0.032 173 154 140
-0.48 0.264 -0.032 115 105 90
-0.496 0.272 -0.032 148 121 115
-0.072 -0.064 -0.144 58 65 58
-0.072 -0.056 -0.144 58 73 66
-0.072 -0.048 -0.144 82 81 74
-0.096 -0.064 -0.136 82 81 90
-0.088 -0.064 -0.136 0 4 0
-0.08 -0.064 -0.136 41 36 41
-0.072 -0.064 -0.136 66 65 74
-0.096 -0.056 -0.136 58 53 58
-0.088 -0.056 -0.136 16 12 16
-0.08 -0.056 -0.136 58 57 58
-0.072 -0.056 -0.136 58 69 58
-0.088 -0.048 -0.136 25 36 33
-0.08 -0.048 -0.136 58 69 66
-0.072 -0.048 -0.136 58 69 58
-0.096 -0.04 -0.136 16 24 16
-0.088 -0.04 -0.136 41 45 41
-0.08 -0.04 -0.136 66 69 66
-0.072 -0.04 -0.136 74 73 74
-0.088 -0.032 -0.136 49 49 49
-0.08 -0.032 -0.136 58 61 58
-0.072 -0.032 -0.136 74 77 74
-0.088 -0.024 -0.136 41 53 41
-0.08 -0.024 -0.136 66 65 66
-0.072 -0.024 -0.136 82 93 82
-0.088 -0.016 -0.136 49 49 49
-0.08 -0.016 -0.136 74 73 74
-0.072 -0.016 -0.136 74 81 66
-0.088 -0.008 -0.136 66 65 66
-0.08 -0.008 -0.136 74 73 74
-0.072 -0.008 -0.136 82 89 82
-0.096 0 -0.136 58 65 58
-0.088 0 -0.136 58 69 66
-0.08 0 -0.136 82 89 82
-0.072 0 -0.136 82 85 82
-0.096 0.008 -0.136 74 69 74
-0.088 0.008 -0.136 66 73 66
-0.08 0.008 -0.136 74 73 74
-0.072 0.008 -0.136 90 101 90
-0.096 0.016 -0.136 74 73 74
-0.088 0.016 -0.136 74 77 66
-0.08 0.016 -0.136 74 85 82
-0.072 0.016 -0.136 99 93 90
-0.096 0.024 -0.136 66 69 66
-0.088 0.024 -0.136 82 81 82
-0.08 0.024 -0.136 74 81 74
-0.072 0.024 -0.136 90 89 82
-0.096 0.032 -0.136 74 73 74
-0.088 0.032 -0.136 74 81 74
-0.08 0.032 -0.136 74 81 74
-0.072 0.032 -0.136 82 85 82
-0.096 0.04 -0.136 74 73 74
-0.088 0.04 -0.136 66 77 66
-0.08 0.04 -0.136 66 77 66
-0.072 0.04 -0.136 66 85 74
-0.096 0.048 -0.136 66 73 66
-0.088 0.048 -0.136 74 73 74
-0.08 0.048 -0.136 66 77 74
-0.072 0.048 -0.136 74 77 74
-0.088 0.056 -0.136 66 73 66
-0.08 0.056 -0.136 74 69 74
-0.072 0.056 -0.136 74 81 74
-0.36 0.064 -0.064 90 32 0
-0.352 0.064 -0.064 90 32 0
-0.36 0.072 -0.064 90 36 0
-0.352 0.072 -0.064 99 36 0
-0.36 0.08 -0.064 90 36 0
-0.352 0.08 -0.064 90 32 0
-0.352 0.088 -0.064 82 32 0
-0.344 0.088 -0.064 90 36 0
-0.352 0.096 -0.064 58 16 0
-0.344 0.096 -0.064 58 16 0
-0.352 0.104 -0.064 41 8 0
-0.344 0.104 -0.064 49 12 0
-0.344 0.112 -0.064 66 20 0
-0.344 0.12 -0.064 82 24 0
-0.336 0.12 -0.064 82 24 0
-0.368 0.064 -0.056 107 45 0
-0.36 0.064 -0.056 107 40 0
-0.368 0.072 -0.056 99 40 0
-0.36 0.072 -0.056 107 40 0
-0.36 0.08 -0.056 107 45 0
-0.352 0.08 -0.056 107 45 0
-0.36 0.088 -0.056 99 45 0
-0.352 0.088 -0.056 90 36 0
-0.36 0.096 -0.056 74 24 0
-0.352 0.096 -0.056 58 16 0
-0.36 0.104 -0.056 82 28 8
-0.352 0.104 -0.056 82 28 8
-0.344 0.104 -0.056 99 36 0
-0.352 0.112 -0.056 82 28 8
-0.344 0.112 -0.056 74 24 0
-0.352 0.12 -0.056 74 20 0
-0.344 0.12 -0.056 99 32 8
-0.376 0.064 -0.048 107 40 0
-0.368 0.064 -0.048 107 45 8
-0.368 0.072 -0.048 90 36 0
-0.36 0.072 -0.048 99 36 0
-0.368 0.08 -0.048 90 32 0
-0.36 0.08 -0.048 99 36 0
-0.368 0.088 -0.048 99 36 0
-0.36 0.088 -0.048 99 36 8
-0.36 0.096 -0.048 99 36 0
-0.352 0.096 -0.048 99 36 0
-0.36 0.104 -0.048 99 36 0
-0.352 0.104 -0.048 90 36 0
-0.36 0.112 -0.048 90 32 0
-0.352 0.112 -0.048 99 32 0
-0.352 0.12 -0.048 99 32 0
-0.344 0.12 -0.048 90 32 0
-0.376 0.064 -0.04 90 32 0
-0.368 0.064 -0.04 90 36 0
-0.376 0.072 -0.04 90 32 0
-0.368 0.072 -0.04 90 32 0
-0.376 0.08 -0.04 90 32 0
-0.368 0.08 -0.04 90 32 0
-0.368 0.088 -0.04 90 32 0
-0.36 0.088 -0.04 90 32 0
-0.368 0.096 -0.04 90 28 0
-0.36 0.096 -0.04 82 28 0
-0.368 0.104 -0.04 90 32 0
-0.36 0.104 -0.04 82 28 0
-0.36 0.112 -0.04 90 32 0
-0.352 0.112 -0.04 90 28 0
-0.36 0.12 -0.04 82 32 0
-0.352 0.12 -0.04 90 32 0
-0.384 0.064 -0.032 58 28 16
-0.376 0.064 -0.032 66 28 8
-0.384 0.072 -0.032 58 24 8
-0.376 0.072 -0.032 66 24 0
-0.384 0.08 -0.032 41 16 0
-0.376 0.08 -0.032 49 16 0
-0.368 0.08 -0.032 58 24 8
-0.376 0.088 -0.032 66 20 8
-0.368 0.088 -0.032 74 24 8
-0.376 0.096 -0.032 66 20 8
-0.368 0.096 -0.032 74 20 0
-0.376 0.104 -0.032 58 16 8
-0.368 0.104 -0.032 66 20 8
-0.368 0.112 -0.032 58 16 0
-0.36 0.112 -0.032 90 32 0
-0.368 0.12 -0.032 58 16 0
-0.36 0.12 -0.032 58 20 0
-0.384 0.064 -0.024 16 4 0
-0.384 0.072 -0.024 8 0 0
-0.384 0.08 -0.024 8 0 0
-0.376 0.08 -0.024 8 0 0
-0.384 0.088 -0.024 41 8 8
-0.376 0.088 -0.024 66 16 25
-0.384 0.096 -0.024 74 20 25
-0.376 0.096 -0.024 66 20 25
-0.376 0.104 -0.024 74 16 16
-0.368 0.104 -0.024 66 20 25
-0.376 0.112 -0.024 58 16 16
-0.368 0.112 -0.024 25 8 0
-0.376 0.12 -0.024 16 0 0
-0.368 0.12 -0.024 8 4 0
-0.384 0.072 -0.016 16 0 0
-0.384 0.08 -0.016 8 0 0
-0.384 0.088 -0.016 66 16 16
-0.384 0.096 -0.016 58 8 16
-0.376 0.096 -0.016 41 4 8
-0.384 0.104 -0.016 41 4 0
-0.376 0.104 -0.016 33 8 8
-0.384 0.112 -0.016 41 12 0
-0.376 0.112 -0.016 41 12 8
-0.384 0.12 -0.016 16 4 0
-0.376 0.12 -0.016 16 4 0
-0.384 0.08 -0.008 41 20 8
-0.384 0.088 -0.008 49 12 8
-0.384 0.096 -0.008 41 12 8
-0.384 0.104 -0.008 16 4 0
-0.376 0.104 -0.008 25 8 0
-0.384 0.112 -0.008 25 4 0
-0.376 0.112 -0.008 33 12 8
-0.384 0.12 -0.008 16 4 0
-0.376 0.12 -0.008 16 4 0
-0.392 0.128 0.024 99 73 58
-0.392 0.128 0.04 99 65 41
-0.392 0.136 0.04 107 77 58
-0.184 -0.064 -0.064 206 178 214
-0.184 -0.056 -0.064 206 162 206
-0.184 -0.048 -0.064 173 146 181
-0.192 -0.04 -0.064 165 170 181
-0.192 -0.032 -0.064 123 101 148
-0.168 -0.024 -0.064 197 170 90
-0.184 -0.016 -0.064 214 170 33
-0.168 -0.016 -0.064 222 166 74
-0.16 -0.016 -0.064 222 170 66
-0.184 -0.008 -0.064 206 170 49
-0.168 -0.008 -0.064 206 162 41
-0.16 -0.008 -0.064 214 178 49
-0.152 -0.008 -0.064 230 182 16
-0.176 -0.064 -0.056 255 251 255
-0.176 -0.056 -0.056 255 247 255
-0.184 -0.048 -0.056 255 251 255
-0.176 -0.048 -0.056 255 231 255
-0.184 -0.04 -0.056 247 255 255
-0.192 -0.032 -0.056 173 150 189
-0.184 -0.032 -0.056 173 146 173
-0.176 -0.064 -0.048 255 255 255
-0.176 -0.056 -0.048 255 255 255
-0.184 -0.048 -0.048 255 255 255
-0.176 -0.048 -0.048 255 255 255
-0.192 -0.04 -0.048 255 255 255
-0.184 -0.04 -0.048 255 255 255
-0.192 -0.032 -0.048 165 150 165
-0.184 -0.032 -0.048 156 162 165
-0.184 -0.064 -0.04 255 255 255
-0.176 -0.064 -0.04 255 255 255
-0.184 -0.056 -0.04 255 255 255
-0.176 -0.056 -0.04 255 255 255
-0.184 -0.048 -0.04 255 255 255
-0.176 -0.048 -0.04 255 255 255
-0.192 -0.04 -0.04 239 219 239
-0.184 -0.04 -0.04 247 235 247
-0.192 -0.032 -0.04 132 134 140
-0.192 -0.064 -0.032 255 255 255
-0.184 -0.064 -0.032 255 255 255
-0.192 -0.056 -0.032 255 255 255
-0.184 -0.056 -0.032 255 255 255
-0.192 -0.048 -0.032 255 255 255
-0.184 -0.048 -0.032 255 255 255
-0.192 -0.04 -0.032 214 223 214
-0.192 -0.064 -0.024 255 255 255
-0.184 -0.064 -0.024 255 255 255
-0.192 -0.056 -0.024 255 255 255
-0.184 -0.056 -0.024 255 255 255
-0.192 -0.048 -0.024 255 255 255
-0.192 -0.04 -0.024 165 186 165
-0.192 -0.064 -0.016 255 255 255
-0.192 -0.056 -0.016 255 255 255
-0.192 -0.064 -0.008 255 255 255
-0.328 0.128 -0.096 49 0 0
-0.328 0.128 -0.088 16 0 0
-0.328 0.136 -0.088 33 0 0
-0.328 0.144 -0.088 25 0 0
-0.328 0.152 -0.088 25 0 0
-0.336 0.128 -0.08 25 4 0
-0.328 0.128 -0.08 16 4 0
-0.336 0.136 -0.08 25 4 0
-0.328 0.136 -0.08 16 4 0
-0.328 0.144 -0.08 16 0 0
-0.328 0.152 -0.08 16 4 0
-0.328 0.16 -0.08 16 4 0
-0.336 0.128 -0.072 66 16 0
-0.328 0.128 -0.072 74 20 0
-0.336 0.136 -0.072 66 24 0
-0.328 0.136 -0.072 58 16 0
-0.336 0.144 -0.072 66 16 0
-0.328 0.144 -0.072 49 12 0
-0.328 0.152 -0.072 66 16 0
-0.328 0.16 -0.072 58 16 0
-0.328 0.168 -0.072 74 24 0
-0.328 0.176 -0.072 74 20 0
-0.32 0.256 0 49 20 8
-0.312 0.256 0 58 16 8
-0.32 0.264 0 49 12 8
-0.312 0.264 0 16 0 0
-0.32 0.256 0.008 123 77 41
-0.312 0.256 0.008 115 65 33
-0.32 0.264 0.008 107 53 33
-0.32 0.256 0.016 123 73 58
-0.312 0.256 0.016 99 73 49
-0.32 0.264 0.016 115 69 49
-0.32 0.256 0.024 197 154 132
-0.256 0.12 -0.128 49 28 25
-0.248 0.12 -0.128 41 32 33
-0.2 0.072 -0.12 123 40 49
-0.256 0.104 -0.12 33 36 33
-0.248 0.104 -0.12 33 36 33
-0.24 0.112 -0.12 33 36 33
-0.232 0.112 -0.12 33 36 33
-0.216 0.12 -0.12 33 36 33
-0.208 0.12 -0.12 41 40 33
-0.232 0.064 -0.112 41 45 41
-0.224 0.064 -0.112 41 45 41
-0.216 0.064 -0.112 41 40 41
-0.208 0.064 -0.112 107 49 49
-0.232 0.072 -0.112 41 40 41
-0.224 0.072 -0.112 41 40 41
-0.216 0.072 -0.112 41 40 41
-0.208 0.072 -0.112 41 40 41
-0.2 0.072 -0.112 41 40 41
-0.256 0.08 -0.112 33 40 41
-0.224 0.08 -0.112 41 45 41
-0.216 0.08 -0.112 41 45 41
-0.208 0.08 -0.112 41 40 41
-0.2 0.08 -0.112 41 40 41
-0.248 0.088 -0.112 33 36 33
-0.24 0.088 -0.112 41 40 41
-0.232 0.088 -0.112 41 40 41
-0.224 0.088 -0.112 41 45 41
-0.216 0.088 -0.112 41 40 41
-0.208 0.088 -0.112 41 45 41
-0.2 0.088 -0.112 41 40 41
-0.24 0.096 -0.112 33 36 33
-0.232 0.096 -0.112 33 36 33
-0.224 0.096 -0.112 41 45 41
-0.216 0.096 -0.112 41 40 41
-0.208 0.096 -0.112 41 40 41
-0.2 0.096 -0.112 41 40 41
-0.24 0.104 -0.112 66 36 33
-0.216 0.104 -0.112 41 40 41
-0.208 0.104 -0.112 41 40 41
-0.2 0.104 -0.112 41 45 41
-0.232 0.112 -0.112 115 36 25
-0.232 0.12 -0.112 107 28 8
-0.224 0.12 -0.112 115 36 25
-0.256 0.064 -0.104 41 45 41
-0.248 0.064 -0.104 41 40 41
-0.24 0.064 -0.104 41 40 41
-0.232 0.064 -0.104 41 40 41
-0.2 -0.064 -0.112 107 146 148
-0.2 -0.056 -0.112 99 170 189
-0.2 -0.064 -0.104 123 130 140
-0.256 -0.016 -0.104 41 45 25
-0.248 -0.016 -0.104 90 69 49
-0.24 -0.016 -0.104 123 109 74
-0.256 -0.008 -0.104 115 49 16
-0.248 -0.008 -0.104 123 101 33
-0.256 -0.024 -0.096 82 24 16
-0.248 -0.024 -0.096 41 32 33
-0.24 -0.024 -0.096 49 45 49
-0.232 -0.024 -0.096 41 40 41
-0.2 -0.024 -0.096 107 113 90
-0.256 -0.016 -0.096 165 85 58
-0.248 -0.016 -0.096 90 65 49
-0.24 -0.016 -0.096 90 65 49
-0.232 -0.016 -0.096 132 97 66
-0.256 -0.008 -0.096 148 105 49
-0.248 -0.008 -0.096 115 73 49
-0.24 -0.008 -0.096 115 65 49
-0.2 -0.048 -0.088 41 53 49
-0.2 -0.04 -0.088 49 69 82
-0.232 -0.024 -0.088 123 45 25
-0.224 -0.024 -0.088 74 53 33
-0.216 -0.024 -0.088 66 53 49
-0.256 -0.016 -0.088 239 194 90
-0.248 -0.016 -0.088 247 202 74
-0.24 -0.016 -0.088 222 162 82
-0.232 -0.016 -0.088 189 109 82
-0.232 -0.008 -0.088 165 109 58
-0.2 -0.056 -0.08 41 45 58
-0.2 -0.048 -0.08 33 40 41
-0.208 -0.04 -0.08 33 32 33
-0.2 -0.04 -0.08 41 40 41
-0.216 -0.032 -0.08 33 24 25
-0.208 -0.032 -0.08 66 24 33
-0.2 -0.032 -0.08 41 28 33
-0.208 -0.024 -0.08 123 93 58
-0.224 -0.016 -0.08 197 158 74
-0.216 -0.016 -0.08 181 134 82
-0.208 -0.016 -0.08 181 121 82
-0.224 -0.008 -0.08 148 93 58
-0.2 -0.048 -0.072 90 85 99
-0.256 -0.04 -0.072 49 40 49
-0.248 -0.04 -0.072 49 45 49
-0.2 -0.04 -0.072 41 40 41
-0.256 -0.032 -0.072 41 45 41
-0.208 -0.032 -0.072 33 40 41
-0.2 -0.032 -0.072 41 28 33
-0.2 -0.024 -0.072 165 89 74
-0.208 -0.008 -0.072 197 142 58
-0.52 0.288 -0.032 181 166 156
-0.272 0.128 -0.136 66 20 8
-0.272 0.136 -0.136 82 24 8
-0.264 0.136 -0.136 90 28 8
-0.272 0.144 -0.136 107 24 8
-0.264 0.144 -0.136 115 28 0
-0.264 0.152 -0.136 107 28 8
-0.128 -0.064 -0.128 107 105 107
-0.12 -0.064 -0.128 99 101 107
-0.112 -0.064 -0.128 99 93 99
-0.104 -0.064 -0.128 90 89 90
-0.096 -0.064 -0.128 82 85 82
-0.088 -0.064 -0.128 41 45 41
-0.128 -0.056 -0.128 99 97 99
-0.12 -0.056 -0.128 90 93 99
-0.112 -0.056 -0.128 90 89 90
-0.104 -0.056 -0.128 90 85 90
-0.096 -0.056 -0.128 74 77 82
-0.088 -0.056 -0.128 41 40 49
-0.12 -0.048 -0.128 82 77 82
-0.112 -0.048 -0.128 82 81 82
-0.104 -0.048 -0.128 74 73 74
-0.096 -0.048 -0.128 74 77 82
-0.088 -0.048 -0.128 0 8 0
-0.08 -0.048 -0.128 33 32 33
-0.12 -0.04 -0.128 90 81 90
-0.112 -0.04 -0.128 49 57 58
-0.104 -0.04 -0.128 49 57 58
-0.096 -0.04 -0.128 41 45 49
-0.088 -0.04 -0.128 25 20 25
-0.08 -0.04 -0.128 58 61 58
-0.112 -0.032 -0.128 74 73 66
-0.104 -0.032 -0.128 49 40 49
-0.096 -0.032 -0.128 0 16 0
-0.088 -0.032 -0.128 25 20 33
-0.08 -0.032 -0.128 49 53 58
-0.072 -0.032 -0.128 74 73 74
-0.112 -0.024 -0.128 107 101 99
-0.104 -0.024 -0.128 66 65 66
-0.096 -0.024 -0.128 0 0 0
-0.088 -0.024 -0.128 25 32 25
-0.08 -0.024 -0.128 41 49 49
-0.072 -0.024 -0.128 58 73 66
-0.112 -0.016 -0.128 74 61 58
-0.104 -0.016 -0.128 25 32 16
-0.096 -0.016 -0.128 0 8 0
-0.088 -0.016 -0.128 33 28 25
-0.08 -0.016 -0.128 66 57 58
-0.072 -0.016 -0.128 82 85 82
-0.112 -0.008 -0.128 58 49 33
-0.104 -0.008 -0.128 0 4 0
-0.096 -0.008 -0.128 33 24 33
-0.088 -0.008 -0.128 49 49 49
-0.08 -0.008 -0.128 66 65 66
-0.072 -0.008 -0.128 74 81 66
-0.128 -0.064 -0.12 107 109 115
-0.12 -0.064 -0.12 107 105 115
-0.112 -0.064 -0.12 107 101 107
-0.128 -0.056 -0.12 99 105 107
-0.12 -0.056 -0.12 99 97 99
-0.112 -0.056 -0.12 90 89 90
-0.128 -0.048 -0.12 90 93 90
-0.12 -0.048 -0.12 82 81 90
-0.112 -0.048 -0.12 82 81 90
-0.128 -0.04 -0.12 173 142 165
-0.12 -0.04 -0.12 123 109 132
-0.112 -0.04 -0.12 66 61 66
-0.128 -0.032 -0.12 148 146 140
-0.12 -0.032 -0.12 123 125 115
-0.112 -0.032 -0.12 140 130 132
-0.104 -0.032 -0.12 99 97 99
-0.12 -0.024 -0.12 58 32 41
-0.112 -0.024 -0.12 66 65 49
-0.104 -0.024 -0.12 90 89 90
-0.12 -0.016 -0.12 99 93 90
-0.112 -0.016 -0.12 99 89 82
-0.12 -0.008 -0.12 123 109 99
-0.112 -0.008 -0.12 99 93 82
-0.104 -0.008 -0.12 16 32 16
-0.128 -0.032 -0.112 148 146 148
-0.128 -0.024 -0.112 58 77 49
-0.12 -0.024 -0.112 107 85 82
-0.128 -0.016 -0.112 74 53 58
-0.12 -0.016 -0.112 115 97 99
-0.128 -0.008 -0.112 33 40 33
-0.12 -0.008 -0.112 66 57 49
-0.32 0.16 -0.064 66 16 0
-0.32 0.168 -0.064 74 20 0
-0.32 0.176 -0.064 74 20 0
-0.32 0.184 -0.064 82 20 0
-0.312 0.184 -0.064 82 20 0
-0.32 0.168 -0.056 66 20 0
-0.32 0.176 -0.056 66 20 0
-0.32 0.184 -0.056 66 16 0
-0.4 0.216 -0.04 165 125 90
-0.392 0.216 -0.04 156 121 90
-0.408 0.224 -0.04 165 125 90
-0.432 0.24 -0.04 214 206 189
-0.448 0.248 -0.04 214 206 189
-0.44 0.24 -0.032 165 150 123
-0.448 0.248 -0.032 165 150 123
-0.376 0.128 0 49 16 8
-0.368 0.128 0 107 53 16
-0.368 0.136 0 58 36 8
-0.36 0.136 0 140 73 49
-0.368 0.144 0 49 24 0
-0.36 0.144 0 107 65 25
-0.36 0.152 0 58 32 0
-0.352 0.152 0 123 69 41
-0.36 0.16 0 16 12 8
-0.352 0.16 0 90 53 25
-0.352 0.168 0 66 32 8
-0.344 0.168 0 115 65 49
-0.352 0.176 0 33 20 0
-0.344 0.176 0 90 53 33
-0.336 0.176 0 90 45 25
-0.344 0.184 0 66 28 8
-0.336 0.184 0 82 45 25
-0.376 0.128 0.008 132 77 41
-0.368 0.128 0.008 123 89 58
-0.368 0.136 0.008 132 77 49
-0.36 0.136 0.008 132 105 82
-0.368 0.144 0.008 140 81 58
-0.36 0.144 0.008 140 97 66
-0.352 0.144 0.008 140 117 90
-0.36 0.152 0.008 123 69 41
-0.352 0.152 0.008 140 105 82
-0.36 0.16 0.008 107 65 58
-0.352 0.16 0.008 132 97 74
-0.344 0.16 0.008 140 113 90
-0.352 0.168 0.008 115 65 41
-0.344 0.168 0.008 123 101 66
-0.352 0.176 0.008 115 61 49
-0.344 0.176 0.008 123 73 41
-0.336 0.176 0.008 165 134 123
-0.344 0.184 0.008 90 93 33
-0.336 0.184 0.008 165 134 123
-0.384 0.128 0.016 115 85 74
-0.376 0.128 0.016 115 77 66
-0.368 0.128 0.016 107 73 49
-0.376 0.136 0.016 107 81 58
-0.368 0.136 0.016 99 73 49
-0.368 0.144 0.016 115 89 66
-0.36 0.144 0.016 107 73 58
-0.368 0.152 0.016 115 89 66
-0.36 0.152 0.016 115 77 58
-0.36 0.16 0.016 115 89 58
-0.352 0.16 0.016 107 73 49
-0.36 0.168 0.016 107 81 58
-0.352 0.168 0.016 82 57 41
-0.352 0.176 0.016 99 61 41
-0.344 0.176 0.016 66 36 8
-0.352 0.184 0.016 132 93 74
-0.344 0.184 0.016 74 36 16
-0.384 0.128 0.024 107 73 58
-0.376 0.128 0.024 107 69 49
-0.384 0.136 0.024 107 69 49
-0.376 0.136 0.024 99 65 41
-0.384 0.144 0.024 99 69 49
-0.376 0.144 0.024 99 69 49
-0.368 0.144 0.024 99 65 41
-0.376 0.152 0.024 99 69 49
-0.368 0.152 0.024 90 65 49
-0.368 0.16 0.024 90 65 41
-0.36 0.16 0.024 90 57 33
-0.368 0.168 0.024 90 65 49
-0.36 0.168 0.024 82 57 41
-0.368 0.176 0.024 82 57 41
-0.36 0.176 0.024 82 49 33
-0.36 0.184 0.024 58 16 0
-0.352 0.184 0.024 58 16 0
-0.376 0.128 0.032 123 89 66
-0.368 0.128 0.032 132 85 66
-0.376 0.136 0.032 132 81 58
-0.368 0.136 0.032 107 73 49
-0.368 0.144 0.032 115 77 49
-0.36 0.144 0.032 115 77 58
-0.368 0.152 0.032 123 81 58
-0.36 0.152 0.032 115 81 66
-0.368 0.16 0.032 115 77 58
-0.36 0.16 0.032 107 69 49
-0.352 0.16 0.032 115 69 49
-0.36 0.168 0.032 115 77 58
-0.352 0.168 0.032 115 81 66
-0.352 0.176 0.032 107 65 25
-0.344 0.176 0.032 107 65 41
-0.352 0.184 0.032 107 73 49
-0.344 0.184 0.032 107 73 49
-0.384 0.128 0.04 107 73 49
-0.384 0.136 0.04 90 69 58
-0.384 0.144 0.04 115 73 58
-0.376 0.144 0.04 107 73 49
-0.384 0.152 0.04 99 69 49
-0.376 0.152 0.04 107 73 66
-0.376 0.16 0.04 107 69 49
-0.376 0.168 0.04 99 61 25
-0.368 0.168 0.04 90 65 49
-0.368 0.176 0.04 82 65 41
-0.368 0.184 0.04 90 57 25
-0.36 0.184 0.04 90 45 25
-0.328 0.064 -0.104 49 8 0
-0.328 0.072 -0.104 41 0 0
-0.328 0.08 -0.104 49 4 0
-0.328 0.088 -0.104 49 4 0
-0.336 0.064 -0.096 49 4 0
-0.328 0.064 -0.096 58 4 0
-0.336 0.072 -0.096 58 4 0
-0.328 0.072 -0.096 49 0 0
-0.336 0.08 -0.096 49 4 0
-0.328 0.08 -0.096 49 0 0
-0.336 0.088 -0.096 49 0 0
-0.328 0.088 -0.096 49 0 0
-0.328 0.096 -0.096 49 0 0
-0.328 0.104 -0.096 49 4 0
-0.328 0.112 -0.096 49 0 0
-0.328 0.12 -0.096 49 4 0
-0.344 0.064 -0.088 16 0 0
-0.336 0.064 -0.088 25 4 0
-0.344 0.072 -0.088 16 0 0
-0.336 0.072 -0.088 25 0 0
-0.344 0.08 -0.088 16 0 0
-0.336 0.08 -0.088 33 0 0
-0.328 0.08 -0.088 41 4 0
-0.336 0.088 -0.088 33 0 0
-0.328 0.088 -0.088 41 0 0
-0.336 0.096 -0.088 25 0 0
-0.328 0.096 -0.088 25 0 0
-0.336 0.104 -0.088 25 0 0
-0.328 0.104 -0.088 33 0 0
-0.336 0.112 -0.088 16 0 0
-0.328 0.112 -0.088 33 0 0
-0.336 0.12 -0.088 16 0 0
-0.328 0.12 -0.088 25 0 0
-0.352 0.064 -0.08 33 12 0
-0.344 0.064 -0.08 33 8 0
-0.352 0.072 -0.08 41 16 0
-0.344 0.072 -0.08 33 8 0
-0.336 0.072 -0.08 25 4 0
-0.344 0.08 -0.08 33 12 0
-0.336 0.08 -0.08 8 4 0
-0.344 0.088 -0.08 25 4 0
-0.336 0.088 -0.08 16 4 0
-0.344 0.096 -0.08 25 4 0
-0.336 0.096 -0.08 16 4 0
-0.344 0.104 -0.08 25 8 0
-0.336 0.104 -0.08 8 4 0
-0.336 0.112 -0.08 25 4 0
-0.328 0.112 -0.08 41 12 0
-0.336 0.12 -0.08 25 8 0
-0.328 0.12 -0.08 8 0 0
-0.36 0.064 -0.072 90 32 8
-0.352 0.064 -0.072 90 32 0
-0.344 0.064 -0.072 99 36 8
-0.352 0.072 -0.072 90 32 8
-0.344 0.072 -0.072 82 28 0
-0.352 0.08 -0.072 82 28 0
-0.344 0.08 -0.072 74 24 0
-0.352 0.088 -0.072 82 28 0
-0.344 0.088 -0.072 66 20 0
-0.344 0.096 -0.072 82 28 0
-0.336 0.096 -0.072 58 20 0
-0.344 0.104 -0.072 74 28 0
-0.336 0.104 -0.072 82 24 0
-0.344 0.112 -0.072 82 28 0
-0.336 0.112 -0.072 74 24 0
-0.344 0.12 -0.072 74 24 0
-0.336 0.12 -0.072 66 20 0
-0.04 0 -0.152 123 130 123
-0.04 0.008 -0.152 115 130 115
-0.04 0.016 -0.152 82 105 82
-0.032 0.016 -0.152 74 85 66
-0.04 0.024 -0.152 115 117 123
-0.032 0.024 -0.152 58 69 58
-0.032 0.032 -0.152 49 49 41
-0.032 0.04 -0.152 49 45 33
-0.056 0 -0.144 115 105 115
-0.048 0 -0.144 115 117 115
-0.04 0 -0.144 123 134 123
-0.032 0 -0.144 123 125 115
-0.056 0.008 -0.144 107 113 99
-0.048 0.008 -0.144 107 113 107
-0.04 0.008 -0.144 123 138 123
-0.032 0.008 -0.144 74 89 74
-0.056 0.016 -0.144 99 109 99
-0.048 0.016 -0.144 115 113 115
-0.04 0.016 -0.144 115 125 115
-0.032 0.016 -0.144 90 73 82
-0.056 0.024 -0.144 107 117 99
-0.048 0.024 -0.144 107 109 99
-0.04 0.024 -0.144 99 113 99
-0.032 0.024 -0.144 41 49 41
-0.048 0.032 -0.144 99 109 99
-0.04 0.032 -0.144 90 97 74
-0.032 0.032 -0.144 33 45 25
-0.048 0.04 -0.144 107 105 99
-0.04 0.04 -0.144 66 57 66
-0.032 0.04 -0.144 41 45 41
-0.04 0.048 -0.144 74 65 58
-0.032 0.048 -0.144 49 49 41
-0.04 0.056 -0.144 41 28 33
-0.032 0.056 -0.144 41 45 33
-0.064 0 -0.136 90 97 90
-0.056 0 -0.136 90 97 82
-0.048 0 -0.136 82 97 90
-0.064 0.008 -0.136 90 97 90
-0.056 0.008 -0.136 115 113 107
-0.048 0.008 -0.136 99 101 99
-0.064 0.016 -0.136 82 89 90
-0.056 0.016 -0.136 115 109 107
-0.048 0.016 -0.136 115 113 107
-0.064 0.024 -0.136 99 105 99
-0.056 0.024 -0.136 82 101 90
-0.048 0.024 -0.136 107 105 107
-0.064 0.032 -0.136 90 97 82
-0.056 0.032 -0.136 82 89 82
-0.048 0.032 -0.136 99 105 107
-0.04 0.032 -0.136 99 109 90
-0.032 0.032 -0.136 49 49 58
-0.064 0.04 -0.136 90 89 82
-0.056 0.04 -0.136 99 89 90
-0.048 0.04 -0.136 90 93 90
-0.04 0.04 -0.136 58 61 66
-0.032 0.04 -0.136 25 24 25
-0.064 0.048 -0.136 74 81 74
-0.056 0.048 -0.136 90 93 82
-0.048 0.048 -0.136 66 65 66
-0.04 0.048 -0.136 58 57 41
-0.032 0.048 -0.136 25 28 33
-0.064 0.056 -0.136 74 89 82
-0.056 0.056 -0.136 90 89 90
-0.048 0.056 -0.136 66 77 66
-0.04 0.056 -0.136 41 45 41
-0.032 0.056 -0.136 16 32 16
-0.048 0.064 -0.136 41 49 33
-0.04 0.064 -0.136 8 4 8
-0.168 -0.104 -0.064 82 89 99
-0.176 -0.096 -0.064 148 158 156
-0.168 -0.096 -0.064 107 125 132
-0.184 -0.088 -0.064 156 182 165
-0.176 -0.088 -0.064 148 154 156
-0.168 -0.088 -0.064 82 89 90
-0.176 -0.08 -0.064 206 174 222
-0.184 -0.072 -0.064 206 198 206
-0.168 -0.104 -0.056 255 255 255
-0.168 -0.096 -0.056 230 227 230
-0.184 -0.088 -0.056 255 255 255
-0.176 -0.088 -0.056 255 255 255
-0.168 -0.088 -0.056 222 206 222
-0.176 -0.08 -0.056 255 255 255
-0.168 -0.08 -0.056 239 239 239
-0.176 -0.072 -0.056 255 255 255
-0.168 -0.072 -0.056 181 202 189
-0.176 -0.096 -0.048 255 255 255
-0.168 -0.096 -0.048 255 255 255
-0.184 -0.088 -0.048 255 255 255
-0.176 -0.088 -0.048 255 255 255
-0.168 -0.088 -0.048 255 255 255
-0.184 -0.08 -0.048 255 255 255
-0.176 -0.08 -0.048 255 255 255
-0.168 -0.08 -0.048 255 255 255
-0.176 -0.072 -0.048 255 255 255
-0.168 -0.072 -0.048 255 255 255
-0.176 -0.096 -0.04 255 255 255
-0.168 -0.096 -0.04 255 255 255
-0.192 -0.088 -0.04 255 255 255
-0.184 -0.088 -0.04 255 255 255
-0.176 -0.088 -0.04 255 255 255
-0.168 -0.088 -0.04 255 255 255
-0.184 -0.08 -0.04 255 255 255
-0.176 -0.08 -0.04 255 255 255
-0.168 -0.08 -0.04 255 255 255
-0.184 -0.072 -0.04 255 255 255
-0.176 -0.072 -0.04 255 255 255
-0.184 -0.096 -0.032 255 255 255
-0.176 -0.096 -0.032 255 255 255
-0.192 -0.088 -0.032 255 255 255
-0.184 -0.088 -0.032 255 255 255
-0.176 -0.088 -0.032 255 255 255
-0.192 -0.08 -0.032 255 255 255
-0.184 -0.08 -0.032 255 255 255
-0.176 -0.08 -0.032 255 255 255
-0.184 -0.072 -0.032 255 255 255
-0.176 -0.072 -0.032 255 255 255
-0.192 -0.096 -0.024 255 255 255
-0.184 -0.096 -0.024 255 255 255
-0.176 -0.096 -0.024 255 255 255
-0.192 -0.088 -0.024 255 255 255
-0.184 -0.088 -0.024 255 255 255
-0.184 -0.08 -0.024 255 255 255
-0.176 -0.08 -0.024 255 255 255
-0.192 -0.072 -0.024 255 255 255
-0.184 -0.072 -0.024 255 255 255
-0.192 -0.096 -0.016 255 255 255
-0.184 -0.096 -0.016 255 255 255
-0.192 -0.088 -0.016 255 255 255
-0.184 -0.088 -0.016 255 255 255
-0.192 -0.08 -0.016 255 255 255
-0.184 -0.08 -0.016 255 255 255
-0.192 -0.072 -0.016 255 255 255
-0.192 -0.088 -0.008 255 255 255
-0.192 -0.08 -0.008 255 255 255
-0.192 -0.072 -0.008 255 255 255
-0.128 0.064 -0.128 49 53 49
-0.12 0.064 -0.128 58 57 58
-0.112 0.064 -0.128 58 57 58
-0.104 0.064 -0.128 58 61 58
-0.096 0.064 -0.128 58 65 58
-0.088 0.064 -0.128 66 69 66
-0.08 0.064 -0.128 66 69 66
-0.072 0.064 -0.128 74 73 58
-0.128 0.072 -0.128 58 57 58
-0.12 0.072 -0.128 58 57 49
-0.112 0.072 -0.128 66 61 58
-0.104 0.072 -0.128 58 61 58
-0.096 0.072 -0.128 58 61 58
-0.088 0.072 -0.128 66 65 58
-0.08 0.072 -0.128 66 73 66
-0.072 0.072 -0.128 66 73 66
-0.128 0.08 -0.128 25 24 25
-0.12 0.08 -0.128 16 20 16
-0.112 0.08 -0.128 16 28 8
-0.104 0.08 -0.128 16 24 16
-0.096 0.08 -0.128 16 20 16
-0.088 0.08 -0.128 58 53 49
-0.08 0.08 -0.128 25 20 0
-0.072 0.08 -0.128 82 36 41
-0.128 0.088 -0.128 123 40 41
-0.12 0.088 -0.128 132 40 41
-0.112 0.088 -0.128 140 45 41
-0.08 0.072 -0.12 58 53 49
-0.072 0.072 -0.12 33 32 33
-0.128 0.08 -0.12 115 32 25
-0.096 0.08 -0.12 33 20 16
-0.088 0.08 -0.12 82 24 33
-0.08 0.08 -0.12 82 12 16
-0.072 0.08 -0.12 132 36 41
-0.128 0.088 -0.12 148 49 49
-0.12 0.088 -0.12 123 45 49
-0.112 0.088 -0.12 8 12 8
-0.104 0.088 -0.12 99 36 41
-0.096 0.088 -0.12 123 85 58
-0.088 0.088 -0.12 140 73 66
-0.08 0.088 -0.12 99 53 41
-0.072 0.088 -0.12 66 28 33
-0.128 0.096 -0.12 0 0 0
-0.12 0.096 -0.12 0 0 0
-0.112 0.096 -0.12 25 45 8
-0.104 0.096 -0.12 206 138 123
-0.096 0.096 -0.12 214 150 115
-0.088 0.096 -0.12 197 134 107
-0.08 0.096 -0.12 173 97 90
-0.128 0.104 -0.12 16 16 16
-0.088 0.104 -0.12 230 166 132
-0.112 0.096 -0.112 49 45 25
-0.104 0.096 -0.112 140 101 74
-0.096 0.096 -0.112 230 154 132
-0.088 0.096 -0.112 197 142 115
-0.08 0.096 -0.112 214 162 132
-0.128 0.104 -0.112 25 20 16
-0.12 0.104 -0.112 16 12 16
-0.112 0.104 -0.112 16 16 8
-0.104 0.104 -0.112 99 61 82
-0.096 0.104 -0.112 74 73 49
-0.128 0.112 -0.112 16 12 8
-0.12 0.112 -0.112 8 4 8
-0.112 0.112 -0.112 25 20 16
-0.104 0.112 -0.112 25 8 8
-0.128 0.12 -0.112 0 12 0
-0.12 0.12 -0.112 16 12 8
-0.112 0.12 -0.112 0 0 0
-0.128 0.12 -0.104 66 36 16
-0.12 0.12 -0.104 115 65 49
-0.064 0.048 -0.128 74 81 66
-0.056 0.048 -0.128 90 89 99
-0.048 0.048 -0.128 66 65 66
-0.064 0.056 -0.128 74 81 74
-0.056 0.056 -0.128 90 89 90
-0.048 0.056 -0.128 82 89 82
-0.04 0.056 -0.128 33 36 33
-0.624 -0.184 -0.344 197 198 206
-0.616 -0.184 -0.344 197 198 206
-0.608 0.344 -0.056 222 215 206
-0.616 0.352 -0.056 222 215 206
-0.112 0 -0.128 49 57 58
-0.104 0 -0.128 8 12 8
-0.096 0 -0.128 58 57 58
-0.088 0 -0.128 66 73 74
-0.08 0 -0.128 66 73 74
-0.072 0 -0.128 82 85 90
-0.128 0.008 -0.128 74 130 140
-0.12 0.008 -0.128 66 121 115
-0.112 0.008 -0.128 16 24 25
-0.104 0.008 -0.128 41 32 41
-0.096 0.008 -0.128 58 69 58
-0.088 0.008 -0.128 58 65 58
-0.08 0.008 -0.128 74 81 74
-0.072 0.008 -0.128 82 89 82
-0.128 0.016 -0.128 74 117 181
-0.12 0.016 -0.128 41 77 107
-0.112 0.016 -0.128 0 8 0
-0.104 0.016 -0.128 49 57 58
-0.096 0.016 -0.128 66 69 66
-0.088 0.016 -0.128 74 69 66
-0.08 0.016 -0.128 66 77 66
-0.072 0.016 -0.128 82 85 82
-0.128 0.024 -0.128 58 73 82
-0.12 0.024 -0.128 16 32 25
-0.112 0.024 -0.128 25 24 33
-0.104 0.024 -0.128 49 57 49
-0.096 0.024 -0.128 66 65 66
-0.088 0.024 -0.128 74 77 74
-0.08 0.024 -0.128 66 73 66
-0.128 0.032 -0.128 49 49 49
-0.12 0.032 -0.128 25 24 25
-0.112 0.032 -0.128 41 40 33
-0.104 0.032 -0.128 58 61 58
-0.096 0.032 -0.128 58 65 58
-0.088 0.032 -0.128 66 69 66
-0.08 0.032 -0.128 66 73 66
-0.128 0.04 -0.128 41 45 41
-0.12 0.04 -0.128 58 57 49
-0.112 0.04 -0.128 58 61 58
-0.104 0.04 -0.128 58 61 58
-0.096 0.04 -0.128 66 65 66
-0.088 0.04 -0.128 66 73 66
-0.08 0.04 -0.128 66 73 66
-0.072 0.04 -0.128 82 81 82
-0.128 0.048 -0.128 49 53 49
-0.12 0.048 -0.128 58 57 58
-0.112 0.048 -0.128 58 57 58
-0.104 0.048 -0.128 66 65 66
-0.096 0.048 -0.128 66 65 66
-0.088 0.048 -0.128 58 69 66
-0.08 0.048 -0.128 66 73 66
-0.072 0.048 -0.128 74 81 74
-0.128 0.056 -0.128 58 53 49
-0.12 0.056 -0.128 49 57 58
-0.112 0.056 -0.128 58 61 58
-0.104 0.056 -0.128 58 61 58
-0.096 0.056 -0.128 66 69 66
-0.088 0.056 -0.128 66 69 66
-0.08 0.056 -0.128 74 73 74
-0.072 0.056 -0.128 74 73 74
-0.128 0 -0.12 173 162 165
-0.12 0 -0.12 156 170 148
-0.312 0 -0.112 99 32 8
-0.304 0 -0.112 66 49 25
-0.28 0 -0.112 140 57 58
-0.32 0.008 -0.112 99 28 8
-0.312 0.008 -0.112 90 28 16
-0.304 0.008 -0.112 58 32 25
-0.288 0.008 -0.112 49 45 41
-0.28 0.008 -0.112 41 36 41
-0.32 0.016 -0.112 82 28 16
-0.312 0.016 -0.112 66 32 25
-0.304 0.016 -0.112 49 36 25
-0.296 0.016 -0.112 58 45 33
-0.288 0.016 -0.112 82 61 41
-0.32 0.024 -0.112 90 28 8
-0.312 0.024 -0.112 74 28 16
-0.304 0.024 -0.112 49 32 25
-0.288 0.024 -0.112 41 36 33
-0.28 0.024 -0.112 82 65 33
-0.32 0.032 -0.112 66 32 16
-0.312 0.032 -0.112 49 32 33
-0.304 0.032 -0.112 41 36 41
-0.296 0.032 -0.112 33 32 33
-0.32 0.04 -0.112 74 32 16
-0.312 0.04 -0.112 33 32 33
-0.312 0.048 -0.112 33 32 33
-0.304 0.048 -0.112 33 36 33
-0.296 0.048 -0.112 33 40 41
-0.288 0.048 -0.112 41 49 41
-0.272 0.048 -0.112 66 57 25
-0.264 0.048 -0.112 49 40 25
-0.312 0.056 -0.112 41 36 25
-0.304 0.056 -0.112 25 32 25
-0.296 0.056 -0.112 41 36 41
-0.288 0.056 -0.112 49 45 41
-0.28 0.056 -0.112 49 49 41
-0.272 0.056 -0.112 41 45 41
-0.32 0 -0.104 115 36 16
-0.272 0 -0.104 123 77 33
-0.264 0 -0.104 115 81 58
-0.32 0.008 -0.104 107 32 16
-0.272 0.008 -0.104 90 61 33
-0.264 0.008 -0.104 58 45 25
-0.32 0.016 -0.104 107 32 16
-0.272 0.016 -0.104 90 61 33
-0.264 0.016 -0.104 115 93 41
-0.32 0.024 -0.104 107 28 8
-0.272 0.024 -0.104 58 49 25
-0.264 0.024 -0.104 41 36 16
-0.32 0.032 -0.104 115 28 8
-0.264 0.032 -0.104 33 32 33
-0.32 0.04 -0.104 107 28 0
-0.28 0.04 -0.104 33 36 41
-0.272 0.04 -0.104 74 61 33
-0.264 0.04 -0.104 82 69 25
-0.32 0.048 -0.104 107 28 0
-0.28 0.048 -0.104 41 40 41
-0.272 0.048 -0.104 41 49 41
-0.264 0.048 -0.104 74 65 41
-0.32 0.056 -0.104 107 28 0
-0.28 0.056 -0.104 82 40 25
-0.272 0.056 -0.104 49 45 41
-0.264 0.056 -0.104 41 40 41
-0.264 0.008 -0.096 123 73 33
-0.264 0.016 -0.096 107 73 41
-0.328 0.192 -0.056 66 16 0
-0.328 0.2 -0.056 66 16 0
-0.328 0.192 -0.048 66 12 0
-0.328 0.2 -0.048 74 20 0
-0.328 0.208 -0.048 74 20 0
-0.336 0.192 -0.04 82 20 0
-0.328 0.192 -0.04 82 20 0
-0.336 0.2 -0.04 66 16 0
-0.328 0.2 -0.04 66 12 0
-0.328 0.208 -0.04 58 16 0
-0.328 0.216 -0.04 74 16 0
-0.344 0.192 -0.032 99 85 25
-0.336 0.192 -0.032 82 73 25
-0.336 0.2 -0.032 74 77 16
-0.328 0.2 -0.032 74 81 33
-0.336 0.208 -0.032 66 89 25
-0.328 0.208 -0.032 66 77 25
-0.336 0.216 -0.032 66 89 33
-0.328 0.216 -0.032 58 73 41
-0.328 0.224 -0.032 140 101 107
-0.328 0.232 -0.032 115 85 99
-0.352 0.192 -0.024 197 146 148
-0.344 0.192 -0.024 189 150 132
-0.336 0.192 -0.024 173 174 140
-0.344 0.2 -0.024 181 150 132
-0.336 0.2 -0.024 165 154 132
-0.344 0.208 -0.024 197 170 156
-0.336 0.208 -0.024 197 146 156
-0.336 0.216 -0.024 173 154 140
-0.328 0.216 -0.024 181 174 156
-0.336 0.224 -0.024 156 134 123
-0.328 0.224 -0.024 148 117 132
-0.328 0.232 -0.024 66 69 49
-0.328 0.24 -0.024 16 12 8
-0.328 0.248 -0.024 16 12 8
-0.352 0.192 -0.016 132 89 90
-0.344 0.192 -0.016 156 113 132
-0.352 0.2 -0.016 140 93 123
-0.344 0.2 -0.016 156 105 132
-0.336 0.2 -0.016 66 53 41
-0.344 0.208 -0.016 148 113 123
-0.336 0.208 -0.016 49 32 25
-0.344 0.216 -0.016 156 109 132
-0.336 0.216 -0.016 140 113 115
-0.328 0.216 -0.016 33 16 16
-0.336 0.224 -0.016 82 49 58
-0.328 0.224 -0.016 16 8 8
-0.336 0.232 -0.016 25 12 8
-0.328 0.232 -0.016 16 8 0
-0.328 0.24 -0.016 8 4 8
-0.328 0.248 -0.016 8 8 0
-0.352 0.192 -0.008 8 4 0
-0.344 0.192 -0.008 8 0 0
-0.344 0.2 -0.008 25 16 16
-0.336 0.2 -0.008 25 12 8
-0.344 0.208 -0.008 41 24 25
-0.336 0.208 -0.008 25 8 8
-0.344 0.216 -0.008 49 28 16
-0.336 0.216 -0.008 33 8 8
-0.336 0.224 -0.008 16 4 0
-0.328 0.224 -0.008 8 4 0
-0.336 0.232 -0.008 25 4 0
-0.328 0.232 -0.008 8 4 0
-0.328 0.24 -0.008 8 0 0
-0.328 0.248 -0.008 8 0 0
-0.144 0.064 -0.128 49 53 49
-0.136 0.064 -0.128 49 57 49
-0.144 0.072 -0.128 49 49 49
-0.136 0.072 -0.128 49 53 49
-0.144 0.08 -0.128 33 32 25
-0.136 0.08 -0.128 25 28 25
-0.192 0.064 -0.12 41 16 8
-0.184 0.064 -0.12 25 32 25
-0.176 0.064 -0.12 49 45 41
-0.168 0.064 -0.12 41 49 41
-0.16 0.064 -0.12 16 24 16
-0.152 0.064 -0.12 25 24 25
-0.192 0.072 -0.12 132 45 41
-0.184 0.072 -0.12 107 28 33
-0.176 0.072 -0.12 41 16 16
-0.168 0.072 -0.12 16 28 16
-0.16 0.072 -0.12 107 40 33
-0.152 0.072 -0.12 123 28 25
-0.144 0.072 -0.12 123 32 33
-0.192 0.08 -0.12 82 45 41
-0.184 0.08 -0.12 123 36 41
-0.176 0.08 -0.12 140 40 33
-0.168 0.08 -0.12 123 45 41
-0.16 0.08 -0.12 99 32 41
-0.152 0.08 -0.12 82 24 25
-0.144 0.08 -0.12 58 20 16
-0.136 0.08 -0.12 82 24 16
-0.184 0.088 -0.12 41 45 41
-0.176 0.088 -0.12 41 40 41
-0.168 0.088 -0.12 90 40 33
-0.16 0.088 -0.12 123 49 41
-0.152 0.088 -0.12 123 53 49
-0.144 0.088 -0.12 140 53 49
-0.136 0.088 -0.12 132 45 49
-0.184 0.096 -0.12 41 45 41
-0.176 0.096 -0.12 41 40 41
-0.168 0.096 -0.12 49 49 41
-0.16 0.096 -0.12 41 49 49
-0.152 0.096 -0.12 49 49 49
-0.144 0.096 -0.12 0 4 0
-0.136 0.096 -0.12 0 0 0
-0.168 0.104 -0.12 49 49 49
-0.144 0.104 -0.12 8 12 8
-0.136 0.104 -0.12 16 16 16
-0.192 0.08 -0.112 41 45 41
-0.192 0.088 -0.112 41 45 41
-0.184 0.088 -0.112 41 45 41
-0.192 0.096 -0.112 41 45 41
-0.184 0.096 -0.112 41 45 41
-0.176 0.096 -0.112 41 45 41
-0.192 0.104 -0.112 33 40 33
-0.184 0.104 -0.112 41 40 41
-0.176 0.104 -0.112 41 45 41
-0.168 0.104 -0.112 49 49 49
-0.16 0.104 -0.112 49 49 41
-0.152 0.104 -0.112 33 36 33
-0.144 0.104 -0.112 25 20 25
-0.136 0.104 -0.112 25 24 25
-0.176 0.112 -0.112 41 40 41
-0.168 0.112 -0.112 49 49 49
-0.16 0.112 -0.112 41 49 41
-0.152 0.112 -0.112 41 36 25
-0.144 0.112 -0.112 16 8 8
-0.136 0.112 -0.112 25 12 16
-0.168 0.12 -0.112 25 28 16
-0.16 0.12 -0.112 33 28 8
-0.152 0.12 -0.112 41 36 25
-0.136 0.12 -0.112 66 20 8
-0.144 0.12 -0.104 189 125 99
-0.136 0.12 -0.104 173 85 82
-0.392 0 -0.04 66 24 25
-0.392 0.008 -0.04 74 32 16
-0.392 0.016 -0.04 66 20 16
-0.392 0.024 -0.04 49 12 8
-0.4 0 -0.032 66 28 16
-0.392 0 -0.032 66 24 16
-0.4 0.008 -0.032 90 32 16
-0.392 0.008 -0.032 82 28 16
-0.392 0.016 -0.032 66 24 8
-0.392 0.024 -0.032 49 16 8
-0.392 0.032 -0.032 123 65 49
-0.392 0.04 -0.032 49 24 16
-0.392 0.048 -0.032 58 36 16
-0.4 0 -0.024 115 65 49
-0.392 0 -0.024 123 77 58
-0.4 0.008 -0.024 107 61 49
-0.392 0.008 -0.024 132 77 58
-0.4 0.016 -0.024 115 57 49
-0.392 0.016 -0.024 115 73 58
-0.4 0.024 -0.024 66 28 16
-0.392 0.024 -0.024 58 20 16
-0.4 0.032 -0.024 82 45 41
-0.392 0.032 -0.024 74 45 33
-0.4 0.04 -0.024 25 28 25
-0.392 0.04 -0.024 16 36 25
-0.4 0.048 -0.024 25 40 33
-0.392 0.048 -0.024 16 40 33
-0.392 0.056 -0.024 16 40 25
-0.408 0 -0.016 107 65 49
-0.4 0 -0.016 107 69 49
-0.408 0.008 -0.016 107 65 49
-0.4 0.008 -0.016 107 65 49
-0.408 0.016 -0.016 107 65 49
-0.4 0.016 -0.016 107 65 49
-0.408 0.024 -0.016 74 45 16
-0.4 0.024 -0.016 58 28 8
-0.4 0.032 -0.016 41 12 8
-0.4 0.04 -0.016 25 24 16
-0.392 0.04 -0.016 8 16 16
-0.4 0.048 -0.016 16 28 33
-0.392 0.048 -0.016 16 32 25
-0.4 0.056 -0.016 16 28 25
-0.392 0.056 -0.016 16 32 25
-0.408 0 -0.008 99 45 25
-0.4 0 -0.008 99 49 16
-0.408 0.008 -0.008 107 49 16
-0.4 0.008 -0.008 115 49 16
-0.408 0.016 -0.008 115 49 16
-0.4 0.016 -0.008 107 45 8
-0.408 0.024 -0.008 107 49 16
-0.4 0.024 -0.008 74 28 16
-0.408 0.032 -0.008 58 24 16
-0.4 0.032 -0.008 66 24 16
-0.408 0.04 -0.008 25 8 8
-0.4 0.04 -0.008 25 12 8
-0.408 0.048 -0.008 16 4 8
-0.4 0.048 -0.008 8 4 0
-0.4 0.056 -0.008 8 4 0
-0.392 0.056 -0.008 33 16 8
-0.24 0.128 -0.128 33 32 33
-0.232 0.128 -0.128 33 32 33
-0.224 0.128 -0.128 33 36 33
-0.256 0.136 -0.128 82 32 16
-0.216 0.136 -0.128 41 36 33
-0.208 0.136 -0.128 41 36 33
-0.256 0.144 -0.128 107 24 0
-0.208 0.144 -0.128 49 32 25
-0.2 0.144 -0.128 49 36 33
-0.256 0.152 -0.128 107 28 0
-0.248 0.152 -0.128 115 24 0
-0.24 0.152 -0.128 107 24 0
-0.232 0.152 -0.128 115 24 0
-0.2 0.152 -0.128 66 28 8
-0.256 0.16 -0.128 90 28 0
-0.248 0.16 -0.128 115 28 0
-0.24 0.16 -0.128 107 20 0
-0.232 0.16 -0.128 115 20 0
-0.2 0.16 -0.128 74 16 0
-0.256 0.168 -0.128 99 28 8
-0.248 0.168 -0.128 99 24 0
-0.24 0.168 -0.128 99 16 0
-0.232 0.168 -0.128 107 20 0
-0.224 0.168 -0.128 90 16 0
-0.208 0.168 -0.128 74 8 8
-0.2 0.168 -0.128 66 20 0
-0.256 0.176 -0.128 82 16 0
-0.248 0.176 -0.128 99 12 0
-0.24 0.176 -0.128 99 16 0
-0.232 0.176 -0.128 99 16 0
-0.224 0.176 -0.128 99 20 0
-0.216 0.176 -0.128 90 16 0
-0.256 0.184 -0.128 82 12 0
-0.248 0.184 -0.128 99 16 0
-0.24 0.184 -0.128 99 16 0
-0.232 0.184 -0.128 99 16 0
-0.224 0.184 -0.128 107 20 0
-0.2 0.128 -0.12 41 40 41
-0.256 0.152 -0.12 90 24 8
-0.256 0.16 -0.12 90 20 8
-0.256 0.168 -0.12 90 24 8
-0.248 0.168 -0.12 82 16 0
-0.256 0.176 -0.12 66 4 0
-0.256 0.184 -0.12 74 12 0
-0.248 0.184 -0.12 82 16 0
-0.24 0.184 -0.12 90 16 0
-0.224 0.128 -0.112 99 28 0
-0.208 0.152 -0.112 115 20 8
-0.224 0.168 -0.104 74 8 8
-0.224 0.176 -0.104 82 12 0
-0.216 0.176 -0.104 74 4 0
-0.232 0.184 -0.096 74 8 0
-0.256 0.136 -0.136 66 32 8
-0.248 0.136 -0.136 58 32 33
-0.256 0.144 -0.136 99 24 0
-0.248 0.144 -0.136 90 28 8
-0.24 0.144 -0.136 66 28 25
-0.232 0.144 -0.136 66 32 25
-0.256 0.152 -0.136 115 24 0
-0.248 0.152 -0.136 107 24 0
-0.24 0.152 -0.136 107 24 0
-0.232 0.152 -0.136 82 16 8
-0.224 0.152 -0.136 58 12 0
-0.216 0.152 -0.136 66 24 16
-0.256 0.16 -0.136 107 24 0
-0.248 0.16 -0.136 107 20 0
-0.24 0.16 -0.136 107 20 0
-0.232 0.16 -0.136 90 20 0
-0.224 0.16 -0.136 66 16 0
-0.216 0.16 -0.136 74 16 8
-0.208 0.16 -0.136 74 16 0
-0.2 0.16 -0.136 74 20 16
-0.248 0.168 -0.136 107 24 0
-0.24 0.168 -0.136 107 24 0
-0.232 0.168 -0.136 82 20 8
-0.224 0.168 -0.136 66 12 8
-0.216 0.168 -0.136 66 12 0
-0.208 0.168 -0.136 66 16 8
-0.2 0.168 -0.136 115 49 49
-0.24 0.176 -0.136 107 24 0
-0.232 0.176 -0.136 99 20 0
-0.224 0.176 -0.136 74 12 0
-0.216 0.176 -0.136 66 8 0
-0.208 0.176 -0.136 66 8 0
-0.2 0.176 -0.136 82 20 16
-0.24 0.184 -0.136 99 20 0
-0.232 0.184 -0.136 90 16 0
-0.224 0.184 -0.136 82 12 0
-0.216 0.184 -0.136 82 12 0
-0.344 0.192 0 41 16 0
-0.336 0.192 0 90 36 16
-0.336 0.2 0 74 32 16
-0.336 0.208 0 90 28 8
-0.328 0.208 0 74 28 8
-0.336 0.216 0 66 24 0
-0.328 0.216 0 74 24 8
-0.336 0.224 0 74 28 8
-0.328 0.224 0 66 20 8
-0.328 0.232 0 82 16 8
-0.328 0.24 0 90 24 8
-0.344 0.192 0.008 82 85 41
-0.336 0.192 0.008 148 125 99
-0.336 0.2 0.008 181 146 148
-0.336 0.208 0.008 181 142 156
-0.328 0.208 0.008 148 138 123
-0.336 0.216 0.008 156 117 107
-0.328 0.216 0.008 140 117 107
-0.336 0.224 0.008 156 125 123
-0.328 0.224 0.008 132 121 99
-0.328 0.232 0.008 132 105 115
-0.328 0.24 0.008 107 101 90
-0.352 0.192 0.016 156 113 115
-0.344 0.192 0.016 165 117 123
-0.336 0.192 0.016 123 105 99
-0.344 0.2 0.016 189 138 148
-0.336 0.2 0.016 156 125 123
-0.344 0.208 0.016 156 130 132
-0.336 0.208 0.016 140 125 107
-0.344 0.216 0.016 140 125 107
-0.336 0.216 0.016 156 121 132
-0.328 0.216 0.016 115 117 99
-0.336 0.224 0.016 107 105 74
-0.328 0.224 0.016 156 134 123
-0.336 0.232 0.016 148 142 132
-0.328 0.232 0.016 156 150 132
-0.336 0.24 0.016 181 150 156
-0.328 0.24 0.016 156 146 132
-0.328 0.248 0.016 132 134 90
-0.36 0.192 0.024 49 16 0
-0.352 0.192 0.024 82 32 25
-0.36 0.2 0.024 107 57 58
-0.352 0.2 0.024 90 65 66
-0.344 0.2 0.024 82 49 25
-0.352 0.208 0.024 123 93 82
-0.344 0.208 0.024 66 36 16
-0.352 0.216 0.024 123 97 82
-0.344 0.216 0.024 74 53 16
-0.352 0.224 0.024 90 69 58
-0.344 0.224 0.024 82 53 41
-0.344 0.232 0.024 66 49 33
-0.336 0.232 0.024 74 61 58
-0.328 0.232 0.024 90 69 49
-0.344 0.24 0.024 58 57 41
-0.336 0.24 0.024 90 77 49
-0.328 0.24 0.024 82 89 41
-0.336 0.248 0.024 107 101 74
-0.328 0.248 0.024 107 93 66
-0.352 0.192 0.032 99 61 33
-0.344 0.192 0.032 90 53 25
-0.336 0.192 0.032 90 45 25
-0.344 0.2 0.032 99 40 25
-0.336 0.2 0.032 82 36 25
-0.344 0.208 0.032 99 53 41
-0.336 0.208 0.032 90 49 41
-0.344 0.216 0.032 82 49 33
-0.336 0.216 0.032 82 49 33
-0.328 0.216 0.032 74 49 33
-0.336 0.224 0.032 82 57 41
-0.328 0.224 0.032 90 73 66
-0.336 0.232 0.032 90 73 58
-0.336 0.24 0.032 90 65 58
-0.344 0.248 0.032 82 69 58
-0.336 0.248 0.032 82 61 49
-0.328 0.248 0.032 90 61 41
-0.36 0.192 0.04 74 36 16
-0.36 0.2 0.04 74 49 16
-0.36 0.208 0.04 66 28 8
-0.352 0.208 0.04 82 45 25
-0.352 0.216 0.04 74 53 41
-0.352 0.224 0.04 66 57 49
-0.344 0.224 0.04 66 57 41
-0.352 0.232 0.04 66 57 49
-0.344 0.232 0.04 74 61 58
-0.344 0.24 0.04 140 113 123
-0.064 -0.064 -0.152 82 97 82
-0.056 -0.056 -0.152 115 121 107
-0.056 -0.048 -0.152 115 121 107
-0.056 -0.04 -0.152 107 130 115
-0.056 -0.032 -0.152 132 134 132
-0.048 -0.032 -0.152 115 125 115
-0.048 -0.024 -0.152 115 138 115
-0.048 -0.016 -0.152 132 130 132
-0.048 -0.008 -0.152 148 134 140
-0.04 -0.008 -0.152 107 125 115
-0.064 -0.064 -0.144 58 69 49
-0.056 -0.064 -0.144 123 113 115
-0.064 -0.056 -0.144 74 81 74
-0.056 -0.056 -0.144 123 121 115
-0.048 -0.056 -0.144 115 117 115
-0.064 -0.048 -0.144 74 85 82
-0.056 -0.048 -0.144 99 113 107
-0.048 -0.048 -0.144 115 121 123
-0.064 -0.04 -0.144 90 89 90
-0.056 -0.04 -0.144 82 89 82
-0.048 -0.04 -0.144 123 130 123
-0.064 -0.032 -0.144 90 89 90
-0.056 -0.032 -0.144 99 105 99
-0.048 -0.032 -0.144 123 121 115
-0.064 -0.024 -0.144 99 105 99
-0.056 -0.024 -0.144 90 101 90
-0.048 -0.024 -0.144 123 138 123
-0.04 -0.024 -0.144 107 134 107
-0.064 -0.016 -0.144 74 101 82
-0.056 -0.016 -0.144 99 113 107
-0.048 -0.016 -0.144 115 113 115
-0.04 -0.016 -0.144 115 134 115
-0.064 -0.008 -0.144 90 97 90
-0.056 -0.008 -0.144 99 113 107
-0.048 -0.008 -0.144 107 113 99
-0.04 -0.008 -0.144 132 142 140
-0.064 -0.064 -0.136 66 73 66
-0.064 -0.056 -0.136 74 77 74
-0.064 -0.048 -0.136 74 81 74
-0.056 -0.048 -0.136 74 81 74
-0.064 -0.04 -0.136 90 85 90
-0.056 -0.04 -0.136 82 85 82
-0.04 -0.04 -0.136 99 117 107
-0.064 -0.032 -0.136 74 89 82
-0.056 -0.032 -0.136 90 93 90
-0.064 -0.024 -0.136 90 97 99
-0.056 -0.024 -0.136 107 101 107
-0.064 -0.016 -0.136 90 97 90
-0.056 -0.016 -0.136 99 101 90
-0.048 -0.016 -0.136 115 117 123
-0.032 -0.016 -0.136 115 121 107
-0.064 -0.008 -0.136 82 85 82
-0.056 -0.008 -0.136 123 117 123
-0.048 -0.008 -0.136 90 105 82
-0.192 0.144 -0.128 58 32 25
-0.192 0.152 -0.128 74 28 8
-0.192 0.16 -0.128 99 40 33
-0.192 0.168 -0.128 82 36 0
-0.192 0.128 -0.12 41 45 41
-0.192 0.136 -0.12 49 40 41
-0.184 0.136 -0.12 41 45 41
-0.184 0.144 -0.12 99 65 33
-0.184 0.168 -0.12 123 61 41
-0.184 0.176 -0.12 123 53 33
-0.168 0.128 -0.112 58 61 33
-0.16 0.128 -0.112 115 85 33
-0.176 0.136 -0.112 173 125 90
-0.168 0.136 -0.112 132 101 58
-0.176 0.144 -0.112 181 117 99
-0.184 0.152 -0.112 148 73 74
-0.192 0.16 -0.112 115 20 0
-0.176 0.16 -0.112 173 121 90
-0.176 0.168 -0.112 132 61 33
-0.176 0.176 -0.112 82 32 16
-0.152 0.128 -0.104 189 138 82
-0.144 0.128 -0.104 214 142 123
-0.136 0.128 -0.104 156 105 74
-0.16 0.136 -0.104 206 158 115
-0.152 0.136 -0.104 206 158 123
-0.144 0.136 -0.104 214 154 123
-0.16 0.144 -0.104 222 178 140
-0.168 0.16 -0.104 99 36 16
-0.144 0.136 -0.096 222 174 140
-0.136 0.136 -0.096 222 166 132
-0.08 -0.112 -0.144 16 16 16
-0.072 -0.112 -0.144 25 40 33
-0.088 -0.104 -0.144 107 109 115
-0.08 -0.104 -0.144 8 8 16
-0.072 -0.104 -0.144 41 49 41
-0.088 -0.096 -0.144 82 77 82
-0.08 -0.096 -0.144 8 8 8
-0.072 -0.096 -0.144 74 77 82
-0.08 -0.088 -0.144 8 8 0
-0.072 -0.088 -0.144 58 61 58
-0.072 -0.08 -0.144 58 61 49
-0.072 -0.072 -0.144 66 69 58
-0.096 -0.112 -0.136 107 109 115
-0.088 -0.112 -0.136 107 109 115
-0.08 -0.112 -0.136 82 85 90
-0.096 -0.104 -0.136 115 117 123
-0.088 -0.104 -0.136 115 117 132
-0.08 -0.104 -0.136 74 61 74
-0.072 -0.104 -0.136 16 16 8
-0.096 -0.096 -0.136 90 93 90
-0.088 -0.096 -0.136 99 101 99
-0.08 -0.096 -0.136 49 40 58
-0.072 -0.096 -0.136 33 28 41
-0.096 -0.088 -0.136 90 93 90
-0.088 -0.088 -0.136 82 81 82
-0.08 -0.088 -0.136 33 32 33
-0.072 -0.088 -0.136 8 16 8
-0.088 -0.08 -0.136 74 61 74
-0.08 -0.08 -0.136 0 0 0
-0.072 -0.08 -0.136 16 28 25
-0.096 -0.072 -0.136 82 73 90
-0.088 -0.072 -0.136 41 40 41
-0.08 -0.072 -0.136 0 16 0
-0.072 -0.072 -0.136 49 45 49
-0.384 0.28 -0.04 74 77 74
-0.328 0.256 -0.008 8 0 8
-0.104 -0.112 -0.064 0 166 189
-0.192 -0.088 0 255 255 255
-0.192 -0.08 0 255 255 255
-0.248 -0.072 -0.136 173 170 181
-0.24 -0.072 -0.136 181 174 189
-0.256 0.192 -0.128 90 16 0
-0.248 0.192 -0.128 90 16 0
-0.24 0.192 -0.128 99 16 0
-0.232 0.192 -0.128 99 20 0
-0.224 0.192 -0.128 99 20 0
-0.2 0.192 -0.128 90 24 0
-0.256 0.2 -0.128 82 16 0
-0.248 0.2 -0.128 82 8 0
-0.24 0.2 -0.128 82 12 0
-0.232 0.2 -0.128 99 12 0
-0.224 0.2 -0.128 107 16 0
-0.248 0.208 -0.128 66 4 0
-0.24 0.208 -0.128 74 8 0
-0.232 0.208 -0.128 99 16 0
-0.224 0.208 -0.128 115 24 0
-0.24 0.216 -0.128 90 12 0
-0.232 0.216 -0.128 107 20 0
-0.224 0.216 -0.128 123 28 0
-0.24 0.224 -0.128 82 8 0
-0.232 0.224 -0.128 123 32 0
-0.224 0.224 -0.128 123 28 0
-0.248 0.232 -0.128 82 12 0
-0.24 0.232 -0.128 107 24 0
-0.232 0.232 -0.128 99 28 0
-0.248 0.24 -0.128 90 16 0
-0.256 0.192 -0.12 66 8 0
-0.248 0.192 -0.12 74 12 0
-0.24 0.192 -0.12 66 4 0
-0.256 0.2 -0.12 66 12 0
-0.248 0.2 -0.12 66 4 0
-0.24 0.2 -0.12 74 4 0
-0.256 0.208 -0.12 66 4 0
-0.248 0.208 -0.12 66 4 0
-0.256 0.216 -0.12 74 4 0
-0.248 0.216 -0.12 66 4 0
-0.256 0.224 -0.12 90 4 0
-0.248 0.224 -0.12 82 12 0
-0.256 0.232 -0.12 90 12 0
-0.256 0.24 -0.12 74 12 0
-0.256 0.248 -0.12 90 12 0
-0.256 0.2 -0.112 66 8 0
-0.256 0.208 -0.112 74 8 0
-0.256 0.216 -0.112 82 4 0
-0.256 0.224 -0.112 90 8 0
-0.256 0.232 -0.112 90 12 0
