ply
format ascii 1.0
element vertex 7948
property float x
property float y
property float z
property uchar red
property uchar green
property uchar blue
end_header
-0.288 -0.312 -0.016 156 158 156
-0.288 -0.304 -0.008 181 174 165
-0.288 -0.288 -0.008 107 101 99
-0.288 -0.272 -0.008 41 45 41
-0.176 -0.064 -0.032 123 121 115
-0.176 -0.056 -0.032 140 130 132
-0.192 -0.048 -0.032 140 134 132
-0.176 -0.064 -0.024 132 117 123
-0.296 -0.144 0.008 74 73 66
-0.288 -0.144 0.008 58 57 49
-0.296 -0.136 0.008 107 117 107
-0.288 -0.136 0.008 107 117 107
-0.312 -0.144 0.04 0 0 0
-0.312 -0.136 0.04 25 12 8
-0.304 -0.136 0.04 25 20 16
-0.264 -0.064 0 90 101 90
-0.16 -0.416 -0.056 82 113 140
-0.176 -0.432 -0.048 8 0 0
-0.184 -0.44 -0.008 41 28 25
-0.192 -0.384 -0.072 90 117 123
-0.216 -0.472 -0.024 140 117 107
-0.216 -0.464 -0.024 140 117 107
-0.304 -0.256 0 74 81 82
-0.304 -0.248 0 66 73 74
-0.304 -0.248 0.008 49 57 49
-0.296 -0.248 0.008 74 73 66
-0.296 -0.248 0.016 123 117 107
-0.264 -0.256 0.056 156 154 156
-0.448 -0.368 0.152 165 130 90
-0.44 -0.36 0.152 165 130 90
-0.448 -0.368 0.16 165 130 90
-0.128 -0.24 -0.04 82 109 132
-0.144 -0.272 -0.008 25 20 25
-0.144 -0.264 -0.008 25 20 25
-0.2 -0.264 0.048 99 85 66
-0.2 -0.264 0.056 99 85 74
-0.12 -0.152 -0.232 115 125 140
-0.12 -0.152 -0.224 115 125 140
-0.12 -0.144 -0.224 115 125 140
-0.192 -0.528 0.016 8 0 0
-0.184 -0.488 0.008 74 73 66
-0.184 -0.48 0.008 74 73 66
-0.192 -0.472 0.008 41 36 33
-0.192 -0.464 0.008 41 40 33
-0.176 -0.488 0.016 33 32 33
-0.176 -0.48 0.016 33 32 33
-0.256 -0.416 0.088 123 117 107
-0.256 -0.424 0.096 123 117 107
-0.28 -0.456 0.096 156 142 132
-0.28 -0.464 0.104 156 142 132
-0.28 -0.472 0.112 148 158 148
-0.272 -0.464 0.112 82 93 82
-0.264 -0.456 0.112 58 65 49
-0.232 -0.2 -0.016 173 158 156
-0.232 -0.144 -0.152 255 255 255
-0.224 -0.144 -0.144 255 251 255
-0.232 -0.136 -0.144 165 121 123
-0.224 -0.136 -0.144 230 210 214
-0.216 -0.136 -0.144 255 255 255
-0.256 -0.088 -0.064 82 89 82
-0.256 -0.096 -0.056 148 109 74
-0.248 -0.088 -0.056 165 121 90
-0.256 -0.096 -0.048 156 158 148
-0.216 -0.096 -0.04 148 125 115
-0.208 -0.128 -0.032 148 130 123
-0.2 -0.128 -0.032 148 130 132
-0.216 -0.096 -0.032 165 134 140
-0.208 -0.128 -0.024 132 113 115
-0.2 -0.128 -0.024 140 121 132
-0.208 -0.12 -0.024 123 105 107
-0.2 -0.12 -0.024 165 142 140
-0.248 -0.112 -0.024 123 85 90
-0.216 -0.112 -0.024 140 117 123
-0.208 -0.112 -0.024 115 97 99
-0.256 -0.104 -0.024 115 81 74
-0.248 -0.104 -0.024 132 109 99
-0.24 -0.104 -0.024 140 101 90
-0.232 -0.104 -0.024 156 150 148
-0.216 -0.104 -0.024 148 134 140
-0.248 -0.096 -0.024 115 81 74
-0.224 -0.096 -0.024 156 150 148
-0.216 -0.096 -0.024 99 73 74
-0.2 -0.096 -0.024 156 125 123
-0.208 -0.088 -0.024 99 73 74
-0.2 -0.088 -0.024 148 130 115
-0.24 -0.12 -0.016 165 146 140
-0.232 -0.12 -0.016 173 158 148
-0.248 -0.112 -0.016 173 166 156
-0.256 -0.104 -0.016 165 142 140
-0.24 -0.104 -0.016 173 166 156
-0.2 -0.096 -0.016 255 247 247
-0.256 -0.072 -0.008 156 162 173
-0.456 -0.152 -0.12 132 154 140
-0.48 -0.168 -0.096 16 24 16
-0.464 -0.16 -0.088 25 28 25
-0.456 -0.16 -0.088 165 170 173
-0.464 -0.16 -0.08 74 89 74
-0.456 -0.16 -0.08 49 53 49
-0.472 -0.168 -0.072 123 142 132
-0.192 -0.168 -0.184 132 105 99
-0.192 -0.176 -0.152 189 186 189
-0.192 -0.168 -0.152 189 186 189
-0.168 -0.168 -0.152 156 154 156
-0.192 -0.16 -0.152 189 186 189
-0.168 -0.16 -0.152 156 154 156
-0.16 -0.144 -0.136 156 154 156
-0.176 -0.136 -0.136 189 170 173
-0.2 -0.176 -0.112 107 117 115
-0.2 -0.168 -0.112 107 117 115
-0.2 -0.16 -0.112 82 105 99
-0.2 -0.176 -0.104 107 113 99
-0.2 -0.168 -0.104 82 109 74
-0.208 -0.16 -0.104 82 113 66
-0.2 -0.144 -0.104 66 97 58
-0.2 -0.168 -0.096 66 97 82
-0.2 -0.184 -0.08 90 138 115
-0.208 -0.176 -0.08 58 97 74
-0.2 -0.176 -0.08 90 138 115
-0.208 -0.168 -0.08 49 85 74
-0.2 -0.192 -0.072 123 146 140
-0.2 -0.184 -0.072 132 142 148
-0.208 -0.176 -0.072 156 166 165
-0.2 -0.168 -0.072 115 134 132
-0.2 -0.16 -0.064 107 125 123
-0.2 -0.184 -0.056 49 85 90
-0.2 -0.152 -0.056 66 85 74
-0.2 -0.192 -0.048 115 134 140
-0.2 -0.184 -0.048 90 117 132
-0.2 -0.16 -0.048 58 89 90
-0.2 -0.168 -0.032 140 134 132
-0.2 -0.16 -0.032 140 134 132
-0.2 -0.144 -0.032 140 134 123
-0.208 -0.192 -0.024 132 97 82
-0.2 -0.176 -0.024 132 101 82
-0.232 -0.192 -0.016 173 158 156
-0.216 -0.176 -0.016 156 154 156
-0.2 -0.168 -0.016 181 154 148
-0.2 -0.16 -0.016 173 146 140
-0.2 -0.152 -0.016 156 154 156
-0.2 -0.136 -0.016 132 117 107
-0.208 -0.16 -0.008 206 202 206
-0.216 -0.152 -0.008 247 235 230
-0.208 -0.152 -0.008 189 182 189
-0.208 -0.144 -0.008 181 174 173
-0.2 -0.144 -0.008 156 154 156
-0.216 -0.112 -0.128 156 154 156
-0.208 -0.104 -0.128 156 134 140
-0.208 -0.096 -0.12 123 77 74
-0.2 -0.096 -0.12 214 206 214
-0.2 -0.088 -0.12 99 36 25
-0.2 -0.072 -0.112 156 154 156
-0.224 -0.056 -0.064 107 113 115
-0.184 -0.08 -0.152 82 40 33
-0.184 -0.072 -0.144 115 93 90
-0.176 -0.136 -0.128 173 146 148
-0.168 -0.168 -0.12 82 93 99
-0.192 -0.16 -0.112 99 117 115
-0.192 -0.152 -0.112 99 113 115
-0.176 -0.152 -0.112 74 109 66
-0.168 -0.144 -0.112 90 85 90
-0.192 -0.176 -0.104 173 178 189
-0.192 -0.168 -0.104 123 142 132
-0.192 -0.16 -0.104 115 121 123
-0.168 -0.152 -0.104 74 109 66
-0.168 -0.144 -0.104 74 109 66
-0.168 -0.136 -0.104 156 154 156
-0.16 -0.136 -0.104 156 154 156
-0.144 -0.176 -0.096 140 138 132
-0.192 -0.168 -0.096 74 97 74
-0.144 -0.168 -0.096 156 158 148
-0.192 -0.16 -0.096 74 97 82
-0.192 -0.152 -0.096 74 97 74
-0.184 -0.152 -0.096 156 154 156
-0.152 -0.144 -0.096 107 113 115
-0.176 -0.168 -0.088 132 146 132
-0.152 -0.168 -0.088 165 158 165
-0.192 -0.16 -0.088 156 154 156
-0.144 -0.152 -0.088 156 154 156
-0.152 -0.144 -0.088 99 109 107
-0.144 -0.152 -0.08 140 130 123
-0.152 -0.144 -0.08 99 109 107
-0.144 -0.144 -0.08 148 150 148
-0.152 -0.136 -0.08 123 134 132
-0.144 -0.152 -0.072 132 117 123
-0.152 -0.144 -0.072 99 105 99
-0.144 -0.144 -0.072 115 117 115
-0.152 -0.136 -0.072 115 125 123
-0.176 -0.128 -0.128 165 162 156
-0.176 -0.12 -0.128 173 178 173
-0.184 -0.072 -0.128 115 97 99
-0.144 -0.12 -0.12 140 101 90
-0.168 -0.104 -0.12 99 49 49
-0.192 -0.096 -0.12 230 235 230
-0.16 -0.096 -0.12 99 49 49
-0.192 -0.088 -0.12 255 251 255
-0.16 -0.088 -0.12 90 49 41
-0.144 -0.12 -0.112 99 117 90
-0.144 -0.112 -0.112 115 113 90
-0.16 -0.096 -0.112 99 49 49
-0.16 -0.088 -0.112 90 49 41
-0.16 -0.08 -0.112 123 109 107
-0.152 -0.08 -0.112 140 134 132
-0.16 -0.072 -0.112 156 146 148
-0.144 -0.128 -0.104 173 142 148
-0.136 -0.12 -0.104 140 117 115
-0.144 -0.112 -0.104 99 117 90
-0.16 -0.096 -0.104 181 190 197
-0.192 -0.08 -0.104 90 61 49
-0.152 -0.08 -0.104 140 130 132
-0.192 -0.072 -0.104 156 154 156
-0.176 -0.072 -0.104 165 146 148
-0.192 -0.08 -0.096 90 61 49
-0.168 -0.072 -0.096 132 130 115
-0.192 -0.112 -0.088 123 101 90
-0.176 -0.112 -0.088 90 113 82
-0.168 -0.112 -0.088 132 105 140
-0.152 -0.112 -0.088 82 73 74
-0.176 -0.104 -0.088 90 101 99
-0.168 -0.104 -0.088 123 113 123
-0.184 -0.072 -0.088 123 101 99
-0.168 -0.072 -0.088 148 142 148
-0.176 -0.128 -0.08 66 93 74
-0.152 -0.128 -0.08 115 117 107
-0.144 -0.12 -0.08 140 150 140
-0.152 -0.112 -0.08 82 93 66
-0.144 -0.112 -0.08 82 97 82
-0.168 -0.104 -0.08 132 113 140
-0.16 -0.104 -0.08 132 121 140
-0.152 -0.104 -0.08 82 105 74
-0.152 -0.128 -0.072 115 138 123
-0.144 -0.12 -0.072 140 150 132
-0.176 -0.112 -0.072 66 113 82
-0.168 -0.112 -0.072 99 97 99
-0.168 -0.104 -0.072 115 97 132
-0.184 -0.096 -0.072 197 198 197
-0.168 -0.064 -0.104 156 158 156
-0.176 -0.056 -0.104 148 138 140
-0.168 -0.064 -0.096 156 150 148
-0.176 -0.048 -0.096 181 178 181
-0.176 -0.048 -0.088 181 178 181
-0.176 -0.04 -0.088 173 166 165
-0.176 -0.04 -0.08 173 166 165
-0.216 -0.224 0.016 115 81 49
-0.216 -0.216 0.016 115 81 49
-0.2 -0.256 0.048 99 85 74
-0.208 -0.248 0.048 156 138 132
-0.2 -0.248 0.048 99 85 74
-0.2 -0.24 0.048 140 130 123
-0.248 -0.232 0.048 148 134 115
-0.24 -0.232 0.048 214 210 214
-0.248 -0.224 0.048 148 125 107
-0.24 -0.224 0.048 214 210 214
-0.2 -0.256 0.056 58 69 58
-0.2 -0.248 0.056 115 130 115
-0.256 -0.232 0.056 74 57 41
-0.248 -0.232 0.056 181 170 165
-0.256 -0.224 0.056 74 57 41
-0.232 -0.2 0.056 49 53 49
-0.224 -0.2 0.056 49 53 49
-0.216 -0.168 0 181 186 181
-0.208 -0.168 0 214 215 222
-0.216 -0.16 0 181 178 181
-0.248 -0.176 0.008 247 251 255
-0.232 -0.168 0.008 255 255 255
-0.208 -0.168 0.008 255 255 255
-0.24 -0.16 0.008 247 251 255
-0.224 -0.152 0.008 247 251 255
-0.224 -0.136 0.008 239 247 255
-0.224 -0.16 0.016 230 235 239
-0.224 -0.192 0.048 74 57 33
-0.232 -0.176 0.048 99 105 115
-0.232 -0.176 0.056 99 105 115
-0.208 -0.256 0.064 165 166 156
-0.2 -0.256 0.064 99 109 99
-0.208 -0.248 0.064 197 182 173
-0.248 -0.2 0.08 123 117 123
-0.248 -0.2 0.088 197 194 181
-0.248 -0.192 0.08 165 166 156
-0.24 -0.192 0.08 58 57 49
-0.248 -0.184 0.08 148 150 140
-0.248 -0.192 0.088 140 142 140
-0.216 -0.12 0 247 255 255
-0.208 -0.104 0 247 255 255
-0.2 -0.104 0 255 255 255
-0.248 -0.072 0 82 105 107
-0.216 -0.128 0.008 247 251 255
-0.216 -0.104 0.008 0 0 8
-0.184 -0.128 -0.064 115 117 123
-0.152 -0.128 -0.064 107 117 99
-0.184 -0.12 -0.064 148 162 156
-0.176 -0.12 -0.064 123 138 140
-0.144 -0.12 -0.064 123 138 123
-0.192 -0.112 -0.064 66 20 0
-0.144 -0.112 -0.064 189 190 197
-0.184 -0.104 -0.064 140 134 123
-0.184 -0.096 -0.064 197 198 197
-0.16 -0.088 -0.064 132 170 156
-0.176 -0.128 -0.056 99 113 115
-0.144 -0.128 -0.056 123 125 132
-0.176 -0.12 -0.056 99 109 115
-0.144 -0.12 -0.056 82 105 82
-0.184 -0.112 -0.056 49 45 25
-0.16 -0.088 -0.056 58 89 74
-0.168 -0.08 -0.056 156 154 156
-0.152 -0.128 -0.048 99 109 99
-0.144 -0.128 -0.048 107 125 115
-0.176 -0.12 -0.048 41 73 66
-0.152 -0.12 -0.048 115 109 107
-0.176 -0.112 -0.048 74 81 74
-0.152 -0.112 -0.048 123 121 123
-0.168 -0.08 -0.048 123 113 115
-0.168 -0.072 -0.048 107 69 49
-0.152 -0.128 -0.04 107 109 107
-0.144 -0.128 -0.04 115 117 115
-0.152 -0.12 -0.04 82 89 82
-0.152 -0.112 -0.04 90 101 90
-0.184 -0.088 -0.04 140 81 49
-0.176 -0.088 -0.04 140 81 49
-0.176 -0.08 -0.04 99 93 90
-0.16 -0.08 -0.04 123 105 107
-0.168 -0.12 -0.032 25 32 16
-0.152 -0.12 -0.032 107 117 115
-0.176 -0.088 -0.032 148 85 49
-0.152 -0.088 -0.032 123 121 123
-0.168 -0.08 -0.032 115 105 107
-0.16 -0.08 -0.032 123 105 107
-0.176 -0.072 -0.032 132 130 132
-0.168 -0.072 -0.032 140 130 132
-0.168 -0.12 -0.024 107 85 82
-0.184 -0.112 -0.024 90 85 74
-0.192 -0.088 -0.024 148 117 107
-0.184 -0.088 -0.024 123 89 74
-0.152 -0.088 -0.024 123 113 115
-0.192 -0.08 -0.024 107 109 99
-0.176 -0.072 -0.024 132 130 132
-0.184 -0.128 -0.016 165 150 140
-0.152 -0.128 -0.016 181 174 181
-0.176 -0.12 -0.016 156 130 115
-0.168 -0.12 -0.016 107 81 82
-0.16 -0.12 -0.016 90 73 66
-0.168 -0.112 -0.016 115 93 99
-0.152 -0.112 -0.016 41 12 8
-0.176 -0.104 -0.016 123 89 82
-0.168 -0.104 -0.016 115 97 90
-0.192 -0.096 -0.016 206 166 140
-0.176 -0.096 -0.016 123 85 74
-0.192 -0.088 -0.016 156 138 132
-0.184 -0.088 -0.016 132 97 90
-0.16 -0.088 -0.016 66 40 41
-0.176 -0.104 -0.008 123 89 74
-0.192 -0.096 -0.008 247 235 230
-0.184 -0.096 -0.008 197 154 140
-0.16 -0.096 -0.008 41 4 0
-0.184 -0.088 -0.008 181 138 148
-0.192 -0.08 -0.008 82 53 41
-0.224 -0.08 -0.184 156 154 156
-0.2 -0.08 -0.184 165 162 165
-0.232 -0.128 -0.136 107 45 33
-0.224 -0.128 -0.136 132 81 82
-0.216 -0.128 -0.136 222 202 197
-0.224 -0.12 -0.136 107 45 33
-0.216 -0.08 -0.136 140 142 140
-0.224 -0.064 -0.16 90 61 58
-0.216 -0.056 -0.16 107 89 90
-0.2 -0.056 -0.16 140 121 123
-0.208 -0.056 -0.152 140 134 140
-0.36 -0.136 0.008 25 16 0
-0.352 -0.136 0.008 25 16 0
-0.344 -0.12 0 58 36 16
-0.336 -0.12 0 156 154 156
-0.328 -0.104 0 132 101 82
-0.36 -0.128 0.008 49 28 8
-0.352 -0.128 0.008 41 28 8
-0.36 -0.12 0.008 140 105 74
-0.336 -0.112 0.008 156 154 156
-0.336 -0.104 0.008 165 138 115
-0.32 -0.112 0 16 8 8
-0.32 -0.104 0 74 53 33
-0.32 -0.096 0 156 117 99
-0.264 -0.072 0 115 125 123
-0.32 -0.096 0.008 181 154 140
-0.312 -0.128 0.04 58 40 25
-0.304 -0.128 0.04 25 20 16
-0.296 -0.112 0.048 82 53 25
-0.288 -0.104 0.048 82 53 25
-0.264 -0.096 -0.064 82 89 82
-0.272 -0.104 -0.056 156 162 165
-0.264 -0.096 -0.056 156 162 165
-0.264 -0.096 -0.048 156 162 156
-0.312 -0.072 -0.048 156 154 156
-0.304 -0.128 -0.008 58 69 49
-0.296 -0.12 -0.008 58 69 49
-0.272 -0.072 -0.008 115 117 115
-0.264 -0.072 -0.008 132 125 123
-0.304 -0.064 -0.056 66 77 74
-0.296 -0.056 -0.056 33 36 41
-0.288 -0.056 -0.056 33 32 41
-0.304 -0.064 -0.048 173 182 181
-0.304 -0.056 -0.048 107 105 115
-0.296 -0.056 -0.048 123 117 132
-0.288 -0.056 -0.048 173 182 181
-0.288 -0.048 -0.048 140 146 148
-0.288 -0.048 -0.04 107 105 115
-0.264 -0.056 -0.016 148 154 140
-0.696 -0.6 0 189 194 189
-0.688 -0.6 0 181 178 181
-0.688 -0.592 0 197 198 197
-0.672 -0.592 0 165 166 165
-0.664 -0.584 0 156 154 156
-0.192 -0.264 -0.256 206 210 206
-0.184 -0.264 -0.248 222 219 222
-0.584 -0.512 -0.008 206 202 206
-0.584 -0.504 -0.008 206 202 206
-0.576 -0.504 -0.008 206 202 206
-0.416 -0.4 -0.016 197 206 197
-0.424 -0.392 -0.016 197 206 206
-0.416 -0.392 -0.016 206 206 206
-0.408 -0.392 -0.016 206 206 206
-0.44 -0.416 -0.008 197 202 206
-0.44 -0.408 -0.008 197 202 197
-0.432 -0.408 -0.008 197 202 197
-0.44 -0.4 -0.008 197 202 206
-0.432 -0.4 -0.008 197 202 197
-0.448 -0.392 -0.008 206 206 206
-0.44 -0.392 -0.008 197 206 206
-0.432 -0.392 -0.008 197 206 206
-0.64 -0.552 0 206 202 206
-0.64 -0.536 0 206 202 206
-0.28 -0.328 -0.192 189 190 189
-0.304 -0.328 -0.184 189 186 189
-0.296 -0.328 -0.184 181 182 181
-0.288 -0.328 -0.184 181 182 181
-0.312 -0.344 -0.176 189 190 197
-0.304 -0.344 -0.176 197 198 197
-0.32 -0.336 -0.176 197 194 197
-0.312 -0.336 -0.176 189 194 197
-0.304 -0.336 -0.176 189 190 189
-0.296 -0.336 -0.176 189 190 189
-0.32 -0.328 -0.176 197 190 197
-0.312 -0.328 -0.176 189 194 197
-0.304 -0.328 -0.176 197 190 197
-0.296 -0.328 -0.176 181 186 189
-0.32 -0.352 -0.168 197 190 197
-0.32 -0.344 -0.168 189 194 197
-0.312 -0.344 -0.168 189 190 189
-0.664 -0.576 0 156 154 156
-0.648 -0.576 0 148 146 132
-0.696 -0.56 0 197 198 197
-0.648 -0.56 0 206 202 206
-0.688 -0.552 0 197 198 197
-0.168 -0.2 -0.056 181 178 181
-0.144 -0.2 -0.056 123 142 156
-0.176 -0.216 -0.048 123 134 140
-0.152 -0.216 -0.048 132 109 99
-0.152 -0.208 -0.048 132 109 99
-0.168 -0.2 -0.048 132 134 148
-0.144 -0.256 -0.04 33 28 16
-0.144 -0.248 -0.04 33 28 16
-0.168 -0.232 -0.04 66 32 16
-0.152 -0.208 -0.04 99 69 58
-0.144 -0.208 -0.04 58 40 41
-0.152 -0.248 -0.016 33 28 16
-0.504 -0.448 -0.008 156 154 156
-0.496 -0.44 -0.008 206 202 206
-0.472 -0.432 -0.008 206 202 206
-0.48 -0.424 -0.008 206 202 206
-0.456 -0.4 -0.008 206 202 206
-0.464 -0.392 -0.008 197 202 206
-0.456 -0.392 -0.008 197 202 197
-0.792 -0.632 0.008 181 178 181
-0.784 -0.632 0.008 181 178 181
-0.784 -0.624 0.008 181 178 181
-0.8 -0.592 0.016 197 198 197
-0.792 -0.592 0.016 197 198 197
-0.512 -0.44 0 206 202 206
-0.504 -0.432 0 206 202 206
-0.496 -0.424 0 206 206 206
-0.512 -0.416 0 197 198 197
-0.488 -0.416 0 206 206 206
-0.504 -0.408 0 197 202 206
-0.48 -0.408 0 206 206 206
-0.496 -0.4 0 197 202 206
-0.488 -0.392 0 197 202 206
-0.736 -0.568 0.008 197 198 206
-0.728 -0.56 0.008 197 198 206
-0.216 -0.272 -0.256 214 210 214
-0.208 -0.272 -0.256 206 202 206
-0.2 -0.272 -0.256 206 210 214
-0.216 -0.264 -0.256 206 206 214
-0.208 -0.264 -0.256 206 210 206
-0.2 -0.264 -0.256 206 206 206
-0.216 -0.28 -0.248 197 198 197
-0.208 -0.28 -0.248 206 206 206
-0.224 -0.272 -0.248 206 202 206
-0.216 -0.272 -0.248 214 215 214
-0.208 -0.272 -0.248 206 206 206
-0.2 -0.272 -0.248 206 206 206
-0.224 -0.264 -0.248 197 198 197
-0.216 -0.264 -0.248 206 210 214
-0.208 -0.264 -0.248 206 202 206
-0.224 -0.28 -0.24 206 206 206
-0.216 -0.28 -0.24 214 210 214
-0.208 -0.28 -0.24 214 215 214
-0.232 -0.272 -0.24 206 210 214
-0.224 -0.272 -0.24 214 210 214
-0.216 -0.272 -0.24 206 202 206
-0.208 -0.272 -0.24 197 198 197
-0.232 -0.264 -0.24 206 206 206
-0.224 -0.264 -0.24 206 202 206
-0.216 -0.264 -0.24 206 202 206
-0.232 -0.288 -0.232 197 202 206
-0.224 -0.288 -0.232 197 198 197
-0.232 -0.28 -0.232 206 206 206
-0.224 -0.28 -0.232 197 206 197
-0.216 -0.28 -0.232 214 210 214
-0.24 -0.272 -0.232 206 202 206
-0.232 -0.272 -0.232 206 202 206
-0.224 -0.272 -0.232 206 206 206
-0.24 -0.264 -0.232 206 202 206
-0.232 -0.264 -0.232 197 202 206
-0.224 -0.264 -0.232 197 202 197
-0.232 -0.296 -0.224 214 215 214
-0.24 -0.288 -0.224 197 198 197
-0.232 -0.288 -0.224 206 206 214
-0.224 -0.288 -0.224 214 206 214
-0.248 -0.28 -0.224 206 202 206
-0.24 -0.28 -0.224 197 202 197
-0.232 -0.28 -0.224 206 202 206
-0.224 -0.28 -0.224 214 210 214
-0.248 -0.272 -0.224 206 206 206
-0.24 -0.272 -0.224 197 202 206
-0.232 -0.272 -0.224 214 210 222
-0.248 -0.264 -0.224 206 206 206
-0.24 -0.264 -0.224 206 206 214
-0.248 -0.296 -0.216 197 202 206
-0.24 -0.296 -0.216 197 202 206
-0.256 -0.288 -0.216 206 206 206
-0.248 -0.288 -0.216 206 206 214
-0.24 -0.288 -0.216 197 202 206
-0.232 -0.288 -0.216 197 206 206
-0.256 -0.28 -0.216 206 202 206
-0.248 -0.28 -0.216 206 202 206
-0.24 -0.28 -0.216 197 198 197
-0.256 -0.272 -0.216 197 202 197
-0.248 -0.272 -0.216 214 206 214
-0.256 -0.264 -0.216 206 206 206
-0.248 -0.264 -0.216 206 206 206
-0.256 -0.304 -0.208 197 198 197
-0.248 -0.304 -0.208 206 206 206
-0.256 -0.296 -0.208 206 202 206
-0.248 -0.296 -0.208 197 198 197
-0.24 -0.296 -0.208 206 202 206
-0.256 -0.288 -0.208 197 202 197
-0.248 -0.288 -0.208 206 198 206
-0.256 -0.28 -0.208 206 202 206
-0.256 -0.272 -0.208 189 194 197
-0.256 -0.304 -0.2 197 198 197
-0.248 -0.304 -0.2 197 198 197
-0.208 -0.264 -0.264 206 206 206
-0.2 -0.264 -0.264 214 215 214
-0.328 -0.336 -0.176 197 194 197
-0.336 -0.328 -0.176 197 198 197
-0.328 -0.328 -0.176 189 190 189
-0.328 -0.36 -0.168 189 190 189
-0.344 -0.352 -0.168 197 194 197
-0.336 -0.352 -0.168 197 190 197
-0.328 -0.352 -0.168 189 190 189
-0.352 -0.344 -0.168 189 190 189
-0.344 -0.344 -0.168 189 194 197
-0.336 -0.344 -0.168 189 194 189
-0.328 -0.344 -0.168 189 190 189
-0.352 -0.336 -0.168 189 194 197
-0.344 -0.336 -0.168 197 194 197
-0.336 -0.336 -0.168 189 194 197
-0.328 -0.336 -0.168 197 198 197
-0.36 -0.328 -0.168 189 194 197
-0.352 -0.328 -0.168 197 194 197
-0.344 -0.328 -0.168 197 194 197
-0.336 -0.328 -0.168 189 194 189
-0.36 -0.368 -0.16 189 190 189
-0.352 -0.368 -0.16 189 190 189
-0.344 -0.368 -0.16 189 190 197
-0.368 -0.36 -0.16 197 194 197
-0.36 -0.36 -0.16 189 190 197
-0.352 -0.36 -0.16 189 190 189
-0.344 -0.36 -0.16 189 190 189
-0.336 -0.36 -0.16 189 194 197
-0.328 -0.36 -0.16 189 190 189
-0.368 -0.352 -0.16 189 194 197
-0.36 -0.352 -0.16 197 194 197
-0.352 -0.352 -0.16 189 194 197
-0.376 -0.344 -0.16 189 190 189
-0.368 -0.344 -0.16 197 194 197
-0.36 -0.344 -0.16 197 194 197
-0.376 -0.336 -0.16 197 194 197
-0.368 -0.336 -0.16 189 190 197
-0.36 -0.336 -0.16 189 190 197
-0.376 -0.328 -0.16 189 194 197
-0.368 -0.328 -0.16 189 190 189
-0.36 -0.328 -0.16 189 190 197
-0.376 -0.384 -0.152 189 190 189
-0.368 -0.384 -0.152 189 190 189
-0.384 -0.376 -0.152 189 190 189
-0.376 -0.376 -0.152 189 190 189
-0.368 -0.376 -0.152 189 190 197
-0.36 -0.376 -0.152 189 190 189
-0.352 -0.376 -0.152 189 190 197
-0.384 -0.368 -0.152 189 190 189
-0.376 -0.368 -0.152 189 190 189
-0.368 -0.368 -0.152 189 190 197
-0.384 -0.36 -0.152 189 190 197
-0.376 -0.36 -0.152 189 194 197
-0.368 -0.36 -0.152 189 190 197
-0.384 -0.352 -0.152 181 186 189
-0.376 -0.352 -0.152 189 190 189
-0.384 -0.344 -0.152 189 190 197
-0.376 -0.344 -0.152 189 190 189
-0.384 -0.336 -0.152 197 194 197
-0.376 -0.336 -0.152 189 190 197
-0.384 -0.328 -0.152 189 194 197
-0.376 -0.328 -0.152 189 194 189
-0.384 -0.384 -0.144 189 186 189
-0.376 -0.384 -0.144 189 186 189
-0.384 -0.376 -0.144 189 190 189
-0.672 -0.512 0.008 197 198 206
-0.664 -0.504 0.008 197 198 206
-0.648 -0.504 0.008 197 198 197
-0.704 -0.504 0.016 197 194 197
-0.672 -0.496 0.016 197 202 197
-0.672 -0.464 0.016 197 202 197
-0.664 -0.464 0.016 197 202 197
-0.704 -0.472 0.024 197 198 197
-0.696 -0.472 0.024 197 198 197
-0.52 -0.448 0 206 202 206
-0.56 -0.44 0 197 198 206
-0.552 -0.44 0 197 198 197
-0.536 -0.44 0 197 202 206
-0.544 -0.432 0 197 198 197
-0.576 -0.44 0.008 197 202 206
-0.56 -0.432 0.008 156 154 156
-0.568 -0.424 0.008 156 154 156
-0.536 -0.416 0.008 197 198 206
-0.56 -0.408 0.008 197 202 206
-0.544 -0.408 0.008 197 202 197
-0.52 -0.4 0.008 197 202 197
-0.52 -0.392 0.008 197 202 197
-0.576 -0.408 0.016 197 202 197
-0.552 -0.392 0.016 197 202 197
-0.792 -0.568 0.016 197 202 197
-0.784 -0.568 0.016 197 202 197
-0.824 -0.56 0.024 197 198 197
-0.816 -0.552 0.024 197 198 197
-0.288 -0.32 -0.192 189 190 189
-0.28 -0.32 -0.192 181 182 181
-0.272 -0.32 -0.192 189 186 189
-0.296 -0.312 -0.192 181 182 181
-0.288 -0.312 -0.192 189 186 189
-0.28 -0.312 -0.192 189 190 189
-0.272 -0.312 -0.192 189 190 189
-0.264 -0.312 -0.192 189 190 189
-0.304 -0.304 -0.192 189 190 189
-0.296 -0.304 -0.192 189 190 189
-0.288 -0.304 -0.192 189 186 189
-0.28 -0.304 -0.192 189 182 189
-0.272 -0.304 -0.192 189 186 189
-0.304 -0.296 -0.192 181 186 189
-0.296 -0.296 -0.192 181 186 181
-0.288 -0.296 -0.192 189 186 189
-0.28 -0.296 -0.192 181 186 181
-0.312 -0.288 -0.192 189 186 189
-0.304 -0.288 -0.192 181 178 181
-0.296 -0.288 -0.192 181 190 181
-0.288 -0.288 -0.192 181 182 189
-0.312 -0.28 -0.192 189 186 197
-0.304 -0.28 -0.192 181 186 181
-0.296 -0.28 -0.192 189 190 189
-0.288 -0.28 -0.192 181 182 189
-0.32 -0.272 -0.192 189 190 197
-0.312 -0.272 -0.192 173 186 181
-0.304 -0.272 -0.192 189 186 189
-0.296 -0.272 -0.192 181 178 181
-0.32 -0.264 -0.192 189 194 189
-0.312 -0.264 -0.192 189 190 189
-0.304 -0.264 -0.192 181 182 189
-0.312 -0.32 -0.184 189 186 189
-0.304 -0.32 -0.184 181 186 189
-0.296 -0.32 -0.184 189 186 197
-0.288 -0.32 -0.184 181 182 181
-0.28 -0.32 -0.184 189 190 197
-0.32 -0.312 -0.184 197 194 197
-0.312 -0.312 -0.184 181 190 189
-0.304 -0.312 -0.184 189 186 189
-0.296 -0.312 -0.184 189 186 189
-0.288 -0.312 -0.184 189 186 189
-0.32 -0.304 -0.184 189 194 189
-0.312 -0.304 -0.184 181 186 189
-0.304 -0.304 -0.184 189 190 189
-0.296 -0.304 -0.184 189 182 189
-0.32 -0.296 -0.184 197 194 197
-0.312 -0.296 -0.184 189 190 197
-0.304 -0.296 -0.184 197 190 197
-0.32 -0.288 -0.184 189 190 189
-0.312 -0.288 -0.184 189 186 189
-0.304 -0.288 -0.184 189 186 189
-0.32 -0.28 -0.184 189 194 197
-0.312 -0.28 -0.184 181 186 189
-0.32 -0.272 -0.184 189 190 189
-0.312 -0.272 -0.184 197 194 197
-0.32 -0.264 -0.184 197 194 197
-0.32 -0.32 -0.176 189 194 189
-0.312 -0.32 -0.176 189 194 189
-0.304 -0.32 -0.176 189 194 189
-0.32 -0.312 -0.176 189 194 197
-0.32 -0.304 -0.176 197 194 197
-0.464 -0.384 -0.008 197 206 206
-0.464 -0.376 -0.008 206 206 206
-0.456 -0.376 -0.008 197 206 206
-0.456 -0.368 -0.008 197 206 206
-0.456 -0.36 -0.008 197 202 206
-0.456 -0.352 -0.008 197 202 206
-0.456 -0.344 -0.008 197 206 206
-0.456 -0.336 -0.008 206 206 206
-0.456 -0.328 -0.008 206 206 206
-0.872 -0.52 0.048 189 190 189
-0.864 -0.52 0.048 189 190 189
-0.712 -0.504 0.016 197 194 197
-0.752 -0.496 0.032 197 202 197
-0.264 -0.272 -0.216 206 202 206
-0.264 -0.264 -0.216 197 198 197
-0.264 -0.304 -0.208 189 194 189
-0.264 -0.296 -0.208 197 198 197
-0.272 -0.288 -0.208 197 190 197
-0.264 -0.288 -0.208 197 194 197
-0.28 -0.28 -0.208 189 186 189
-0.272 -0.28 -0.208 197 198 197
-0.264 -0.28 -0.208 197 198 197
-0.28 -0.272 -0.208 189 186 189
-0.272 -0.272 -0.208 189 186 189
-0.264 -0.272 -0.208 189 194 197
-0.288 -0.264 -0.208 189 186 189
-0.28 -0.264 -0.208 189 182 189
-0.272 -0.264 -0.208 197 190 197
-0.264 -0.264 -0.208 197 194 197
-0.272 -0.312 -0.2 197 190 197
-0.264 -0.312 -0.2 197 194 197
-0.28 -0.304 -0.2 173 178 181
-0.272 -0.304 -0.2 189 190 189
-0.264 -0.304 -0.2 189 194 189
-0.288 -0.296 -0.2 189 186 189
-0.28 -0.296 -0.2 181 186 181
-0.272 -0.296 -0.2 181 186 189
-0.264 -0.296 -0.2 189 190 189
-0.288 -0.288 -0.2 181 178 181
-0.28 -0.288 -0.2 181 186 181
-0.272 -0.288 -0.2 181 186 181
-0.264 -0.288 -0.2 189 190 189
-0.296 -0.28 -0.2 181 182 181
-0.288 -0.28 -0.2 189 186 189
-0.28 -0.28 -0.2 189 186 189
-0.272 -0.28 -0.2 189 186 189
-0.296 -0.272 -0.2 189 186 189
-0.288 -0.272 -0.2 189 186 189
-0.28 -0.272 -0.2 189 182 189
-0.272 -0.272 -0.2 181 186 189
-0.304 -0.264 -0.2 181 182 181
-0.296 -0.264 -0.2 181 178 181
-0.288 -0.264 -0.2 189 186 189
-0.28 -0.264 -0.2 189 186 189
-0.184 -0.096 0 230 206 197
-0.192 -0.128 0.008 189 182 181
-0.184 -0.128 0.008 214 210 214
-0.184 -0.128 0.016 214 215 214
-0.192 -0.104 0.016 0 0 0
-0.184 -0.104 0.016 0 0 0
-0.184 -0.12 0.024 222 219 222
-0.584 -0.448 0.008 197 202 206
-0.592 -0.44 0.008 197 202 197
-0.584 -0.44 0.008 197 202 197
-0.616 -0.44 0.016 197 198 197
-0.608 -0.44 0.016 197 198 197
-0.592 -0.408 0.016 197 202 206
-0.584 -0.408 0.016 197 202 197
-0.632 -0.424 0.024 197 198 197
-0.608 -0.4 0.024 197 198 197
-0.584 -0.392 0.024 197 198 197
-0.632 -0.4 0.032 197 198 197
-0.64 -0.392 0.032 206 202 206
-0.488 -0.384 0 197 202 206
-0.48 -0.376 0 197 206 206
-0.48 -0.368 0 197 202 206
-0.48 -0.36 0 189 202 197
-0.48 -0.352 0 206 206 214
-0.472 -0.352 0 189 202 206
-0.472 -0.344 0 206 210 206
-0.48 -0.336 0 206 206 206
-0.472 -0.328 0 197 206 206
-0.512 -0.376 0.008 197 202 206
-0.504 -0.368 0.008 197 202 197
-0.504 -0.36 0.008 197 202 197
-0.504 -0.352 0.008 197 202 206
-0.496 -0.352 0.008 197 206 206
-0.496 -0.344 0.008 197 202 206
-0.496 -0.336 0.008 197 206 206
-0.496 -0.328 0.008 197 206 206
-0.512 -0.328 0.016 197 206 206
-0.84 -0.48 0.056 181 178 181
-0.816 -0.512 0.04 189 186 189
-0.296 -0.28 0 74 77 66
-0.288 -0.272 0 58 53 49
-0.288 -0.28 0.008 132 134 132
-0.28 -0.28 0.008 99 97 99
-0.28 -0.32 0.032 90 89 82
-0.28 -0.312 0.032 90 89 82
-0.272 -0.296 0.04 99 93 90
-0.28 -0.28 0.04 74 69 66
-0.272 -0.288 0.048 115 109 115
-0.28 -0.28 0.048 66 65 66
-0.272 -0.28 0.048 107 105 99
-0.264 -0.272 0.056 90 93 82
-0.792 -0.448 0.056 206 202 206
-0.792 -0.44 0.056 206 202 206
-0.68 -0.44 0.032 197 198 197
-0.648 -0.392 0.032 206 202 206
-0.688 -0.4 0.04 197 198 197
-0.72 -0.448 0.032 197 198 197
-0.712 -0.44 0.032 197 198 197
-0.736 -0.448 0.04 206 202 206
-0.744 -0.44 0.04 197 202 197
-0.736 -0.432 0.04 197 202 197
-0.768 -0.424 0.056 197 202 197
-0.768 -0.416 0.056 197 202 197
-0.752 -0.4 0.056 197 202 197
-0.328 -0.296 -0.184 189 190 189
-0.328 -0.288 -0.184 189 194 197
-0.328 -0.28 -0.184 197 194 197
-0.336 -0.272 -0.184 189 194 189
-0.328 -0.272 -0.184 189 186 189
-0.336 -0.264 -0.184 189 190 197
-0.328 -0.264 -0.184 197 194 197
-0.336 -0.32 -0.176 197 198 197
-0.328 -0.32 -0.176 189 194 189
-0.336 -0.312 -0.176 197 198 197
-0.328 -0.312 -0.176 189 190 189
-0.344 -0.304 -0.176 197 198 197
-0.336 -0.304 -0.176 189 190 197
-0.328 -0.304 -0.176 197 198 197
-0.344 -0.296 -0.176 189 198 197
-0.336 -0.296 -0.176 197 198 197
-0.328 -0.296 -0.176 197 198 197
-0.344 -0.288 -0.176 197 198 197
-0.336 -0.288 -0.176 197 198 197
-0.328 -0.288 -0.176 189 194 197
-0.352 -0.28 -0.176 197 202 206
-0.344 -0.28 -0.176 197 198 197
-0.336 -0.28 -0.176 197 198 197
-0.328 -0.28 -0.176 197 194 197
-0.352 -0.272 -0.176 197 198 197
-0.344 -0.272 -0.176 197 198 197
-0.336 -0.272 -0.176 197 194 197
-0.352 -0.264 -0.176 197 198 197
-0.344 -0.264 -0.176 197 194 197
-0.336 -0.264 -0.176 197 198 206
-0.36 -0.32 -0.168 197 190 197
-0.352 -0.32 -0.168 189 190 197
-0.344 -0.32 -0.168 189 194 197
-0.36 -0.312 -0.168 197 194 197
-0.352 -0.312 -0.168 197 198 197
-0.344 -0.312 -0.168 197 194 197
-0.36 -0.304 -0.168 197 198 197
-0.352 -0.304 -0.168 197 194 197
-0.344 -0.304 -0.168 197 198 197
-0.368 -0.296 -0.168 197 198 197
-0.36 -0.296 -0.168 189 194 189
-0.352 -0.296 -0.168 189 198 197
-0.368 -0.288 -0.168 197 198 206
-0.36 -0.288 -0.168 197 198 197
-0.352 -0.288 -0.168 197 198 206
-0.368 -0.28 -0.168 197 194 197
-0.36 -0.28 -0.168 206 202 206
-0.352 -0.28 -0.168 197 198 197
-0.368 -0.272 -0.168 189 194 197
-0.36 -0.272 -0.168 197 198 197
-0.352 -0.272 -0.168 189 194 197
-0.368 -0.264 -0.168 189 194 197
-0.36 -0.264 -0.168 189 194 189
-0.352 -0.264 -0.168 197 194 197
-0.376 -0.32 -0.16 189 190 189
-0.368 -0.32 -0.16 189 186 197
-0.384 -0.312 -0.16 189 194 189
-0.376 -0.312 -0.16 189 190 197
-0.368 -0.312 -0.16 189 194 189
-0.384 -0.304 -0.16 189 194 189
-0.376 -0.304 -0.16 197 194 197
-0.368 -0.304 -0.16 189 190 197
-0.384 -0.296 -0.16 189 194 197
-0.376 -0.296 -0.16 197 194 197
-0.368 -0.296 -0.16 189 198 197
-0.384 -0.288 -0.16 189 190 197
-0.376 -0.288 -0.16 189 194 189
-0.368 -0.288 -0.16 189 194 197
-0.384 -0.28 -0.16 197 194 197
-0.376 -0.28 -0.16 197 194 197
-0.384 -0.272 -0.16 197 194 197
-0.376 -0.272 -0.16 197 198 206
-0.384 -0.264 -0.16 189 194 197
-0.376 -0.264 -0.16 197 198 197
-0.368 -0.264 -0.16 197 198 197
-0.384 -0.32 -0.152 189 194 189
-0.384 -0.312 -0.152 189 194 189
-0.384 -0.304 -0.152 189 190 189
-0.384 -0.296 -0.152 197 194 197
-0.384 -0.288 -0.152 189 190 189
-0.384 -0.28 -0.152 189 190 197
-0.384 -0.272 -0.152 189 190 189
-0.384 -0.264 -0.152 197 190 197
-0.872 -0.456 0.072 189 190 189
-0.864 -0.456 0.072 189 190 189
-0.728 -0.376 0.056 181 178 181
-0.72 -0.376 0.056 181 178 181
-0.608 -0.384 0.024 206 202 206
-0.624 -0.384 0.032 156 154 156
-0.632 -0.376 0.032 206 202 197
-0.624 -0.376 0.032 206 202 197
-0.6 -0.368 0.032 197 202 197
-0.6 -0.352 0.032 206 206 206
-0.624 -0.36 0.04 197 206 206
-0.608 -0.36 0.04 206 206 206
-0.6 -0.352 0.04 206 206 206
-0.592 -0.336 0.04 206 206 206
-0.592 -0.328 0.04 206 210 206
-0.584 -0.328 0.04 206 206 206
-0.632 -0.344 0.048 197 202 206
-0.624 -0.336 0.048 197 206 206
-0.616 -0.328 0.048 197 202 206
-0.216 -0.256 -0.256 222 210 222
-0.208 -0.256 -0.256 206 202 206
-0.2 -0.256 -0.256 206 206 206
-0.216 -0.248 -0.256 214 210 214
-0.208 -0.248 -0.256 214 210 214
-0.216 -0.24 -0.256 206 206 206
-0.208 -0.24 -0.256 214 210 214
-0.224 -0.232 -0.256 214 215 214
-0.216 -0.232 -0.256 206 206 206
-0.208 -0.232 -0.256 214 210 214
-0.224 -0.224 -0.256 214 210 222
-0.216 -0.224 -0.256 206 206 206
-0.208 -0.224 -0.256 214 210 214
-0.224 -0.216 -0.256 206 206 214
-0.216 -0.216 -0.256 214 215 214
-0.232 -0.208 -0.256 206 206 206
-0.224 -0.208 -0.256 206 206 214
-0.216 -0.208 -0.256 222 219 222
-0.232 -0.2 -0.256 206 206 206
-0.224 -0.2 -0.256 214 215 222
-0.216 -0.2 -0.256 214 210 222
-0.224 -0.256 -0.248 214 215 214
-0.216 -0.256 -0.248 214 210 214
-0.224 -0.248 -0.248 206 206 206
-0.216 -0.248 -0.248 206 202 206
-0.224 -0.24 -0.248 206 202 206
-0.216 -0.24 -0.248 206 206 206
-0.232 -0.232 -0.248 206 206 206
-0.224 -0.232 -0.248 206 206 206
-0.216 -0.232 -0.248 206 210 214
-0.232 -0.224 -0.248 206 210 206
-0.224 -0.224 -0.248 222 215 222
-0.216 -0.224 -0.248 206 210 206
-0.232 -0.216 -0.248 206 210 206
-0.224 -0.216 -0.248 206 210 206
-0.216 -0.216 -0.248 206 206 206
-0.24 -0.208 -0.248 214 210 214
-0.232 -0.208 -0.248 214 210 214
-0.224 -0.208 -0.248 214 215 214
-0.24 -0.2 -0.248 214 210 222
-0.232 -0.2 -0.248 214 210 214
-0.224 -0.2 -0.248 214 210 214
-0.232 -0.256 -0.24 214 210 214
-0.224 -0.256 -0.24 206 210 206
-0.232 -0.248 -0.24 206 206 206
-0.224 -0.248 -0.24 206 206 206
-0.24 -0.24 -0.24 214 206 214
-0.232 -0.24 -0.24 206 206 206
-0.224 -0.24 -0.24 206 206 214
-0.24 -0.232 -0.24 206 206 206
-0.232 -0.232 -0.24 214 210 214
-0.224 -0.232 -0.24 214 210 214
-0.24 -0.224 -0.24 197 202 197
-0.232 -0.224 -0.24 197 198 206
-0.224 -0.224 -0.24 214 210 214
-0.248 -0.216 -0.24 214 210 214
-0.24 -0.216 -0.24 214 206 214
-0.232 -0.216 -0.24 206 210 214
-0.248 -0.208 -0.24 206 206 206
-0.24 -0.208 -0.24 222 215 222
-0.232 -0.208 -0.24 206 210 206
-0.256 -0.2 -0.24 214 210 214
-0.248 -0.2 -0.24 206 206 206
-0.24 -0.2 -0.24 206 206 206
-0.24 -0.256 -0.232 206 206 206
-0.232 -0.256 -0.232 206 206 214
-0.248 -0.248 -0.232 206 206 206
-0.24 -0.248 -0.232 197 202 197
-0.232 -0.248 -0.232 197 198 197
-0.248 -0.24 -0.232 206 202 206
-0.24 -0.24 -0.232 214 206 214
-0.232 -0.24 -0.232 214 210 214
-0.256 -0.232 -0.232 206 206 206
-0.248 -0.232 -0.232 206 206 206
-0.24 -0.232 -0.232 214 210 214
-0.232 -0.232 -0.232 214 206 214
-0.256 -0.224 -0.232 206 206 206
-0.248 -0.224 -0.232 206 206 206
-0.24 -0.224 -0.232 206 206 206
-0.256 -0.216 -0.232 206 202 206
-0.248 -0.216 -0.232 214 206 214
-0.24 -0.216 -0.232 197 206 206
-0.256 -0.208 -0.232 214 215 214
-0.248 -0.208 -0.232 206 206 214
-0.24 -0.208 -0.232 206 206 206
-0.256 -0.2 -0.232 206 206 214
-0.248 -0.2 -0.232 206 206 214
-0.256 -0.256 -0.224 206 206 214
-0.248 -0.256 -0.224 206 206 214
-0.24 -0.256 -0.224 214 210 214
-0.256 -0.248 -0.224 206 206 206
-0.248 -0.248 -0.224 206 206 206
-0.24 -0.248 -0.224 206 206 206
-0.256 -0.24 -0.224 206 206 206
-0.248 -0.24 -0.224 214 206 214
-0.24 -0.24 -0.224 206 206 206
-0.256 -0.232 -0.224 214 206 214
-0.248 -0.232 -0.224 206 206 206
-0.256 -0.224 -0.224 206 202 206
-0.248 -0.224 -0.224 206 206 206
-0.256 -0.216 -0.224 206 206 206
-0.256 -0.208 -0.224 206 206 206
-0.256 -0.256 -0.216 206 206 206
-0.248 -0.256 -0.216 206 206 206
-0.256 -0.248 -0.216 197 202 197
-0.256 -0.24 -0.216 214 210 214
-0.792 -0.408 0.064 165 154 148
-0.784 -0.408 0.064 165 154 148
-0.784 -0.392 0.072 189 186 189
-0.832 -0.4 0.08 181 178 181
-0.824 -0.392 0.08 181 178 181
-0.456 -0.32 -0.008 206 210 214
-0.456 -0.312 -0.008 206 210 214
-0.456 -0.304 -0.008 197 206 206
-0.216 -0.208 -0.272 206 210 206
-0.216 -0.2 -0.272 206 206 206
-0.208 -0.256 -0.264 214 210 214
-0.2 -0.256 -0.264 214 210 214
-0.208 -0.248 -0.264 214 210 214
-0.2 -0.248 -0.264 206 206 206
-0.216 -0.24 -0.264 214 206 214
-0.208 -0.24 -0.264 214 210 214
-0.2 -0.24 -0.264 214 210 214
-0.216 -0.232 -0.264 206 206 206
-0.208 -0.232 -0.264 214 215 214
-0.216 -0.224 -0.264 214 210 214
-0.208 -0.224 -0.264 206 206 206
-0.216 -0.216 -0.264 222 219 222
-0.208 -0.216 -0.264 214 210 214
-0.224 -0.208 -0.264 206 210 214
-0.216 -0.208 -0.264 214 215 214
-0.208 -0.208 -0.264 206 210 206
-0.2 -0.208 -0.264 206 202 206
-0.224 -0.2 -0.264 214 210 214
-0.216 -0.2 -0.264 214 215 214
-0.208 -0.2 -0.264 206 210 206
-0.2 -0.2 -0.264 214 210 214
-0.648 -0.376 0.04 156 154 156
-0.68 -0.384 0.048 197 202 206
-0.672 -0.384 0.048 197 202 206
-0.68 -0.376 0.048 206 202 206
-0.672 -0.376 0.048 206 202 206
-0.68 -0.368 0.048 197 202 206
-0.672 -0.368 0.048 197 202 206
-0.656 -0.36 0.048 156 154 156
-0.648 -0.36 0.048 156 154 156
-0.672 -0.352 0.056 197 198 197
-0.672 -0.336 0.056 197 198 197
-0.656 -0.328 0.056 197 202 197
-0.696 -0.336 0.064 197 198 197
-0.472 -0.32 0 206 210 206
-0.472 -0.312 0 206 206 206
-0.464 -0.304 0 197 210 206
-0.464 -0.296 0 206 206 206
-0.464 -0.288 0 197 206 206
-0.464 -0.28 0 206 206 206
-0.464 -0.272 0 197 206 206
-0.456 -0.272 0 206 206 206
-0.464 -0.264 0 197 206 206
-0.456 -0.264 0 197 206 206
-0.496 -0.32 0.008 197 206 206
-0.488 -0.312 0.008 206 206 206
-0.488 -0.304 0.008 197 206 206
-0.48 -0.296 0.008 189 206 197
-0.48 -0.288 0.008 197 206 206
-0.48 -0.28 0.008 197 206 206
-0.488 -0.272 0.008 197 210 206
-0.48 -0.272 0.008 206 210 206
-0.488 -0.264 0.008 206 206 206
-0.48 -0.264 0.008 197 210 206
-0.512 -0.32 0.016 206 206 206
-0.512 -0.312 0.016 206 206 206
-0.512 -0.304 0.016 206 206 206
-0.512 -0.296 0.016 206 206 206
-0.504 -0.296 0.016 197 206 206
-0.512 -0.288 0.016 197 206 206
-0.504 -0.288 0.016 197 206 197
-0.504 -0.28 0.016 206 206 197
-0.504 -0.272 0.016 197 202 206
-0.512 -0.264 0.016 206 206 206
-0.872 -0.448 0.072 132 113 99
-0.856 -0.424 0.072 148 142 140
-0.848 -0.424 0.072 148 142 140
-0.896 -0.424 0.08 165 154 148
-0.888 -0.424 0.08 165 154 148
-0.856 -0.392 0.08 156 154 156
-0.888 -0.4 0.088 189 186 189
-0.88 -0.4 0.088 189 186 189
-0.92 -0.4 0.096 140 93 66
-0.912 -0.4 0.096 140 93 66
-0.752 -0.376 0.064 156 154 156
-0.744 -0.36 0.064 156 154 156
-0.72 -0.328 0.064 197 194 197
-0.768 -0.368 0.072 197 198 197
-0.76 -0.368 0.072 197 198 197
-0.768 -0.352 0.072 156 154 156
-0.752 -0.344 0.072 197 198 197
-0.744 -0.336 0.072 197 198 197
-0.728 -0.336 0.072 156 154 156
-0.736 -0.328 0.072 148 134 132
-0.76 -0.328 0.08 156 166 165
-0.544 -0.28 0.016 156 154 156
-0.536 -0.28 0.016 156 154 156
-0.536 -0.32 0.024 206 206 206
-0.536 -0.312 0.024 206 206 206
-0.536 -0.304 0.024 197 206 197
-0.536 -0.296 0.024 206 202 197
-0.536 -0.288 0.024 197 206 206
-0.552 -0.28 0.024 66 61 49
-0.536 -0.28 0.024 197 206 206
-0.536 -0.272 0.024 197 202 206
-0.536 -0.264 0.024 197 198 206
-0.568 -0.32 0.032 197 206 206
-0.56 -0.312 0.032 206 206 197
-0.56 -0.304 0.032 197 206 206
-0.568 -0.296 0.032 206 206 206
-0.56 -0.296 0.032 206 202 197
-0.56 -0.288 0.032 197 202 206
-0.56 -0.28 0.032 197 198 197
-0.568 -0.272 0.032 165 142 123
-0.56 -0.272 0.032 165 142 123
-0.568 -0.264 0.032 189 190 189
-0.56 -0.288 0.048 132 97 74
-0.552 -0.28 0.048 132 97 74
-0.192 -0.192 -0.256 222 219 222
-0.192 -0.184 -0.256 206 210 206
-0.192 -0.168 -0.256 214 215 214
-0.184 -0.192 -0.248 214 215 214
-0.248 -0.112 -0.208 90 49 41
-0.248 -0.104 -0.208 173 162 165
-0.24 -0.104 -0.208 90 53 49
-0.2 -0.096 -0.208 74 32 33
-0.208 -0.088 -0.208 99 93 90
-0.216 -0.088 -0.2 181 178 181
-0.208 -0.088 -0.2 165 162 165
-0.2 -0.088 -0.2 90 65 66
-0.6 -0.136 0.016 189 194 189
-0.592 -0.136 0.016 197 194 197
-0.64 -0.192 0.024 189 182 189
-0.632 -0.192 0.024 189 182 189
-0.624 -0.184 0.024 189 186 189
-0.608 -0.176 0.024 189 186 189
-0.6 -0.176 0.024 189 186 189
-0.592 -0.168 0.024 189 190 189
-0.592 -0.16 0.024 189 190 189
-0.6 -0.152 0.024 189 190 189
-0.592 -0.152 0.024 189 190 189
-0.608 -0.144 0.024 189 190 189
-0.6 -0.144 0.024 189 190 189
-0.632 -0.136 0.024 189 190 189
-0.624 -0.136 0.024 189 190 189
-0.616 -0.136 0.024 189 194 189
-0.704 -0.184 0.032 189 178 173
-0.688 -0.176 0.032 197 182 173
-0.68 -0.168 0.032 189 186 181
-0.688 -0.16 0.032 197 190 181
-0.68 -0.16 0.032 189 186 181
-0.672 -0.16 0.032 189 186 181
-0.704 -0.152 0.032 197 194 189
-0.696 -0.152 0.032 197 194 189
-0.496 -0.128 0 189 198 197
-0.512 -0.12 0 189 198 197
-0.528 -0.112 0 197 198 197
-0.544 -0.104 0 197 198 197
-0.536 -0.104 0 197 198 197
-0.56 -0.096 0 197 202 197
-0.552 -0.096 0 197 202 197
-0.576 -0.088 0 206 202 206
-0.536 -0.128 0.008 197 198 197
-0.528 -0.128 0.008 197 198 197
-0.552 -0.12 0.008 197 198 197
-0.544 -0.12 0.008 197 198 197
-0.56 -0.112 0.008 197 198 197
-0.552 -0.112 0.008 197 198 197
-0.568 -0.104 0.008 197 198 197
-0.56 -0.104 0.008 197 198 197
-0.576 -0.128 0.016 197 194 197
-0.592 -0.088 0 197 198 197
-0.584 -0.088 0 197 198 197
-0.632 -0.08 0 206 202 206
-0.6 -0.08 0 206 202 206
-0.6 -0.096 0.008 197 198 197
-0.592 -0.096 0.008 197 198 197
-0.584 -0.096 0.008 197 198 197
-0.632 -0.088 0.008 206 202 206
-0.592 -0.12 0.016 197 198 197
-0.584 -0.12 0.016 197 198 197
-0.64 -0.112 0.016 197 198 197
-0.6 -0.112 0.016 197 198 197
-0.64 -0.104 0.016 197 198 197
-0.632 -0.104 0.016 197 198 197
-0.624 -0.104 0.016 197 198 197
-0.616 -0.104 0.016 197 198 197
-0.688 -0.088 0 197 198 197
-0.704 -0.08 0 206 202 206
-0.696 -0.08 0 206 202 206
-0.688 -0.08 0 206 202 206
-0.68 -0.08 0 206 202 206
-0.672 -0.08 0 206 202 206
-0.664 -0.08 0 206 202 206
-0.704 -0.096 0.008 206 202 206
-0.696 -0.096 0.008 197 198 197
-0.688 -0.096 0.008 197 198 197
-0.672 -0.096 0.008 197 198 197
-0.656 -0.096 0.008 206 202 206
-0.704 -0.088 0.008 206 202 206
-0.696 -0.088 0.008 206 202 206
-0.688 -0.088 0.008 156 154 156
-0.656 -0.088 0.008 206 202 206
-0.648 -0.088 0.008 206 202 206
-0.68 -0.112 0.016 197 198 197
-0.672 -0.112 0.016 197 198 197
-0.664 -0.112 0.016 197 198 197
-0.656 -0.112 0.016 206 202 206
-0.704 -0.104 0.016 156 154 156
-0.672 -0.104 0.016 197 198 197
-0.664 -0.104 0.016 206 202 206
-0.656 -0.104 0.016 206 202 206
-0.704 -0.128 0.024 206 202 206
-0.688 -0.128 0.024 197 198 197
-0.68 -0.128 0.024 197 198 197
-0.256 -0.12 -0.304 206 210 214
-0.256 -0.112 -0.304 214 215 222
-0.256 -0.104 -0.304 222 219 222
-0.256 -0.096 -0.304 214 215 214
-0.256 -0.088 -0.304 214 210 214
-0.256 -0.08 -0.304 206 210 206
-0.248 -0.08 -0.304 214 215 214
-0.248 -0.072 -0.304 214 210 214
-0.256 -0.128 -0.296 214 210 214
-0.248 -0.128 -0.296 214 215 222
-0.256 -0.12 -0.296 214 206 214
-0.248 -0.12 -0.296 206 210 206
-0.24 -0.12 -0.296 214 210 214
-0.248 -0.104 -0.296 222 219 222
-0.24 -0.104 -0.296 222 215 222
-0.24 -0.096 -0.296 222 219 222
-0.24 -0.088 -0.296 222 219 222
-0.24 -0.08 -0.296 222 219 222
-0.256 -0.128 -0.288 214 210 214
-0.232 -0.128 -0.288 206 210 214
-0.232 -0.12 -0.288 214 210 214
-0.232 -0.112 -0.288 214 210 214
-0.232 -0.104 -0.288 222 219 222
-0.232 -0.096 -0.288 214 215 222
-0.224 -0.128 -0.28 214 210 214
-0.224 -0.12 -0.28 214 210 214
-0.648 -0.08 -0.008 197 198 197
-0.704 -0.072 -0.008 197 198 197
-0.696 -0.072 -0.008 197 198 197
-0.688 -0.072 -0.008 197 198 197
-0.728 -0.072 -0.008 206 202 206
-0.72 -0.072 -0.008 206 202 206
-0.712 -0.072 -0.008 206 202 206
-0.72 -0.08 0 206 202 206
-0.712 -0.08 0 206 202 206
-0.744 -0.088 0.008 206 202 206
-0.736 -0.088 0.008 206 202 206
-0.728 -0.088 0.008 206 202 206
-0.768 -0.08 0.008 206 202 206
-0.712 -0.112 0.016 197 198 197
-0.736 -0.104 0.016 197 198 197
-0.728 -0.104 0.016 197 198 197
-0.768 -0.096 0.016 197 198 197
-0.76 -0.096 0.016 197 198 197
-0.744 -0.096 0.016 156 154 156
-0.744 -0.088 0.016 197 198 197
-0.76 -0.12 0.024 189 194 189
-0.744 -0.112 0.024 197 194 197
-0.736 -0.112 0.024 197 198 197
-0.728 -0.112 0.024 197 198 197
-0.776 -0.072 0 197 194 197
-0.784 -0.08 0.008 197 198 197
-0.776 -0.08 0.008 206 202 206
-0.8 -0.072 0.008 197 198 197
-0.8 -0.096 0.016 189 190 189
-0.792 -0.096 0.016 189 190 189
-0.784 -0.096 0.016 181 182 181
-0.776 -0.096 0.016 189 190 189
-0.816 -0.088 0.016 197 198 197
-0.8 -0.088 0.016 197 194 189
-0.792 -0.088 0.016 197 194 189
-0.784 -0.088 0.016 197 194 197
-0.776 -0.088 0.016 197 194 197
-0.832 -0.08 0.016 197 202 197
-0.824 -0.08 0.016 197 202 197
-0.832 -0.072 0.016 189 202 197
-0.824 -0.072 0.016 189 202 197
-0.808 -0.12 0.024 189 182 181
-0.8 -0.12 0.024 189 182 181
-0.784 -0.12 0.024 181 182 181
-0.808 -0.112 0.024 156 154 156
-0.8 -0.112 0.024 156 154 156
-0.784 -0.112 0.024 181 174 173
-0.808 -0.104 0.024 189 186 181
-0.832 -0.096 0.024 197 202 197
-0.832 -0.128 0.032 197 202 197
-0.832 -0.12 0.032 189 206 197
-0.824 -0.12 0.032 189 186 181
-0.816 -0.12 0.032 189 186 181
-0.904 -0.088 0.056 189 202 197
-0.904 -0.08 0.056 189 206 197
-0.84 -0.096 0.024 197 202 197
-0.848 -0.088 0.024 189 202 197
-0.84 -0.088 0.024 189 202 197
-0.848 -0.08 0.024 189 202 197
-0.84 -0.08 0.024 189 202 197
-0.848 -0.072 0.024 197 202 197
-0.84 -0.128 0.032 197 202 197
-0.848 -0.12 0.032 197 202 197
-0.84 -0.12 0.032 189 202 197
-0.848 -0.112 0.032 189 202 197
-0.84 -0.112 0.032 189 202 197
-0.856 -0.104 0.032 189 202 197
-0.848 -0.104 0.032 189 202 197
-0.856 -0.096 0.032 189 202 197
-0.848 -0.096 0.032 189 202 197
-0.856 -0.088 0.032 197 202 197
-0.856 -0.08 0.032 189 202 197
-0.864 -0.072 0.032 189 206 197
-0.856 -0.072 0.032 189 206 197
-0.864 -0.128 0.04 197 202 197
-0.856 -0.128 0.04 197 206 197
-0.864 -0.12 0.04 189 206 197
-0.872 -0.112 0.04 197 202 197
-0.864 -0.112 0.04 197 202 197
-0.872 -0.104 0.04 189 206 197
-0.864 -0.104 0.04 189 206 197
-0.872 -0.096 0.04 189 202 197
-0.864 -0.096 0.04 189 202 197
-0.872 -0.088 0.04 197 202 197
-0.88 -0.08 0.04 189 202 197
-0.872 -0.08 0.04 189 202 197
-0.88 -0.072 0.04 189 202 197
-0.872 -0.072 0.04 189 202 197
-0.88 -0.128 0.048 189 202 197
-0.872 -0.128 0.048 189 202 197
-0.88 -0.12 0.048 189 202 197
-0.872 -0.12 0.048 189 202 197
-0.88 -0.112 0.048 197 202 197
-0.88 -0.104 0.048 189 206 197
-0.888 -0.096 0.048 189 202 197
-0.88 -0.096 0.048 189 202 197
-0.888 -0.088 0.048 197 206 197
-0.888 -0.08 0.048 197 202 197
-0.888 -0.072 0.048 197 202 197
-0.896 -0.128 0.056 197 206 197
-0.896 -0.12 0.056 189 206 197
-0.896 -0.112 0.056 197 206 197
-0.896 -0.104 0.056 197 206 197
-0.896 -0.096 0.056 197 206 206
-0.896 -0.088 0.056 189 202 197
-0.896 -0.08 0.056 189 206 197
-0.896 -0.072 0.056 197 202 197
-0.968 -0.128 0.096 197 206 206
-0.968 -0.12 0.096 197 206 197
-0.968 -0.112 0.096 197 206 197
-0.968 -0.104 0.096 197 206 206
-0.976 -0.128 0.104 197 206 197
-0.976 -0.12 0.104 197 206 197
-0.976 -0.104 0.104 197 206 197
-0.976 -0.096 0.104 197 206 206
-0.968 -0.096 0.104 197 206 206
-0.976 -0.088 0.104 197 206 206
-0.968 -0.088 0.104 197 206 206
-0.968 -0.08 0.104 197 206 197
-0.968 -0.072 0.104 197 206 197
-0.976 -0.072 0.112 197 206 197
-0.968 -0.072 0.112 197 206 197
-0.912 -0.128 0.064 197 206 206
-0.912 -0.12 0.064 189 202 197
-0.904 -0.12 0.064 189 202 197
-0.912 -0.112 0.064 189 206 197
-0.904 -0.112 0.064 189 206 197
-0.912 -0.104 0.064 197 206 197
-0.904 -0.104 0.064 197 206 197
-0.912 -0.096 0.064 197 206 206
-0.904 -0.096 0.064 197 206 206
-0.912 -0.088 0.064 197 206 206
-0.912 -0.08 0.064 189 206 197
-0.912 -0.072 0.064 197 206 197
-0.928 -0.128 0.072 197 206 197
-0.928 -0.12 0.072 197 202 197
-0.928 -0.112 0.072 197 202 197
-0.92 -0.112 0.072 197 202 197
-0.928 -0.104 0.072 197 206 197
-0.92 -0.104 0.072 197 206 197
-0.928 -0.096 0.072 189 206 197
-0.92 -0.096 0.072 189 206 197
-0.928 -0.088 0.072 197 206 206
-0.92 -0.088 0.072 197 206 206
-0.92 -0.08 0.072 197 206 197
-0.92 -0.072 0.072 197 206 197
-0.944 -0.128 0.08 197 206 197
-0.936 -0.128 0.08 197 206 197
-0.944 -0.12 0.08 189 206 197
-0.936 -0.12 0.08 189 206 197
-0.936 -0.112 0.08 189 206 197
-0.936 -0.104 0.08 197 206 206
-0.936 -0.096 0.08 197 206 197
-0.936 -0.088 0.08 197 206 206
-0.936 -0.08 0.08 197 206 206
-0.936 -0.072 0.08 197 206 197
-0.928 -0.072 0.08 197 206 197
-0.952 -0.128 0.088 197 202 197
-0.952 -0.12 0.088 197 206 197
-0.952 -0.112 0.088 197 206 197
-0.952 -0.104 0.088 197 202 206
-0.952 -0.096 0.088 189 206 197
-0.944 -0.096 0.088 189 206 197
-0.952 -0.088 0.088 197 206 197
-0.944 -0.088 0.088 197 206 197
-0.944 -0.08 0.088 197 206 197
-0.944 -0.072 0.088 197 206 197
-0.936 -0.072 0.088 197 206 197
-0.96 -0.112 0.096 197 206 197
-0.96 -0.104 0.096 197 206 206
-0.96 -0.096 0.096 197 206 206
-0.96 -0.088 0.096 197 206 197
-0.96 -0.08 0.096 197 206 197
-0.952 -0.072 0.096 197 206 197
-0.96 -0.072 0.104 197 206 197
-0.968 -0.064 0.112 197 206 197
-0.968 -0.056 0.112 197 206 206
-0.976 -0.056 0.12 197 206 197
-0.968 -0.056 0.12 197 206 197
-0.976 -0.048 0.12 197 206 197
-0.968 -0.048 0.12 197 206 197
-0.968 -0.04 0.12 197 206 206
-0.976 -0.032 0.128 197 206 197
-0.968 -0.032 0.128 197 206 206
-0.968 -0.024 0.128 206 210 206
-0.968 -0.016 0.136 197 206 206
-0.968 -0.008 0.136 197 206 206
-0.912 -0.064 0.064 189 202 197
-0.904 -0.064 0.064 189 202 197
-0.904 -0.056 0.064 197 202 197
-0.92 -0.064 0.072 197 202 197
-0.912 -0.056 0.072 197 202 197
-0.912 -0.048 0.072 197 202 197
-0.904 -0.048 0.072 197 202 197
-0.904 -0.04 0.072 197 202 197
-0.928 -0.064 0.08 197 206 206
-0.92 -0.064 0.08 197 206 206
-0.92 -0.056 0.08 197 202 197
-0.92 -0.048 0.08 189 202 197
-0.912 -0.04 0.08 197 202 197
-0.912 -0.032 0.08 189 202 197
-0.904 -0.032 0.08 189 202 197
-0.904 -0.024 0.08 197 202 197
-0.944 -0.064 0.088 197 206 197
-0.936 -0.064 0.088 197 206 206
-0.936 -0.056 0.088 197 202 197
-0.928 -0.048 0.088 189 202 197
-0.92 -0.04 0.088 197 202 197
-0.92 -0.032 0.088 197 206 197
-0.912 -0.032 0.088 197 206 197
-0.912 -0.024 0.088 197 202 197
-0.904 -0.024 0.088 189 198 197
-0.904 -0.016 0.088 189 194 189
-0.952 -0.064 0.096 189 206 197
-0.944 -0.064 0.096 189 206 197
-0.944 -0.056 0.096 197 206 197
-0.944 -0.048 0.096 189 206 197
-0.936 -0.048 0.096 189 206 197
-0.936 -0.04 0.096 197 206 197
-0.928 -0.04 0.096 197 206 197
-0.928 -0.032 0.096 197 202 206
-0.92 -0.032 0.096 197 202 206
-0.92 -0.024 0.096 189 202 197
-0.912 -0.016 0.096 189 194 189
-0.912 -0.008 0.096 197 202 206
-0.904 -0.008 0.096 197 202 206
-0.96 -0.064 0.104 197 206 197
-0.952 -0.056 0.104 197 206 197
-0.952 -0.048 0.104 197 206 197
-0.944 -0.048 0.104 197 206 197
-0.944 -0.04 0.104 197 206 197
-0.936 -0.032 0.104 189 206 197
-0.928 -0.024 0.104 189 202 197
-0.92 -0.016 0.104 189 202 197
-0.92 -0.008 0.104 206 206 206
-0.912 -0.008 0.104 197 210 214
-0.96 -0.056 0.112 197 206 206
-0.96 -0.048 0.112 197 206 197
-0.96 -0.04 0.112 197 206 206
-0.952 -0.04 0.112 197 206 206
-0.952 -0.032 0.112 197 202 197
-0.944 -0.032 0.112 197 202 197
-0.944 -0.024 0.112 189 202 197
-0.936 -0.024 0.112 189 198 197
-0.936 -0.016 0.112 197 206 206
-0.928 -0.008 0.112 197 210 206
-0.92 -0.008 0.112 197 210 206
-0.96 -0.04 0.12 197 206 206
-0.96 -0.032 0.12 189 206 197
-0.952 -0.024 0.12 189 206 197
-0.944 -0.016 0.12 197 210 206
-0.944 -0.008 0.12 197 206 197
-0.936 -0.008 0.12 197 210 206
-0.96 -0.024 0.128 206 210 206
-0.96 -0.016 0.128 197 210 206
-0.952 -0.016 0.128 197 210 206
-0.952 -0.008 0.128 197 206 206
-0.96 -0.008 0.136 197 206 206
-0.84 -0.064 0.016 197 202 197
-0.84 -0.056 0.016 189 202 197
-0.84 -0.048 0.016 197 202 197
-0.84 -0.04 0.016 189 202 197
-0.84 -0.032 0.016 189 198 197
-0.856 -0.064 0.024 189 202 197
-0.848 -0.064 0.024 189 202 197
-0.848 -0.056 0.024 189 202 197
-0.848 -0.048 0.024 197 202 197
-0.84 -0.048 0.024 197 202 197
-0.848 -0.04 0.024 197 202 197
-0.84 -0.04 0.024 197 202 197
-0.848 -0.032 0.024 197 202 197
-0.84 -0.032 0.024 197 202 197
-0.84 -0.024 0.024 197 202 197
-0.84 -0.016 0.024 189 202 197
-0.84 -0.008 0.024 197 202 197
-0.864 -0.064 0.032 197 202 197
-0.864 -0.056 0.032 197 202 197
-0.856 -0.056 0.032 189 202 197
-0.864 -0.048 0.032 189 202 197
-0.856 -0.048 0.032 189 202 197
-0.856 -0.04 0.032 189 206 197
-0.856 -0.032 0.032 197 198 197
-0.848 -0.032 0.032 197 198 197
-0.848 -0.024 0.032 197 202 197
-0.848 -0.016 0.032 197 202 197
-0.84 -0.016 0.032 197 202 197
-0.84 -0.008 0.032 197 198 197
-0.872 -0.064 0.04 189 202 197
-0.872 -0.056 0.04 197 202 197
-0.872 -0.048 0.04 197 202 197
-0.872 -0.04 0.04 197 202 197
-0.864 -0.04 0.04 197 202 197
-0.864 -0.032 0.04 197 202 197
-0.856 -0.032 0.04 197 202 197
-0.864 -0.024 0.04 189 202 197
-0.856 -0.024 0.04 189 202 197
-0.856 -0.016 0.04 197 202 197
-0.848 -0.016 0.04 197 202 197
-0.848 -0.008 0.04 189 202 197
-0.888 -0.064 0.048 189 202 197
-0.88 -0.064 0.048 189 202 197
-0.888 -0.056 0.048 197 202 197
-0.88 -0.056 0.048 197 202 197
-0.88 -0.048 0.048 189 202 197
-0.872 -0.048 0.048 189 202 197
-0.88 -0.04 0.048 197 202 197
-0.872 -0.04 0.048 197 202 197
-0.872 -0.032 0.048 189 202 197
-0.872 -0.024 0.048 189 202 197
-0.864 -0.024 0.048 189 202 197
-0.864 -0.016 0.048 197 202 197
-0.856 -0.016 0.048 189 202 197
-0.856 -0.008 0.048 197 202 197
-0.896 -0.064 0.056 189 202 197
-0.896 -0.056 0.056 197 202 197
-0.888 -0.056 0.056 197 202 197
-0.888 -0.048 0.056 189 202 197
-0.888 -0.04 0.056 189 202 197
-0.88 -0.04 0.056 189 202 197
-0.88 -0.032 0.056 197 202 197
-0.88 -0.024 0.056 189 202 197
-0.872 -0.024 0.056 189 202 197
-0.872 -0.016 0.056 197 202 197
-0.864 -0.016 0.056 189 198 197
-0.864 -0.008 0.056 197 202 197
-0.896 -0.056 0.064 197 202 197
-0.896 -0.048 0.064 197 202 197
-0.896 -0.04 0.064 197 202 197
-0.896 -0.032 0.064 197 202 197
-0.888 -0.032 0.064 197 202 197
-0.888 -0.024 0.064 189 202 197
-0.88 -0.024 0.064 189 202 197
-0.88 -0.016 0.064 189 202 197
-0.872 -0.016 0.064 189 202 197
-0.872 -0.008 0.064 189 202 197
-0.896 -0.04 0.072 189 202 197
-0.896 -0.032 0.072 197 202 197
-0.896 -0.024 0.072 197 202 197
-0.888 -0.024 0.072 197 202 197
-0.888 -0.016 0.072 189 202 197
-0.88 -0.016 0.072 189 202 197
-0.88 -0.008 0.072 189 198 189
-0.872 -0.008 0.072 189 198 189
-0.896 -0.024 0.08 197 202 197
-0.896 -0.016 0.08 189 198 197
-0.888 -0.016 0.08 189 198 197
-0.888 -0.008 0.08 173 190 181
-0.896 -0.016 0.088 189 194 189
-0.896 -0.008 0.088 181 190 189
-0.8 -0.064 0 189 198 197
-0.792 -0.064 0 189 198 197
-0.808 -0.056 0 189 202 197
-0.816 -0.048 0 197 202 197
-0.816 -0.04 0 197 202 197
-0.816 -0.032 0 189 198 197
-0.816 -0.024 0 189 198 197
-0.808 -0.024 0 189 198 197
-0.816 -0.016 0 189 198 197
-0.808 -0.016 0 189 198 197
-0.808 -0.008 0 189 198 197
-0.816 -0.064 0.008 189 202 197
-0.824 -0.056 0.008 189 202 197
-0.832 -0.048 0.008 189 202 197
-0.824 -0.048 0.008 189 202 197
-0.832 -0.04 0.008 189 202 197
-0.824 -0.04 0.008 189 202 197
-0.824 -0.032 0.008 197 202 197
-0.824 -0.024 0.008 189 198 197
-0.816 -0.024 0.008 189 198 197
-0.824 -0.016 0.008 189 202 197
-0.816 -0.016 0.008 189 202 197
-0.816 -0.008 0.008 197 202 197
-0.832 -0.064 0.016 197 202 197
-0.832 -0.056 0.016 189 202 197
-0.832 -0.048 0.016 197 202 197
-0.832 -0.04 0.016 189 202 197
-0.832 -0.032 0.016 189 198 197
-0.832 -0.024 0.016 189 202 197
-0.832 -0.016 0.016 189 202 197
-0.824 -0.016 0.016 189 202 197
-0.824 -0.008 0.016 197 202 197
-0.832 -0.016 0.024 189 202 197
-0.832 -0.008 0.024 197 202 197
-0.168 -0.168 -0.064 132 125 132
-0.192 -0.16 -0.064 82 105 99
-0.192 -0.152 -0.064 99 113 107
-0.152 -0.152 -0.064 99 113 115
-0.144 -0.152 -0.064 165 158 156
-0.136 -0.152 -0.064 165 158 156
-0.144 -0.144 -0.064 140 138 140
-0.176 -0.136 -0.064 115 134 140
-0.144 -0.192 -0.056 123 142 156
-0.192 -0.176 -0.056 49 85 90
-0.192 -0.168 -0.056 49 81 82
-0.152 -0.168 -0.056 66 89 66
-0.152 -0.16 -0.056 115 134 115
-0.152 -0.152 -0.056 90 113 90
-0.192 -0.144 -0.056 82 101 99
-0.168 -0.144 -0.056 82 89 90
-0.152 -0.144 -0.056 115 109 123
-0.192 -0.136 -0.056 41 69 58
-0.176 -0.136 -0.056 82 101 115
-0.16 -0.192 -0.048 99 117 132
-0.168 -0.184 -0.048 132 142 132
-0.176 -0.176 -0.048 140 154 140
-0.16 -0.176 -0.048 115 117 115
-0.16 -0.168 -0.048 115 117 115
-0.152 -0.16 -0.048 107 117 107
-0.192 -0.152 -0.048 156 154 156
-0.152 -0.152 -0.048 107 117 99
-0.144 -0.152 -0.048 132 134 148
-0.16 -0.144 -0.048 74 93 82
-0.152 -0.144 -0.048 90 105 82
-0.144 -0.144 -0.048 107 121 115
-0.176 -0.136 -0.048 41 73 66
-0.16 -0.136 -0.048 66 77 74
-0.152 -0.136 -0.048 107 113 107
-0.168 -0.176 -0.04 165 162 165
-0.16 -0.176 -0.04 115 117 107
-0.168 -0.168 -0.04 107 117 115
-0.152 -0.168 -0.04 90 93 90
-0.16 -0.16 -0.04 99 117 107
-0.152 -0.16 -0.04 107 130 115
-0.16 -0.152 -0.04 107 97 107
-0.152 -0.152 -0.04 115 117 123
-0.16 -0.144 -0.04 49 69 49
-0.152 -0.144 -0.04 90 101 82
-0.176 -0.136 -0.04 90 101 99
-0.16 -0.136 -0.04 74 85 74
-0.16 -0.184 -0.032 173 162 156
-0.16 -0.176 -0.032 123 121 123
-0.16 -0.168 -0.032 132 146 132
-0.152 -0.168 -0.032 115 101 115
-0.16 -0.16 -0.032 107 109 107
-0.152 -0.16 -0.032 107 113 107
-0.184 -0.152 -0.032 156 138 140
-0.16 -0.152 -0.032 107 105 115
-0.192 -0.144 -0.032 140 134 123
-0.16 -0.144 -0.032 49 61 49
-0.176 -0.136 -0.032 156 154 156
-0.152 -0.136 -0.032 90 105 90
-0.16 -0.176 -0.024 132 130 115
-0.168 -0.168 -0.024 156 154 156
-0.16 -0.168 -0.024 107 109 107
-0.184 -0.16 -0.024 148 130 123
-0.168 -0.16 -0.024 82 57 49
-0.144 -0.16 -0.024 66 69 66
-0.16 -0.152 -0.024 82 93 82
-0.152 -0.152 -0.024 107 113 115
-0.168 -0.144 -0.024 123 109 99
-0.192 -0.136 -0.024 140 134 123
-0.152 -0.136 -0.024 181 174 181
-0.16 -0.176 -0.016 123 81 66
-0.16 -0.168 -0.016 123 97 82
-0.16 -0.16 -0.016 115 97 90
-0.152 -0.16 -0.016 90 97 99
-0.192 -0.152 -0.016 165 138 132
-0.184 -0.152 -0.016 148 134 148
-0.192 -0.144 -0.016 156 134 123
-0.16 -0.144 -0.016 123 105 90
-0.192 -0.136 -0.016 173 154 140
-0.184 -0.136 -0.016 156 134 123
-0.16 -0.168 -0.008 115 77 66
-0.16 -0.144 -0.008 123 105 90
-0.976 0 0.144 197 206 206
-0.968 0 0.144 197 206 206
-0.968 0.008 0.144 197 206 206
-0.976 0.016 0.152 197 206 206
-0.968 0.024 0.152 197 210 206
-0.968 0.04 0.16 197 210 206
-0.84 0 0.032 197 202 197
-0.84 0.008 0.032 189 202 197
-0.848 0 0.04 197 202 197
-0.84 0 0.04 189 198 197
-0.84 0.008 0.04 197 202 197
-0.84 0.016 0.04 197 202 197
-0.856 0 0.048 197 202 197
-0.848 0 0.048 197 202 197
-0.848 0.008 0.048 189 202 197
-0.848 0.016 0.048 189 202 197
-0.84 0.016 0.048 189 202 197
-0.84 0.024 0.048 197 202 197
-0.84 0.032 0.048 189 198 197
-0.864 0 0.056 197 202 197
-0.856 0 0.056 197 202 197
-0.856 0.008 0.056 189 202 197
-0.848 0.008 0.056 197 202 197
-0.848 0.016 0.056 181 194 189
-0.848 0.024 0.056 181 182 181
-0.84 0.024 0.056 181 190 181
-0.848 0.032 0.056 173 186 173
-0.84 0.032 0.056 173 182 173
-0.84 0.04 0.056 173 186 181
-0.84 0.048 0.056 173 186 181
-0.84 0.056 0.056 189 194 189
-0.808 0 0 189 198 189
-0.8 0 0 189 198 189
-0.808 0.008 0 189 198 197
-0.8 0.008 0 189 198 197
-0.808 0.016 0 189 198 197
-0.8 0.016 0 189 198 197
-0.8 0.024 0 189 198 189
-0.8 0.032 0 189 194 189
-0.792 0.032 0 189 198 197
-0.8 0.04 0 189 198 197
-0.792 0.04 0 189 198 197
-0.8 0.048 0 189 194 189
-0.792 0.048 0 189 194 189
-0.8 0.056 0 189 198 189
-0.792 0.056 0 189 194 189
-0.816 0 0.008 189 198 197
-0.808 0 0.008 197 202 197
-0.816 0.008 0.008 189 198 197
-0.808 0.008 0.008 189 198 197
-0.808 0.016 0.008 197 198 197
-0.808 0.024 0.008 189 198 197
-0.8 0.024 0.008 189 194 197
-0.808 0.032 0.008 189 194 189
-0.8 0.032 0.008 189 194 189
-0.808 0.04 0.008 189 198 189
-0.8 0.04 0.008 189 198 189
-0.8 0.048 0.008 189 194 189
-0.8 0.056 0.008 189 194 189
-0.792 0.056 0.008 189 194 189
-0.824 0 0.016 197 202 197
-0.816 0 0.016 189 198 197
-0.824 0.008 0.016 189 198 197
-0.816 0.008 0.016 189 198 197
-0.816 0.016 0.016 189 198 197
-0.816 0.024 0.016 189 198 197
-0.808 0.024 0.016 189 198 189
-0.816 0.032 0.016 189 198 197
-0.808 0.032 0.016 189 198 197
-0.808 0.04 0.016 189 198 189
-0.808 0.048 0.016 189 198 189
-0.8 0.048 0.016 189 198 189
-0.808 0.056 0.016 189 198 189
-0.8 0.056 0.016 189 198 197
-0.832 0 0.024 189 202 197
-0.824 0 0.024 189 202 197
-0.832 0.008 0.024 197 202 197
-0.824 0.008 0.024 197 202 197
-0.824 0.016 0.024 189 198 197
-0.816 0.016 0.024 197 198 197
-0.824 0.024 0.024 197 202 197
-0.816 0.024 0.024 197 202 197
-0.816 0.032 0.024 189 198 197
-0.816 0.04 0.024 189 202 197
-0.808 0.04 0.024 189 202 197
-0.816 0.048 0.024 189 202 197
-0.808 0.048 0.024 189 198 197
-0.816 0.056 0.024 189 198 197
-0.808 0.056 0.024 189 198 197
-0.832 0 0.032 197 202 197
-0.832 0.008 0.032 189 202 197
-0.832 0.016 0.032 189 198 197
-0.824 0.016 0.032 189 198 197
-0.824 0.024 0.032 189 198 197
-0.824 0.032 0.032 189 202 197
-0.816 0.032 0.032 189 198 197
-0.824 0.04 0.032 189 202 197
-0.816 0.04 0.032 189 198 197
-0.824 0.048 0.032 189 198 197
-0.816 0.048 0.032 189 198 197
-0.816 0.056 0.032 189 198 189
-0.832 0.016 0.04 197 202 197
-0.832 0.024 0.04 189 198 197
-0.832 0.032 0.04 189 198 197
-0.824 0.032 0.04 189 198 197
-0.832 0.04 0.04 189 198 197
-0.824 0.04 0.04 189 202 197
-0.824 0.048 0.04 189 194 197
-0.824 0.056 0.04 189 194 197
-0.816 0.056 0.04 189 194 189
-0.832 0.024 0.048 197 202 197
-0.832 0.032 0.048 189 198 197
-0.832 0.04 0.048 189 194 189
-0.832 0.048 0.048 181 190 189
-0.832 0.056 0.048 181 190 181
-0.824 0.056 0.048 181 190 181
-0.832 0.048 0.056 181 190 189
-0.832 0.056 0.056 189 194 189
-0.272 -0.432 0.104 115 130 123
-0.272 -0.44 0.112 156 158 156
-0.272 -0.432 0.112 197 186 181
-0.584 0.032 -0.272 189 194 197
-0.584 0.04 -0.272 197 194 197
-0.592 0.048 -0.272 197 194 197
-0.584 0.048 -0.272 197 194 197
-0.6 0.056 -0.272 197 198 197
-0.592 0.056 -0.272 197 198 197
-0.584 0.056 -0.272 197 198 197
-0.584 0 -0.264 206 202 206
-0.584 0.008 -0.264 197 198 197
-0.592 0.016 -0.264 197 194 197
-0.584 0.016 -0.264 206 198 206
-0.6 0.024 -0.264 197 198 197
-0.592 0.024 -0.264 197 194 197
-0.584 0.024 -0.264 197 198 197
-0.6 0.032 -0.264 197 198 197
-0.592 0.032 -0.264 206 202 206
-0.584 0.032 -0.264 197 198 197
-0.608 0.04 -0.264 206 202 206
-0.6 0.04 -0.264 197 198 197
-0.592 0.04 -0.264 197 198 197
-0.608 0.048 -0.264 197 198 197
-0.6 0.048 -0.264 197 202 197
-0.592 0.048 -0.264 206 202 206
-0.608 0.056 -0.264 206 202 206
-0.6 0.056 -0.264 206 202 206
-0.904 0.064 0.12 197 206 197
-0.52 0.048 -0.288 206 206 206
-0.536 0.056 -0.288 206 206 206
-0.52 0.056 -0.288 206 206 214
-0.536 0 -0.28 214 210 214
-0.528 0 -0.28 214 210 214
-0.52 0 -0.28 214 210 214
-0.528 0.008 -0.28 206 210 214
-0.52 0.008 -0.28 206 206 206
-0.536 0.016 -0.28 206 206 214
-0.528 0.016 -0.28 206 206 206
-0.52 0.016 -0.28 206 206 206
-0.536 0.024 -0.28 214 215 214
-0.528 0.024 -0.28 214 215 222
-0.52 0.024 -0.28 214 215 222
-0.544 0.032 -0.28 214 210 214
-0.536 0.032 -0.28 214 210 214
-0.528 0.032 -0.28 214 210 214
-0.52 0.032 -0.28 214 215 214
-0.544 0.04 -0.28 206 206 206
-0.536 0.04 -0.28 206 206 206
-0.528 0.04 -0.28 214 215 214
-0.52 0.04 -0.28 214 210 214
-0.56 0.048 -0.28 206 206 206
-0.552 0.048 -0.28 206 206 206
-0.544 0.048 -0.28 206 210 206
-0.536 0.048 -0.28 214 215 214
-0.528 0.048 -0.28 214 210 214
-0.568 0.056 -0.28 197 206 206
-0.56 0.056 -0.28 206 206 206
-0.552 0.056 -0.28 214 206 214
-0.544 0.056 -0.28 206 206 206
-0.536 0.056 -0.28 206 202 206
-0.56 0 -0.272 214 210 214
-0.552 0 -0.272 214 206 214
-0.544 0 -0.272 214 206 214
-0.536 0 -0.272 214 210 214
-0.56 0.008 -0.272 206 202 206
-0.552 0.008 -0.272 206 206 206
-0.544 0.008 -0.272 214 210 214
-0.536 0.008 -0.272 214 210 214
-0.568 0.016 -0.272 206 206 206
-0.56 0.016 -0.272 214 210 214
-0.552 0.016 -0.272 214 210 214
-0.544 0.016 -0.272 214 210 214
-0.576 0.024 -0.272 197 198 197
-0.568 0.024 -0.272 206 206 206
-0.56 0.024 -0.272 206 206 206
-0.552 0.024 -0.272 206 206 206
-0.576 0.032 -0.272 197 198 197
-0.568 0.032 -0.272 197 202 206
-0.56 0.032 -0.272 206 206 206
-0.552 0.032 -0.272 206 206 206
-0.576 0.04 -0.272 197 194 197
-0.568 0.04 -0.272 197 198 197
-0.56 0.04 -0.272 206 202 206
-0.576 0.048 -0.272 197 194 197
-0.576 0 -0.264 206 202 206
-0.568 0 -0.264 206 206 206
-0.56 0 -0.264 206 206 206
-0.576 0.008 -0.264 197 202 197
-0.568 0.008 -0.264 206 206 206
-0.56 0.008 -0.264 206 206 206
-0.576 0.016 -0.264 197 198 197
-0.568 0.016 -0.264 206 202 206
-0.576 0.024 -0.264 197 194 197
-0.912 0.064 0.128 197 206 197
-0.904 0.064 0.128 197 206 197
-0.904 0.072 0.128 197 206 197
-0.904 0.08 0.128 197 202 197
-0.904 0.088 0.128 197 206 197
-0.92 0.064 0.136 189 206 197
-0.912 0.064 0.136 197 206 197
-0.92 0.072 0.136 197 206 197
-0.912 0.072 0.136 197 206 206
-0.912 0.08 0.136 197 206 197
-0.912 0.088 0.136 197 206 206
-0.904 0.088 0.136 197 206 206
-0.904 0.096 0.136 197 206 197
-0.904 0.104 0.136 197 206 197
-0.928 0.064 0.144 197 206 197
-0.928 0.072 0.144 197 210 206
-0.928 0.08 0.144 197 206 206
-0.92 0.08 0.144 197 206 206
-0.92 0.088 0.144 206 210 206
-0.912 0.088 0.144 206 210 206
-0.912 0.096 0.144 197 206 197
-0.912 0.104 0.144 197 206 206
-0.912 0.112 0.144 197 206 197
-0.904 0.112 0.144 206 210 206
-0.904 0.12 0.144 197 206 206
-0.944 0.064 0.152 197 210 206
-0.944 0.072 0.152 197 210 206
-0.936 0.072 0.152 197 210 206
-0.936 0.08 0.152 206 210 206
-0.928 0.08 0.152 206 210 206
-0.936 0.088 0.152 197 206 206
-0.928 0.088 0.152 197 206 206
-0.928 0.096 0.152 206 210 206
-0.928 0.104 0.152 197 210 206
-0.92 0.104 0.152 197 210 206
-0.92 0.112 0.152 197 210 206
-0.92 0.12 0.152 197 210 206
-0.912 0.12 0.152 197 210 206
-0.952 0.064 0.16 197 210 206
-0.952 0.072 0.16 197 210 206
-0.944 0.072 0.16 197 206 206
-0.944 0.08 0.16 197 210 206
-0.944 0.088 0.16 206 210 206
-0.944 0.096 0.16 197 210 206
-0.936 0.096 0.16 197 210 206
-0.936 0.104 0.16 206 210 206
-0.936 0.112 0.16 206 210 206
-0.928 0.112 0.16 197 210 206
-0.928 0.12 0.16 197 206 206
-0.92 0.12 0.16 206 210 206
-0.96 0.088 0.168 206 210 206
-0.952 0.088 0.168 206 210 206
-0.952 0.096 0.168 197 210 206
-0.952 0.104 0.168 197 206 206
-0.944 0.112 0.168 206 210 206
-0.936 0.12 0.168 206 210 206
-0.928 0.12 0.168 197 210 206
-0.896 0.08 0.128 197 202 197
-0.896 0.088 0.128 197 202 197
-0.896 0.096 0.128 197 206 197
-0.896 0.104 0.128 197 206 197
-0.888 0.104 0.128 197 206 197
-0.888 0.112 0.128 197 202 197
-0.88 0.112 0.128 197 202 197
-0.888 0.12 0.128 197 202 197
-0.88 0.12 0.128 197 202 197
-0.896 0.096 0.136 197 206 197
-0.896 0.104 0.136 197 206 197
-0.896 0.112 0.136 206 206 206
-0.896 0.12 0.136 197 206 197
-0.888 0.12 0.136 197 206 197
-0.84 0.064 0.064 189 198 197
-0.84 0.072 0.064 189 198 189
-0.84 0.08 0.064 197 202 197
-0.84 0.088 0.064 197 206 206
-0.848 0.064 0.072 197 202 197
-0.84 0.064 0.072 197 202 197
-0.848 0.072 0.072 197 206 197
-0.84 0.072 0.072 197 202 197
-0.848 0.08 0.072 197 202 197
-0.84 0.08 0.072 189 194 189
-0.848 0.088 0.072 189 194 189
-0.84 0.088 0.072 189 198 189
-0.84 0.096 0.072 189 194 189
-0.84 0.104 0.072 197 202 197
-0.84 0.112 0.072 189 198 197
-0.856 0.064 0.08 189 202 189
-0.856 0.072 0.08 181 194 189
-0.848 0.072 0.08 181 194 189
-0.856 0.08 0.08 189 198 189
-0.848 0.08 0.08 189 198 197
-0.848 0.088 0.08 189 202 197
-0.848 0.096 0.08 197 202 197
-0.84 0.096 0.08 197 202 197
-0.848 0.104 0.08 197 202 197
-0.84 0.104 0.08 197 198 197
-0.848 0.112 0.08 189 194 189
-0.84 0.112 0.08 189 194 189
-0.84 0.12 0.08 197 198 197
-0.864 0.064 0.088 197 198 197
-0.864 0.072 0.088 197 202 197
-0.856 0.072 0.088 197 202 197
-0.864 0.08 0.088 197 206 197
-0.856 0.08 0.088 197 206 197
-0.856 0.088 0.088 197 202 197
-0.856 0.096 0.088 197 202 197
-0.848 0.096 0.088 197 202 206
-0.856 0.104 0.088 197 202 197
-0.848 0.104 0.088 197 202 197
-0.856 0.112 0.088 189 198 189
-0.848 0.112 0.088 197 198 197
-0.848 0.12 0.088 197 202 197
-0.872 0.064 0.096 197 206 197
-0.872 0.072 0.096 197 202 197
-0.864 0.072 0.096 197 202 197
-0.872 0.08 0.096 197 206 206
-0.864 0.08 0.096 189 202 197
-0.864 0.088 0.096 197 198 197
-0.864 0.096 0.096 189 198 189
-0.856 0.096 0.096 189 198 189
-0.864 0.104 0.096 189 194 189
-0.856 0.104 0.096 189 198 189
-0.856 0.112 0.096 197 202 197
-0.856 0.12 0.096 197 202 197
-0.88 0.064 0.104 189 202 197
-0.88 0.072 0.104 197 202 197
-0.872 0.072 0.104 197 202 197
-0.88 0.08 0.104 189 198 189
-0.872 0.08 0.104 189 198 189
-0.872 0.088 0.104 189 202 197
-0.872 0.096 0.104 197 202 197
-0.864 0.096 0.104 197 202 197
-0.872 0.104 0.104 197 206 197
-0.864 0.104 0.104 197 206 197
-0.864 0.112 0.104 197 202 197
-0.864 0.12 0.104 189 198 197
-0.888 0.064 0.112 197 202 197
-0.888 0.072 0.112 197 206 197
-0.88 0.072 0.112 197 206 197
-0.888 0.08 0.112 197 202 197
-0.88 0.08 0.112 197 206 197
-0.88 0.088 0.112 197 206 197
-0.872 0.088 0.112 197 202 197
-0.88 0.096 0.112 197 202 197
-0.872 0.096 0.112 197 202 197
-0.872 0.104 0.112 197 202 197
-0.872 0.112 0.112 197 202 197
-0.864 0.112 0.112 197 202 197
-0.872 0.12 0.112 197 202 197
-0.864 0.12 0.112 197 198 197
-0.896 0.064 0.12 197 206 197
-0.896 0.072 0.12 197 202 197
-0.896 0.08 0.12 189 202 197
-0.888 0.08 0.12 197 202 197
-0.888 0.088 0.12 197 202 197
-0.888 0.096 0.12 197 202 197
-0.88 0.096 0.12 197 202 197
-0.88 0.104 0.12 197 202 197
-0.88 0.112 0.12 189 202 197
-0.88 0.12 0.12 197 202 197
-0.872 0.12 0.12 197 202 197
-0.464 0.048 -0.296 189 186 189
-0.456 0.048 -0.296 189 182 189
-0.48 0.056 -0.296 181 182 181
-0.472 0.056 -0.296 181 178 181
-0.464 0.056 -0.296 189 186 189
-0.456 0.056 -0.296 189 186 189
-0.472 0 -0.288 165 166 165
-0.456 0 -0.288 189 186 189
-0.496 0.008 -0.288 189 194 189
-0.48 0.008 -0.288 173 170 173
-0.464 0.008 -0.288 189 182 189
-0.496 0.016 -0.288 189 186 189
-0.48 0.016 -0.288 181 178 181
-0.464 0.016 -0.288 181 174 181
-0.456 0.016 -0.288 173 178 173
-0.496 0.024 -0.288 189 190 189
-0.488 0.024 -0.288 189 182 189
-0.472 0.024 -0.288 181 178 181
-0.464 0.024 -0.288 189 186 189
-0.456 0.024 -0.288 189 182 189
-0.504 0.032 -0.288 206 202 206
-0.488 0.032 -0.288 181 182 181
-0.48 0.032 -0.288 189 182 189
-0.472 0.032 -0.288 181 182 181
-0.464 0.032 -0.288 189 182 189
-0.456 0.032 -0.288 197 186 197
-0.512 0.04 -0.288 197 202 197
-0.496 0.04 -0.288 206 198 206
-0.488 0.04 -0.288 197 194 197
-0.48 0.04 -0.288 181 186 181
-0.472 0.04 -0.288 181 182 181
-0.464 0.04 -0.288 181 178 181
-0.456 0.04 -0.288 189 190 189
-0.512 0.048 -0.288 206 202 206
-0.504 0.048 -0.288 206 198 206
-0.496 0.048 -0.288 189 190 189
-0.488 0.048 -0.288 181 178 181
-0.48 0.048 -0.288 189 182 189
-0.472 0.048 -0.288 189 190 189
-0.464 0.048 -0.288 197 194 197
-0.512 0.056 -0.288 206 206 206
-0.504 0.056 -0.288 197 198 197
-0.496 0.056 -0.288 189 190 189
-0.488 0.056 -0.288 189 190 189
-0.48 0.056 -0.288 189 186 189
-0.512 0 -0.28 206 202 206
-0.504 0 -0.28 206 202 206
-0.512 0.008 -0.28 214 210 214
-0.504 0.008 -0.28 206 206 206
-0.512 0.016 -0.28 206 202 206
-0.504 0.016 -0.28 206 198 206
-0.496 0.016 -0.28 197 198 197
-0.512 0.024 -0.28 206 202 214
-0.504 0.024 -0.28 206 202 206
-0.512 0.032 -0.28 214 210 214
-0.776 0.064 -0.032 181 194 189
-0.776 0.072 -0.032 189 194 189
-0.776 0.064 -0.024 189 194 189
-0.776 0.072 -0.024 189 198 189
-0.776 0.08 -0.024 189 194 189
-0.776 0.088 -0.024 189 194 189
-0.776 0.096 -0.024 181 194 189
-0.784 0.064 -0.016 189 194 189
-0.776 0.064 -0.016 189 194 189
-0.784 0.072 -0.016 189 194 189
-0.776 0.072 -0.016 189 190 189
-0.784 0.08 -0.016 189 198 189
-0.776 0.08 -0.016 189 194 189
-0.784 0.088 -0.016 189 194 189
-0.776 0.088 -0.016 181 194 189
-0.776 0.096 -0.016 181 190 189
-0.776 0.104 -0.016 189 194 189
-0.776 0.112 -0.016 181 194 189
-0.776 0.12 -0.016 181 194 189
-0.792 0.064 -0.008 189 194 189
-0.784 0.064 -0.008 189 194 197
-0.784 0.072 -0.008 189 198 197
-0.784 0.08 -0.008 189 194 189
-0.784 0.088 -0.008 189 194 189
-0.776 0.088 -0.008 189 194 189
-0.784 0.096 -0.008 189 190 189
-0.776 0.096 -0.008 189 194 189
-0.784 0.104 -0.008 189 190 189
-0.776 0.104 -0.008 189 194 189
-0.776 0.112 -0.008 189 194 189
-0.776 0.12 -0.008 189 190 189
-0.792 0.064 0 189 194 189
-0.792 0.072 0 189 198 189
-0.784 0.072 0 189 194 189
-0.792 0.08 0 189 194 189
-0.784 0.08 0 189 198 189
-0.792 0.088 0 189 194 189
-0.784 0.088 0 189 194 189
-0.792 0.096 0 189 194 189
-0.784 0.096 0 181 194 189
-0.784 0.104 0 189 194 189
-0.776 0.104 0 189 194 189
-0.784 0.112 0 189 194 189
-0.776 0.112 0 189 194 189
-0.784 0.12 0 189 190 189
-0.776 0.12 0 189 190 189
-0.8 0.064 0.008 189 194 189
-0.792 0.064 0.008 189 198 189
-0.8 0.072 0.008 189 198 189
-0.792 0.072 0.008 189 198 189
-0.792 0.08 0.008 189 194 189
-0.792 0.088 0.008 189 198 189
-0.792 0.096 0.008 189 194 189
-0.784 0.096 0.008 189 194 189
-0.792 0.104 0.008 181 194 189
-0.784 0.104 0.008 189 194 189
-0.792 0.112 0.008 189 194 189
-0.784 0.112 0.008 181 194 189
-0.784 0.12 0.008 189 198 189
-0.808 0.064 0.016 189 194 189
-0.8 0.064 0.016 189 194 189
-0.8 0.072 0.016 189 194 189
-0.8 0.08 0.016 189 198 189
-0.8 0.088 0.016 189 198 189
-0.792 0.088 0.016 189 194 189
-0.8 0.096 0.016 189 194 189
-0.792 0.096 0.016 189 198 189
-0.8 0.104 0.016 189 194 189
-0.792 0.104 0.016 189 194 189
-0.792 0.112 0.016 189 198 197
-0.792 0.12 0.016 189 194 189
-0.784 0.12 0.016 189 194 189
-0.808 0.064 0.024 189 198 197
-0.808 0.072 0.024 189 198 197
-0.8 0.072 0.024 189 198 197
-0.808 0.08 0.024 189 198 189
-0.8 0.08 0.024 189 198 197
-0.808 0.088 0.024 189 198 189
-0.8 0.088 0.024 197 198 197
-0.808 0.096 0.024 189 198 189
-0.8 0.096 0.024 189 198 189
-0.8 0.104 0.024 189 198 197
-0.792 0.104 0.024 189 194 189
-0.8 0.112 0.024 189 198 189
-0.792 0.112 0.024 189 198 189
-0.8 0.12 0.024 189 194 189
-0.792 0.12 0.024 189 194 189
-0.816 0.064 0.032 189 198 197
-0.808 0.064 0.032 189 194 189
-0.816 0.072 0.032 197 194 197
-0.808 0.072 0.032 189 198 189
-0.816 0.08 0.032 189 194 189
-0.808 0.08 0.032 189 194 189
-0.808 0.088 0.032 197 198 197
-0.808 0.096 0.032 189 194 189
-0.8 0.096 0.032 189 194 189
-0.808 0.104 0.032 189 198 197
-0.8 0.104 0.032 189 198 189
-0.808 0.112 0.032 189 194 197
-0.8 0.112 0.032 189 194 189
-0.808 0.12 0.032 189 198 197
-0.8 0.12 0.032 189 194 189
-0.824 0.064 0.04 189 194 189
-0.816 0.064 0.04 189 194 189
-0.824 0.072 0.04 189 198 189
-0.816 0.072 0.04 189 198 189
-0.816 0.08 0.04 189 198 189
-0.816 0.088 0.04 189 194 189
-0.808 0.088 0.04 189 198 197
-0.816 0.096 0.04 189 194 189
-0.808 0.096 0.04 197 198 197
-0.816 0.104 0.04 189 198 189
-0.808 0.104 0.04 189 198 189
-0.816 0.112 0.04 189 198 189
-0.808 0.112 0.04 189 194 197
-0.808 0.12 0.04 197 194 189
-0.832 0.064 0.048 189 198 189
-0.824 0.064 0.048 189 198 189
-0.832 0.072 0.048 197 198 197
-0.824 0.072 0.048 197 202 197
-0.824 0.08 0.048 197 198 197
-0.816 0.08 0.048 189 198 197
-0.824 0.088 0.048 197 198 197
-0.816 0.088 0.048 197 198 197
-0.824 0.096 0.048 189 198 189
-0.816 0.096 0.048 189 198 189
-0.816 0.104 0.048 189 198 197
-0.816 0.112 0.048 189 194 189
-0.816 0.12 0.048 197 198 197
-0.808 0.12 0.048 189 198 189
-0.832 0.064 0.056 189 198 189
-0.832 0.072 0.056 197 198 197
-0.832 0.08 0.056 189 198 189
-0.824 0.08 0.056 189 198 189
-0.832 0.088 0.056 189 198 197
-0.824 0.088 0.056 189 198 197
-0.824 0.096 0.056 189 198 197
-0.824 0.104 0.056 189 202 197
-0.824 0.112 0.056 197 202 197
-0.816 0.112 0.056 197 202 197
-0.824 0.12 0.056 197 202 197
-0.816 0.12 0.056 197 202 197
-0.392 -0.32 -0.152 189 190 197
-0.4 -0.312 -0.152 189 194 197
-0.392 -0.312 -0.152 189 190 189
-0.4 -0.304 -0.152 181 186 189
-0.392 -0.304 -0.152 197 194 197
-0.4 -0.296 -0.152 189 190 189
-0.392 -0.296 -0.152 189 190 189
-0.4 -0.288 -0.152 197 198 197
-0.392 -0.288 -0.152 189 194 197
-0.4 -0.28 -0.152 189 190 189
-0.392 -0.28 -0.152 197 190 197
-0.392 -0.272 -0.152 189 194 197
-0.392 -0.264 -0.152 189 194 197
-0.408 -0.32 -0.144 181 186 189
-0.4 -0.32 -0.144 181 182 181
-0.408 -0.312 -0.144 181 182 189
-0.4 -0.312 -0.144 181 186 189
-0.408 -0.304 -0.144 181 186 189
-0.4 -0.304 -0.144 181 186 189
-0.408 -0.296 -0.144 181 186 189
-0.4 -0.296 -0.144 189 186 189
-0.408 -0.288 -0.144 181 186 189
-0.4 -0.288 -0.144 181 190 189
-0.408 -0.28 -0.144 181 190 189
-0.4 -0.28 -0.144 181 186 189
-0.408 -0.272 -0.144 189 186 189
-0.4 -0.272 -0.144 189 190 197
-0.4 -0.264 -0.144 189 190 189
-0.392 -0.264 -0.144 189 190 189
-0.424 -0.32 -0.136 173 182 181
-0.416 -0.32 -0.136 181 182 189
-0.424 -0.312 -0.136 181 182 181
-0.416 -0.312 -0.136 181 182 189
-0.424 -0.304 -0.136 173 182 189
-0.416 -0.304 -0.136 173 182 181
-0.424 -0.296 -0.136 181 186 189
-0.416 -0.296 -0.136 181 182 189
-0.416 -0.288 -0.136 181 186 189
-0.416 -0.28 -0.136 181 186 189
-0.408 -0.28 -0.136 181 186 189
-0.416 -0.272 -0.136 189 186 189
-0.408 -0.272 -0.136 181 182 189
-0.408 -0.264 -0.136 181 186 189
-0.72 0.064 -0.128 173 182 181
-0.72 0.072 -0.128 173 182 181
-0.72 0.08 -0.128 173 182 181
-0.72 0.088 -0.128 173 182 173
-0.72 0.096 -0.128 173 178 181
-0.712 0.096 -0.128 173 182 181
-0.72 0.104 -0.128 173 182 173
-0.712 0.104 -0.128 181 182 181
-0.72 0.112 -0.128 173 182 181
-0.712 0.112 -0.128 173 182 173
-0.72 0.12 -0.128 173 182 181
-0.712 0.12 -0.128 173 182 173
-0.728 0.064 -0.12 181 186 181
-0.72 0.064 -0.12 181 186 181
-0.728 0.072 -0.12 181 186 181
-0.72 0.072 -0.12 181 186 181
-0.728 0.08 -0.12 181 186 181
-0.72 0.08 -0.12 181 186 181
-0.728 0.088 -0.12 173 182 181
-0.72 0.088 -0.12 173 182 181
-0.728 0.096 -0.12 181 182 181
-0.72 0.096 -0.12 173 182 181
-0.72 0.104 -0.12 173 178 173
-0.72 0.112 -0.12 173 178 181
-0.712 0.112 -0.12 173 182 173
-0.72 0.12 -0.12 165 178 173
-0.712 0.12 -0.12 173 178 173
-0.728 0.064 -0.112 181 190 189
-0.72 0.064 -0.112 181 186 189
-0.728 0.072 -0.112 181 186 181
-0.72 0.072 -0.112 181 186 181
-0.728 0.08 -0.112 181 190 181
-0.72 0.08 -0.112 181 190 181
-0.728 0.088 -0.112 181 186 189
-0.72 0.088 -0.112 181 190 181
-0.728 0.096 -0.112 181 186 181
-0.72 0.096 -0.112 181 182 181
-0.728 0.104 -0.112 181 186 181
-0.72 0.104 -0.112 173 182 181
-0.72 0.112 -0.112 173 182 181
-0.72 0.12 -0.112 173 182 173
-0.728 0.064 -0.104 181 190 189
-0.728 0.072 -0.104 181 186 181
-0.736 0.08 -0.104 181 186 181
-0.728 0.08 -0.104 181 186 181
-0.736 0.088 -0.104 181 186 181
-0.728 0.088 -0.104 181 186 181
-0.728 0.096 -0.104 181 186 181
-0.728 0.104 -0.104 181 182 181
-0.72 0.104 -0.104 173 182 181
-0.728 0.112 -0.104 181 182 181
-0.72 0.112 -0.104 181 182 181
-0.728 0.12 -0.104 173 186 181
-0.72 0.12 -0.104 173 186 181
-0.736 0.064 -0.096 189 194 189
-0.728 0.064 -0.096 181 190 189
-0.736 0.072 -0.096 189 190 189
-0.728 0.072 -0.096 181 190 181
-0.736 0.08 -0.096 189 190 189
-0.728 0.08 -0.096 181 190 189
-0.736 0.088 -0.096 181 190 181
-0.728 0.088 -0.096 181 190 181
-0.736 0.096 -0.096 181 186 181
-0.728 0.096 -0.096 181 190 181
-0.736 0.104 -0.096 181 186 181
-0.728 0.104 -0.096 181 186 181
-0.728 0.112 -0.096 181 182 181
-0.72 0.112 -0.096 181 182 181
-0.728 0.12 -0.096 173 186 181
-0.72 0.12 -0.096 173 186 181
-0.744 0.064 -0.088 189 194 189
-0.736 0.064 -0.088 181 190 189
-0.744 0.072 -0.088 181 190 189
-0.736 0.072 -0.088 181 190 189
-0.736 0.08 -0.088 181 186 189
-0.736 0.088 -0.088 181 186 181
-0.736 0.096 -0.088 181 190 189
-0.728 0.096 -0.088 173 186 181
-0.736 0.104 -0.088 181 186 181
-0.728 0.104 -0.088 173 190 181
-0.736 0.112 -0.088 173 186 181
-0.728 0.112 -0.088 181 182 181
-0.736 0.12 -0.088 181 186 181
-0.728 0.12 -0.088 181 186 181
-0.744 0.064 -0.08 181 190 189
-0.736 0.064 -0.08 181 190 181
-0.744 0.072 -0.08 181 186 181
-0.736 0.072 -0.08 181 190 181
-0.744 0.08 -0.08 181 190 189
-0.736 0.08 -0.08 181 190 189
-0.744 0.088 -0.08 181 186 181
-0.736 0.088 -0.08 181 186 181
-0.744 0.096 -0.08 181 186 181
-0.736 0.096 -0.08 181 190 181
-0.744 0.104 -0.08 173 186 181
-0.736 0.104 -0.08 173 186 181
-0.736 0.112 -0.08 181 186 181
-0.728 0.112 -0.08 181 186 181
-0.736 0.12 -0.08 181 186 181
-0.728 0.12 -0.08 181 186 181
-0.752 0.064 -0.072 189 194 189
-0.744 0.064 -0.072 189 194 189
-0.752 0.072 -0.072 189 190 189
-0.744 0.072 -0.072 189 190 189
-0.752 0.08 -0.072 181 190 189
-0.744 0.08 -0.072 181 190 189
-0.744 0.088 -0.072 181 190 181
-0.744 0.096 -0.072 181 190 181
-0.736 0.096 -0.072 181 186 181
-0.744 0.104 -0.072 189 190 189
-0.736 0.104 -0.072 181 190 181
-0.744 0.112 -0.072 181 186 181
-0.736 0.112 -0.072 181 186 181
-0.744 0.12 -0.072 181 186 181
-0.736 0.12 -0.072 181 186 181
-0.752 0.064 -0.064 181 194 189
-0.752 0.072 -0.064 181 194 189
-0.744 0.072 -0.064 181 194 189
-0.752 0.08 -0.064 189 190 189
-0.744 0.08 -0.064 189 190 189
-0.752 0.088 -0.064 181 190 189
-0.744 0.088 -0.064 181 190 189
-0.752 0.096 -0.064 181 190 189
-0.744 0.096 -0.064 181 190 189
-0.752 0.104 -0.064 181 186 181
-0.744 0.104 -0.064 181 186 181
-0.744 0.112 -0.064 181 186 181
-0.736 0.112 -0.064 181 186 181
-0.744 0.12 -0.064 181 186 181
-0.736 0.12 -0.064 181 182 181
-0.76 0.064 -0.056 181 194 189
-0.752 0.064 -0.056 181 194 189
-0.76 0.072 -0.056 189 190 189
-0.752 0.072 -0.056 189 190 189
-0.76 0.08 -0.056 181 190 181
-0.752 0.08 -0.056 181 190 181
-0.76 0.088 -0.056 181 190 189
-0.752 0.088 -0.056 189 190 189
-0.752 0.096 -0.056 181 190 189
-0.752 0.104 -0.056 181 190 181
-0.744 0.104 -0.056 181 190 181
-0.752 0.112 -0.056 181 190 181
-0.744 0.112 -0.056 181 190 189
-0.752 0.12 -0.056 181 186 181
-0.744 0.12 -0.056 181 190 181
-0.76 0.064 -0.048 189 194 189
-0.76 0.072 -0.048 189 190 189
-0.76 0.08 -0.048 181 190 181
-0.752 0.08 -0.048 181 190 181
-0.76 0.088 -0.048 181 190 189
-0.752 0.088 -0.048 181 190 181
-0.76 0.096 -0.048 181 190 189
-0.752 0.096 -0.048 189 186 189
-0.76 0.104 -0.048 189 190 189
-0.752 0.104 -0.048 181 190 189
-0.752 0.112 -0.048 181 190 189
-0.752 0.12 -0.048 189 194 189
-0.768 0.064 -0.04 189 194 189
-0.76 0.064 -0.04 181 194 189
-0.768 0.072 -0.04 189 194 189
-0.76 0.072 -0.04 189 190 189
-0.768 0.08 -0.04 181 194 189
-0.76 0.08 -0.04 181 194 189
-0.768 0.088 -0.04 181 194 189
-0.76 0.088 -0.04 189 194 189
-0.768 0.096 -0.04 181 194 189
-0.76 0.096 -0.04 181 194 189
-0.76 0.104 -0.04 181 190 189
-0.752 0.104 -0.04 189 190 189
-0.76 0.112 -0.04 189 190 189
-0.752 0.112 -0.04 189 190 189
-0.76 0.12 -0.04 189 190 189
-0.752 0.12 -0.04 181 190 189
-0.768 0.064 -0.032 181 194 189
-0.768 0.072 -0.032 189 194 189
-0.768 0.08 -0.032 189 194 189
-0.768 0.088 -0.032 181 194 189
-0.768 0.096 -0.032 181 190 189
-0.76 0.096 -0.032 181 190 189
-0.768 0.104 -0.032 189 190 189
-0.76 0.104 -0.032 189 190 189
-0.768 0.112 -0.032 181 190 189
-0.76 0.112 -0.032 181 190 189
-0.76 0.12 -0.032 181 190 189
-0.768 0.072 -0.024 189 198 189
-0.768 0.08 -0.024 189 194 189
-0.768 0.088 -0.024 189 194 189
-0.768 0.096 -0.024 189 190 189
-0.768 0.104 -0.024 189 194 189
-0.768 0.112 -0.024 189 190 189
-0.76 0.112 -0.024 189 194 189
-0.768 0.12 -0.024 189 190 189
-0.76 0.12 -0.024 189 190 189
-0.768 0.096 -0.016 181 194 189
-0.768 0.104 -0.016 189 194 189
-0.768 0.112 -0.016 189 194 189
-0.768 0.12 -0.016 181 190 189
-0.768 0.12 -0.008 181 194 189
-0.392 0.048 -0.32 214 210 214
-0.4 0.056 -0.32 214 215 214
-0.392 0.056 -0.32 214 210 214
-0.392 0.048 -0.312 214 215 214
-0.4 0.056 -0.312 206 210 206
-0.392 0.032 -0.304 222 219 222
-0.4 0.04 -0.304 206 210 214
-0.392 0.04 -0.304 206 210 206
-0.408 0.048 -0.304 214 215 214
-0.4 0.048 -0.304 214 215 214
-0.392 0.048 -0.304 214 210 214
-0.416 0.056 -0.304 214 210 214
-0.408 0.056 -0.304 214 210 214
-0.4 0.056 -0.304 206 210 206
-0.4 0.024 -0.296 206 206 214
-0.392 0.024 -0.296 214 215 214
-0.416 0.032 -0.296 197 198 197
-0.408 0.032 -0.296 206 202 206
-0.4 0.032 -0.296 214 210 214
-0.392 0.032 -0.296 214 215 222
-0.432 0.04 -0.296 189 186 189
-0.424 0.04 -0.296 206 194 206
-0.416 0.04 -0.296 206 206 206
-0.408 0.04 -0.296 214 206 214
-0.4 0.04 -0.296 214 206 214
-0.392 0.04 -0.296 206 210 206
-0.448 0.048 -0.296 181 178 181
-0.44 0.048 -0.296 189 190 189
-0.432 0.048 -0.296 206 198 206
-0.424 0.048 -0.296 197 198 197
-0.416 0.048 -0.296 206 202 206
-0.408 0.048 -0.296 206 206 206
-0.448 0.056 -0.296 189 186 189
-0.44 0.056 -0.296 197 190 197
-0.432 0.056 -0.296 197 202 197
-0.424 0.056 -0.296 214 206 214
-0.416 0.056 -0.296 214 210 214
-0.392 0 -0.288 197 198 197
-0.448 0.008 -0.288 173 170 173
-0.44 0.008 -0.288 181 174 181
-0.432 0.008 -0.288 181 178 181
-0.424 0.008 -0.288 189 182 189
-0.416 0.008 -0.288 189 182 189
-0.408 0.008 -0.288 189 190 189
-0.4 0.008 -0.288 197 194 197
-0.392 0.008 -0.288 214 210 214
-0.44 0.016 -0.288 189 182 189
-0.432 0.016 -0.288 181 174 181
-0.424 0.016 -0.288 181 174 181
-0.416 0.016 -0.288 181 178 181
-0.408 0.016 -0.288 197 190 197
-0.4 0.016 -0.288 206 202 206
-0.392 0.016 -0.288 206 198 206
-0.448 0.024 -0.288 189 182 189
-0.44 0.024 -0.288 173 170 173
-0.432 0.024 -0.288 181 178 181
-0.424 0.024 -0.288 197 182 197
-0.416 0.024 -0.288 189 190 189
-0.408 0.024 -0.288 197 190 197
-0.4 0.024 -0.288 206 198 206
-0.448 0.032 -0.288 181 178 181
-0.44 0.032 -0.288 189 186 189
-0.432 0.032 -0.288 181 182 181
-0.424 0.032 -0.288 181 182 181
-0.416 0.032 -0.288 189 186 189
-0.448 0.04 -0.288 173 178 173
-0.432 0 -0.28 173 178 173
-0.416 0 -0.28 173 174 173
-0.408 0 -0.28 181 182 181
-0.4 0 -0.28 181 182 181
-0.392 0 -0.28 189 190 189
-0.904 0.128 0.144 197 206 206
-0.904 0.136 0.144 197 206 197
-0.912 0.128 0.152 206 206 206
-0.912 0.136 0.152 197 206 206
-0.904 0.136 0.152 206 206 206
-0.904 0.144 0.152 197 206 206
-0.904 0.152 0.152 197 206 197
-0.92 0.128 0.16 206 210 206
-0.92 0.136 0.16 206 206 206
-0.912 0.136 0.16 206 206 206
-0.912 0.144 0.16 206 210 206
-0.912 0.152 0.16 206 210 206
-0.904 0.152 0.16 206 210 206
-0.904 0.16 0.16 206 210 206
-0.904 0.168 0.16 206 206 206
-0.904 0.176 0.16 206 210 206
-0.904 0.184 0.16 206 210 206
-0.936 0.128 0.168 206 210 206
-0.928 0.128 0.168 206 206 206
-0.92 0.128 0.168 206 206 206
-0.928 0.136 0.168 206 210 206
-0.92 0.136 0.168 206 210 206
-0.928 0.144 0.168 206 206 206
-0.92 0.144 0.168 206 206 206
-0.928 0.152 0.168 197 210 206
-0.92 0.152 0.168 206 206 206
-0.92 0.16 0.168 206 210 206
-0.912 0.16 0.168 206 210 206
-0.912 0.168 0.168 197 210 206
-0.92 0.176 0.168 206 210 206
-0.92 0.184 0.168 206 210 206
-0.912 0.184 0.168 206 210 206
-0.944 0.152 0.176 197 206 206
-0.936 0.152 0.176 197 206 206
-0.928 0.152 0.176 197 210 206
-0.936 0.176 0.176 206 210 206
-0.928 0.176 0.176 206 210 206
-0.936 0.184 0.176 197 206 206
-0.928 0.184 0.176 197 210 206
-0.776 0.128 -0.016 189 190 189
-0.776 0.128 -0.008 189 194 189
-0.776 0.136 -0.008 189 194 189
-0.776 0.144 -0.008 189 194 189
-0.776 0.152 -0.008 181 190 189
-0.448 0.104 -0.488 90 93 99
-0.44 0.104 -0.488 90 93 99
-0.44 0.104 -0.48 90 93 99
-0.472 0.08 -0.304 189 190 189
-0.464 0.08 -0.304 197 198 197
-0.456 0.08 -0.304 197 198 197
-0.488 0.088 -0.304 189 190 189
-0.48 0.088 -0.304 206 198 206
-0.472 0.088 -0.304 206 202 206
-0.464 0.088 -0.304 206 198 206
-0.456 0.088 -0.304 206 202 206
-0.488 0.096 -0.304 206 198 206
-0.488 0.064 -0.296 181 182 189
-0.48 0.064 -0.296 181 178 181
-0.472 0.064 -0.296 173 178 173
-0.464 0.064 -0.296 181 178 181
-0.456 0.064 -0.296 189 186 189
-0.488 0.072 -0.296 197 190 197
-0.48 0.072 -0.296 189 186 189
-0.472 0.072 -0.296 189 186 189
-0.464 0.072 -0.296 197 190 197
-0.456 0.072 -0.296 189 186 189
-0.504 0.08 -0.296 197 198 197
-0.496 0.08 -0.296 206 202 206
-0.488 0.08 -0.296 189 190 189
-0.48 0.08 -0.296 197 186 197
-0.512 0.088 -0.296 214 210 214
-0.504 0.088 -0.296 206 202 206
-0.496 0.088 -0.296 197 194 197
-0.456 0.088 -0.296 206 202 206
-0.512 0.096 -0.296 206 206 206
-0.504 0.096 -0.296 214 206 214
-0.496 0.096 -0.296 206 202 206
-0.48 0.096 -0.296 206 202 206
-0.472 0.096 -0.296 197 198 206
-0.464 0.096 -0.296 206 198 206
-0.512 0.104 -0.296 206 206 206
-0.504 0.104 -0.296 214 210 214
-0.512 0.064 -0.288 206 210 214
-0.504 0.064 -0.288 206 206 206
-0.496 0.064 -0.288 206 198 206
-0.488 0.064 -0.288 197 198 206
-0.512 0.072 -0.288 206 210 214
-0.504 0.072 -0.288 197 202 206
-0.496 0.072 -0.288 197 194 206
-0.512 0.08 -0.288 206 206 214
-0.456 0.096 -0.288 197 198 206
-0.496 0.104 -0.288 206 206 206
-0.488 0.104 -0.288 206 206 206
-0.48 0.104 -0.288 214 206 214
-0.472 0.104 -0.288 206 202 206
-0.512 0.112 -0.288 214 206 214
-0.512 0.112 -0.28 206 198 206
-0.504 0.112 -0.28 214 210 214
-0.496 0.112 -0.28 214 210 214
-0.528 0.096 -0.296 214 210 214
-0.52 0.096 -0.296 206 210 214
-0.536 0.104 -0.296 206 210 206
-0.528 0.104 -0.296 197 202 206
-0.52 0.104 -0.296 214 210 214
-0.552 0.112 -0.296 197 198 197
-0.544 0.112 -0.296 206 206 206
-0.544 0.064 -0.288 206 210 214
-0.528 0.064 -0.288 206 210 214
-0.52 0.064 -0.288 214 210 214
-0.552 0.072 -0.288 206 202 206
-0.544 0.072 -0.288 206 206 206
-0.536 0.072 -0.288 206 206 206
-0.528 0.072 -0.288 214 206 214
-0.52 0.072 -0.288 214 210 214
-0.552 0.08 -0.288 214 210 214
-0.544 0.08 -0.288 206 206 214
-0.536 0.08 -0.288 214 210 214
-0.528 0.08 -0.288 214 210 214
-0.52 0.08 -0.288 206 206 206
-0.568 0.088 -0.288 197 202 197
-0.56 0.088 -0.288 197 202 206
-0.552 0.088 -0.288 206 206 206
-0.544 0.088 -0.288 206 210 206
-0.536 0.088 -0.288 206 206 206
-0.528 0.088 -0.288 214 210 214
-0.52 0.088 -0.288 214 210 214
-0.576 0.096 -0.288 197 194 197
-0.568 0.096 -0.288 189 194 189
-0.56 0.096 -0.288 189 194 189
-0.552 0.096 -0.288 206 202 206
-0.544 0.096 -0.288 206 206 214
-0.536 0.096 -0.288 206 206 206
-0.576 0.104 -0.288 197 194 197
-0.568 0.104 -0.288 189 190 189
-0.56 0.104 -0.288 197 194 197
-0.552 0.104 -0.288 189 194 197
-0.576 0.112 -0.288 197 194 197
-0.568 0.112 -0.288 197 194 197
-0.56 0.112 -0.288 189 190 197
-0.544 0.112 -0.288 197 194 197
-0.536 0.112 -0.288 197 198 206
-0.528 0.112 -0.288 206 198 206
-0.576 0.12 -0.288 197 194 197
-0.568 0.12 -0.288 197 194 197
-0.56 0.12 -0.288 197 194 197
-0.552 0.12 -0.288 189 190 189
-0.576 0.064 -0.28 189 194 189
-0.568 0.064 -0.28 197 198 197
-0.56 0.064 -0.28 206 206 206
-0.552 0.064 -0.28 206 210 214
-0.576 0.072 -0.28 197 194 197
-0.568 0.072 -0.28 189 198 197
-0.576 0.08 -0.28 197 194 197
-0.576 0.088 -0.28 197 198 197
-0.552 0.12 -0.28 197 194 197
-0.544 0.12 -0.28 197 194 197
-0.536 0.12 -0.28 189 190 189
-0.528 0.12 -0.28 189 190 189
-0.576 0.128 -0.28 197 202 197
-0.568 0.128 -0.28 206 202 206
-0.568 0.128 -0.272 197 198 197
-0.56 0.128 -0.272 197 202 197
-0.552 0.128 -0.272 197 198 197
-0.712 0.144 -0.176 181 186 181
-0.712 0.144 -0.168 173 182 173
-0.712 0.136 -0.16 165 174 165
-0.712 0.144 -0.16 165 170 165
-0.712 0.152 -0.16 173 174 173
-0.712 0.128 -0.152 165 170 165
-0.712 0.136 -0.152 165 170 165
-0.712 0.144 -0.152 165 166 165
-0.712 0.152 -0.152 165 170 165
-0.712 0.128 -0.144 165 174 173
-0.712 0.136 -0.144 165 174 173
-0.712 0.144 -0.144 165 174 173
-0.712 0.152 -0.144 165 170 165
-0.712 0.128 -0.136 173 178 173
-0.72 0.136 -0.136 173 178 173
-0.712 0.136 -0.136 165 174 173
-0.72 0.144 -0.136 165 174 173
-0.712 0.144 -0.136 173 178 173
-0.712 0.152 -0.136 165 174 173
-0.704 0.128 -0.192 148 154 148
-0.696 0.128 -0.192 148 158 148
-0.704 0.136 -0.192 140 150 148
-0.696 0.136 -0.192 148 158 156
-0.704 0.144 -0.192 148 154 148
-0.696 0.144 -0.192 156 162 156
-0.704 0.152 -0.192 148 158 156
-0.696 0.152 -0.192 156 162 165
-0.688 0.152 -0.192 156 162 156
-0.68 0.152 -0.192 156 166 156
-0.672 0.152 -0.192 156 166 156
-0.672 0.16 -0.192 156 162 156
-0.704 0.128 -0.184 165 170 173
-0.696 0.128 -0.184 156 170 156
-0.704 0.136 -0.184 148 162 156
-0.704 0.144 -0.184 148 158 148
-0.704 0.152 -0.184 148 158 156
-0.696 0.152 -0.184 148 154 156
-0.688 0.152 -0.184 148 154 148
-0.68 0.152 -0.184 148 158 148
-0.672 0.152 -0.184 148 166 156
-0.704 0.128 -0.176 181 194 189
-0.696 0.128 -0.176 181 190 189
-0.704 0.136 -0.176 181 190 189
-0.704 0.144 -0.176 173 178 173
-0.704 0.152 -0.176 165 178 173
-0.696 0.152 -0.176 165 170 165
-0.688 0.152 -0.176 156 162 156
-0.704 0.128 -0.168 181 186 181
-0.704 0.136 -0.168 181 190 189
-0.704 0.144 -0.168 173 186 181
-0.704 0.152 -0.168 173 182 173
-0.696 0.152 -0.168 165 178 173
-0.688 0.152 -0.168 165 178 165
-0.704 0.128 -0.16 165 170 173
-0.704 0.136 -0.16 165 174 173
-0.704 0.144 -0.16 165 178 173
-0.704 0.152 -0.16 173 174 173
-0.696 0.152 -0.16 165 174 173
-0.688 0.152 -0.16 165 174 165
-0.68 0.152 -0.16 165 174 165
-0.68 0.16 -0.16 165 174 165
-0.704 0.128 -0.152 156 166 165
-0.704 0.136 -0.152 165 166 165
-0.704 0.144 -0.152 165 170 165
-0.704 0.152 -0.152 165 170 165
-0.696 0.152 -0.152 165 174 165
-0.688 0.152 -0.152 165 170 165
-0.68 0.152 -0.152 165 170 165
-0.68 0.16 -0.152 165 174 173
-0.704 0.128 -0.144 165 170 173
-0.704 0.152 -0.144 165 170 165
-0.696 0.152 -0.144 165 170 165
-0.688 0.152 -0.144 165 170 165
-0.68 0.152 -0.144 165 166 165
-0.704 0.152 -0.136 165 170 165
-0.696 0.152 -0.136 165 170 165
-0.688 0.152 -0.136 165 174 165
-0.68 0.152 -0.136 165 170 165
-0.704 0.152 -0.128 165 174 173
-0.696 0.152 -0.128 173 174 173
-0.688 0.152 -0.128 165 174 173
-0.704 0.152 -0.12 165 174 173
-0.688 0.152 -0.12 173 174 173
-0.672 0.152 -0.12 173 174 173
-0.704 0.152 -0.112 173 178 173
-0.696 0.152 -0.112 165 174 165
-0.688 0.152 -0.112 165 178 173
-0.68 0.152 -0.112 165 178 173
-0.704 0.152 -0.104 165 174 173
-0.696 0.152 -0.104 173 178 173
-0.688 0.152 -0.104 173 178 173
-0.704 0.152 -0.096 173 178 173
-0.696 0.152 -0.096 173 174 173
-0.688 0.152 -0.096 173 174 173
-0.704 0.152 -0.088 173 178 173
-0.704 0.16 -0.072 173 186 181
-0.72 0.128 -0.128 173 178 173
-0.712 0.128 -0.128 173 178 173
-0.72 0.136 -0.128 165 178 173
-0.712 0.136 -0.128 173 178 173
-0.72 0.144 -0.128 173 174 173
-0.712 0.144 -0.128 173 174 173
-0.712 0.152 -0.128 165 174 173
-0.72 0.128 -0.12 165 178 173
-0.712 0.128 -0.12 173 182 173
-0.72 0.136 -0.12 173 178 173
-0.72 0.144 -0.12 165 178 173
-0.712 0.144 -0.12 165 178 173
-0.72 0.152 -0.12 173 178 173
-0.712 0.152 -0.12 165 174 173
-0.72 0.128 -0.112 173 182 173
-0.728 0.136 -0.112 173 178 173
-0.72 0.136 -0.112 173 182 173
-0.728 0.144 -0.112 173 178 173
-0.72 0.144 -0.112 173 178 181
-0.72 0.152 -0.112 173 178 173
-0.712 0.152 -0.112 165 174 173
-0.728 0.128 -0.104 181 182 181
-0.72 0.128 -0.104 181 182 181
-0.728 0.136 -0.104 173 182 181
-0.72 0.136 -0.104 173 182 181
-0.728 0.144 -0.104 173 178 181
-0.72 0.144 -0.104 173 178 173
-0.72 0.152 -0.104 173 178 173
-0.712 0.152 -0.104 173 178 181
-0.728 0.128 -0.096 181 182 181
-0.72 0.128 -0.096 181 182 181
-0.728 0.136 -0.096 173 182 181
-0.728 0.144 -0.096 181 182 181
-0.72 0.144 -0.096 173 178 181
-0.728 0.152 -0.096 173 178 181
-0.72 0.152 -0.096 173 178 181
-0.712 0.152 -0.096 173 178 173
-0.736 0.128 -0.088 181 182 181
-0.728 0.128 -0.088 181 182 181
-0.736 0.136 -0.088 173 182 181
-0.728 0.136 -0.088 181 182 181
-0.736 0.144 -0.088 173 182 181
-0.728 0.144 -0.088 173 182 181
-0.728 0.152 -0.088 181 178 181
-0.72 0.152 -0.088 173 178 173
-0.712 0.152 -0.088 173 178 173
-0.736 0.128 -0.08 181 182 181
-0.728 0.128 -0.08 181 186 181
-0.736 0.136 -0.08 181 182 181
-0.728 0.136 -0.08 181 182 181
-0.736 0.144 -0.08 181 186 181
-0.728 0.144 -0.08 173 182 181
-0.736 0.152 -0.08 173 182 181
-0.728 0.152 -0.08 181 178 181
-0.72 0.152 -0.08 181 182 181
-0.736 0.128 -0.072 181 186 181
-0.744 0.136 -0.072 181 186 181
-0.736 0.136 -0.072 181 186 181
-0.744 0.144 -0.072 181 186 181
-0.736 0.144 -0.072 181 182 181
-0.736 0.152 -0.072 173 182 181
-0.728 0.152 -0.072 181 182 181
-0.744 0.128 -0.064 181 186 181
-0.736 0.128 -0.064 181 186 181
-0.744 0.136 -0.064 181 186 181
-0.736 0.136 -0.064 181 186 181
-0.744 0.144 -0.064 181 186 189
-0.736 0.144 -0.064 181 186 181
-0.744 0.152 -0.064 173 186 181
-0.736 0.152 -0.064 181 182 181
-0.752 0.128 -0.056 173 186 181
-0.744 0.128 -0.056 181 186 189
-0.752 0.136 -0.056 181 190 181
-0.744 0.136 -0.056 181 186 189
-0.752 0.144 -0.056 181 190 181
-0.744 0.144 -0.056 181 186 189
-0.752 0.152 -0.056 181 186 189
-0.744 0.152 -0.056 181 186 181
-0.736 0.152 -0.056 181 190 181
-0.712 0.16 -0.056 181 186 181
-0.752 0.128 -0.048 181 190 189
-0.744 0.128 -0.048 181 190 189
-0.752 0.136 -0.048 181 186 181
-0.752 0.144 -0.048 181 190 189
-0.744 0.144 -0.048 181 186 189
-0.752 0.152 -0.048 181 190 181
-0.744 0.152 -0.048 181 190 189
-0.728 0.16 -0.048 181 186 181
-0.72 0.16 -0.048 181 186 181
-0.712 0.16 -0.048 181 186 181
-0.76 0.128 -0.04 189 194 189
-0.752 0.128 -0.04 181 190 189
-0.76 0.136 -0.04 181 190 189
-0.752 0.136 -0.04 181 190 189
-0.76 0.144 -0.04 181 190 189
-0.752 0.144 -0.04 181 190 189
-0.76 0.152 -0.04 189 190 189
-0.752 0.152 -0.04 181 190 189
-0.744 0.16 -0.04 181 186 181
-0.736 0.16 -0.04 181 190 181
-0.728 0.16 -0.04 181 190 189
-0.72 0.16 -0.04 181 190 189
-0.712 0.16 -0.04 181 190 189
-0.76 0.128 -0.032 181 190 189
-0.76 0.136 -0.032 181 190 189
-0.76 0.144 -0.032 181 190 181
-0.76 0.152 -0.032 181 190 189
-0.752 0.152 -0.032 181 190 189
-0.752 0.16 -0.032 181 190 189
-0.744 0.16 -0.032 181 190 189
-0.736 0.16 -0.032 181 190 181
-0.728 0.16 -0.032 181 190 181
-0.72 0.16 -0.032 181 190 181
-0.768 0.128 -0.024 189 190 189
-0.76 0.128 -0.024 189 190 189
-0.768 0.136 -0.024 181 194 189
-0.76 0.136 -0.024 189 190 189
-0.768 0.144 -0.024 181 194 189
-0.76 0.144 -0.024 181 194 189
-0.768 0.152 -0.024 181 190 181
-0.76 0.152 -0.024 181 190 181
-0.76 0.16 -0.024 189 190 189
-0.752 0.16 -0.024 181 190 189
-0.744 0.16 -0.024 181 194 189
-0.736 0.16 -0.024 189 190 189
-0.728 0.16 -0.024 189 190 189
-0.768 0.128 -0.016 189 190 189
-0.768 0.136 -0.016 181 190 189
-0.768 0.144 -0.016 181 194 189
-0.768 0.152 -0.016 189 190 189
-0.76 0.152 -0.016 181 194 189
-0.768 0.16 -0.016 189 190 189
-0.76 0.16 -0.016 181 190 189
-0.752 0.16 -0.016 189 190 189
-0.736 0.16 -0.016 189 194 189
-0.728 0.16 -0.016 189 194 189
-0.768 0.128 -0.008 189 194 197
-0.768 0.136 -0.008 189 194 189
-0.768 0.144 -0.008 189 190 189
-0.768 0.152 -0.008 189 194 189
-0.768 0.16 -0.008 189 190 189
-0.76 0.16 -0.008 189 194 189
-0.752 0.16 -0.008 189 194 189
-0.744 0.16 -0.008 189 190 181
-0.736 0.168 -0.008 189 190 181
-0.704 0.16 -0.064 181 182 181
-0.704 0.16 -0.056 181 186 181
-0.784 0.128 0 189 194 189
-0.776 0.128 0 189 194 189
-0.784 0.136 0 189 194 189
-0.776 0.136 0 189 194 189
-0.784 0.144 0 189 190 189
-0.776 0.144 0 189 194 189
-0.784 0.152 0 189 194 189
-0.776 0.152 0 181 194 189
-0.776 0.16 0 181 190 189
-0.784 0.128 0.008 189 194 189
-0.784 0.136 0.008 189 194 189
-0.784 0.144 0.008 189 190 189
-0.784 0.152 0.008 181 194 189
-0.776 0.152 0.008 181 194 189
-0.784 0.16 0.008 189 194 189
-0.776 0.16 0.008 189 190 189
-0.792 0.128 0.016 189 194 189
-0.784 0.128 0.016 189 194 189
-0.792 0.136 0.016 189 194 189
-0.784 0.136 0.016 189 198 189
-0.792 0.144 0.016 189 194 189
-0.784 0.144 0.016 189 194 197
-0.792 0.152 0.016 189 194 189
-0.784 0.152 0.016 189 194 189
-0.792 0.16 0.016 189 194 189
-0.784 0.16 0.016 189 190 189
-0.8 0.128 0.024 189 198 189
-0.792 0.128 0.024 189 194 189
-0.8 0.136 0.024 189 194 189
-0.792 0.136 0.024 189 194 189
-0.8 0.144 0.024 189 194 189
-0.792 0.144 0.024 189 194 189
-0.8 0.152 0.024 189 194 189
-0.792 0.152 0.024 189 194 197
-0.8 0.16 0.024 189 194 189
-0.792 0.16 0.024 189 194 189
-0.784 0.168 0.024 189 194 189
-0.776 0.168 0.024 189 194 189
-0.808 0.128 0.032 189 198 197
-0.8 0.128 0.032 189 194 189
-0.8 0.136 0.032 189 194 189
-0.8 0.144 0.032 189 198 189
-0.8 0.152 0.032 189 194 189
-0.8 0.16 0.032 189 194 189
-0.792 0.16 0.032 189 194 189
-0.792 0.168 0.032 189 194 189
-0.784 0.168 0.032 189 194 189
-0.776 0.168 0.032 181 194 189
-0.808 0.128 0.04 189 198 197
-0.808 0.136 0.04 189 198 189
-0.808 0.144 0.04 189 194 197
-0.808 0.152 0.04 189 190 189
-0.8 0.152 0.04 189 194 197
-0.808 0.16 0.04 189 194 189
-0.8 0.16 0.04 189 194 197
-0.808 0.168 0.04 189 194 189
-0.8 0.168 0.04 189 194 189
-0.792 0.168 0.04 189 194 189
-0.784 0.168 0.04 197 194 189
-0.816 0.128 0.048 189 198 189
-0.808 0.128 0.048 189 198 189
-0.816 0.136 0.048 189 202 197
-0.808 0.136 0.048 197 202 197
-0.816 0.144 0.048 197 198 197
-0.808 0.144 0.048 197 198 197
-0.816 0.152 0.048 189 198 197
-0.808 0.152 0.048 189 194 189
-0.816 0.16 0.048 189 194 189
-0.808 0.16 0.048 189 198 189
-0.816 0.168 0.048 189 194 189
-0.808 0.168 0.048 189 194 189
-0.8 0.168 0.048 189 194 189
-0.776 0.176 0.048 189 194 189
-0.824 0.128 0.056 189 198 197
-0.816 0.128 0.056 189 198 197
-0.824 0.136 0.056 189 198 197
-0.816 0.136 0.056 189 198 197
-0.824 0.144 0.056 197 198 197
-0.816 0.144 0.056 189 198 189
-0.824 0.152 0.056 189 198 197
-0.816 0.152 0.056 189 194 189
-0.824 0.16 0.056 189 190 189
-0.816 0.16 0.056 189 190 189
-0.816 0.168 0.056 189 194 189
-0.808 0.168 0.056 189 190 189
-0.784 0.176 0.056 189 198 189
-0.776 0.176 0.056 189 198 189
-0.84 0.136 0.072 189 198 197
-0.84 0.128 0.08 197 202 197
-0.84 0.136 0.08 197 198 197
-0.84 0.144 0.08 197 198 197
-0.84 0.152 0.08 189 198 189
-0.84 0.16 0.08 197 198 197
-0.84 0.168 0.08 189 198 189
-0.848 0.128 0.088 189 198 197
-0.848 0.136 0.088 197 198 197
-0.848 0.144 0.088 189 194 189
-0.84 0.144 0.088 189 194 189
-0.848 0.152 0.088 189 198 189
-0.84 0.152 0.088 197 198 197
-0.848 0.16 0.088 197 198 197
-0.84 0.16 0.088 197 198 197
-0.848 0.168 0.088 189 198 189
-0.84 0.168 0.088 197 202 197
-0.84 0.176 0.088 189 198 197
-0.856 0.128 0.096 197 198 197
-0.848 0.128 0.096 189 198 189
-0.856 0.136 0.096 189 198 197
-0.848 0.136 0.096 189 194 189
-0.856 0.144 0.096 189 194 189
-0.848 0.144 0.096 189 194 189
-0.856 0.152 0.096 197 198 197
-0.848 0.152 0.096 197 198 197
-0.856 0.16 0.096 189 198 197
-0.848 0.16 0.096 189 202 197
-0.856 0.168 0.096 189 198 189
-0.848 0.168 0.096 189 194 189
-0.848 0.176 0.096 197 198 197
-0.84 0.176 0.096 197 198 197
-0.864 0.128 0.104 197 198 197
-0.856 0.128 0.104 189 198 197
-0.864 0.136 0.104 189 198 197
-0.856 0.136 0.104 197 202 197
-0.864 0.144 0.104 197 198 197
-0.856 0.144 0.104 197 202 197
-0.864 0.152 0.104 197 198 197
-0.856 0.152 0.104 197 198 197
-0.856 0.16 0.104 189 198 197
-0.856 0.168 0.104 197 198 197
-0.856 0.176 0.104 189 198 197
-0.848 0.176 0.104 197 202 197
-0.872 0.128 0.112 197 202 197
-0.864 0.128 0.112 197 202 197
-0.872 0.136 0.112 197 202 197
-0.864 0.136 0.112 197 202 197
-0.872 0.144 0.112 197 202 197
-0.864 0.144 0.112 197 198 197
-0.872 0.152 0.112 197 202 197
-0.864 0.152 0.112 189 198 189
-0.864 0.16 0.112 189 198 197
-0.856 0.16 0.112 197 198 197
-0.864 0.168 0.112 197 198 197
-0.856 0.168 0.112 197 198 197
-0.864 0.176 0.112 197 202 197
-0.856 0.176 0.112 197 198 197
-0.848 0.176 0.112 197 202 197
-0.88 0.128 0.12 197 202 197
-0.872 0.128 0.12 197 202 197
-0.88 0.136 0.12 206 202 197
-0.872 0.136 0.12 197 202 197
-0.872 0.144 0.12 197 202 197
-0.872 0.152 0.12 189 202 197
-0.864 0.152 0.12 197 202 197
-0.872 0.16 0.12 197 198 197
-0.864 0.16 0.12 197 202 197
-0.872 0.168 0.12 197 202 197
-0.864 0.168 0.12 197 202 197
-0.864 0.176 0.12 197 202 197
-0.856 0.176 0.12 197 202 197
-0.856 0.184 0.12 197 202 197
-0.848 0.184 0.12 189 198 197
-0.84 0.184 0.12 197 202 197
-0.832 0.184 0.128 197 202 197
-0.904 0.192 0.16 206 210 206
-0.912 0.192 0.168 206 210 206
-0.904 0.192 0.168 206 210 206
-0.848 0.192 0.136 206 206 206
-0.864 0.192 0.144 206 206 206
-0.856 0.192 0.144 206 206 206
-0.848 0.192 0.144 206 210 206
-0.888 0.192 0.152 206 210 206
-0.88 0.192 0.152 206 210 206
-0.872 0.192 0.152 197 210 206
-0.864 0.192 0.152 197 210 206
-0.856 0.192 0.152 197 210 206
-0.896 0.192 0.16 206 210 206
-0.888 0.192 0.16 206 210 206
-0.896 0.192 0.168 206 210 206
-0.888 0.128 0.128 197 202 197
-0.88 0.128 0.128 197 206 197
-0.888 0.136 0.128 197 206 206
-0.88 0.136 0.128 197 202 197
-0.88 0.144 0.128 197 206 197
-0.88 0.152 0.128 197 202 197
-0.872 0.152 0.128 197 202 197
-0.88 0.16 0.128 197 206 197
-0.872 0.16 0.128 197 206 197
-0.872 0.168 0.128 197 206 197
-0.872 0.176 0.128 206 206 206
-0.864 0.176 0.128 206 206 206
-0.864 0.184 0.128 197 206 206
-0.856 0.184 0.128 197 206 197
-0.848 0.184 0.128 197 202 197
-0.84 0.184 0.128 197 202 197
-0.896 0.128 0.136 197 206 197
-0.888 0.128 0.136 197 206 197
-0.888 0.136 0.136 197 206 197
-0.888 0.144 0.136 197 206 206
-0.888 0.152 0.136 206 206 206
-0.88 0.152 0.136 206 206 206
-0.88 0.16 0.136 206 206 206
-0.88 0.168 0.136 197 206 206
-0.872 0.168 0.136 197 206 206
-0.88 0.176 0.136 197 202 197
-0.872 0.176 0.136 206 206 206
-0.872 0.184 0.136 206 210 206
-0.864 0.184 0.136 206 206 206
-0.896 0.128 0.144 206 206 206
-0.896 0.136 0.144 197 206 197
-0.896 0.144 0.144 197 206 206
-0.896 0.152 0.144 206 206 206
-0.888 0.152 0.144 197 206 206
-0.888 0.16 0.144 197 210 206
-0.88 0.16 0.144 197 206 206
-0.888 0.168 0.144 206 210 206
-0.88 0.168 0.144 206 210 206
-0.888 0.176 0.144 206 206 206
-0.88 0.176 0.144 206 206 206
-0.88 0.184 0.144 206 206 206
-0.872 0.184 0.144 206 206 206
-0.896 0.152 0.152 197 210 206
-0.896 0.16 0.152 206 206 206
-0.888 0.16 0.152 206 210 206
-0.896 0.168 0.152 206 206 206
-0.888 0.168 0.152 197 206 206
-0.896 0.176 0.152 206 206 206
-0.888 0.176 0.152 206 206 206
-0.888 0.184 0.152 206 210 206
-0.896 0.184 0.16 197 210 206
-0.416 -0.4 -0.128 107 113 115
-0.408 -0.4 -0.128 115 121 132
-0.4 -0.4 -0.128 148 150 156
-0.392 -0.4 -0.128 181 186 189
-0.416 -0.392 -0.128 132 142 140
-0.408 -0.392 -0.128 148 154 156
-0.416 -0.4 -0.12 82 81 82
-0.408 -0.4 -0.12 58 61 58
-0.4 -0.4 -0.12 58 65 66
-0.424 -0.392 -0.12 41 49 41
-0.416 -0.392 -0.12 58 53 58
-0.408 -0.4 -0.112 156 158 156
-0.4 -0.4 -0.112 156 158 156
-0.416 -0.392 -0.112 156 154 156
-0.408 -0.392 -0.112 140 150 140
-0.408 -0.392 -0.104 148 150 156
-0.4 -0.392 -0.104 148 154 148
-0.392 -0.392 -0.104 148 154 156
-0.392 -0.392 -0.096 123 125 140
-0.4 -0.4 -0.136 181 186 189
-0.392 -0.4 -0.136 189 190 197
-0.408 -0.392 -0.136 181 186 189
-0.4 -0.392 -0.136 181 186 189
-0.392 -0.392 -0.136 181 186 189
-0.392 -0.36 -0.152 189 186 189
-0.392 -0.352 -0.152 189 190 197
-0.392 -0.344 -0.152 189 190 189
-0.392 -0.336 -0.152 197 194 197
-0.392 -0.328 -0.152 189 194 197
-0.4 -0.384 -0.144 189 190 189
-0.392 -0.384 -0.144 181 186 189
-0.4 -0.376 -0.144 189 190 197
-0.392 -0.376 -0.144 189 190 189
-0.4 -0.368 -0.144 181 186 189
-0.392 -0.368 -0.144 189 186 189
-0.4 -0.36 -0.144 181 186 189
-0.392 -0.36 -0.144 189 190 189
-0.408 -0.352 -0.144 189 190 189
-0.4 -0.352 -0.144 181 186 189
-0.392 -0.352 -0.144 181 186 189
-0.408 -0.344 -0.144 181 186 189
-0.4 -0.344 -0.144 189 194 197
-0.392 -0.344 -0.144 189 186 189
-0.408 -0.336 -0.144 181 186 189
-0.4 -0.336 -0.144 189 190 189
-0.392 -0.336 -0.144 189 190 189
-0.408 -0.328 -0.144 189 186 189
-0.4 -0.328 -0.144 189 190 189
-0.408 -0.384 -0.136 181 186 181
-0.4 -0.384 -0.136 181 186 181
-0.416 -0.376 -0.136 181 182 181
-0.408 -0.376 -0.136 189 186 189
-0.4 -0.376 -0.136 189 186 189
-0.416 -0.368 -0.136 181 182 189
-0.408 -0.368 -0.136 181 186 189
-0.416 -0.36 -0.136 181 186 189
-0.408 -0.36 -0.136 181 186 189
-0.416 -0.352 -0.136 189 190 189
-0.408 -0.352 -0.136 181 182 181
-0.416 -0.344 -0.136 181 186 181
-0.408 -0.344 -0.136 189 186 189
-0.416 -0.336 -0.136 181 182 181
-0.408 -0.336 -0.136 173 182 181
-0.424 -0.328 -0.136 181 186 189
-0.416 -0.328 -0.136 181 182 181
-0.408 -0.328 -0.136 181 186 189
-0.424 -0.384 -0.128 90 97 99
-0.416 -0.384 -0.128 132 130 140
-0.424 -0.376 -0.128 115 121 115
-0.416 -0.376 -0.128 132 138 140
-0.424 -0.368 -0.128 148 162 156
-0.416 -0.368 -0.128 148 158 148
-0.424 -0.36 -0.128 156 166 156
-0.416 -0.36 -0.128 165 166 165
-0.424 -0.352 -0.128 165 174 173
-0.416 -0.352 -0.128 165 174 173
-0.424 -0.344 -0.128 156 170 173
-0.416 -0.344 -0.128 173 178 181
-0.432 -0.336 -0.128 156 170 165
-0.424 -0.336 -0.128 173 174 173
-0.416 -0.336 -0.128 173 178 181
-0.432 -0.328 -0.128 156 170 173
-0.424 -0.328 -0.128 173 174 181
-0.424 -0.384 -0.12 58 61 58
-0.416 -0.384 -0.12 58 61 58
-0.432 -0.376 -0.12 74 77 74
-0.424 -0.376 -0.12 66 61 66
-0.432 -0.368 -0.12 58 73 66
-0.424 -0.368 -0.12 74 77 82
-0.432 -0.36 -0.12 33 28 33
-0.424 -0.36 -0.12 58 61 58
-0.432 -0.352 -0.12 25 20 25
-0.424 -0.352 -0.12 41 57 41
-0.432 -0.344 -0.12 41 32 41
-0.424 -0.344 -0.12 66 69 74
-0.44 -0.336 -0.12 33 32 33
-0.432 -0.336 -0.12 49 36 49
-0.44 -0.328 -0.12 33 32 41
-0.432 -0.328 -0.12 49 53 58
-0.416 -0.384 -0.112 107 121 107
-0.424 -0.376 -0.112 90 97 90
-0.416 -0.376 -0.112 82 81 82
-0.424 -0.368 -0.112 99 101 99
-0.424 -0.36 -0.112 82 85 82
-0.432 -0.352 -0.112 82 77 90
-0.424 -0.352 -0.112 49 57 49
-0.432 -0.344 -0.112 33 36 33
-0.44 -0.336 -0.112 25 20 25
-0.432 -0.336 -0.112 33 24 33
-0.44 -0.328 -0.112 16 20 16
-0.432 -0.328 -0.112 25 24 25
-0.408 -0.384 -0.104 148 150 148
-0.416 -0.376 -0.104 148 158 165
-0.408 -0.376 -0.104 156 158 165
-0.424 -0.368 -0.104 140 150 156
-0.416 -0.368 -0.104 140 154 156
-0.424 -0.36 -0.104 156 158 156
-0.416 -0.36 -0.104 148 154 156
-0.424 -0.352 -0.104 148 146 148
-0.424 -0.344 -0.104 140 150 148
-0.432 -0.336 -0.104 123 130 123
-0.424 -0.336 -0.104 115 125 123
-0.432 -0.328 -0.104 115 121 123
-0.408 -0.384 -0.096 123 134 132
-0.4 -0.384 -0.096 123 134 132
-0.392 -0.384 -0.096 123 142 140
-0.408 -0.376 -0.096 140 150 148
-0.4 -0.376 -0.096 132 146 148
-0.416 -0.368 -0.096 156 158 156
-0.408 -0.368 -0.096 156 158 156
-0.416 -0.36 -0.096 140 150 148
-0.416 -0.352 -0.096 140 142 148
-0.416 -0.344 -0.096 132 146 140
-0.424 -0.336 -0.096 156 158 156
-0.416 -0.336 -0.096 148 150 148
-0.424 -0.328 -0.096 148 158 165
-0.416 -0.328 -0.096 156 162 165
-0.4 -0.384 -0.088 123 142 140
-0.392 -0.384 -0.088 140 150 148
-0.4 -0.376 -0.088 115 134 123
-0.408 -0.368 -0.088 123 121 132
-0.4 -0.368 -0.088 107 117 123
-0.416 -0.36 -0.088 140 150 148
-0.408 -0.36 -0.088 140 142 148
-0.416 -0.352 -0.088 123 130 132
-0.408 -0.352 -0.088 132 142 132
-0.416 -0.344 -0.088 123 138 140
-0.416 -0.336 -0.088 140 146 148
-0.416 -0.328 -0.088 148 158 156
-0.4 -0.376 -0.08 148 154 165
-0.392 -0.376 -0.08 140 154 156
-0.4 -0.368 -0.08 148 154 156
-0.392 -0.368 -0.08 148 154 156
-0.408 -0.36 -0.08 148 154 156
-0.4 -0.36 -0.08 148 154 156
-0.408 -0.352 -0.08 148 150 156
-0.416 -0.344 -0.08 123 134 132
-0.408 -0.344 -0.08 132 142 148
-0.416 -0.336 -0.08 115 125 132
-0.408 -0.336 -0.08 115 130 132
-0.416 -0.328 -0.08 123 130 140
-0.408 -0.328 -0.08 123 121 132
-0.392 -0.376 -0.072 165 170 173
-0.4 -0.368 -0.072 156 166 165
-0.392 -0.368 -0.072 156 166 165
-0.408 -0.36 -0.072 156 166 165
-0.4 -0.36 -0.072 165 166 165
-0.392 -0.36 -0.072 165 162 165
-0.408 -0.352 -0.072 165 158 165
-0.4 -0.352 -0.072 140 158 156
-0.408 -0.344 -0.072 148 154 156
-0.408 -0.336 -0.072 140 150 148
-0.416 -0.328 -0.072 140 150 156
-0.408 -0.328 -0.072 140 150 148
-0.768 0.16 0 189 190 189
-0.76 0.16 0 189 190 181
-0.752 0.168 0.008 189 190 189
-0.744 0.168 0.008 189 190 189
-0.768 0.168 0.016 189 194 189
-0.752 0.168 0.016 189 194 189
-0.744 0.168 0.016 189 194 189
-0.768 0.168 0.024 189 194 189
-0.76 0.168 0.024 189 194 189
-0.768 0.168 0.032 189 194 189
-0.416 -0.32 -0.064 156 158 165
-0.408 -0.32 -0.064 156 162 156
-0.416 -0.312 -0.064 148 158 148
-0.408 -0.312 -0.064 156 162 156
-0.416 -0.304 -0.064 165 162 148
-0.416 -0.296 -0.064 148 154 148
-0.424 -0.288 -0.064 156 158 156
-0.416 -0.288 -0.064 148 154 156
-0.424 -0.28 -0.064 148 158 156
-0.416 -0.28 -0.064 156 162 165
-0.424 -0.272 -0.064 140 146 148
-0.416 -0.272 -0.064 148 150 148
-0.424 -0.264 -0.064 123 134 132
-0.416 -0.264 -0.064 115 138 132
-0.408 -0.32 -0.056 181 182 189
-0.416 -0.312 -0.056 181 182 189
-0.408 -0.312 -0.056 173 178 181
-0.416 -0.304 -0.056 156 166 173
-0.408 -0.304 -0.056 156 166 165
-0.416 -0.296 -0.056 148 158 156
-0.424 -0.288 -0.056 156 158 156
-0.416 -0.288 -0.056 156 158 156
-0.424 -0.28 -0.056 165 166 165
-0.416 -0.28 -0.056 165 166 173
-0.424 -0.272 -0.056 156 158 156
-0.416 -0.272 -0.056 156 162 156
-0.416 -0.264 -0.056 156 162 165
-0.408 -0.32 -0.048 197 198 197
-0.416 -0.312 -0.048 189 198 197
-0.408 -0.312 -0.048 189 198 197
-0.416 -0.304 -0.048 189 194 197
-0.408 -0.304 -0.048 181 190 197
-0.416 -0.296 -0.048 189 190 189
-0.408 -0.296 -0.048 181 194 197
-0.416 -0.288 -0.048 181 186 181
-0.424 -0.28 -0.048 181 182 181
-0.416 -0.28 -0.048 181 186 181
-0.416 -0.272 -0.048 173 174 173
-0.416 -0.264 -0.048 173 174 181
-0.416 -0.32 -0.04 197 206 206
-0.408 -0.32 -0.04 197 206 206
-0.416 -0.312 -0.04 206 206 189
-0.408 -0.312 -0.04 206 202 197
-0.416 -0.304 -0.04 189 198 197
-0.408 -0.304 -0.04 197 202 189
-0.416 -0.296 -0.04 197 202 206
-0.424 -0.288 -0.04 197 202 206
-0.416 -0.288 -0.04 173 190 189
-0.424 -0.28 -0.04 189 198 197
-0.416 -0.28 -0.04 197 198 206
-0.424 -0.272 -0.04 181 190 189
-0.416 -0.272 -0.04 181 190 189
-0.416 -0.264 -0.04 181 194 197
-0.416 -0.32 -0.032 189 202 206
-0.416 -0.312 -0.032 197 206 206
-0.424 -0.304 -0.032 197 206 206
-0.416 -0.304 -0.032 189 202 206
-0.424 -0.296 -0.032 189 202 206
-0.416 -0.296 -0.032 189 202 197
-0.424 -0.288 -0.032 181 198 197
-0.416 -0.288 -0.032 197 206 197
-0.424 -0.28 -0.032 197 202 197
-0.416 -0.28 -0.032 189 198 197
-0.424 -0.272 -0.032 173 190 197
-0.416 -0.272 -0.032 181 194 197
-0.424 -0.264 -0.032 197 202 206
-0.416 -0.264 -0.032 181 194 206
-0.424 -0.32 -0.024 206 210 214
-0.432 -0.312 -0.024 189 206 197
-0.424 -0.312 -0.024 189 202 206
-0.432 -0.304 -0.024 181 194 197
-0.424 -0.304 -0.024 181 198 197
-0.432 -0.296 -0.024 189 202 206
-0.424 -0.296 -0.024 189 202 206
-0.432 -0.288 -0.024 197 202 197
-0.424 -0.288 -0.024 189 202 206
-0.424 -0.28 -0.024 181 198 197
-0.424 -0.272 -0.024 197 206 197
-0.424 -0.264 -0.024 197 202 206
-0.44 -0.32 -0.016 197 206 206
-0.44 -0.312 -0.016 189 202 206
-0.432 -0.312 -0.016 197 210 214
-0.44 -0.304 -0.016 197 210 206
-0.432 -0.304 -0.016 197 206 214
-0.44 -0.296 -0.016 197 206 206
-0.432 -0.296 -0.016 197 206 206
-0.44 -0.288 -0.016 197 206 206
-0.432 -0.288 -0.016 189 206 206
-0.432 -0.28 -0.016 197 202 206
-0.432 -0.272 -0.016 197 206 206
-0.432 -0.264 -0.016 197 206 214
-0.448 -0.32 -0.008 206 210 214
-0.448 -0.312 -0.008 197 210 206
-0.448 -0.304 -0.008 206 210 214
-0.448 -0.296 -0.008 197 206 206
-0.448 -0.288 -0.008 197 210 214
-0.448 -0.28 -0.008 197 210 214
-0.44 -0.28 -0.008 197 210 214
-0.448 -0.272 -0.008 189 202 206
-0.44 -0.272 -0.008 189 206 206
-0.448 -0.264 -0.008 206 210 214
-0.44 -0.264 -0.008 189 202 206
-0.432 -0.32 -0.128 165 174 173
-0.424 -0.32 -0.128 173 178 181
-0.432 -0.312 -0.128 165 174 173
-0.424 -0.312 -0.128 173 174 181
-0.432 -0.304 -0.128 173 174 173
-0.424 -0.304 -0.128 165 170 173
-0.432 -0.296 -0.128 173 178 181
-0.424 -0.296 -0.128 173 178 181
-0.424 -0.288 -0.128 173 174 181
-0.424 -0.28 -0.128 173 178 181
-0.416 -0.28 -0.128 173 178 181
-0.424 -0.272 -0.128 173 178 181
-0.416 -0.272 -0.128 181 182 189
-0.416 -0.264 -0.128 173 182 181
-0.44 -0.32 -0.12 41 40 41
-0.432 -0.32 -0.12 58 53 58
-0.44 -0.312 -0.12 41 49 49
-0.432 -0.312 -0.12 66 65 74
-0.44 -0.304 -0.12 58 57 66
-0.432 -0.304 -0.12 90 93 90
-0.432 -0.296 -0.12 107 109 115
-0.432 -0.288 -0.12 99 105 107
-0.432 -0.28 -0.12 107 109 115
-0.424 -0.28 -0.12 148 158 156
-0.424 -0.272 -0.12 132 146 140
-0.424 -0.264 -0.12 140 154 156
-0.416 -0.264 -0.12 156 170 165
-0.44 -0.32 -0.112 8 12 16
-0.44 -0.312 -0.112 8 12 8
-0.44 -0.304 -0.112 8 8 8
-0.44 -0.296 -0.112 16 12 16
-0.44 -0.288 -0.112 25 28 33
-0.432 -0.288 -0.112 25 28 25
-0.44 -0.28 -0.112 33 28 33
-0.432 -0.28 -0.112 41 36 41
-0.432 -0.272 -0.112 49 45 49
-0.432 -0.264 -0.112 49 45 49
-0.424 -0.264 -0.112 66 61 66
-0.432 -0.32 -0.104 66 73 66
-0.44 -0.312 -0.104 58 73 66
-0.432 -0.312 -0.104 58 53 58
-0.44 -0.304 -0.104 25 28 25
-0.44 -0.296 -0.104 16 20 25
-0.44 -0.288 -0.104 8 8 8
-0.44 -0.28 -0.104 8 8 8
-0.432 -0.28 -0.104 8 8 8
-0.44 -0.272 -0.104 8 12 8
-0.432 -0.272 -0.104 8 8 8
-0.432 -0.264 -0.104 16 12 16
-0.424 -0.32 -0.096 173 174 181
-0.432 -0.312 -0.096 173 178 181
-0.424 -0.312 -0.096 181 186 189
-0.432 -0.304 -0.096 181 186 181
-0.432 -0.296 -0.096 115 125 115
-0.432 -0.288 -0.096 82 89 74
-0.44 -0.28 -0.096 33 32 33
-0.432 -0.28 -0.096 49 45 49
-0.44 -0.272 -0.096 25 28 33
-0.432 -0.272 -0.096 16 20 16
-0.432 -0.264 -0.096 16 8 16
-0.424 -0.32 -0.088 148 158 156
-0.416 -0.32 -0.088 156 154 156
-0.424 -0.312 -0.088 140 154 156
-0.416 -0.312 -0.088 148 154 148
-0.424 -0.304 -0.088 165 162 165
-0.424 -0.296 -0.088 181 174 189
-0.424 -0.288 -0.088 181 186 173
-0.432 -0.28 -0.088 173 186 189
-0.424 -0.28 -0.088 156 178 173
-0.432 -0.272 -0.088 181 190 189
-0.432 -0.264 -0.088 165 178 173
-0.416 -0.32 -0.08 132 142 148
-0.424 -0.312 -0.08 123 138 140
-0.416 -0.312 -0.08 140 154 156
-0.424 -0.304 -0.08 132 142 148
-0.416 -0.304 -0.08 148 154 148
-0.424 -0.296 -0.08 148 154 140
-0.424 -0.288 -0.08 165 170 165
-0.424 -0.28 -0.08 165 182 181
-0.424 -0.272 -0.08 173 182 181
-0.424 -0.264 -0.08 181 190 197
-0.416 -0.32 -0.072 148 158 156
-0.408 -0.32 -0.072 148 154 156
-0.416 -0.312 -0.072 140 142 148
-0.424 -0.304 -0.072 123 134 132
-0.416 -0.304 -0.072 123 134 132
-0.424 -0.296 -0.072 115 125 123
-0.416 -0.296 -0.072 115 125 132
-0.424 -0.288 -0.072 132 130 132
-0.416 -0.288 -0.072 123 125 132
-0.424 -0.28 -0.072 148 146 148
-0.424 -0.272 -0.072 156 162 165
-0.416 -0.272 -0.072 156 162 165
-0.424 -0.264 -0.072 156 162 156
-0.416 -0.264 -0.072 148 162 165
-0.392 -0.256 -0.152 189 186 189
-0.4 -0.256 -0.144 181 186 189
-0.392 -0.256 -0.144 189 186 189
-0.392 -0.248 -0.144 181 190 189
-0.408 -0.256 -0.136 181 186 189
-0.4 -0.256 -0.136 181 186 189
-0.4 -0.248 -0.136 181 182 181
-0.392 -0.24 -0.136 181 186 189
-0.32 -0.256 -0.192 189 194 197
-0.312 -0.256 -0.192 197 194 197
-0.304 -0.256 -0.192 189 190 189
-0.32 -0.248 -0.192 189 194 197
-0.312 -0.248 -0.192 189 190 189
-0.32 -0.24 -0.192 189 194 197
-0.312 -0.24 -0.192 189 190 189
-0.32 -0.232 -0.192 189 190 197
-0.312 -0.232 -0.192 189 190 189
-0.32 -0.224 -0.192 197 190 197
-0.312 -0.224 -0.192 189 190 189
-0.32 -0.216 -0.192 197 194 197
-0.312 -0.216 -0.192 197 194 197
-0.32 -0.208 -0.192 189 190 197
-0.312 -0.208 -0.192 189 194 197
-0.32 -0.2 -0.192 148 97 66
-0.32 -0.256 -0.184 189 194 197
-0.264 -0.216 -0.232 206 206 206
-0.264 -0.208 -0.232 214 206 214
-0.272 -0.2 -0.232 206 206 214
-0.264 -0.2 -0.232 214 210 222
-0.264 -0.24 -0.224 206 206 206
-0.272 -0.232 -0.224 206 202 206
-0.264 -0.232 -0.224 206 206 206
-0.272 -0.224 -0.224 197 202 197
-0.264 -0.224 -0.224 214 206 214
-0.28 -0.216 -0.224 189 194 189
-0.272 -0.216 -0.224 197 202 197
-0.264 -0.216 -0.224 214 206 214
-0.28 -0.208 -0.224 181 182 181
-0.272 -0.208 -0.224 206 202 206
-0.264 -0.208 -0.224 206 206 206
-0.288 -0.2 -0.224 181 182 181
-0.28 -0.2 -0.224 173 178 173
-0.272 -0.2 -0.224 181 190 181
-0.264 -0.2 -0.224 214 206 214
-0.272 -0.256 -0.216 189 194 189
-0.264 -0.256 -0.216 197 198 197
-0.28 -0.248 -0.216 189 190 189
-0.272 -0.248 -0.216 189 194 197
-0.264 -0.248 -0.216 197 198 206
-0.28 -0.24 -0.216 197 194 197
-0.272 -0.24 -0.216 197 198 197
-0.264 -0.24 -0.216 197 198 197
-0.288 -0.232 -0.216 197 194 189
-0.28 -0.232 -0.216 189 190 189
-0.272 -0.232 -0.216 189 190 189
-0.264 -0.232 -0.216 206 202 206
-0.288 -0.224 -0.216 189 190 189
-0.28 -0.224 -0.216 189 190 189
-0.272 -0.224 -0.216 197 190 197
-0.264 -0.224 -0.216 197 198 197
-0.296 -0.216 -0.216 189 186 189
-0.288 -0.216 -0.216 197 190 189
-0.28 -0.216 -0.216 197 194 197
-0.272 -0.216 -0.216 189 186 189
-0.296 -0.208 -0.216 189 186 189
-0.288 -0.208 -0.216 197 186 189
-0.28 -0.208 -0.216 197 190 197
-0.272 -0.208 -0.216 189 190 189
-0.304 -0.2 -0.216 156 162 156
-0.296 -0.2 -0.216 197 186 189
-0.288 -0.2 -0.216 197 190 189
-0.28 -0.2 -0.216 189 186 189
-0.288 -0.256 -0.208 181 186 181
-0.28 -0.256 -0.208 181 186 181
-0.272 -0.256 -0.208 189 190 189
-0.264 -0.256 -0.208 197 198 197
-0.296 -0.248 -0.208 189 186 189
-0.288 -0.248 -0.208 189 190 189
-0.28 -0.248 -0.208 189 182 189
-0.272 -0.248 -0.208 181 190 181
-0.296 -0.24 -0.208 181 186 181
-0.288 -0.24 -0.208 189 186 189
-0.28 -0.24 -0.208 189 186 189
-0.304 -0.232 -0.208 189 186 189
-0.296 -0.232 -0.208 189 190 189
-0.288 -0.232 -0.208 189 190 189
-0.28 -0.232 -0.208 197 194 197
-0.304 -0.224 -0.208 181 190 189
-0.296 -0.224 -0.208 189 190 189
-0.288 -0.224 -0.208 189 186 189
-0.304 -0.216 -0.208 189 190 189
-0.296 -0.216 -0.208 197 190 197
-0.288 -0.216 -0.208 189 186 181
-0.312 -0.208 -0.208 189 190 189
-0.304 -0.208 -0.208 189 190 189
-0.296 -0.208 -0.208 181 186 189
-0.312 -0.2 -0.208 156 105 107
-0.304 -0.2 -0.208 165 170 156
-0.296 -0.2 -0.208 181 182 181
-0.312 -0.256 -0.2 181 182 181
-0.304 -0.256 -0.2 181 186 181
-0.296 -0.256 -0.2 189 190 189
-0.288 -0.256 -0.2 189 186 189
-0.312 -0.248 -0.2 181 186 189
-0.304 -0.248 -0.2 181 186 189
-0.296 -0.248 -0.2 181 186 189
-0.288 -0.248 -0.2 189 182 189
-0.312 -0.24 -0.2 181 182 189
-0.304 -0.24 -0.2 181 182 181
-0.296 -0.24 -0.2 189 190 189
-0.312 -0.232 -0.2 189 190 189
-0.304 -0.232 -0.2 189 190 189
-0.296 -0.232 -0.2 181 182 189
-0.32 -0.224 -0.2 181 190 189
-0.312 -0.224 -0.2 189 190 197
-0.304 -0.224 -0.2 181 186 189
-0.296 -0.224 -0.2 189 186 189
-0.32 -0.216 -0.2 181 186 189
-0.312 -0.216 -0.2 181 182 181
-0.304 -0.216 -0.2 189 186 189
-0.32 -0.208 -0.2 181 186 189
-0.312 -0.208 -0.2 173 182 181
-0.304 -0.208 -0.2 181 186 189
-0.32 -0.2 -0.2 148 93 66
-0.312 -0.2 -0.2 148 109 107
-0.304 -0.2 -0.2 173 166 156
-0.384 -0.224 -0.064 165 85 16
-0.384 -0.216 -0.064 148 77 0
-0.376 -0.216 -0.064 148 81 8
-0.376 -0.208 -0.064 148 93 49
-0.368 -0.2 -0.064 123 130 123
-0.384 -0.216 -0.056 156 81 16
-0.376 -0.208 -0.056 140 69 8
-0.376 -0.2 -0.056 156 125 107
-0.384 -0.216 -0.048 156 77 16
-0.384 -0.208 -0.048 156 81 25
-0.376 -0.2 -0.048 132 65 16
-0.384 -0.2 -0.04 140 73 33
-0.328 -0.248 -0.192 197 194 197
-0.328 -0.24 -0.192 197 194 206
-0.328 -0.232 -0.192 197 198 206
-0.328 -0.224 -0.192 189 194 197
-0.328 -0.216 -0.192 189 194 197
-0.328 -0.208 -0.192 165 154 132
-0.328 -0.2 -0.192 115 57 33
-0.336 -0.256 -0.184 197 198 206
-0.328 -0.256 -0.184 189 190 197
-0.336 -0.248 -0.184 197 198 206
-0.328 -0.248 -0.184 189 194 197
-0.336 -0.24 -0.184 197 194 197
-0.328 -0.24 -0.184 197 202 206
-0.336 -0.232 -0.184 197 198 197
-0.328 -0.232 -0.184 197 198 206
-0.336 -0.224 -0.184 189 194 197
-0.328 -0.224 -0.184 197 202 206
-0.336 -0.216 -0.184 197 202 206
-0.328 -0.216 -0.184 197 198 206
-0.336 -0.208 -0.184 140 89 74
-0.328 -0.208 -0.184 156 150 132
-0.328 -0.2 -0.184 132 61 25
-0.352 -0.256 -0.176 206 202 206
-0.344 -0.256 -0.176 197 198 206
-0.336 -0.256 -0.176 197 202 206
-0.352 -0.248 -0.176 206 202 206
-0.344 -0.248 -0.176 197 198 197
-0.336 -0.248 -0.176 189 190 197
-0.352 -0.24 -0.176 197 198 197
-0.344 -0.24 -0.176 189 198 197
-0.336 -0.24 -0.176 197 202 206
-0.352 -0.232 -0.176 189 194 197
-0.344 -0.232 -0.176 206 202 206
-0.336 -0.232 -0.176 189 198 197
-0.352 -0.224 -0.176 197 202 206
-0.344 -0.224 -0.176 197 202 206
-0.336 -0.224 -0.176 197 198 206
-0.344 -0.216 -0.176 173 174 156
-0.336 -0.216 -0.176 197 202 197
-0.344 -0.208 -0.176 132 65 25
-0.336 -0.208 -0.176 156 113 90
-0.336 -0.2 -0.176 173 121 99
-0.368 -0.256 -0.168 197 194 206
-0.36 -0.256 -0.168 189 198 197
-0.352 -0.256 -0.168 197 198 206
-0.368 -0.248 -0.168 189 190 197
-0.36 -0.248 -0.168 197 198 197
-0.352 -0.248 -0.168 197 198 206
-0.36 -0.24 -0.168 189 198 197
-0.352 -0.24 -0.168 197 198 197
-0.36 -0.232 -0.168 189 194 189
-0.352 -0.232 -0.168 197 198 206
-0.36 -0.224 -0.168 189 186 181
-0.352 -0.224 -0.168 197 194 197
-0.352 -0.216 -0.168 156 117 90
-0.344 -0.216 -0.168 156 158 148
-0.344 -0.208 -0.168 132 65 16
-0.336 -0.2 -0.168 148 105 82
-0.376 -0.256 -0.16 189 190 197
-0.368 -0.256 -0.16 197 194 197
-0.376 -0.248 -0.16 189 190 189
-0.368 -0.248 -0.16 189 194 189
-0.368 -0.24 -0.16 189 194 197
-0.368 -0.232 -0.16 189 194 197
-0.36 -0.232 -0.16 197 194 197
-0.36 -0.224 -0.16 173 178 181
-0.36 -0.216 -0.16 132 73 33
-0.352 -0.216 -0.16 156 113 107
-0.352 -0.208 -0.16 156 101 74
-0.344 -0.2 -0.16 173 146 148
-0.384 -0.256 -0.152 189 190 197
-0.384 -0.248 -0.152 189 190 197
-0.376 -0.248 -0.152 189 190 197
-0.384 -0.24 -0.152 189 190 189
-0.376 -0.24 -0.152 189 190 197
-0.376 -0.232 -0.152 181 178 181
-0.368 -0.232 -0.152 189 190 197
-0.368 -0.224 -0.152 165 142 140
-0.36 -0.216 -0.152 140 73 33
-0.352 -0.208 -0.152 132 77 49
-0.344 -0.2 -0.152 148 150 148
-0.384 -0.24 -0.144 181 190 189
-0.384 -0.232 -0.144 156 154 148
-0.376 -0.232 -0.144 189 190 197
-0.36 -0.216 -0.144 132 73 33
-0.352 -0.208 -0.144 156 101 66
-0.344 -0.2 -0.144 189 182 189
-0.384 -0.232 -0.136 156 162 165
-0.352 -0.208 -0.136 156 97 58
-0.352 -0.2 -0.136 181 178 181
-0.776 -0.384 0.064 189 186 189
-0.8 -0.384 0.072 156 154 156
-0.832 -0.376 0.08 189 190 197
-0.808 -0.368 0.08 156 154 156
-0.792 -0.36 0.08 197 194 197
-0.808 -0.352 0.08 123 81 58
-0.8 -0.352 0.08 123 81 58
-0.808 -0.336 0.088 156 166 173
-0.416 -0.256 -0.128 173 182 181
-0.408 -0.256 -0.128 173 178 181
-0.408 -0.248 -0.128 173 178 181
-0.416 -0.256 -0.12 165 174 165
-0.416 -0.248 -0.12 156 158 165
-0.408 -0.248 -0.12 165 174 165
-0.424 -0.256 -0.112 74 85 90
-0.416 -0.248 -0.112 107 93 82
-0.432 -0.256 -0.104 33 24 16
-0.432 -0.256 -0.096 33 20 25
-0.424 -0.248 -0.096 66 45 16
-0.408 -0.24 -0.096 148 89 33
-0.392 -0.232 -0.096 148 85 33
-0.424 -0.256 -0.088 90 105 99
-0.424 -0.256 -0.08 189 194 197
-0.416 -0.256 -0.08 189 198 197
-0.416 -0.248 -0.08 156 162 156
-0.392 -0.232 -0.08 156 85 33
-0.424 -0.256 -0.072 173 178 181
-0.416 -0.256 -0.072 165 170 165
-0.416 -0.248 -0.072 156 154 140
-0.408 -0.24 -0.072 156 117 82
-0.392 -0.232 -0.072 156 85 25
-0.592 -0.32 0.04 197 202 197
-0.584 -0.32 0.04 197 206 206
-0.592 -0.312 0.04 206 206 206
-0.592 -0.304 0.04 197 206 206
-0.584 -0.296 0.04 197 206 206
-0.584 -0.288 0.04 189 198 197
-0.584 -0.28 0.04 197 198 197
-0.592 -0.272 0.04 189 186 189
-0.584 -0.272 0.04 189 194 197
-0.592 -0.264 0.04 189 186 189
-0.584 -0.264 0.04 189 186 189
-0.616 -0.32 0.048 197 206 206
-0.616 -0.312 0.048 197 198 197
-0.616 -0.304 0.048 197 202 197
-0.616 -0.296 0.048 197 198 197
-0.608 -0.296 0.048 197 198 197
-0.608 -0.288 0.048 197 198 197
-0.608 -0.28 0.048 189 190 189
-0.616 -0.272 0.048 181 190 189
-0.624 -0.264 0.048 189 198 197
-0.616 -0.264 0.048 189 198 206
-0.64 -0.312 0.056 197 198 197
-0.632 -0.312 0.056 197 202 197
-0.64 -0.296 0.056 197 194 189
-0.632 -0.296 0.056 189 194 197
-0.64 -0.288 0.056 181 182 181
-0.64 -0.28 0.056 181 190 189
-0.64 -0.272 0.056 181 194 189
-0.696 -0.32 0.064 197 194 197
-0.664 -0.304 0.064 197 198 197
-0.656 -0.296 0.064 181 182 181
-0.664 -0.288 0.064 173 186 181
-0.704 -0.28 0.064 156 154 156
-0.68 -0.28 0.064 173 186 181
-0.672 -0.28 0.064 181 190 189
-0.688 -0.272 0.064 181 190 189
-0.68 -0.272 0.064 181 194 197
-0.672 -0.272 0.064 189 198 189
-0.704 -0.296 0.072 165 174 173
-0.424 -0.256 -0.064 123 125 132
-0.416 -0.256 -0.064 123 134 123
-0.416 -0.248 -0.064 123 117 107
-0.408 -0.24 -0.064 123 77 41
-0.416 -0.256 -0.056 148 162 165
-0.416 -0.248 -0.056 140 146 140
-0.408 -0.24 -0.056 123 93 66
-0.4 -0.232 -0.056 148 73 0
-0.392 -0.224 -0.056 156 81 16
-0.416 -0.256 -0.048 181 182 189
-0.416 -0.248 -0.048 165 174 173
-0.416 -0.24 -0.048 123 93 74
-0.408 -0.24 -0.048 115 109 107
-0.4 -0.232 -0.048 115 69 33
-0.392 -0.224 -0.048 156 77 8
-0.392 -0.216 -0.048 156 77 16
-0.416 -0.256 -0.04 189 194 197
-0.416 -0.248 -0.04 181 190 189
-0.416 -0.24 -0.04 148 150 140
-0.408 -0.232 -0.04 99 65 33
-0.4 -0.224 -0.04 123 61 25
-0.392 -0.216 -0.04 156 77 25
-0.392 -0.208 -0.04 148 73 25
-0.416 -0.256 -0.032 181 198 197
-0.416 -0.248 -0.032 197 202 206
-0.416 -0.24 -0.032 173 186 173
-0.416 -0.232 -0.032 148 138 132
-0.408 -0.224 -0.032 132 113 99
-0.408 -0.216 -0.032 156 150 123
-0.408 -0.208 -0.032 148 134 123
-0.4 -0.208 -0.032 148 134 115
-0.4 -0.2 -0.032 148 121 115
-0.424 -0.256 -0.024 197 206 214
-0.424 -0.248 -0.024 197 206 206
-0.416 -0.248 -0.024 197 202 197
-0.424 -0.24 -0.024 197 202 197
-0.416 -0.24 -0.024 197 202 206
-0.424 -0.232 -0.024 181 190 181
-0.416 -0.232 -0.024 189 206 197
-0.424 -0.224 -0.024 173 166 165
-0.416 -0.224 -0.024 165 170 156
-0.424 -0.216 -0.024 181 186 181
-0.416 -0.216 -0.024 181 182 173
-0.416 -0.208 -0.024 181 182 181
-0.416 -0.2 -0.024 181 186 181
-0.432 -0.256 -0.016 197 210 206
-0.432 -0.248 -0.016 189 202 197
-0.424 -0.248 -0.016 197 210 214
-0.432 -0.24 -0.016 189 202 206
-0.424 -0.24 -0.016 189 202 206
-0.432 -0.232 -0.016 197 210 206
-0.424 -0.232 -0.016 189 202 197
-0.432 -0.224 -0.016 181 186 173
-0.424 -0.224 -0.016 181 190 181
-0.432 -0.216 -0.016 189 182 181
-0.424 -0.216 -0.016 181 186 181
-0.432 -0.208 -0.016 189 186 181
-0.424 -0.208 -0.016 189 186 181
-0.432 -0.2 -0.016 181 186 181
-0.424 -0.2 -0.016 181 182 181
-0.448 -0.256 -0.008 197 210 214
-0.44 -0.256 -0.008 206 210 214
-0.448 -0.248 -0.008 197 210 206
-0.44 -0.248 -0.008 197 206 206
-0.448 -0.24 -0.008 197 210 206
-0.44 -0.24 -0.008 206 206 206
-0.448 -0.232 -0.008 197 202 197
-0.44 -0.232 -0.008 197 210 206
-0.448 -0.224 -0.008 181 186 189
-0.448 -0.216 -0.008 173 174 173
-0.448 -0.208 -0.008 181 182 181
-0.448 -0.2 -0.008 189 186 189
-0.44 -0.2 -0.008 181 182 181
-0.736 -0.288 0.064 181 182 189
-0.712 -0.28 0.064 156 154 156
-0.744 -0.296 0.072 173 174 173
-0.736 -0.296 0.072 156 154 156
-0.728 -0.296 0.072 173 182 181
-0.736 -0.288 0.072 173 174 173
-0.72 -0.288 0.072 173 174 173
-0.712 -0.288 0.072 156 154 156
-0.768 -0.304 0.08 173 182 181
-0.648 -0.28 0.056 189 194 189
-0.656 -0.272 0.056 181 194 189
-0.648 -0.272 0.056 189 198 197
-0.688 -0.264 0.056 189 190 189
-0.664 -0.264 0.056 181 190 181
-0.648 -0.264 0.056 181 190 189
-0.384 -0.384 -0.064 181 186 189
-0.384 -0.376 -0.064 189 194 189
-0.376 -0.376 -0.064 197 198 197
-0.384 -0.368 -0.064 173 182 189
-0.376 -0.368 -0.064 189 190 197
-0.376 -0.376 -0.056 206 210 206
-0.384 -0.368 -0.056 197 202 206
-0.376 -0.368 -0.056 206 206 206
-0.384 -0.376 -0.048 206 210 206
-0.384 -0.368 -0.048 206 210 206
-0.376 -0.368 -0.048 206 210 214
-0.384 -0.376 -0.04 189 202 206
-0.384 -0.368 -0.04 189 202 206
-0.384 -0.376 -0.032 197 206 206
-0.792 -0.296 0.064 165 158 156
-0.784 -0.296 0.064 165 158 156
-0.824 -0.312 0.08 123 105 90
-0.816 -0.312 0.08 123 105 90
-0.456 -0.224 -0.008 173 186 181
-0.912 -0.328 0.08 132 97 74
-0.904 -0.328 0.08 132 97 74
-0.928 -0.344 0.088 107 61 16
-0.92 -0.344 0.088 107 61 16
-0.944 -0.336 0.088 123 77 49
-0.936 -0.336 0.088 123 77 49
-0.92 -0.384 0.096 115 93 74
-0.928 -0.352 0.096 99 69 58
-0.768 -0.272 0.04 148 125 115
-0.768 -0.264 0.04 115 57 25
-0.752 -0.264 0.04 156 154 156
-0.712 -0.272 0.056 189 186 189
-0.464 -0.256 0 197 206 206
-0.456 -0.256 0 197 206 206
-0.464 -0.248 0 206 210 214
-0.456 -0.248 0 206 210 214
-0.464 -0.24 0 197 206 206
-0.456 -0.24 0 197 206 206
-0.472 -0.232 0 197 206 206
-0.464 -0.232 0 197 206 206
-0.472 -0.224 0 181 190 189
-0.472 -0.216 0 181 186 189
-0.472 -0.208 0 181 178 173
-0.464 -0.208 0 181 178 181
-0.464 -0.2 0 189 182 189
-0.488 -0.256 0.008 206 206 197
-0.48 -0.256 0.008 206 206 197
-0.488 -0.248 0.008 197 206 206
-0.48 -0.248 0.008 197 206 206
-0.488 -0.24 0.008 197 206 206
-0.48 -0.24 0.008 189 202 206
-0.496 -0.232 0.008 197 202 206
-0.488 -0.232 0.008 189 202 197
-0.496 -0.224 0.008 189 194 189
-0.504 -0.216 0.008 173 178 165
-0.496 -0.216 0.008 181 186 173
-0.504 -0.208 0.008 181 178 181
-0.496 -0.208 0.008 181 170 173
-0.504 -0.2 0.008 181 174 173
-0.496 -0.2 0.008 181 178 181
-0.512 -0.256 0.016 197 206 206
-0.512 -0.248 0.016 189 202 197
-0.512 -0.24 0.016 197 198 206
-0.24 -0.192 -0.256 214 210 214
-0.232 -0.192 -0.256 214 215 214
-0.224 -0.192 -0.256 214 215 214
-0.248 -0.184 -0.256 222 219 222
-0.24 -0.184 -0.256 206 210 214
-0.232 -0.184 -0.256 206 210 206
-0.224 -0.184 -0.256 214 215 214
-0.248 -0.176 -0.256 214 215 214
-0.24 -0.176 -0.256 206 210 206
-0.232 -0.176 -0.256 214 215 214
-0.256 -0.168 -0.256 206 210 206
-0.248 -0.168 -0.256 214 215 222
-0.24 -0.168 -0.256 214 219 214
-0.256 -0.16 -0.256 214 215 222
-0.248 -0.16 -0.256 206 210 206
-0.256 -0.152 -0.256 214 210 214
-0.248 -0.192 -0.248 206 206 206
-0.24 -0.192 -0.248 206 202 206
-0.232 -0.192 -0.248 206 206 206
-0.256 -0.184 -0.248 214 206 214
-0.248 -0.184 -0.248 214 215 214
-0.24 -0.184 -0.248 214 210 214
-0.256 -0.176 -0.248 214 210 214
-0.248 -0.176 -0.248 206 210 214
-0.24 -0.176 -0.248 214 215 214
-0.256 -0.168 -0.248 214 215 214
-0.248 -0.168 -0.248 214 215 214
-0.256 -0.16 -0.248 206 206 206
-0.256 -0.192 -0.24 197 202 206
-0.248 -0.192 -0.24 206 206 214
-0.24 -0.192 -0.24 206 206 206
-0.256 -0.184 -0.24 222 215 222
-0.248 -0.184 -0.24 214 206 214
-0.256 -0.176 -0.24 206 210 206
-0.256 -0.192 -0.232 206 206 214
-0.256 -0.184 -0.232 206 206 206
-0.816 -0.272 0.04 107 53 16
-0.832 -0.264 0.04 115 53 8
-0.824 -0.264 0.04 115 53 8
-0.8 -0.28 0.048 156 142 132
-0.792 -0.28 0.048 156 142 132
-0.776 -0.272 0.048 148 125 115
-0.832 -0.288 0.056 156 154 156
-0.808 -0.288 0.056 140 125 115
-0.8 -0.288 0.056 140 125 115
-0.864 -0.312 0.072 140 113 82
-0.856 -0.304 0.072 140 113 82
-0.856 -0.32 0.08 156 142 123
-0.584 -0.2 0.016 181 182 181
-0.64 -0.232 0.024 156 154 156
-0.616 -0.216 0.024 173 158 148
-0.6 -0.208 0.024 189 186 181
-0.64 -0.24 0.032 189 186 181
-0.592 -0.24 0.032 189 198 197
-0.584 -0.24 0.032 181 194 197
-0.624 -0.232 0.032 189 190 189
-0.608 -0.232 0.032 189 190 189
-0.6 -0.256 0.04 181 194 189
-0.592 -0.256 0.04 181 186 197
-0.616 -0.248 0.04 189 198 197
-0.608 -0.248 0.04 181 198 197
-0.632 -0.24 0.04 197 194 189
-0.624 -0.24 0.04 197 198 189
-0.616 -0.24 0.04 189 198 189
-0.64 -0.256 0.048 189 194 189
-0.632 -0.256 0.048 181 190 181
-0.64 -0.248 0.048 189 202 206
-0.52 -0.248 0.016 189 202 197
-0.52 -0.24 0.016 189 198 197
-0.528 -0.232 0.016 181 186 181
-0.52 -0.232 0.016 189 186 189
-0.528 -0.224 0.016 181 178 173
-0.52 -0.224 0.016 181 182 173
-0.536 -0.216 0.016 173 190 189
-0.528 -0.216 0.016 173 182 181
-0.56 -0.208 0.016 165 170 165
-0.536 -0.208 0.016 181 182 173
-0.552 -0.256 0.024 197 194 197
-0.544 -0.256 0.024 197 194 189
-0.536 -0.256 0.024 189 202 197
-0.544 -0.248 0.024 197 194 189
-0.536 -0.248 0.024 197 194 197
-0.544 -0.24 0.024 181 182 181
-0.56 -0.232 0.024 173 186 181
-0.552 -0.232 0.024 173 178 173
-0.576 -0.224 0.024 181 194 189
-0.568 -0.224 0.024 181 186 181
-0.576 -0.216 0.024 165 170 165
-0.568 -0.216 0.024 173 186 181
-0.56 -0.256 0.032 197 194 189
-0.568 -0.248 0.032 181 182 181
-0.72 -0.256 0.032 156 130 107
-0.744 -0.248 0.032 115 61 33
-0.736 -0.248 0.032 115 61 25
-0.728 -0.248 0.032 107 65 33
-0.72 -0.248 0.032 107 65 33
-0.736 -0.24 0.032 140 113 99
-0.72 -0.232 0.032 173 166 165
-0.76 -0.216 0.032 189 174 165
-0.744 -0.208 0.032 189 186 173
-0.728 -0.256 0.04 156 130 107
-0.768 -0.232 0.04 181 178 156
-0.768 -0.224 0.04 181 166 148
-0.664 -0.208 0.024 189 186 181
-0.648 -0.2 0.024 181 182 181
-0.704 -0.248 0.032 107 65 33
-0.696 -0.248 0.032 156 154 156
-0.688 -0.24 0.032 156 154 156
-0.672 -0.24 0.032 148 146 140
-0.664 -0.24 0.032 148 146 140
-0.656 -0.24 0.032 189 186 181
-0.68 -0.216 0.032 189 186 181
-0.672 -0.248 0.04 189 190 189
-0.664 -0.248 0.04 189 194 189
-0.68 -0.256 0.048 189 190 189
-0.664 -0.256 0.048 189 202 197
-0.656 -0.256 0.048 189 198 197
-0.648 -0.256 0.048 189 194 189
-0.648 -0.248 0.048 189 202 197
-0.904 -0.28 0.056 115 45 8
-0.92 -0.272 0.056 181 198 197
-0.912 -0.264 0.056 189 198 197
-0.872 -0.28 0.048 115 49 16
-0.88 -0.272 0.048 107 69 41
-0.864 -0.272 0.048 107 45 8
-0.88 -0.264 0.048 189 198 197
-0.888 -0.296 0.056 115 49 8
-0.872 -0.296 0.056 123 61 25
-0.864 -0.296 0.056 107 65 33
-0.896 -0.288 0.056 107 45 8
-0.88 -0.384 0.088 123 81 49
-0.872 -0.376 0.088 123 81 49
-0.856 -0.36 0.088 173 170 173
-0.848 -0.36 0.088 173 170 173
-0.84 -0.336 0.088 156 158 156
-0.848 -0.328 0.088 148 146 148
-0.84 -0.328 0.088 148 146 148
-0.864 -0.36 0.096 148 158 156
-0.896 -0.352 0.096 140 121 107
-0.888 -0.352 0.096 140 121 107
-0.864 -0.352 0.096 148 158 156
-0.864 -0.344 0.096 156 154 156
-0.904 -0.312 0.064 82 36 0
-0.92 -0.304 0.064 115 53 0
-0.912 -0.296 0.064 99 36 0
-0.912 -0.288 0.064 115 45 8
-0.944 -0.28 0.064 181 190 189
-0.936 -0.28 0.064 140 121 107
-0.928 -0.28 0.064 132 101 82
-0.92 -0.28 0.064 107 57 16
-0.952 -0.272 0.064 189 198 206
-0.944 -0.272 0.064 189 198 206
-0.944 -0.264 0.064 206 198 206
-0.928 -0.32 0.072 90 36 0
-0.92 -0.32 0.072 90 40 0
-0.936 -0.312 0.072 107 49 0
-0.928 -0.312 0.072 107 49 0
-0.928 -0.304 0.072 115 45 0
-0.928 -0.296 0.072 99 36 0
-0.92 -0.296 0.072 99 36 0
-0.936 -0.288 0.072 107 45 0
-0.96 -0.28 0.072 173 178 173
-0.952 -0.28 0.072 173 178 173
-0.96 -0.264 0.072 206 202 206
-0.944 -0.32 0.08 99 36 8
-0.944 -0.312 0.08 115 49 0
-0.944 -0.304 0.08 107 40 0
-0.936 -0.304 0.08 115 49 0
-0.944 -0.296 0.08 99 40 0
-0.952 -0.288 0.08 123 53 8
-0.944 -0.288 0.08 115 49 0
-0.952 -0.304 0.088 107 49 0
-0.944 -0.304 0.088 107 49 0
-0.952 -0.296 0.088 107 40 0
-0.456 -0.16 -0.064 173 182 181
-0.456 -0.176 -0.04 123 130 123
-0.456 -0.136 -0.008 197 198 206
-0.52 -0.144 0.008 197 198 197
-0.528 -0.136 0.008 197 198 197
-0.52 -0.136 0.008 197 198 197
-0.576 -0.192 0.016 173 182 181
-0.552 -0.192 0.016 156 154 156
-0.544 -0.192 0.016 173 174 181
-0.536 -0.192 0.016 181 174 181
-0.528 -0.192 0.016 181 178 181
-0.568 -0.184 0.016 181 182 181
-0.552 -0.184 0.016 181 178 181
-0.544 -0.184 0.016 173 170 173
-0.528 -0.184 0.016 173 170 173
-0.544 -0.176 0.016 181 186 189
-0.536 -0.176 0.016 189 186 189
-0.528 -0.176 0.016 189 186 189
-0.536 -0.168 0.016 189 190 197
-0.528 -0.168 0.016 189 190 189
-0.568 -0.16 0.016 156 154 156
-0.536 -0.16 0.016 189 194 189
-0.536 -0.152 0.016 197 198 197
-0.544 -0.144 0.016 197 194 189
-0.56 -0.136 0.016 197 198 197
-0.192 -0.256 -0.256 222 219 222
-0.184 -0.256 -0.256 214 219 214
-0.192 -0.248 -0.256 206 206 206
-0.184 -0.248 -0.256 206 206 206
-0.184 -0.24 -0.256 206 210 214
-0.192 -0.232 -0.256 214 210 214
-0.192 -0.224 -0.256 214 210 214
-0.192 -0.216 -0.256 222 219 222
-0.192 -0.208 -0.256 206 206 206
-0.192 -0.2 -0.256 206 206 214
-0.176 -0.256 -0.248 206 206 206
-0.176 -0.248 -0.248 214 215 214
-0.176 -0.232 -0.248 197 206 206
-0.176 -0.224 -0.248 206 206 206
-0.464 -0.192 0 197 194 206
-0.464 -0.184 0 214 210 214
-0.472 -0.176 0 230 239 230
-0.464 -0.176 0 222 235 230
-0.472 -0.168 0 214 227 222
-0.464 -0.168 0 214 227 222
-0.472 -0.16 0 197 194 197
-0.464 -0.16 0 197 194 189
-0.472 -0.152 0 197 198 197
-0.464 -0.152 0 197 198 197
-0.48 -0.144 0 189 198 197
-0.472 -0.144 0 197 198 197
-0.488 -0.136 0 189 198 197
-0.48 -0.136 0 189 198 197
-0.472 -0.136 0 189 198 197
-0.496 -0.192 0.008 173 174 173
-0.496 -0.184 0.008 173 174 181
-0.488 -0.184 0.008 189 186 197
-0.496 -0.176 0.008 189 186 189
-0.504 -0.168 0.008 197 194 197
-0.496 -0.168 0.008 189 198 197
-0.504 -0.16 0.008 197 194 197
-0.512 -0.152 0.008 197 194 189
-0.504 -0.152 0.008 197 194 197
-0.512 -0.144 0.008 197 194 197
-0.32 -0.192 -0.192 165 125 107
-0.32 -0.184 -0.192 132 134 156
-0.312 -0.184 -0.192 140 154 165
-0.32 -0.176 -0.192 99 109 140
-0.312 -0.176 -0.192 82 81 132
-0.32 -0.168 -0.192 123 154 156
-0.312 -0.168 -0.192 107 105 140
-0.32 -0.16 -0.192 181 182 189
-0.312 -0.16 -0.192 148 162 148
-0.32 -0.152 -0.192 82 113 90
-0.312 -0.152 -0.192 99 138 107
-0.32 -0.144 -0.192 25 85 33
-0.312 -0.144 -0.192 25 85 33
-0.32 -0.136 -0.192 25 85 25
-0.312 -0.136 -0.192 25 89 33
-0.32 -0.192 -0.184 165 142 115
-0.32 -0.184 -0.184 181 182 189
-0.32 -0.176 -0.184 181 182 181
-0.32 -0.168 -0.184 140 154 156
-0.32 -0.16 -0.184 156 158 173
-0.312 -0.16 -0.184 181 178 189
-0.32 -0.152 -0.184 74 109 82
-0.312 -0.152 -0.184 99 121 107
-0.32 -0.144 -0.184 25 85 33
-0.312 -0.144 -0.184 25 85 33
-0.32 -0.136 -0.184 25 85 25
-0.32 -0.176 -0.176 123 134 140
-0.32 -0.168 -0.176 132 146 140
-0.32 -0.16 -0.176 107 117 115
-0.32 -0.152 -0.176 99 117 107
-0.32 -0.144 -0.176 25 77 33
-0.32 -0.136 -0.176 25 77 25
-0.32 -0.16 -0.168 140 154 156
-0.32 -0.152 -0.168 82 101 82
-0.32 -0.144 -0.168 16 65 25
-0.32 -0.136 -0.168 16 61 25
-0.264 -0.16 -0.256 206 206 206
-0.272 -0.152 -0.256 222 215 222
-0.264 -0.152 -0.256 206 210 206
-0.28 -0.144 -0.256 214 215 222
-0.272 -0.144 -0.256 214 210 214
-0.264 -0.144 -0.256 214 210 214
-0.288 -0.136 -0.256 206 210 214
-0.28 -0.136 -0.256 214 210 214
-0.272 -0.136 -0.256 206 210 214
-0.264 -0.176 -0.248 214 215 214
-0.272 -0.168 -0.248 206 202 206
-0.264 -0.168 -0.248 214 210 214
-0.272 -0.16 -0.248 206 210 206
-0.264 -0.16 -0.248 206 202 206
-0.28 -0.152 -0.248 214 210 214
-0.272 -0.152 -0.248 214 210 222
-0.264 -0.152 -0.248 214 219 222
-0.288 -0.144 -0.248 156 166 156
-0.28 -0.144 -0.248 206 206 214
-0.272 -0.144 -0.248 214 210 214
-0.296 -0.136 -0.248 115 61 49
-0.288 -0.136 -0.248 165 170 165
-0.28 -0.136 -0.248 214 210 214
-0.264 -0.192 -0.24 214 210 214
-0.264 -0.184 -0.24 206 206 206
-0.272 -0.176 -0.24 214 215 214
-0.264 -0.176 -0.24 214 210 214
-0.28 -0.168 -0.24 165 174 165
-0.272 -0.168 -0.24 206 206 206
-0.264 -0.168 -0.24 206 202 206
-0.288 -0.16 -0.24 107 57 49
-0.28 -0.16 -0.24 181 190 181
-0.272 -0.16 -0.24 206 202 206
-0.288 -0.152 -0.24 115 69 66
-0.28 -0.152 -0.24 156 134 132
-0.272 -0.152 -0.24 206 206 206
-0.296 -0.144 -0.24 115 40 33
-0.288 -0.144 -0.24 99 40 16
-0.28 -0.144 -0.24 148 150 132
-0.304 -0.136 -0.24 123 40 25
-0.296 -0.136 -0.24 123 40 25
-0.288 -0.136 -0.24 90 32 8
-0.28 -0.192 -0.232 189 190 189
-0.272 -0.192 -0.232 206 210 214
-0.264 -0.192 -0.232 214 206 214
-0.28 -0.184 -0.232 173 174 165
-0.272 -0.184 -0.232 206 206 206
-0.264 -0.184 -0.232 206 202 206
-0.288 -0.176 -0.232 115 45 25
-0.28 -0.176 -0.232 140 142 115
-0.272 -0.176 -0.232 189 190 181
-0.264 -0.176 -0.232 214 210 214
-0.288 -0.168 -0.232 123 49 25
-0.28 -0.168 -0.232 123 73 66
-0.272 -0.168 -0.232 165 174 156
-0.296 -0.16 -0.232 115 40 33
-0.288 -0.16 -0.232 132 49 25
-0.28 -0.16 -0.232 140 73 74
-0.296 -0.152 -0.232 107 40 33
-0.288 -0.152 -0.232 123 40 25
-0.304 -0.144 -0.232 107 36 25
-0.296 -0.144 -0.232 115 40 25
-0.288 -0.144 -0.232 123 45 33
-0.304 -0.136 -0.232 107 40 25
-0.296 -0.136 -0.232 115 40 25
-0.288 -0.192 -0.224 165 166 165
-0.28 -0.192 -0.224 173 174 173
-0.272 -0.192 -0.224 189 190 189
-0.296 -0.184 -0.224 132 57 33
-0.288 -0.184 -0.224 132 77 90
-0.28 -0.184 -0.224 140 146 123
-0.272 -0.184 -0.224 181 186 189
-0.296 -0.176 -0.224 107 49 33
-0.288 -0.176 -0.224 115 45 33
-0.28 -0.176 -0.224 115 61 49
-0.296 -0.168 -0.224 107 45 33
-0.288 -0.168 -0.224 107 40 33
-0.304 -0.16 -0.224 90 28 8
-0.296 -0.16 -0.224 90 36 33
-0.288 -0.16 -0.224 115 45 25
-0.304 -0.152 -0.224 99 28 8
-0.296 -0.152 -0.224 90 40 25
-0.304 -0.144 -0.224 90 24 16
-0.296 -0.144 -0.224 99 32 25
-0.312 -0.136 -0.224 99 28 16
-0.304 -0.136 -0.224 90 28 16
-0.304 -0.192 -0.216 123 57 49
-0.296 -0.192 -0.216 148 105 107
-0.288 -0.192 -0.216 165 166 156
-0.304 -0.184 -0.216 140 57 25
-0.296 -0.184 -0.216 140 65 33
-0.288 -0.184 -0.216 140 81 74
-0.304 -0.176 -0.216 132 53 25
-0.296 -0.176 -0.216 140 53 25
-0.304 -0.168 -0.216 115 49 33
-0.296 -0.168 -0.216 99 36 16
-0.304 -0.16 -0.216 132 57 49
-0.296 -0.16 -0.216 99 32 16
-0.304 -0.152 -0.216 107 36 25
-0.312 -0.144 -0.216 82 69 33
-0.304 -0.144 -0.216 115 36 25
-0.312 -0.136 -0.216 66 73 33
-0.304 -0.136 -0.216 99 49 25
-0.312 -0.192 -0.208 165 89 58
-0.304 -0.192 -0.208 132 57 33
-0.312 -0.184 -0.208 189 166 165
-0.304 -0.184 -0.208 173 97 74
-0.312 -0.176 -0.208 156 170 156
-0.304 -0.176 -0.208 165 130 115
-0.312 -0.168 -0.208 156 166 156
-0.304 -0.168 -0.208 173 150 148
-0.312 -0.16 -0.208 189 186 189
-0.304 -0.16 -0.208 165 150 140
-0.312 -0.152 -0.208 115 142 115
-0.304 -0.152 -0.208 148 134 115
-0.312 -0.144 -0.208 33 97 33
-0.304 -0.144 -0.208 66 77 33
-0.312 -0.136 -0.208 33 97 33
-0.304 -0.136 -0.208 33 105 33
-0.32 -0.192 -0.2 181 130 115
-0.312 -0.192 -0.2 173 97 74
-0.312 -0.184 -0.2 156 170 165
-0.304 -0.184 -0.2 181 150 132
-0.312 -0.176 -0.2 123 150 140
-0.304 -0.176 -0.2 132 162 140
-0.312 -0.168 -0.2 107 130 132
-0.304 -0.168 -0.2 115 146 132
-0.312 -0.16 -0.2 148 162 156
-0.304 -0.16 -0.2 148 162 156
-0.312 -0.152 -0.2 115 146 123
-0.304 -0.152 -0.2 140 154 140
-0.312 -0.144 -0.2 25 93 33
-0.304 -0.144 -0.2 33 89 33
-0.312 -0.136 -0.2 33 93 33
-0.344 -0.192 -0.128 173 174 173
-0.344 -0.184 -0.128 156 162 165
-0.344 -0.176 -0.128 99 138 115
-0.336 -0.176 -0.128 148 158 148
-0.344 -0.168 -0.128 82 121 74
-0.336 -0.168 -0.128 107 138 107
-0.336 -0.16 -0.128 115 138 123
-0.336 -0.152 -0.128 66 93 66
-0.336 -0.144 -0.128 8 40 8
-0.336 -0.136 -0.128 0 49 0
-0.352 -0.192 -0.12 140 154 148
-0.344 -0.192 -0.12 173 174 181
-0.344 -0.184 -0.12 123 146 140
-0.344 -0.176 -0.12 82 105 82
-0.344 -0.168 -0.12 58 93 58
-0.336 -0.168 -0.12 66 101 66
-0.344 -0.16 -0.12 16 61 25
-0.336 -0.16 -0.12 41 69 58
-0.336 -0.152 -0.12 49 89 41
-0.336 -0.144 -0.12 33 73 25
-0.336 -0.136 -0.12 0 40 0
-0.352 -0.192 -0.112 90 105 99
-0.352 -0.184 -0.112 0 49 16
-0.344 -0.184 -0.112 0 53 16
-0.344 -0.176 -0.112 41 81 49
-0.344 -0.168 -0.112 74 93 82
-0.336 -0.168 -0.112 99 134 99
-0.344 -0.16 -0.112 49 73 58
-0.336 -0.16 -0.112 8 53 16
-0.344 -0.152 -0.112 74 105 74
-0.336 -0.152 -0.112 74 89 74
-0.344 -0.144 -0.112 49 81 41
-0.336 -0.144 -0.112 74 101 74
-0.344 -0.136 -0.112 33 61 33
-0.336 -0.136 -0.112 0 45 0
-0.352 -0.192 -0.104 123 138 140
-0.352 -0.184 -0.104 90 113 107
-0.344 -0.184 -0.104 99 125 107
-0.352 -0.176 -0.104 115 125 115
-0.344 -0.176 -0.104 66 101 74
-0.344 -0.168 -0.104 115 142 115
-0.344 -0.16 -0.104 90 113 99
-0.344 -0.152 -0.104 90 113 90
-0.336 -0.152 -0.104 90 109 90
-0.344 -0.144 -0.104 90 109 99
-0.336 -0.144 -0.104 74 101 74
-0.344 -0.136 -0.104 107 125 107
-0.336 -0.136 -0.104 90 113 90
-0.352 -0.192 -0.096 115 121 115
-0.352 -0.184 -0.096 107 130 115
-0.352 -0.176 -0.096 58 85 58
-0.344 -0.176 -0.096 82 109 90
-0.352 -0.168 -0.096 66 81 66
-0.344 -0.168 -0.096 74 101 82
-0.344 -0.16 -0.096 140 150 140
-0.344 -0.152 -0.096 90 117 90
-0.344 -0.144 -0.096 74 97 74
-0.344 -0.136 -0.096 115 134 115
-0.36 -0.192 -0.088 58 77 74
-0.36 -0.184 -0.088 0 40 8
-0.352 -0.184 -0.088 25 57 25
-0.352 -0.176 -0.088 0 45 8
-0.352 -0.168 -0.088 8 36 16
-0.344 -0.168 -0.088 0 45 0
-0.352 -0.16 -0.088 0 36 0
-0.344 -0.16 -0.088 0 36 0
-0.352 -0.152 -0.088 0 36 0
-0.344 -0.152 -0.088 0 36 0
-0.352 -0.144 -0.088 0 36 0
-0.344 -0.144 -0.088 0 40 0
-0.352 -0.136 -0.088 0 24 0
-0.344 -0.136 -0.088 8 32 8
-0.36 -0.192 -0.08 140 142 140
-0.36 -0.184 -0.08 41 65 49
-0.36 -0.176 -0.08 8 40 8
-0.352 -0.176 -0.08 0 45 8
-0.36 -0.168 -0.08 25 45 25
-0.352 -0.168 -0.08 33 53 25
-0.352 -0.16 -0.08 0 28 0
-0.352 -0.152 -0.08 0 36 0
-0.352 -0.144 -0.08 0 28 0
-0.352 -0.136 -0.08 0 28 0
-0.368 -0.192 -0.072 123 142 132
-0.36 -0.192 -0.072 90 109 90
-0.368 -0.184 -0.072 132 146 132
-0.36 -0.184 -0.072 148 154 148
-0.36 -0.176 -0.072 58 81 58
-0.36 -0.168 -0.072 41 53 41
-0.352 -0.168 -0.072 41 61 41
-0.36 -0.16 -0.072 0 32 0
-0.352 -0.16 -0.072 8 28 8
-0.36 -0.152 -0.072 0 32 0
-0.352 -0.152 -0.072 0 36 0
-0.36 -0.144 -0.072 0 40 0
-0.352 -0.144 -0.072 0 28 0
-0.36 -0.136 -0.072 0 40 0
-0.352 -0.136 -0.072 0 40 0
-0.264 -0.136 -0.28 214 210 214
-0.264 -0.144 -0.272 214 215 222
-0.272 -0.136 -0.272 206 206 214
-0.264 -0.136 -0.272 214 210 214
-0.264 -0.152 -0.264 214 210 214
-0.272 -0.144 -0.264 214 210 214
-0.264 -0.144 -0.264 214 210 222
-0.28 -0.136 -0.264 206 215 214
-0.272 -0.136 -0.264 214 210 214
-0.264 -0.136 -0.264 214 210 214
-0.624 -0.504 0 197 198 197
-0.616 -0.504 0 197 198 197
-0.6 -0.488 0 156 154 156
-0.64 -0.504 0.008 197 198 197
-0.64 -0.496 0.008 197 198 197
-0.368 -0.192 -0.064 148 162 148
-0.368 -0.184 -0.064 181 178 181
-0.36 -0.184 -0.064 181 178 181
-0.368 -0.176 -0.064 181 174 181
-0.36 -0.176 -0.064 181 174 181
-0.368 -0.168 -0.064 115 113 115
-0.36 -0.168 -0.064 140 150 140
-0.36 -0.16 -0.064 8 36 8
-0.36 -0.152 -0.064 0 40 0
-0.352 -0.152 -0.064 0 40 0
-0.36 -0.144 -0.064 0 40 0
-0.352 -0.144 -0.064 0 40 0
-0.36 -0.136 -0.064 0 40 0
-0.352 -0.136 -0.064 0 40 0
-0.368 -0.192 -0.056 165 162 148
-0.368 -0.184 -0.056 181 178 181
-0.368 -0.176 -0.056 181 174 173
-0.368 -0.168 -0.056 123 121 123
-0.36 -0.16 -0.056 0 40 0
-0.36 -0.152 -0.056 0 40 0
-0.36 -0.144 -0.056 0 40 0
-0.368 -0.136 -0.056 49 36 0
-0.36 -0.136 -0.056 16 45 0
-0.376 -0.192 -0.048 132 93 74
-0.376 -0.184 -0.048 140 138 123
-0.368 -0.184 -0.048 148 138 132
-0.376 -0.176 -0.048 173 166 165
-0.368 -0.176 -0.048 165 150 148
-0.368 -0.168 -0.048 115 130 115
-0.368 -0.16 -0.048 0 36 0
-0.36 -0.16 -0.048 0 40 0
-0.368 -0.152 -0.048 25 40 8
-0.36 -0.152 -0.048 16 40 8
-0.368 -0.144 -0.048 49 40 8
-0.36 -0.144 -0.048 41 36 8
-0.368 -0.136 -0.048 107 36 8
-0.36 -0.136 -0.048 82 36 0
-0.384 -0.192 -0.04 156 73 25
-0.376 -0.192 -0.04 148 73 25
-0.384 -0.184 -0.04 107 49 25
-0.376 -0.184 -0.04 115 53 33
-0.376 -0.176 -0.04 107 49 33
-0.376 -0.168 -0.04 99 61 49
-0.376 -0.16 -0.04 74 45 33
-0.368 -0.16 -0.04 74 45 25
-0.368 -0.152 -0.04 107 36 16
-0.368 -0.144 -0.04 123 45 16
-0.368 -0.136 -0.04 115 49 33
-0.384 -0.152 -0.032 156 150 132
-0.384 -0.144 -0.032 148 150 132
-0.376 -0.144 -0.032 132 109 99
-0.368 -0.136 -0.024 140 158 156
-0.328 -0.192 -0.184 173 162 156
-0.328 -0.184 -0.184 156 158 156
-0.328 -0.176 -0.184 140 150 140
-0.336 -0.192 -0.176 181 182 189
-0.328 -0.192 -0.176 189 170 173
-0.328 -0.184 -0.176 165 170 173
-0.328 -0.176 -0.176 123 138 140
-0.328 -0.168 -0.176 140 154 148
-0.328 -0.16 -0.176 132 146 140
-0.328 -0.152 -0.176 58 101 58
-0.328 -0.144 -0.176 25 73 25
-0.328 -0.136 -0.176 16 69 16
-0.336 -0.192 -0.168 140 154 148
-0.336 -0.184 -0.168 148 162 156
-0.328 -0.184 -0.168 173 174 173
-0.336 -0.176 -0.168 132 138 132
-0.328 -0.176 -0.168 140 154 140
-0.328 -0.168 -0.168 132 146 140
-0.328 -0.16 -0.168 123 154 132
-0.328 -0.152 -0.168 49 69 66
-0.328 -0.144 -0.168 74 93 74
-0.328 -0.136 -0.168 58 89 66
-0.336 -0.192 -0.16 115 134 132
-0.336 -0.184 -0.16 115 121 148
-0.336 -0.176 -0.16 123 138 156
-0.328 -0.176 -0.16 107 117 148
-0.336 -0.168 -0.16 107 117 140
-0.328 -0.168 -0.16 123 121 148
-0.328 -0.16 -0.16 173 170 181
-0.328 -0.152 -0.16 74 97 90
-0.328 -0.144 -0.16 66 73 90
-0.328 -0.136 -0.16 123 117 140
-0.344 -0.192 -0.152 132 146 148
-0.336 -0.192 -0.152 132 150 148
-0.336 -0.184 -0.152 123 130 148
-0.336 -0.176 -0.152 132 138 156
-0.336 -0.168 -0.152 140 154 165
-0.328 -0.168 -0.152 123 138 156
-0.336 -0.16 -0.152 132 146 132
-0.328 -0.16 -0.152 181 178 189
-0.328 -0.152 -0.152 74 101 66
-0.328 -0.144 -0.152 66 109 66
-0.328 -0.136 -0.152 66 117 66
-0.344 -0.192 -0.144 181 174 181
-0.344 -0.184 -0.144 173 174 173
-0.336 -0.184 -0.144 181 178 181
-0.336 -0.176 -0.144 181 174 181
-0.336 -0.168 -0.144 173 174 181
-0.336 -0.16 -0.144 107 134 115
-0.328 -0.16 -0.144 173 174 173
-0.336 -0.152 -0.144 0 49 0
-0.328 -0.152 -0.144 41 77 49
-0.336 -0.144 -0.144 0 49 0
-0.328 -0.144 -0.144 0 53 8
-0.336 -0.136 -0.144 0 49 0
-0.328 -0.136 -0.144 0 49 0
-0.344 -0.192 -0.136 181 178 181
-0.344 -0.184 -0.136 173 174 173
-0.344 -0.176 -0.136 173 170 173
-0.336 -0.176 -0.136 173 174 173
-0.336 -0.168 -0.136 173 174 181
-0.336 -0.16 -0.136 115 138 115
-0.336 -0.152 -0.136 25 69 25
-0.328 -0.152 -0.136 25 73 25
-0.336 -0.144 -0.136 0 49 0
-0.328 -0.144 -0.136 0 53 0
-0.336 -0.136 -0.136 0 49 0
-0.328 -0.136 -0.136 0 49 0
-0.448 -0.136 -0.128 90 97 90
-0.448 -0.152 -0.12 99 109 107
-0.44 -0.152 -0.12 107 105 99
-0.448 -0.144 -0.12 140 154 140
-0.44 -0.136 -0.12 148 158 148
-0.432 -0.144 -0.112 156 162 165
-0.424 -0.144 -0.112 156 154 156
-0.432 -0.136 -0.112 156 154 156
-0.424 -0.136 -0.112 156 154 156
-0.408 -0.136 -0.104 115 113 115
-0.416 -0.152 -0.096 66 69 66
-0.408 -0.152 -0.096 66 69 66
-0.416 -0.144 -0.096 165 170 173
-0.416 -0.136 -0.096 123 138 123
-0.408 -0.136 -0.096 82 89 82
-0.408 -0.16 -0.088 49 49 41
-0.448 -0.152 -0.088 165 170 173
-0.408 -0.144 -0.088 140 154 148
-0.408 -0.136 -0.088 156 154 156
-0.4 -0.136 -0.08 99 121 115
-0.816 -0.256 0.04 148 130 115
-0.808 -0.248 0.04 189 198 197
-0.8 -0.248 0.04 189 198 197
-0.784 -0.24 0.04 197 206 197
-0.776 -0.232 0.04 173 162 140
-0.832 -0.216 0.04 189 182 173
-0.824 -0.216 0.04 189 182 173
-0.816 -0.208 0.04 181 174 156
-0.808 -0.2 0.04 181 166 148
-0.968 -0.216 0.08 214 215 222
-0.968 -0.2 0.08 230 227 230
-0.944 -0.256 0.064 197 198 197
-0.944 -0.248 0.064 189 194 189
-0.936 -0.248 0.064 189 194 189
-0.936 -0.24 0.064 189 194 197
-0.936 -0.232 0.064 197 194 197
-0.944 -0.224 0.064 206 202 206
-0.944 -0.216 0.064 222 223 222
-0.944 -0.208 0.064 230 231 230
-0.936 -0.208 0.064 222 227 230
-0.936 -0.2 0.064 230 231 230
-0.96 -0.256 0.072 206 202 197
-0.96 -0.248 0.072 214 215 222
-0.96 -0.24 0.072 222 219 222
-0.96 -0.232 0.072 230 227 230
-0.952 -0.232 0.072 230 223 230
-0.96 -0.224 0.072 230 227 230
-0.952 -0.224 0.072 230 227 230
-0.96 -0.216 0.072 230 227 230
-0.952 -0.216 0.072 230 227 230
-0.96 -0.208 0.072 214 219 222
-0.952 -0.208 0.072 222 223 222
-0.952 -0.2 0.072 222 227 230
-0.944 -0.2 0.072 222 227 230
-0.96 -0.2 0.08 239 231 239
-0.424 -0.16 -0.056 0 0 0
-0.416 -0.16 -0.056 0 0 0
-0.4 -0.144 -0.048 156 154 156
-0.448 -0.168 -0.04 123 134 107
-0.408 -0.192 -0.032 156 158 140
-0.4 -0.192 -0.032 148 138 123
-0.4 -0.184 -0.032 156 150 132
-0.4 -0.176 -0.032 148 150 140
-0.392 -0.176 -0.032 156 146 132
-0.4 -0.168 -0.032 165 166 156
-0.392 -0.168 -0.032 140 146 132
-0.4 -0.16 -0.032 173 170 165
-0.392 -0.16 -0.032 173 170 156
-0.4 -0.144 -0.032 173 170 156
-0.392 -0.144 -0.032 165 166 148
-0.4 -0.136 -0.032 165 166 156
-0.392 -0.136 -0.032 181 166 165
-0.416 -0.192 -0.024 189 186 181
-0.408 -0.192 -0.024 181 186 181
-0.416 -0.184 -0.024 181 182 181
-0.408 -0.184 -0.024 181 182 181
-0.416 -0.176 -0.024 181 186 181
-0.408 -0.176 -0.024 181 186 181
-0.416 -0.168 -0.024 181 186 189
-0.408 -0.168 -0.024 189 186 189
-0.416 -0.16 -0.024 189 182 181
-0.408 -0.16 -0.024 181 186 181
-0.416 -0.152 -0.024 189 186 189
-0.408 -0.152 -0.024 181 186 181
-0.408 -0.144 -0.024 189 190 189
-0.416 -0.136 -0.024 189 190 189
-0.408 -0.136 -0.024 189 194 189
-0.432 -0.192 -0.016 181 182 181
-0.424 -0.192 -0.016 181 186 181
-0.424 -0.184 -0.016 189 190 189
-0.424 -0.176 -0.016 181 186 189
-0.424 -0.168 -0.016 181 186 189
-0.432 -0.16 -0.016 189 194 189
-0.424 -0.16 -0.016 189 194 189
-0.432 -0.152 -0.016 189 194 189
-0.424 -0.152 -0.016 189 190 189
-0.432 -0.144 -0.016 197 194 189
-0.424 -0.144 -0.016 197 194 197
-0.432 -0.136 -0.016 197 194 197
-0.424 -0.136 -0.016 189 198 189
-0.448 -0.192 -0.008 206 206 214
-0.44 -0.192 -0.008 206 198 206
-0.44 -0.184 -0.008 239 231 247
-0.448 -0.176 -0.008 230 235 230
-0.44 -0.176 -0.008 230 239 230
-0.448 -0.168 -0.008 222 210 222
-0.44 -0.168 -0.008 222 219 222
-0.448 -0.16 -0.008 189 194 189
-0.44 -0.16 -0.008 189 190 197
-0.448 -0.152 -0.008 189 194 189
-0.448 -0.144 -0.008 189 194 189
-0.448 -0.136 -0.008 197 198 206
-0.856 -0.248 0.048 197 194 197
-0.88 -0.24 0.048 156 154 156
-0.856 -0.24 0.048 197 198 197
-0.848 -0.24 0.048 197 198 197
-0.888 -0.232 0.048 206 202 206
-0.872 -0.232 0.048 156 154 156
-0.864 -0.232 0.048 156 154 156
-0.848 -0.232 0.048 197 194 189
-0.888 -0.224 0.048 197 198 197
-0.88 -0.224 0.048 206 202 206
-0.864 -0.224 0.048 156 154 156
-0.856 -0.224 0.048 156 154 156
-0.84 -0.224 0.048 189 182 181
-0.888 -0.216 0.048 197 198 197
-0.88 -0.208 0.048 206 206 206
-0.872 -0.2 0.048 222 215 222
-0.896 -0.24 0.056 197 198 197
-0.888 -0.232 0.056 206 202 206
-0.888 -0.224 0.056 206 202 206
-0.912 -0.24 0.056 197 198 206
-0.904 -0.232 0.056 197 198 206
-0.912 -0.224 0.056 197 198 197
-0.904 -0.224 0.056 197 198 197
-0.928 -0.216 0.056 197 194 197
-0.904 -0.216 0.056 197 198 197
-0.92 -0.208 0.056 206 206 206
-0.912 -0.208 0.056 206 206 206
-0.912 -0.2 0.056 214 215 214
-0.536 -0.384 0.016 197 202 206
-0.536 -0.376 0.016 197 202 197
-0.528 -0.376 0.016 197 202 197
-0.536 -0.36 0.016 197 202 206
-0.528 -0.36 0.016 197 202 206
-0.528 -0.352 0.016 197 202 206
-0.528 -0.344 0.016 197 206 206
-0.52 -0.344 0.016 197 202 206
-0.528 -0.336 0.016 197 202 197
-0.52 -0.336 0.016 197 206 206
-0.52 -0.328 0.016 206 206 206
-0.576 -0.376 0.024 197 202 206
-0.568 -0.368 0.024 206 202 206
-0.56 -0.36 0.024 206 202 206
-0.552 -0.352 0.024 206 202 206
-0.552 -0.344 0.024 206 206 206
-0.544 -0.344 0.024 197 202 197
-0.544 -0.336 0.024 206 202 197
-0.544 -0.328 0.024 197 206 206
-0.576 -0.352 0.032 206 202 206
-0.568 -0.344 0.032 197 206 206
-0.568 -0.336 0.032 197 206 206
-0.56 -0.336 0.032 197 206 206
-0.568 -0.328 0.032 197 206 197
-0.56 -0.328 0.032 206 206 206
-0.312 -0.072 -0.088 132 134 140
-0.32 -0.08 -0.08 99 117 107
-0.312 -0.08 -0.08 107 109 99
-0.32 -0.072 -0.08 165 162 165
-0.312 -0.072 -0.072 148 158 156
-0.768 -0.144 0.032 181 174 181
-0.76 -0.144 0.032 189 178 181
-0.776 -0.144 0.032 189 182 189
-0.808 -0.136 0.032 197 202 197
-0.8 -0.136 0.032 197 202 197
-0.792 -0.136 0.032 197 206 197
-0.8 -0.192 0.04 173 162 140
-0.792 -0.184 0.04 181 170 156
-0.784 -0.184 0.04 181 170 156
-0.792 -0.176 0.04 189 178 173
-0.784 -0.176 0.04 189 178 173
-0.792 -0.168 0.04 197 190 189
-0.784 -0.168 0.04 197 190 189
-0.824 -0.16 0.04 197 186 181
-0.816 -0.16 0.04 197 186 181
-0.808 -0.16 0.04 197 186 181
-0.912 -0.192 0.056 230 223 230
-0.904 -0.192 0.056 230 223 230
-0.904 -0.184 0.056 230 231 239
-0.912 -0.176 0.056 239 235 239
-0.904 -0.176 0.056 239 235 239
-0.912 -0.168 0.056 239 239 247
-0.92 -0.16 0.056 189 202 197
-0.912 -0.16 0.056 206 210 214
-0.912 -0.152 0.056 197 206 206
-0.968 -0.192 0.088 230 227 230
-0.968 -0.184 0.088 239 239 247
-0.968 -0.176 0.088 239 239 247
-0.968 -0.168 0.088 189 202 206
-0.968 -0.16 0.088 189 206 197
-0.968 -0.152 0.088 189 206 197
-0.976 -0.16 0.096 189 206 206
-0.968 -0.16 0.096 189 206 206
-0.976 -0.144 0.096 197 206 197
-0.968 -0.144 0.096 197 206 197
-0.968 -0.136 0.096 197 206 206
-0.928 -0.192 0.064 239 231 239
-0.928 -0.184 0.064 239 235 239
-0.92 -0.184 0.064 239 235 239
-0.928 -0.176 0.064 239 235 239
-0.92 -0.176 0.064 239 239 247
-0.928 -0.168 0.064 230 231 230
-0.928 -0.16 0.064 189 202 197
-0.92 -0.152 0.064 197 206 197
-0.92 -0.144 0.064 189 206 197
-0.912 -0.144 0.064 189 206 197
-0.92 -0.136 0.064 189 206 197
-0.912 -0.136 0.064 189 206 197
-0.944 -0.192 0.072 230 231 239
-0.944 -0.184 0.072 239 239 247
-0.944 -0.176 0.072 247 243 255
-0.944 -0.168 0.072 222 227 230
-0.944 -0.16 0.072 189 202 197
-0.936 -0.16 0.072 189 202 197
-0.936 -0.152 0.072 189 206 197
-0.928 -0.144 0.072 197 206 197
-0.928 -0.136 0.072 189 206 197
-0.96 -0.192 0.08 230 231 230
-0.96 -0.184 0.08 239 235 247
-0.96 -0.176 0.08 239 239 247
-0.952 -0.176 0.08 239 239 247
-0.952 -0.168 0.08 222 223 230
-0.952 -0.16 0.08 189 206 197
-0.952 -0.152 0.08 189 206 206
-0.944 -0.152 0.08 197 206 197
-0.944 -0.144 0.08 189 202 197
-0.944 -0.136 0.08 197 206 206
-0.96 -0.16 0.088 189 206 197
-0.96 -0.152 0.088 189 206 197
-0.96 -0.144 0.088 197 206 197
-0.952 -0.144 0.088 197 206 197
-0.96 -0.136 0.088 197 206 197
-0.952 -0.136 0.088 197 206 197
-0.36 -0.128 -0.064 33 36 0
-0.376 -0.12 -0.064 123 40 8
-0.368 -0.12 -0.064 115 40 0
-0.376 -0.112 -0.064 123 40 8
-0.368 -0.112 -0.064 123 40 16
-0.376 -0.104 -0.064 123 40 8
-0.384 -0.096 -0.064 123 45 8
-0.376 -0.096 -0.064 132 45 16
-0.384 -0.088 -0.064 123 45 8
-0.384 -0.08 -0.064 123 40 8
-0.336 -0.08 -0.064 16 20 16
-0.328 -0.072 -0.064 16 16 16
-0.368 -0.128 -0.056 90 36 0
-0.36 -0.128 -0.056 66 32 0
-0.368 -0.12 -0.056 123 40 16
-0.376 -0.112 -0.056 140 97 82
-0.368 -0.112 -0.056 132 81 66
-0.376 -0.104 -0.056 148 77 58
-0.36 -0.104 -0.056 148 117 99
-0.384 -0.096 -0.056 132 49 25
-0.376 -0.096 -0.056 132 49 25
-0.36 -0.096 -0.056 156 154 156
-0.384 -0.088 -0.056 132 53 25
-0.352 -0.088 -0.056 156 154 156
-0.384 -0.08 -0.056 132 49 16
-0.328 -0.072 -0.056 140 158 140
-0.368 -0.128 -0.048 123 49 16
-0.368 -0.12 -0.048 123 49 16
-0.376 -0.112 -0.048 132 61 33
-0.368 -0.112 -0.048 140 57 33
-0.376 -0.104 -0.048 123 61 33
-0.384 -0.096 -0.048 132 53 25
-0.376 -0.096 -0.048 132 49 25
-0.384 -0.088 -0.048 132 57 33
-0.336 -0.088 -0.048 181 194 197
-0.384 -0.08 -0.048 132 53 25
-0.328 -0.08 -0.048 181 194 197
-0.376 -0.128 -0.04 132 61 49
-0.368 -0.128 -0.04 132 57 41
-0.376 -0.12 -0.04 156 81 82
-0.368 -0.12 -0.04 148 69 66
-0.376 -0.112 -0.04 173 117 107
-0.384 -0.104 -0.04 148 81 82
-0.376 -0.104 -0.04 148 85 90
-0.384 -0.096 -0.04 140 77 58
-0.376 -0.096 -0.04 123 61 49
-0.384 -0.088 -0.04 132 69 58
-0.36 -0.128 -0.024 140 158 156
-0.392 -0.08 -0.064 132 45 8
-0.392 -0.072 -0.064 132 45 16
-0.392 -0.08 -0.056 132 53 25
-0.392 -0.072 -0.056 140 57 25
-0.392 -0.08 -0.048 132 53 25
-0.392 -0.072 -0.048 140 61 25
-0.392 -0.096 -0.04 148 81 66
-0.392 -0.088 -0.04 132 73 58
-0.4 -0.08 -0.04 132 81 66
-0.392 -0.08 -0.04 132 77 66
-0.408 -0.072 -0.04 173 105 107
-0.4 -0.072 -0.04 156 93 82
-0.4 -0.128 -0.032 181 178 173
-0.392 -0.128 -0.032 165 162 156
-0.4 -0.12 -0.032 222 215 214
-0.392 -0.12 -0.032 222 210 206
-0.408 -0.112 -0.032 214 210 206
-0.4 -0.112 -0.032 214 223 214
-0.424 -0.104 -0.032 173 174 165
-0.416 -0.104 -0.032 165 170 156
-0.432 -0.096 -0.032 189 190 189
-0.424 -0.096 -0.032 189 182 181
-0.44 -0.088 -0.032 197 186 181
-0.432 -0.088 -0.032 189 190 181
-0.448 -0.08 -0.032 206 198 197
-0.416 -0.128 -0.024 197 198 197
-0.408 -0.128 -0.024 197 198 197
-0.424 -0.12 -0.024 206 210 197
-0.416 -0.12 -0.024 206 215 206
-0.432 -0.112 -0.024 189 190 189
-0.424 -0.112 -0.024 189 194 181
-0.44 -0.104 -0.024 206 202 206
-0.432 -0.104 -0.024 197 202 197
-0.448 -0.096 -0.024 197 194 189
-0.432 -0.128 -0.016 189 198 189
-0.44 -0.12 -0.016 197 206 197
-0.432 -0.12 -0.016 197 206 197
-0.448 -0.112 -0.016 206 202 206
-0.28 -0.08 -0.32 222 210 222
-0.288 -0.072 -0.32 222 219 222
-0.28 -0.072 -0.32 206 210 214
-0.272 -0.104 -0.312 214 215 214
-0.272 -0.096 -0.312 206 210 214
-0.264 -0.096 -0.312 214 219 214
-0.28 -0.088 -0.312 214 215 214
-0.272 -0.088 -0.312 214 210 214
-0.264 -0.088 -0.312 206 210 214
-0.288 -0.08 -0.312 222 219 222
-0.28 -0.08 -0.312 214 219 214
-0.272 -0.08 -0.312 214 210 214
-0.264 -0.08 -0.312 214 215 214
-0.296 -0.072 -0.312 214 206 214
-0.288 -0.072 -0.312 214 215 214
-0.28 -0.072 -0.312 222 219 230
-0.264 -0.072 -0.312 206 210 214
-0.264 -0.12 -0.304 214 210 222
-0.272 -0.112 -0.304 206 206 206
-0.264 -0.112 -0.304 214 210 214
-0.272 -0.104 -0.304 214 210 214
-0.264 -0.104 -0.304 206 210 214
-0.28 -0.096 -0.304 206 206 214
-0.272 -0.096 -0.304 214 215 214
-0.288 -0.088 -0.304 214 215 214
-0.28 -0.088 -0.304 214 210 214
-0.272 -0.088 -0.304 214 215 214
-0.296 -0.08 -0.304 222 219 222
-0.288 -0.08 -0.304 214 215 214
-0.28 -0.08 -0.304 222 215 222
-0.304 -0.072 -0.304 214 210 214
-0.296 -0.072 -0.304 214 210 214
-0.288 -0.072 -0.304 214 210 214
-0.264 -0.128 -0.296 214 210 214
-0.272 -0.12 -0.296 206 206 206
-0.264 -0.12 -0.296 206 210 206
-0.272 -0.112 -0.296 214 215 222
-0.264 -0.112 -0.296 206 206 206
-0.28 -0.104 -0.296 222 215 222
-0.272 -0.104 -0.296 214 210 214
-0.288 -0.096 -0.296 214 210 214
-0.28 -0.096 -0.296 214 210 214
-0.296 -0.088 -0.296 214 215 222
-0.288 -0.088 -0.296 206 206 206
-0.28 -0.088 -0.296 222 215 222
-0.304 -0.08 -0.296 214 215 214
-0.296 -0.08 -0.296 214 206 214
-0.288 -0.08 -0.296 222 219 222
-0.312 -0.072 -0.296 214 215 222
-0.304 -0.072 -0.296 214 215 214
-0.296 -0.072 -0.296 214 210 214
-0.264 -0.128 -0.288 214 210 222
-0.28 -0.12 -0.288 214 210 214
-0.272 -0.12 -0.288 214 215 214
-0.264 -0.12 -0.288 214 215 214
-0.288 -0.112 -0.288 214 215 222
-0.28 -0.112 -0.288 222 215 222
-0.272 -0.112 -0.288 214 215 214
-0.296 -0.104 -0.288 214 206 214
-0.288 -0.104 -0.288 214 210 214
-0.28 -0.104 -0.288 206 206 206
-0.296 -0.096 -0.288 214 210 214
-0.288 -0.096 -0.288 214 219 214
-0.304 -0.088 -0.288 206 215 214
-0.296 -0.088 -0.288 214 215 214
-0.312 -0.08 -0.288 214 215 214
-0.304 -0.08 -0.288 214 215 214
-0.296 -0.08 -0.288 214 215 214
-0.32 -0.072 -0.288 206 206 206
-0.312 -0.072 -0.288 214 210 214
-0.304 -0.072 -0.288 214 215 214
-0.28 -0.128 -0.28 206 206 206
-0.272 -0.128 -0.28 214 206 214
-0.264 -0.128 -0.28 206 206 206
-0.288 -0.12 -0.28 214 210 214
-0.28 -0.12 -0.28 214 206 214
-0.272 -0.12 -0.28 214 210 214
-0.296 -0.112 -0.28 206 210 214
-0.288 -0.112 -0.28 214 215 214
-0.28 -0.112 -0.28 214 210 214
-0.304 -0.104 -0.28 214 210 214
-0.296 -0.104 -0.28 214 210 214
-0.288 -0.104 -0.28 222 210 222
-0.304 -0.096 -0.28 214 210 214
-0.296 -0.096 -0.28 222 215 222
-0.312 -0.088 -0.28 206 210 214
-0.304 -0.088 -0.28 214 210 222
-0.32 -0.08 -0.28 206 206 206
-0.312 -0.08 -0.28 214 210 214
-0.304 -0.08 -0.28 214 215 214
-0.32 -0.072 -0.28 214 210 222
-0.312 -0.072 -0.28 197 210 206
-0.288 -0.128 -0.272 206 206 206
-0.28 -0.128 -0.272 214 215 214
-0.272 -0.128 -0.272 214 219 214
-0.296 -0.12 -0.272 206 210 214
-0.288 -0.12 -0.272 214 215 214
-0.28 -0.12 -0.272 214 210 214
-0.296 -0.112 -0.272 214 210 214
-0.288 -0.112 -0.272 206 210 206
-0.304 -0.104 -0.272 206 206 214
-0.296 -0.104 -0.272 206 206 214
-0.312 -0.096 -0.272 197 206 197
-0.304 -0.096 -0.272 214 215 214
-0.32 -0.088 -0.272 206 206 206
-0.312 -0.088 -0.272 214 210 214
-0.32 -0.08 -0.272 206 206 206
-0.312 -0.08 -0.272 206 206 206
-0.32 -0.072 -0.272 206 206 206
-0.288 -0.128 -0.264 206 210 206
-0.28 -0.128 -0.264 206 210 214
-0.296 -0.12 -0.264 214 210 214
-0.288 -0.12 -0.264 206 210 214
-0.304 -0.112 -0.264 197 198 197
-0.296 -0.112 -0.264 214 215 222
-0.312 -0.104 -0.264 165 178 165
-0.304 -0.104 -0.264 206 206 214
-0.32 -0.096 -0.264 148 125 123
-0.312 -0.096 -0.264 181 186 173
-0.304 -0.096 -0.264 206 206 214
-0.32 -0.088 -0.264 156 166 148
-0.312 -0.088 -0.264 197 198 197
-0.32 -0.08 -0.264 165 178 165
-0.296 -0.128 -0.256 181 194 173
-0.288 -0.128 -0.256 214 210 214
-0.304 -0.12 -0.256 165 101 107
-0.296 -0.12 -0.256 214 206 214
-0.312 -0.112 -0.256 99 36 25
-0.304 -0.112 -0.256 156 117 99
-0.312 -0.104 -0.256 107 45 25
-0.304 -0.104 -0.256 148 138 115
-0.32 -0.096 -0.256 115 45 25
-0.312 -0.096 -0.256 140 85 90
-0.32 -0.088 -0.256 99 45 33
-0.304 -0.128 -0.248 115 40 25
-0.296 -0.128 -0.248 107 57 49
-0.288 -0.128 -0.248 148 166 140
-0.304 -0.12 -0.248 115 40 16
-0.296 -0.12 -0.248 148 81 82
-0.312 -0.112 -0.248 107 40 25
-0.304 -0.112 -0.248 107 40 25
-0.32 -0.104 -0.248 107 40 25
-0.312 -0.104 -0.248 115 40 25
-0.32 -0.096 -0.248 107 40 25
-0.32 -0.088 -0.248 115 45 33
-0.304 -0.128 -0.24 123 40 25
-0.296 -0.128 -0.24 115 40 25
-0.312 -0.12 -0.24 107 36 25
-0.304 -0.12 -0.24 115 40 25
-0.312 -0.112 -0.24 115 36 33
-0.32 -0.104 -0.24 107 36 25
-0.312 -0.104 -0.24 115 40 33
-0.32 -0.096 -0.24 115 40 25
-0.32 -0.088 -0.24 123 45 33
-0.312 -0.128 -0.232 99 28 16
-0.304 -0.128 -0.232 115 36 25
-0.312 -0.12 -0.232 99 36 33
-0.304 -0.12 -0.232 115 40 25
-0.32 -0.112 -0.232 82 28 16
-0.312 -0.112 -0.232 99 36 25
-0.32 -0.104 -0.232 90 32 25
-0.312 -0.104 -0.232 99 36 25
-0.32 -0.096 -0.232 90 36 33
-0.312 -0.128 -0.224 107 32 25
-0.304 -0.128 -0.224 82 24 16
-0.32 -0.12 -0.224 99 45 33
-0.312 -0.12 -0.224 82 24 16
-0.32 -0.112 -0.224 99 32 25
-0.312 -0.112 -0.224 74 24 16
-0.32 -0.104 -0.224 107 36 25
-0.32 -0.096 -0.224 107 36 33
-0.312 -0.128 -0.216 74 77 33
-0.32 -0.12 -0.216 66 97 49
-0.312 -0.12 -0.216 90 65 33
-0.32 -0.112 -0.216 99 69 25
-0.312 -0.112 -0.216 115 49 25
-0.32 -0.104 -0.216 140 49 25
-0.32 -0.096 -0.216 140 49 25
-0.312 -0.128 -0.208 49 97 49
-0.32 -0.12 -0.208 33 101 41
-0.312 -0.12 -0.208 49 105 58
-0.32 -0.112 -0.208 90 73 25
-0.312 -0.112 -0.208 82 81 25
-0.32 -0.104 -0.208 140 49 25
-0.32 -0.128 -0.2 25 89 25
-0.312 -0.128 -0.2 25 93 33
-0.32 -0.12 -0.2 33 93 33
-0.312 -0.12 -0.2 25 97 33
-0.32 -0.112 -0.2 90 73 25
-0.264 -0.104 -0.2 165 158 156
-0.32 -0.128 -0.192 25 85 25
-0.312 -0.128 -0.192 25 89 25
-0.32 -0.12 -0.192 25 85 33
-0.312 -0.12 -0.192 25 89 33
-0.32 -0.128 -0.184 25 81 25
-0.32 -0.12 -0.184 16 77 16
-0.32 -0.128 -0.176 0 69 8
-0.32 -0.12 -0.176 0 65 0
-0.856 -0.152 0.04 197 206 197
-0.848 -0.152 0.04 197 206 197
-0.864 -0.144 0.04 189 206 197
-0.856 -0.144 0.04 189 206 197
-0.864 -0.136 0.04 189 206 197
-0.856 -0.136 0.04 189 206 197
-0.864 -0.192 0.048 222 219 222
-0.864 -0.184 0.048 230 227 230
-0.856 -0.184 0.048 230 227 230
-0.872 -0.176 0.048 239 235 239
-0.856 -0.176 0.048 230 235 230
-0.864 -0.168 0.048 239 235 239
-0.888 -0.16 0.048 206 219 214
-0.896 -0.152 0.048 189 206 206
-0.888 -0.152 0.048 189 206 206
-0.888 -0.144 0.048 189 206 197
-0.88 -0.136 0.048 189 202 197
-0.896 -0.136 0.056 189 206 197
-0.328 -0.088 -0.256 115 49 33
-0.328 -0.08 -0.256 115 49 25
-0.336 -0.072 -0.256 123 53 33
-0.328 -0.088 -0.248 115 45 33
-0.336 -0.08 -0.248 115 49 33
-0.328 -0.08 -0.248 123 49 33
-0.336 -0.072 -0.248 123 49 33
-0.328 -0.096 -0.24 107 40 33
-0.328 -0.088 -0.24 99 40 25
-0.336 -0.08 -0.24 99 40 33
-0.328 -0.08 -0.24 115 45 33
-0.336 -0.072 -0.24 107 45 33
-0.328 -0.096 -0.232 90 36 33
-0.328 -0.088 -0.232 90 36 33
-0.336 -0.08 -0.232 115 49 33
-0.328 -0.08 -0.232 99 40 33
-0.336 -0.072 -0.232 107 49 33
-0.328 -0.096 -0.224 132 49 25
-0.328 -0.088 -0.224 123 45 33
-0.336 -0.08 -0.224 140 53 25
-0.328 -0.08 -0.224 132 53 33
-0.344 -0.072 -0.224 140 57 25
-0.336 -0.072 -0.224 132 57 33
-0.328 -0.104 -0.216 148 45 25
-0.328 -0.096 -0.216 140 49 25
-0.336 -0.088 -0.216 132 49 16
-0.328 -0.088 -0.216 140 49 25
-0.336 -0.08 -0.216 140 53 16
-0.328 -0.08 -0.216 140 53 25
-0.344 -0.072 -0.216 140 49 16
-0.336 -0.072 -0.216 140 57 25
-0.328 -0.112 -0.208 99 69 25
-0.336 -0.104 -0.208 132 40 16
-0.328 -0.104 -0.208 140 45 16
-0.336 -0.096 -0.208 132 40 8
-0.328 -0.096 -0.208 140 45 16
-0.336 -0.088 -0.208 140 45 16
-0.328 -0.088 -0.208 140 45 16
-0.344 -0.08 -0.208 132 40 8
-0.336 -0.08 -0.208 132 40 8
-0.352 -0.072 -0.208 173 101 90
-0.344 -0.072 -0.208 123 49 25
-0.336 -0.112 -0.2 82 65 16
-0.328 -0.112 -0.2 90 69 25
-0.336 -0.104 -0.2 132 36 8
-0.328 -0.104 -0.2 132 40 16
-0.336 -0.096 -0.2 123 32 0
-0.344 -0.088 -0.2 132 36 0
-0.336 -0.088 -0.2 132 40 8
-0.344 -0.08 -0.2 132 40 16
-0.336 -0.08 -0.2 140 45 16
-0.352 -0.072 -0.2 140 65 66
-0.344 -0.072 -0.2 173 105 90
-0.344 -0.112 -0.192 99 49 0
-0.336 -0.112 -0.192 107 53 8
-0.328 -0.112 -0.192 82 61 16
-0.344 -0.104 -0.192 123 32 0
-0.336 -0.104 -0.192 132 32 0
-0.344 -0.096 -0.192 132 36 8
-0.336 -0.096 -0.192 123 32 0
-0.344 -0.088 -0.192 140 40 16
-0.336 -0.088 -0.192 132 36 8
-0.352 -0.08 -0.192 123 45 8
-0.344 -0.08 -0.192 123 45 16
-0.352 -0.072 -0.192 115 45 16
-0.328 -0.128 -0.184 8 73 16
-0.328 -0.12 -0.184 8 73 8
-0.344 -0.112 -0.184 132 32 0
-0.336 -0.112 -0.184 90 45 0
-0.344 -0.104 -0.184 123 32 0
-0.336 -0.104 -0.184 123 32 0
-0.344 -0.096 -0.184 123 32 0
-0.336 -0.096 -0.184 123 32 0
-0.344 -0.088 -0.184 115 36 16
-0.336 -0.088 -0.184 123 40 16
-0.352 -0.08 -0.184 132 53 16
-0.344 -0.08 -0.184 123 45 8
-0.36 -0.072 -0.184 115 65 41
-0.352 -0.072 -0.184 107 53 25
-0.328 -0.128 -0.176 0 61 0
-0.328 -0.12 -0.176 0 61 0
-0.352 -0.112 -0.176 123 32 0
-0.344 -0.112 -0.176 90 49 8
-0.352 -0.104 -0.176 123 28 0
-0.344 -0.104 -0.176 123 32 0
-0.344 -0.096 -0.176 123 32 0
-0.336 -0.096 -0.176 123 36 0
-0.344 -0.088 -0.176 99 28 8
-0.336 -0.088 -0.176 99 28 8
-0.352 -0.08 -0.176 156 81 90
-0.352 -0.072 -0.176 165 130 107
-0.328 -0.128 -0.168 0 45 8
-0.336 -0.12 -0.168 0 40 8
-0.328 -0.12 -0.168 0 49 0
-0.36 -0.112 -0.168 115 28 0
-0.352 -0.112 -0.168 107 32 0
-0.344 -0.112 -0.168 107 40 0
-0.352 -0.104 -0.168 123 28 0
-0.344 -0.104 -0.168 123 32 0
-0.344 -0.096 -0.168 123 36 0
-0.344 -0.088 -0.168 115 40 8
-0.352 -0.08 -0.168 165 174 148
-0.352 -0.072 -0.168 206 210 214
-0.328 -0.128 -0.16 74 81 82
-0.336 -0.12 -0.16 25 65 16
-0.328 -0.12 -0.16 25 40 41
-0.36 -0.112 -0.16 115 28 0
-0.352 -0.112 -0.16 115 28 0
-0.352 -0.104 -0.16 115 28 0
-0.352 -0.096 -0.16 123 36 8
-0.344 -0.096 -0.16 115 32 0
-0.352 -0.088 -0.16 115 49 16
-0.344 -0.088 -0.16 107 40 8
-0.352 -0.08 -0.16 173 166 156
-0.352 -0.072 -0.16 197 206 214
-0.336 -0.128 -0.152 58 93 58
-0.328 -0.128 -0.152 74 121 66
-0.336 -0.12 -0.152 49 89 33
-0.328 -0.12 -0.152 58 113 58
-0.36 -0.112 -0.152 115 28 0
-0.352 -0.104 -0.152 115 28 0
-0.352 -0.096 -0.152 115 32 0
-0.344 -0.096 -0.152 115 36 0
-0.352 -0.088 -0.152 115 49 16
-0.344 -0.088 -0.152 115 45 16
-0.352 -0.08 -0.152 173 150 140
-0.352 -0.072 -0.152 197 206 206
-0.336 -0.128 -0.144 0 53 0
-0.328 -0.128 -0.144 0 53 0
-0.336 -0.12 -0.144 0 53 0
-0.328 -0.12 -0.144 0 53 0
-0.36 -0.112 -0.144 115 28 0
-0.352 -0.104 -0.144 115 32 0
-0.352 -0.096 -0.144 115 32 0
-0.344 -0.096 -0.144 115 32 0
-0.352 -0.088 -0.144 107 45 16
-0.344 -0.088 -0.144 115 45 16
-0.36 -0.08 -0.144 165 170 156
-0.352 -0.08 -0.144 156 154 148
-0.36 -0.072 -0.144 189 198 197
-0.352 -0.072 -0.144 197 198 197
-0.336 -0.128 -0.136 0 53 0
-0.328 -0.128 -0.136 0 49 0
-0.336 -0.12 -0.136 0 53 0
-0.36 -0.112 -0.136 107 28 0
-0.36 -0.104 -0.136 115 28 0
-0.352 -0.104 -0.136 115 32 0
-0.352 -0.096 -0.136 107 32 0
-0.352 -0.088 -0.136 115 45 16
-0.344 -0.088 -0.136 115 45 8
-0.36 -0.08 -0.136 156 154 140
-0.352 -0.08 -0.136 156 150 140
-0.36 -0.072 -0.136 197 202 206
-0.352 -0.072 -0.136 197 202 206
-0.2 -0.264 0.064 140 146 140
-0.336 -0.128 -0.128 0 49 0
-0.344 -0.12 -0.128 0 49 0
-0.336 -0.12 -0.128 0 49 0
-0.36 -0.112 -0.128 107 28 0
-0.36 -0.104 -0.128 115 28 0
-0.352 -0.104 -0.128 107 32 0
-0.352 -0.096 -0.128 107 32 0
-0.352 -0.088 -0.128 115 45 16
-0.344 -0.088 -0.128 115 45 16
-0.36 -0.08 -0.128 148 138 140
-0.352 -0.08 -0.128 148 134 132
-0.368 -0.072 -0.128 156 162 165
-0.36 -0.072 -0.128 173 182 181
-0.336 -0.128 -0.12 0 49 0
-0.344 -0.12 -0.12 0 45 0
-0.336 -0.12 -0.12 0 45 0
-0.368 -0.112 -0.12 99 28 0
-0.36 -0.112 -0.12 99 20 0
-0.36 -0.104 -0.12 99 28 0
-0.36 -0.096 -0.12 107 32 8
-0.352 -0.096 -0.12 107 32 8
-0.352 -0.088 -0.12 107 45 16
-0.368 -0.08 -0.12 156 154 132
-0.36 -0.08 -0.12 132 117 115
-0.368 -0.072 -0.12 156 170 165
-0.36 -0.072 -0.12 148 154 156
-0.344 -0.128 -0.112 0 32 0
-0.336 -0.128 -0.112 0 36 0
-0.352 -0.12 -0.112 25 32 0
-0.344 -0.12 -0.112 0 40 0
-0.336 -0.12 -0.112 0 45 0
-0.368 -0.112 -0.112 99 24 0
-0.36 -0.112 -0.112 99 24 0
-0.36 -0.104 -0.112 99 24 0
-0.36 -0.096 -0.112 90 28 8
-0.352 -0.096 -0.112 99 28 8
-0.36 -0.088 -0.112 107 36 16
-0.352 -0.088 -0.112 107 40 16
-0.368 -0.08 -0.112 148 134 123
-0.36 -0.08 -0.112 148 138 132
-0.368 -0.072 -0.112 173 182 181
-0.344 -0.128 -0.104 0 36 0
-0.336 -0.128 -0.104 25 40 25
-0.352 -0.12 -0.104 8 45 0
-0.344 -0.12 -0.104 0 45 0
-0.368 -0.112 -0.104 99 24 0
-0.36 -0.112 -0.104 99 24 0
-0.36 -0.104 -0.104 99 40 33
-0.36 -0.096 -0.104 82 49 33
-0.36 -0.088 -0.104 82 40 16
-0.352 -0.088 -0.104 107 40 16
-0.368 -0.08 -0.104 156 154 132
-0.352 -0.08 -0.104 107 81 66
-0.376 -0.072 -0.104 173 182 181
-0.368 -0.072 -0.104 165 174 165
-0.344 -0.128 -0.096 8 40 8
-0.384 -0.12 -0.096 107 40 16
-0.36 -0.12 -0.096 49 40 8
-0.352 -0.12 -0.096 25 53 16
-0.344 -0.12 -0.096 8 53 16
-0.368 -0.112 -0.096 107 32 0
-0.36 -0.112 -0.096 90 40 16
-0.36 -0.104 -0.096 90 36 16
-0.36 -0.096 -0.096 107 101 82
-0.352 -0.096 -0.096 107 77 74
-0.368 -0.088 -0.096 90 40 25
-0.36 -0.088 -0.096 99 40 25
-0.344 -0.088 -0.096 115 101 107
-0.376 -0.08 -0.096 148 154 140
-0.368 -0.08 -0.096 156 162 148
-0.376 -0.072 -0.096 189 198 197
-0.336 -0.072 -0.096 90 93 90
-0.352 -0.128 -0.088 0 40 0
-0.344 -0.128 -0.088 0 32 0
-0.384 -0.12 -0.088 107 36 0
-0.368 -0.12 -0.088 58 45 8
-0.36 -0.12 -0.088 49 49 16
-0.352 -0.12 -0.088 16 53 8
-0.376 -0.112 -0.088 115 32 8
-0.368 -0.112 -0.088 115 32 8
-0.36 -0.112 -0.088 107 28 0
-0.376 -0.104 -0.088 115 36 8
-0.368 -0.104 -0.088 115 36 8
-0.368 -0.096 -0.088 99 32 0
-0.344 -0.096 -0.088 82 85 82
-0.336 -0.096 -0.088 33 36 33
-0.368 -0.088 -0.088 115 49 33
-0.36 -0.088 -0.088 99 45 33
-0.352 -0.088 -0.088 99 61 41
-0.328 -0.088 -0.088 74 73 66
-0.376 -0.08 -0.088 156 158 132
-0.336 -0.08 -0.088 123 130 123
-0.384 -0.072 -0.088 181 190 189
-0.376 -0.072 -0.088 181 190 189
-0.352 -0.128 -0.08 0 40 0
-0.376 -0.12 -0.08 107 69 49
-0.368 -0.12 -0.08 58 40 0
-0.36 -0.12 -0.08 49 40 8
-0.376 -0.112 -0.08 123 36 8
-0.368 -0.112 -0.08 123 36 8
-0.376 -0.104 -0.08 123 36 8
-0.368 -0.104 -0.08 123 36 8
-0.352 -0.104 -0.08 156 154 156
-0.376 -0.096 -0.08 99 32 8
-0.368 -0.096 -0.08 90 28 8
-0.376 -0.088 -0.08 115 40 16
-0.368 -0.088 -0.08 123 45 16
-0.328 -0.088 -0.08 132 134 123
-0.384 -0.08 -0.08 140 81 58
-0.376 -0.08 -0.08 156 89 74
-0.384 -0.072 -0.08 181 186 181
-0.376 -0.128 -0.072 82 45 16
-0.36 -0.128 -0.072 0 45 0
-0.352 -0.128 -0.072 0 45 0
-0.376 -0.12 -0.072 90 36 0
-0.368 -0.12 -0.072 74 36 0
-0.36 -0.12 -0.072 58 32 0
-0.376 -0.112 -0.072 82 49 41
-0.368 -0.112 -0.072 123 36 8
-0.376 -0.104 -0.072 90 53 41
-0.368 -0.104 -0.072 74 49 41
-0.384 -0.096 -0.072 123 40 8
-0.376 -0.096 -0.072 123 36 8
-0.384 -0.088 -0.072 107 32 8
-0.376 -0.088 -0.072 99 32 8
-0.384 -0.08 -0.072 115 40 8
-0.384 -0.072 -0.072 140 65 41
-0.736 -0.616 0 206 202 206
-0.736 -0.608 0 206 202 206
-0.44 -0.128 -0.128 115 125 123
-0.44 -0.12 -0.128 140 162 165
-0.408 -0.128 -0.104 82 93 82
-0.4 -0.128 -0.104 82 93 82
-0.4 -0.128 -0.096 107 113 107
-0.392 -0.128 -0.096 82 89 82
-0.392 -0.072 -0.072 132 53 25
-0.456 -0.08 -0.032 206 206 214
-0.48 -0.072 -0.032 255 255 255
-0.472 -0.072 -0.032 230 239 239
-0.456 -0.096 -0.024 197 198 197
-0.464 -0.088 -0.024 197 202 206
-0.488 -0.08 -0.024 230 227 239
-0.48 -0.08 -0.024 230 223 230
-0.472 -0.08 -0.024 214 210 222
-0.456 -0.112 -0.016 206 206 214
-0.472 -0.104 -0.016 189 206 197
-0.464 -0.104 -0.016 197 202 197
-0.488 -0.096 -0.016 197 198 197
-0.48 -0.096 -0.016 197 198 197
-0.496 -0.088 -0.016 197 202 197
-0.488 -0.088 -0.016 197 198 197
-0.512 -0.08 -0.016 222 215 222
-0.464 -0.128 -0.008 189 198 189
-0.456 -0.128 -0.008 197 198 197
-0.48 -0.12 -0.008 189 198 197
-0.472 -0.12 -0.008 197 194 189
-0.496 -0.112 -0.008 197 202 197
-0.488 -0.112 -0.008 197 202 206
-0.512 -0.104 -0.008 197 198 197
-0.504 -0.104 -0.008 189 198 197
-0.624 -0.072 -0.016 206 206 206
-0.616 -0.072 -0.016 206 202 206
-0.608 -0.072 -0.016 206 206 206
-0.6 -0.072 -0.016 197 202 206
-0.592 -0.072 -0.016 197 202 206
-0.584 -0.072 -0.016 206 206 206
-0.616 -0.08 -0.008 197 202 206
-0.608 -0.08 -0.008 197 202 206
-0.6 -0.08 -0.008 197 202 206
-0.584 -0.08 -0.008 206 202 206
-0.52 -0.072 -0.024 255 255 255
-0.52 -0.08 -0.016 214 206 214
-0.576 -0.072 -0.016 206 206 206
-0.568 -0.072 -0.016 206 206 214
-0.56 -0.072 -0.016 206 202 206
-0.544 -0.072 -0.016 206 206 206
-0.528 -0.096 -0.008 197 198 197
-0.52 -0.096 -0.008 197 198 197
-0.544 -0.088 -0.008 206 202 206
-0.536 -0.088 -0.008 206 202 206
-0.576 -0.08 -0.008 206 202 206
-0.568 -0.08 -0.008 206 202 206
-0.56 -0.08 -0.008 206 206 206
-0.328 -0.072 -0.28 206 202 206
-0.328 -0.08 -0.272 197 198 197
-0.336 -0.072 -0.272 156 170 156
-0.328 -0.072 -0.272 206 206 206
-0.328 -0.088 -0.264 123 65 58
-0.328 -0.08 -0.264 132 77 74
-0.336 -0.072 -0.264 99 49 33
-0.328 -0.072 -0.264 148 138 132
-0.416 -0.048 -0.128 165 85 16
-0.408 -0.048 -0.128 156 89 16
-0.424 -0.04 -0.128 156 81 8
-0.416 -0.04 -0.128 148 81 0
-0.432 -0.032 -0.128 148 77 8
-0.424 -0.032 -0.128 148 81 8
-0.448 -0.024 -0.128 148 77 8
-0.392 -0.056 -0.12 165 162 140
-0.416 -0.048 -0.12 156 89 8
-0.408 -0.048 -0.12 156 89 8
-0.424 -0.04 -0.12 156 85 0
-0.416 -0.04 -0.12 156 85 0
-0.432 -0.032 -0.12 132 69 8
-0.424 -0.032 -0.12 140 73 8
-0.448 -0.024 -0.12 140 77 8
-0.392 -0.056 -0.112 156 166 148
-0.416 -0.048 -0.112 156 85 8
-0.408 -0.048 -0.112 148 85 8
-0.424 -0.04 -0.112 165 89 0
-0.416 -0.04 -0.112 156 85 0
-0.432 -0.032 -0.112 123 69 0
-0.424 -0.032 -0.112 132 69 8
-0.4 -0.056 -0.104 156 154 123
-0.392 -0.056 -0.104 148 162 148
-0.416 -0.048 -0.104 156 85 8
-0.408 -0.048 -0.104 156 85 8
-0.424 -0.04 -0.104 165 89 0
-0.416 -0.04 -0.104 165 93 8
-0.432 -0.032 -0.104 123 65 0
-0.424 -0.032 -0.104 123 65 0
-0.4 -0.056 -0.096 165 166 140
-0.392 -0.056 -0.096 156 170 140
-0.416 -0.048 -0.096 173 97 16
-0.408 -0.048 -0.096 173 93 8
-0.424 -0.04 -0.096 156 85 0
-0.416 -0.04 -0.096 156 85 0
-0.432 -0.032 -0.096 132 73 0
-0.424 -0.032 -0.096 132 73 0
-0.392 -0.064 -0.088 189 194 189
-0.4 -0.056 -0.088 165 166 132
-0.416 -0.048 -0.088 173 97 16
-0.408 -0.048 -0.088 173 97 16
-0.424 -0.04 -0.088 165 85 0
-0.416 -0.04 -0.088 165 85 0
-0.432 -0.032 -0.088 132 69 8
-0.424 -0.032 -0.088 132 69 8
-0.392 -0.064 -0.08 181 170 148
-0.408 -0.056 -0.08 165 101 58
-0.4 -0.056 -0.08 165 121 74
-0.416 -0.048 -0.08 156 77 0
-0.408 -0.048 -0.08 156 81 0
-0.424 -0.04 -0.08 156 77 8
-0.416 -0.04 -0.08 156 81 0
-0.432 -0.032 -0.08 115 61 8
-0.4 -0.064 -0.072 156 65 25
-0.392 -0.064 -0.072 148 69 33
-0.408 -0.056 -0.072 148 69 8
-0.4 -0.056 -0.072 156 69 8
-0.416 -0.048 -0.072 165 73 8
-0.408 -0.048 -0.072 165 73 8
-0.424 -0.04 -0.072 140 69 8
-0.416 -0.04 -0.072 148 73 8
-0.432 -0.032 -0.072 123 65 16
-0.368 -0.064 -0.128 132 146 132
-0.36 -0.064 -0.128 140 162 140
-0.384 -0.056 -0.128 140 150 132
-0.376 -0.056 -0.128 115 125 123
-0.368 -0.064 -0.12 156 166 165
-0.384 -0.056 -0.12 181 190 189
-0.376 -0.064 -0.112 173 178 181
-0.368 -0.064 -0.112 173 186 181
-0.376 -0.064 -0.104 165 174 173
-0.384 -0.064 -0.096 189 198 189
-0.376 -0.064 -0.096 181 194 189
-0.328 -0.064 -0.096 99 105 107
-0.384 -0.064 -0.088 181 198 197
-0.384 -0.064 -0.08 181 190 181
-0.36 -0.064 -0.192 123 49 0
-0.352 -0.064 -0.192 115 45 0
-0.368 -0.056 -0.192 148 65 0
-0.36 -0.056 -0.192 148 61 0
-0.376 -0.048 -0.192 173 85 16
-0.368 -0.048 -0.192 181 93 41
-0.36 -0.064 -0.184 132 61 16
-0.368 -0.056 -0.184 173 89 0
-0.36 -0.056 -0.184 165 73 0
-0.384 -0.048 -0.184 181 105 8
-0.36 -0.064 -0.176 156 109 74
-0.368 -0.056 -0.176 173 130 49
-0.352 -0.064 -0.168 173 182 173
-0.376 -0.056 -0.168 189 150 115
-0.368 -0.056 -0.168 189 182 165
-0.352 -0.064 -0.16 206 210 214
-0.376 -0.056 -0.16 173 158 123
-0.36 -0.064 -0.152 197 198 206
-0.352 -0.064 -0.152 189 198 197
-0.384 -0.056 -0.152 173 130 74
-0.36 -0.064 -0.144 197 202 206
-0.352 -0.064 -0.144 197 202 206
-0.384 -0.056 -0.144 181 166 140
-0.368 -0.056 -0.144 206 206 214
-0.36 -0.056 -0.144 197 202 206
-0.36 -0.064 -0.136 189 198 197
-0.384 -0.056 -0.136 148 134 115
-0.376 -0.056 -0.136 181 190 189
-0.256 -0.064 -0.312 206 206 214
-0.248 -0.064 -0.304 214 210 214
-0.344 -0.064 -0.256 123 57 33
-0.336 -0.064 -0.256 115 57 33
-0.352 -0.056 -0.256 115 57 33
-0.344 -0.056 -0.256 123 61 33
-0.36 -0.048 -0.256 107 49 33
-0.352 -0.048 -0.256 99 49 33
-0.368 -0.04 -0.256 107 53 41
-0.344 -0.064 -0.248 107 49 33
-0.336 -0.064 -0.248 115 53 33
-0.352 -0.056 -0.248 107 53 41
-0.344 -0.056 -0.248 115 53 41
-0.36 -0.048 -0.248 115 61 41
-0.352 -0.048 -0.248 107 53 33
-0.376 -0.04 -0.248 123 69 49
-0.368 -0.04 -0.248 115 69 49
-0.384 -0.032 -0.248 115 65 49
-0.344 -0.064 -0.24 115 53 41
-0.336 -0.064 -0.24 107 49 41
-0.352 -0.056 -0.24 123 61 41
-0.344 -0.056 -0.24 115 53 41
-0.36 -0.048 -0.24 123 69 41
-0.376 -0.04 -0.24 132 73 49
-0.368 -0.04 -0.24 123 73 49
-0.384 -0.032 -0.24 123 73 49
-0.344 -0.064 -0.232 123 57 33
-0.352 -0.056 -0.232 132 65 41
-0.368 -0.048 -0.232 140 73 41
-0.36 -0.048 -0.232 140 73 41
-0.384 -0.04 -0.232 148 85 49
-0.376 -0.04 -0.232 140 81 49
-0.352 -0.064 -0.224 148 61 25
-0.344 -0.064 -0.224 140 57 33
-0.36 -0.056 -0.224 148 61 25
-0.352 -0.056 -0.224 148 69 33
-0.368 -0.048 -0.224 156 77 33
-0.384 -0.04 -0.224 156 85 41
-0.376 -0.04 -0.224 148 85 49
-0.352 -0.064 -0.216 132 49 8
-0.344 -0.064 -0.216 148 57 25
-0.36 -0.056 -0.216 148 57 16
-0.352 -0.056 -0.216 148 61 25
-0.368 -0.048 -0.216 156 73 16
-0.384 -0.04 -0.216 148 81 33
-0.376 -0.04 -0.216 156 81 41
-0.352 -0.064 -0.208 156 73 66
-0.36 -0.056 -0.208 148 53 16
-0.376 -0.048 -0.208 156 69 16
-0.368 -0.048 -0.208 156 69 8
-0.384 -0.04 -0.208 156 69 0
-0.36 -0.064 -0.2 115 36 8
-0.352 -0.064 -0.2 148 61 58
-0.36 -0.056 -0.2 140 53 8
-0.376 -0.048 -0.2 181 97 41
-0.368 -0.048 -0.2 173 85 41
-0.384 -0.04 -0.2 165 89 16
-0.4 -0.064 -0.064 156 61 8
-0.392 -0.064 -0.064 156 61 8
-0.408 -0.056 -0.064 156 65 16
-0.4 -0.056 -0.064 156 69 16
-0.416 -0.048 -0.064 148 69 16
-0.408 -0.048 -0.064 148 73 16
-0.424 -0.04 -0.064 132 69 16
-0.416 -0.04 -0.064 132 69 16
-0.432 -0.032 -0.064 123 65 16
-0.448 -0.024 -0.064 123 69 16
-0.4 -0.064 -0.056 140 61 25
-0.392 -0.064 -0.056 140 61 25
-0.408 -0.056 -0.056 148 69 25
-0.4 -0.056 -0.056 148 65 16
-0.416 -0.048 -0.056 140 69 16
-0.408 -0.048 -0.056 140 69 16
-0.424 -0.04 -0.056 123 69 25
-0.44 -0.032 -0.056 123 73 25
-0.432 -0.032 -0.056 123 73 25
-0.4 -0.064 -0.048 140 73 33
-0.408 -0.056 -0.048 140 73 33
-0.4 -0.056 -0.048 140 73 33
-0.416 -0.048 -0.048 148 73 33
-0.432 -0.04 -0.048 140 77 41
-0.424 -0.04 -0.048 140 77 41
-0.448 -0.032 -0.048 132 85 49
-0.44 -0.032 -0.048 123 81 41
-0.416 -0.064 -0.04 189 117 115
-0.408 -0.064 -0.04 165 105 99
-0.424 -0.056 -0.04 156 101 90
-0.416 -0.056 -0.04 156 97 74
-0.408 -0.056 -0.04 156 93 74
-0.432 -0.048 -0.04 148 93 66
-0.424 -0.048 -0.04 148 89 66
-0.448 -0.04 -0.04 148 93 58
-0.44 -0.04 -0.04 148 89 58
-0.392 -0.032 -0.256 107 65 49
-0.392 -0.032 -0.24 132 77 49
-0.392 -0.032 -0.232 140 81 49
-0.4 -0.032 -0.224 140 81 41
-0.392 -0.032 -0.224 148 85 41
-0.4 -0.032 -0.216 148 81 33
-0.448 -0.024 -0.216 148 77 16
-0.4 -0.032 -0.208 140 77 25
-0.44 -0.024 -0.208 148 81 8
-0.392 -0.04 -0.2 173 85 25
-0.408 -0.032 -0.2 156 77 8
-0.4 -0.032 -0.2 148 77 16
-0.44 -0.024 -0.2 156 89 8
-0.456 -0.024 -0.064 115 65 25
-0.504 -0.024 -0.056 123 77 33
-0.496 -0.024 -0.056 123 73 33
-0.472 -0.024 -0.056 123 69 25
-0.504 -0.024 -0.048 156 154 156
-0.512 -0.056 -0.04 206 194 197
-0.504 -0.056 -0.04 214 202 206
-0.496 -0.056 -0.04 214 206 214
-0.488 -0.032 -0.04 140 93 66
-0.48 -0.032 -0.04 140 93 66
-0.464 -0.032 -0.04 148 89 58
-0.456 -0.032 -0.04 148 89 58
-0.512 -0.064 -0.032 255 255 255
-0.488 -0.064 -0.032 255 255 255
-0.576 -0.016 -0.064 132 81 41
-0.568 -0.016 -0.064 132 81 41
-0.56 -0.024 -0.056 132 85 58
-0.576 -0.048 -0.048 197 182 189
-0.576 -0.04 -0.048 197 178 181
-0.576 -0.024 -0.048 132 89 58
-0.56 -0.024 -0.048 132 89 58
-0.552 -0.024 -0.048 123 77 58
-0.576 -0.056 -0.04 214 210 214
-0.568 -0.056 -0.04 214 210 214
-0.56 -0.056 -0.04 247 239 239
-0.552 -0.056 -0.04 230 219 222
-0.536 -0.056 -0.04 230 219 222
-0.528 -0.056 -0.04 206 194 197
-0.52 -0.056 -0.04 206 194 197
-0.568 -0.048 -0.04 197 186 189
-0.568 -0.064 -0.032 247 243 247
-0.552 -0.064 -0.032 255 255 255
-0.528 -0.064 -0.032 255 251 255
-0.52 -0.064 -0.032 255 251 255
-0.568 -0.064 -0.024 239 239 247
-0.56 -0.064 -0.024 247 243 247
-0.552 -0.064 -0.024 247 247 247
-0.544 -0.064 -0.024 255 255 255
-0.584 -0.04 -0.048 197 178 181
-0.592 -0.032 -0.048 206 182 181
-0.584 -0.032 -0.048 214 194 189
-0.632 -0.024 -0.048 156 154 156
-0.64 -0.056 -0.04 222 227 230
-0.624 -0.056 -0.04 230 227 230
-0.6 -0.056 -0.04 222 219 222
-0.592 -0.056 -0.04 214 210 214
-0.584 -0.056 -0.04 214 210 214
-0.592 -0.064 -0.032 247 243 247
-0.64 -0.056 -0.032 239 239 247
-0.624 -0.064 -0.024 222 219 222
-0.616 -0.064 -0.024 230 227 230
-0.608 -0.064 -0.024 230 223 230
-0.584 -0.064 -0.024 239 231 239
-0.64 -0.064 -0.016 206 202 206
-0.632 -0.064 -0.016 206 202 206
-0.6 -0.064 -0.016 206 202 206
-0.832 0.072 0.064 197 202 197
-0.832 0.08 0.064 197 202 197
-0.832 0.088 0.064 189 202 197
-0.832 0.096 0.064 197 202 197
-0.824 0.096 0.064 197 202 197
-0.832 0.104 0.064 197 202 206
-0.824 0.104 0.064 189 202 197
-0.832 0.112 0.064 189 198 197
-0.824 0.112 0.064 189 198 189
-0.832 0.12 0.064 189 202 197
-0.824 0.12 0.064 189 198 189
-0.832 0.096 0.072 189 198 197
-0.832 0.104 0.072 189 198 189
-0.832 0.112 0.072 189 198 197
-0.832 0.12 0.072 197 198 197
-0.776 -0.008 -0.032 189 198 189
-0.776 -0.032 -0.024 189 198 189
-0.776 -0.024 -0.024 189 198 197
-0.784 -0.016 -0.024 189 198 197
-0.776 -0.016 -0.024 189 198 197
-0.784 -0.008 -0.024 189 198 189
-0.776 -0.008 -0.024 189 198 189
-0.776 -0.048 -0.016 197 198 197
-0.784 -0.04 -0.016 189 202 197
-0.792 -0.032 -0.016 189 198 197
-0.784 -0.032 -0.016 189 198 197
-0.792 -0.024 -0.016 189 198 197
-0.784 -0.024 -0.016 189 198 197
-0.792 -0.016 -0.016 189 198 189
-0.784 -0.016 -0.016 189 198 189
-0.792 -0.008 -0.016 189 198 189
-0.784 -0.008 -0.016 189 198 189
-0.784 -0.056 -0.008 197 198 197
-0.8 -0.048 -0.008 189 202 197
-0.792 -0.048 -0.008 189 202 197
-0.808 -0.04 -0.008 189 198 197
-0.8 -0.04 -0.008 189 198 197
-0.808 -0.032 -0.008 189 198 197
-0.8 -0.032 -0.008 189 198 197
-0.808 -0.024 -0.008 189 198 197
-0.8 -0.024 -0.008 189 198 197
-0.8 -0.016 -0.008 189 198 197
-0.8 -0.008 -0.008 189 198 189
-0.792 -0.008 -0.008 189 198 189
-0.488 -0.024 -0.256 132 73 33
-0.48 -0.024 -0.248 132 73 33
-0.48 -0.024 -0.24 140 73 25
-0.472 -0.024 -0.232 140 73 16
-0.464 -0.024 -0.224 140 77 16
-0.504 -0.024 -0.208 156 81 16
-0.496 -0.024 -0.2 156 85 16
-0.488 -0.024 -0.192 165 93 16
-0.48 -0.024 -0.184 148 85 8
-0.456 -0.024 -0.176 156 85 8
-0.4 -0.04 -0.192 165 89 0
-0.392 -0.04 -0.192 165 85 0
-0.416 -0.032 -0.192 165 89 0
-0.408 -0.032 -0.192 165 85 0
-0.392 -0.048 -0.184 173 105 8
-0.4 -0.04 -0.184 165 93 0
-0.416 -0.032 -0.184 165 89 8
-0.4 -0.048 -0.176 181 101 16
-0.392 -0.048 -0.176 181 101 16
-0.408 -0.04 -0.176 173 97 0
-0.4 -0.04 -0.176 173 93 0
-0.424 -0.032 -0.176 165 93 8
-0.416 -0.032 -0.176 165 89 8
-0.4 -0.048 -0.168 181 105 16
-0.392 -0.048 -0.168 181 97 8
-0.408 -0.04 -0.168 173 93 0
-0.424 -0.032 -0.168 165 93 8
-0.416 -0.032 -0.168 165 89 0
-0.448 -0.024 -0.168 156 89 8
-0.44 -0.024 -0.168 156 89 0
-0.408 -0.048 -0.16 173 97 8
-0.4 -0.048 -0.16 181 101 16
-0.416 -0.04 -0.16 165 89 0
-0.408 -0.04 -0.16 165 93 0
-0.424 -0.032 -0.16 156 89 8
-0.448 -0.024 -0.16 156 85 0
-0.44 -0.024 -0.16 165 89 8
-0.408 -0.048 -0.152 156 85 16
-0.416 -0.04 -0.152 165 89 0
-0.408 -0.04 -0.152 173 89 0
-0.424 -0.032 -0.152 156 89 0
-0.416 -0.048 -0.144 140 77 16
-0.408 -0.048 -0.144 140 77 16
-0.416 -0.04 -0.144 156 81 0
-0.424 -0.032 -0.144 156 85 0
-0.392 -0.056 -0.136 156 121 82
-0.416 -0.048 -0.136 140 89 25
-0.408 -0.048 -0.136 140 89 16
-0.424 -0.04 -0.136 140 77 0
-0.416 -0.04 -0.136 148 77 0
-0.432 -0.032 -0.136 156 85 0
-0.424 -0.032 -0.136 156 85 8
-0.52 -0.024 -0.112 99 57 16
-0.52 -0.024 -0.104 115 61 16
-0.528 -0.016 -0.104 115 61 16
-0.528 -0.024 -0.096 115 61 16
-0.536 -0.016 -0.096 123 61 16
-0.528 -0.024 -0.088 123 65 16
-0.544 -0.016 -0.088 123 65 8
-0.536 -0.016 -0.088 123 65 8
-0.56 -0.016 -0.08 115 69 16
-0.392 -0.368 -0.064 189 194 197
-0.4 -0.36 -0.064 173 182 181
-0.392 -0.36 -0.064 181 186 189
-0.408 -0.352 -0.064 181 178 189
-0.4 -0.352 -0.064 165 166 173
-0.408 -0.344 -0.064 173 174 173
-0.408 -0.336 -0.064 165 166 165
-0.408 -0.328 -0.064 173 170 173
-0.392 -0.368 -0.056 189 202 206
-0.4 -0.36 -0.056 189 198 197
-0.392 -0.36 -0.056 197 202 206
-0.408 -0.352 -0.056 197 202 206
-0.4 -0.352 -0.056 189 198 197
-0.408 -0.344 -0.056 197 194 197
-0.4 -0.344 -0.056 189 194 197
-0.408 -0.336 -0.056 189 190 197
-0.408 -0.328 -0.056 189 186 189
-0.4 -0.368 -0.048 206 206 206
-0.392 -0.368 -0.048 197 206 206
-0.408 -0.36 -0.048 197 206 206
-0.4 -0.36 -0.048 197 206 206
-0.392 -0.36 -0.048 189 202 206
-0.408 -0.352 -0.048 189 202 206
-0.4 -0.352 -0.048 181 194 197
-0.408 -0.344 -0.048 197 206 206
-0.408 -0.336 -0.048 197 202 206
-0.408 -0.328 -0.048 197 198 197
-0.392 -0.376 -0.04 189 206 206
-0.4 -0.368 -0.04 189 206 206
-0.392 -0.368 -0.04 189 202 206
-0.408 -0.36 -0.04 189 202 206
-0.4 -0.36 -0.04 206 210 197
-0.392 -0.36 -0.04 181 202 197
-0.408 -0.352 -0.04 206 206 214
-0.4 -0.352 -0.04 197 206 197
-0.416 -0.344 -0.04 197 210 206
-0.408 -0.344 -0.04 197 206 206
-0.416 -0.336 -0.04 197 206 206
-0.408 -0.336 -0.04 197 206 206
-0.416 -0.328 -0.04 197 206 206
-0.408 -0.328 -0.04 197 206 206
-0.392 -0.384 -0.032 197 206 206
-0.4 -0.376 -0.032 197 206 214
-0.392 -0.376 -0.032 197 210 214
-0.408 -0.368 -0.032 214 215 214
-0.4 -0.368 -0.032 197 210 214
-0.416 -0.36 -0.032 197 206 206
-0.408 -0.36 -0.032 197 210 206
-0.416 -0.352 -0.032 197 210 214
-0.408 -0.352 -0.032 197 210 214
-0.416 -0.344 -0.032 206 210 206
-0.416 -0.336 -0.032 206 210 214
-0.416 -0.328 -0.032 206 210 214
-0.408 -0.384 -0.024 197 210 206
-0.4 -0.384 -0.024 206 210 214
-0.416 -0.376 -0.024 206 210 206
-0.408 -0.376 -0.024 197 206 206
-0.424 -0.368 -0.024 206 206 206
-0.416 -0.368 -0.024 206 210 206
-0.408 -0.368 -0.024 206 210 214
-0.432 -0.36 -0.024 197 206 214
-0.424 -0.36 -0.024 197 206 214
-0.416 -0.36 -0.024 206 206 206
-0.432 -0.352 -0.024 206 210 206
-0.424 -0.352 -0.024 197 206 206
-0.424 -0.344 -0.024 206 210 214
-0.424 -0.336 -0.024 206 210 214
-0.424 -0.328 -0.024 206 210 214
-0.44 -0.384 -0.016 197 202 197
-0.432 -0.384 -0.016 197 206 206
-0.424 -0.384 -0.016 206 206 206
-0.416 -0.384 -0.016 206 210 206
-0.44 -0.376 -0.016 206 206 206
-0.432 -0.376 -0.016 206 206 206
-0.424 -0.376 -0.016 206 206 206
-0.44 -0.368 -0.016 197 206 214
-0.44 -0.36 -0.016 197 202 206
-0.44 -0.352 -0.016 206 210 214
-0.44 -0.344 -0.016 206 206 206
-0.432 -0.344 -0.016 206 210 214
-0.44 -0.336 -0.016 206 210 206
-0.432 -0.336 -0.016 206 210 206
-0.44 -0.328 -0.016 206 210 214
-0.432 -0.328 -0.016 206 210 206
-0.448 -0.344 -0.008 197 202 206
-0.488 -0.024 -0.128 140 77 16
-0.48 -0.024 -0.128 140 81 16
-0.512 -0.024 -0.12 99 53 8
-0.504 -0.024 -0.12 107 57 8
-0.496 -0.024 -0.12 123 65 8
-0.512 -0.024 -0.112 99 57 16
-0.632 -0.016 -0.08 115 65 25
-0.608 -0.016 -0.08 115 69 25
-0.584 -0.016 -0.08 123 69 25
-0.64 -0.008 -0.08 115 65 25
-0.728 -0.008 -0.072 156 142 123
-0.664 -0.016 -0.064 115 69 41
-0.696 -0.008 -0.064 156 154 156
-0.672 -0.008 -0.064 115 69 41
-0.704 -0.016 -0.056 165 150 140
-0.688 -0.016 -0.056 132 97 82
-0.648 -0.048 -0.048 206 198 206
-0.672 -0.04 -0.048 197 190 189
-0.696 -0.032 -0.048 197 190 189
-0.688 -0.024 -0.048 156 154 156
-0.664 -0.024 -0.048 206 190 181
-0.656 -0.024 -0.048 206 190 181
-0.688 -0.048 -0.04 206 202 206
-0.68 -0.048 -0.04 206 206 206
-0.672 -0.048 -0.04 206 206 206
-0.656 -0.056 -0.032 222 219 230
-0.648 -0.056 -0.032 222 219 230
-0.704 -0.056 -0.024 206 202 206
-0.696 -0.056 -0.024 206 202 206
-0.688 -0.056 -0.024 206 202 206
-0.68 -0.056 -0.024 206 206 206
-0.672 -0.056 -0.024 214 206 214
-0.656 -0.056 -0.024 214 206 214
-0.704 -0.064 -0.016 197 202 206
-0.696 -0.064 -0.016 197 202 206
-0.688 -0.064 -0.016 206 206 206
-0.68 -0.064 -0.016 206 202 206
-0.672 -0.064 -0.016 206 202 206
-0.664 -0.064 -0.016 206 202 206
-0.776 0 -0.04 189 194 189
-0.776 0.008 -0.04 189 194 189
-0.776 0.016 -0.04 189 194 189
-0.776 0.024 -0.04 181 194 189
-0.784 0 -0.032 189 194 197
-0.776 0 -0.032 189 194 197
-0.776 0.008 -0.032 189 198 189
-0.776 0.016 -0.032 189 194 189
-0.776 0.024 -0.032 189 194 189
-0.776 0.032 -0.032 181 194 189
-0.776 0.04 -0.032 181 190 189
-0.776 0.048 -0.032 189 194 189
-0.776 0.056 -0.032 189 194 189
-0.784 0 -0.024 189 198 197
-0.784 0.008 -0.024 189 194 189
-0.784 0.016 -0.024 189 194 189
-0.776 0.016 -0.024 189 194 189
-0.784 0.024 -0.024 189 194 189
-0.776 0.024 -0.024 189 194 189
-0.784 0.032 -0.024 189 194 189
-0.776 0.032 -0.024 189 194 189
-0.784 0.04 -0.024 189 194 189
-0.776 0.04 -0.024 189 194 189
-0.784 0.048 -0.024 181 194 189
-0.776 0.048 -0.024 189 198 189
-0.776 0.056 -0.024 189 194 189
-0.792 0 -0.016 189 198 197
-0.792 0.008 -0.016 189 194 189
-0.784 0.008 -0.016 189 194 189
-0.792 0.016 -0.016 189 194 189
-0.784 0.016 -0.016 181 194 189
-0.792 0.024 -0.016 181 190 189
-0.784 0.024 -0.016 181 190 189
-0.792 0.032 -0.016 189 194 189
-0.784 0.032 -0.016 189 198 189
-0.784 0.04 -0.016 189 198 197
-0.784 0.048 -0.016 189 194 189
-0.776 0.048 -0.016 189 198 189
-0.784 0.056 -0.016 189 194 189
-0.776 0.056 -0.016 189 194 189
-0.8 0 -0.008 189 198 197
-0.792 0 -0.008 189 198 197
-0.8 0.008 -0.008 189 198 189
-0.792 0.008 -0.008 189 194 189
-0.8 0.016 -0.008 189 198 197
-0.792 0.016 -0.008 189 198 197
-0.8 0.024 -0.008 189 198 197
-0.792 0.024 -0.008 189 198 197
-0.792 0.032 -0.008 189 198 197
-0.792 0.04 -0.008 189 198 197
-0.784 0.04 -0.008 189 198 197
-0.792 0.048 -0.008 189 198 197
-0.784 0.048 -0.008 189 198 197
-0.792 0.056 -0.008 189 198 189
-0.784 0.056 -0.008 189 198 189
-0.736 -0.008 -0.064 189 194 189
-0.736 -0.016 -0.056 189 194 189
-0.728 -0.016 -0.056 189 178 181
-0.72 -0.016 -0.056 189 178 181
-0.752 -0.008 -0.056 173 178 173
-0.712 -0.032 -0.048 206 194 197
-0.728 -0.024 -0.048 206 194 189
-0.752 -0.016 -0.048 189 194 189
-0.76 -0.008 -0.048 189 198 197
-0.728 -0.04 -0.04 197 190 189
-0.72 -0.04 -0.04 197 190 189
-0.744 -0.032 -0.04 197 194 197
-0.736 -0.032 -0.04 197 194 197
-0.752 -0.024 -0.04 189 198 197
-0.76 -0.016 -0.04 189 198 189
-0.768 -0.008 -0.04 189 194 197
-0.76 -0.008 -0.04 189 198 197
-0.72 -0.048 -0.032 197 198 197
-0.744 -0.04 -0.032 197 198 197
-0.76 -0.032 -0.032 197 194 197
-0.752 -0.032 -0.032 197 194 197
-0.768 -0.024 -0.032 189 194 197
-0.76 -0.024 -0.032 189 194 197
-0.768 -0.016 -0.032 189 198 189
-0.768 -0.008 -0.032 189 198 189
-0.712 -0.056 -0.024 206 202 206
-0.744 -0.048 -0.024 197 198 197
-0.768 -0.04 -0.024 197 198 197
-0.76 -0.04 -0.024 197 198 197
-0.768 -0.032 -0.024 189 198 189
-0.752 -0.056 -0.016 206 202 206
-0.744 -0.056 -0.016 206 202 206
-0.768 -0.048 -0.016 197 198 197
-0.76 -0.064 -0.008 197 198 197
-0.208 -0.448 -0.056 33 8 0
-0.208 -0.44 -0.056 33 8 0
-0.216 -0.424 -0.056 82 61 49
-0.208 -0.424 -0.056 33 8 0
-0.208 -0.416 -0.056 41 20 8
-0.208 -0.4 -0.056 41 20 8
-0.208 -0.416 -0.048 82 57 49
-0.208 -0.408 -0.048 82 57 49
-0.632 -0.008 -0.192 123 77 25
-0.624 -0.008 -0.192 123 77 25
-0.64 -0.008 -0.184 107 65 16
-0.632 -0.008 -0.184 115 61 16
-0.648 -0.008 -0.184 107 65 16
-0.664 -0.008 -0.176 107 57 8
-0.656 -0.008 -0.176 107 57 8
-0.672 -0.008 -0.168 115 61 16
-0.664 -0.008 -0.168 115 61 16
-0.68 -0.008 -0.16 107 61 16
-0.672 -0.008 -0.16 115 65 16
-0.68 -0.008 -0.152 99 57 16
-0.672 -0.008 -0.152 99 57 16
-0.688 -0.008 -0.144 99 57 16
-0.68 -0.008 -0.144 99 57 16
-0.688 -0.008 -0.136 115 65 25
-0.32 -0.064 -0.096 66 57 58
-0.304 -0.064 -0.088 58 65 58
-0.312 -0.056 -0.088 66 57 58
-0.296 -0.056 -0.08 66 73 66
-0.288 -0.056 -0.08 58 65 58
-0.296 -0.048 -0.08 115 125 123
-0.288 -0.048 -0.08 99 109 99
-0.288 -0.056 -0.072 173 182 181
-0.28 -0.056 -0.072 123 130 132
-0.696 -0.008 -0.128 107 57 16
-0.688 -0.008 -0.08 115 65 25
-0.672 -0.008 -0.08 115 65 25
-0.664 -0.008 -0.08 115 65 25
-0.656 -0.008 -0.08 115 65 25
-0.752 0 -0.064 189 194 189
-0.744 0 -0.064 189 194 189
-0.76 0.008 -0.064 181 190 189
-0.752 0.008 -0.064 181 194 189
-0.76 0.016 -0.064 189 190 189
-0.752 0.016 -0.064 189 190 189
-0.76 0.024 -0.064 181 194 181
-0.752 0.024 -0.064 181 194 181
-0.76 0.032 -0.064 181 194 189
-0.752 0.032 -0.064 189 194 189
-0.752 0.04 -0.064 181 194 189
-0.752 0.048 -0.064 189 190 189
-0.752 0.056 -0.064 181 194 189
-0.744 0.056 -0.064 181 194 189
-0.76 0 -0.056 189 190 189
-0.752 0 -0.056 189 194 197
-0.76 0.008 -0.056 189 194 189
-0.768 0.016 -0.056 189 198 189
-0.76 0.016 -0.056 189 198 189
-0.76 0.024 -0.056 189 198 189
-0.76 0.032 -0.056 189 194 189
-0.752 0.032 -0.056 189 194 189
-0.76 0.04 -0.056 189 198 189
-0.752 0.04 -0.056 189 194 189
-0.76 0.048 -0.056 189 190 189
-0.752 0.048 -0.056 189 194 189
-0.76 0.056 -0.056 189 194 189
-0.752 0.056 -0.056 189 194 189
-0.768 0 -0.048 189 198 197
-0.76 0 -0.048 189 198 197
-0.768 0.008 -0.048 189 202 197
-0.768 0.016 -0.048 189 198 197
-0.768 0.024 -0.048 189 198 189
-0.76 0.024 -0.048 189 198 189
-0.768 0.032 -0.048 189 198 189
-0.76 0.032 -0.048 189 194 189
-0.768 0.04 -0.048 189 198 189
-0.76 0.04 -0.048 189 198 189
-0.768 0.048 -0.048 189 194 189
-0.76 0.048 -0.048 189 194 189
-0.768 0.056 -0.048 189 194 189
-0.76 0.056 -0.048 189 194 189
-0.768 0 -0.04 189 194 189
-0.768 0.008 -0.04 189 194 189
-0.768 0.016 -0.04 189 194 189
-0.768 0.024 -0.04 181 194 189
-0.768 0.032 -0.04 189 190 189
-0.768 0.04 -0.04 189 190 189
-0.768 0.048 -0.04 181 190 189
-0.768 0.056 -0.04 181 194 189
-0.768 0.032 -0.032 181 194 189
-0.768 0.04 -0.032 181 190 189
-0.768 0.048 -0.032 189 194 189
-0.768 0.056 -0.032 189 194 189
-0.384 -0.392 -0.144 189 190 197
-0.376 -0.392 -0.144 189 186 189
-0.384 -0.392 -0.136 189 186 189
-0.496 -0.024 -0.288 115 77 58
-0.504 -0.016 -0.288 197 198 197
-0.48 -0.016 -0.288 165 170 165
-0.472 -0.016 -0.288 181 170 181
-0.496 -0.008 -0.288 189 186 189
-0.504 -0.024 -0.28 115 73 49
-0.472 -0.024 -0.28 156 138 132
-0.464 -0.024 -0.28 132 109 99
-0.456 -0.024 -0.28 132 117 115
-0.512 -0.016 -0.28 181 174 173
-0.512 -0.008 -0.28 206 206 206
-0.512 -0.024 -0.272 115 73 49
-0.504 -0.024 -0.272 156 154 156
-0.496 -0.024 -0.272 132 77 41
-0.504 -0.024 -0.264 156 154 156
-0.488 -0.024 -0.264 132 77 41
-0.48 -0.024 -0.264 132 77 41
-0.472 -0.024 -0.264 123 73 41
-0.464 -0.024 -0.264 132 77 49
-0.456 -0.024 -0.264 132 77 41
-0.536 -0.016 -0.28 181 170 156
-0.528 -0.016 -0.28 189 182 165
-0.52 -0.016 -0.28 181 170 173
-0.536 -0.008 -0.28 206 210 206
-0.528 -0.008 -0.28 206 210 206
-0.52 -0.008 -0.28 206 210 214
-0.544 -0.016 -0.272 189 178 173
-0.536 -0.016 -0.272 181 170 165
-0.56 -0.008 -0.272 206 206 214
-0.552 -0.008 -0.272 197 206 214
-0.544 -0.008 -0.272 206 210 214
-0.536 -0.008 -0.272 214 215 214
-0.56 -0.016 -0.264 173 142 115
-0.552 -0.016 -0.264 189 170 165
-0.576 -0.008 -0.264 206 206 206
-0.568 -0.008 -0.264 206 206 214
-0.56 -0.008 -0.264 206 210 214
-0.56 -0.016 -0.256 173 138 107
-0.568 -0.016 -0.248 197 174 156
-0.56 -0.016 -0.248 156 154 156
-0.56 -0.016 -0.24 156 154 156
-0.544 -0.016 -0.24 132 69 16
-0.536 -0.016 -0.232 140 73 16
-0.528 -0.016 -0.224 148 77 8
-0.648 -0.008 -0.224 58 61 58
-0.648 -0.008 -0.216 74 85 82
-0.648 -0.008 -0.208 156 154 156
-0.656 -0.008 -0.2 156 154 156
-0.648 -0.008 -0.2 156 154 156
-0.584 -0.016 -0.256 197 174 156
-0.6 -0.008 -0.256 189 190 181
-0.592 -0.008 -0.256 197 190 181
-0.584 -0.008 -0.256 197 194 189
-0.584 -0.016 -0.248 197 170 148
-0.608 -0.008 -0.248 189 190 189
-0.6 -0.008 -0.248 197 190 181
-0.616 -0.008 -0.24 189 190 181
-0.632 -0.008 -0.232 197 198 206
-0.624 -0.008 -0.232 181 158 148
-0.64 -0.008 -0.224 189 190 189
-0.632 -0.008 -0.224 123 81 25
-0.624 -0.008 -0.216 132 85 33
-0.616 -0.008 -0.216 123 81 25
-0.64 -0.008 -0.208 132 77 33
-0.632 -0.008 -0.208 132 81 33
-0.624 -0.008 -0.208 132 85 41
-0.624 -0.008 -0.2 123 73 25
-0.832 0.128 0.064 189 198 189
-0.824 0.128 0.064 189 194 189
-0.832 0.136 0.064 189 198 197
-0.824 0.136 0.064 189 198 197
-0.832 0.144 0.064 189 194 189
-0.824 0.144 0.064 189 194 189
-0.832 0.152 0.064 189 194 189
-0.824 0.152 0.064 189 194 189
-0.824 0.16 0.064 189 198 189
-0.824 0.168 0.064 197 198 197
-0.816 0.168 0.064 197 198 197
-0.792 0.176 0.064 197 198 197
-0.784 0.176 0.064 197 198 197
-0.832 0.128 0.072 189 198 189
-0.832 0.136 0.072 189 198 197
-0.832 0.144 0.072 197 198 197
-0.832 0.152 0.072 189 198 197
-0.824 0.152 0.072 189 198 197
-0.832 0.16 0.072 189 194 197
-0.824 0.16 0.072 189 198 189
-0.832 0.168 0.072 197 202 197
-0.824 0.168 0.072 197 202 197
-0.816 0.176 0.072 197 198 197
-0.808 0.176 0.072 197 198 197
-0.8 0.176 0.072 197 198 197
-0.792 0.176 0.072 197 198 197
-0.784 0.176 0.072 197 198 197
-0.832 0.152 0.08 189 198 197
-0.832 0.16 0.08 189 198 189
-0.832 0.168 0.08 189 198 189
-0.832 0.176 0.08 189 198 189
-0.824 0.176 0.08 189 198 189
-0.816 0.176 0.08 189 198 189
-0.808 0.176 0.08 189 198 189
-0.832 0.176 0.088 189 198 189
-0.824 0.176 0.088 189 194 189
-0.816 0.176 0.088 189 194 189
-0.808 0.176 0.088 189 194 189
-0.816 0.184 0.104 197 202 197
-0.824 0.184 0.112 197 202 197
-0.816 0.184 0.112 189 198 197
-0.832 0.184 0.12 197 202 197
-0.824 0.184 0.12 197 202 197
-0.72 0 -0.128 189 198 197
-0.712 0 -0.128 165 162 148
-0.728 0.008 -0.128 189 198 197
-0.72 0.008 -0.128 189 198 189
-0.712 0.008 -0.128 189 198 189
-0.72 0.016 -0.128 181 194 189
-0.712 0.016 -0.128 189 194 189
-0.72 0.024 -0.128 181 194 189
-0.712 0.024 -0.128 181 194 189
-0.72 0.032 -0.128 181 190 189
-0.712 0.032 -0.128 181 190 189
-0.72 0.04 -0.128 189 190 189
-0.712 0.04 -0.128 181 186 189
-0.72 0.048 -0.128 181 186 189
-0.712 0.048 -0.128 181 186 189
-0.72 0.056 -0.128 173 186 181
-0.712 0.056 -0.128 173 182 181
-0.72 0 -0.12 165 154 140
-0.728 0.008 -0.12 189 198 197
-0.72 0.008 -0.12 189 194 189
-0.72 0.016 -0.12 181 194 189
-0.712 0.016 -0.12 181 194 189
-0.72 0.024 -0.12 189 194 189
-0.712 0.024 -0.12 181 194 189
-0.72 0.032 -0.12 189 190 189
-0.712 0.032 -0.12 181 194 189
-0.72 0.04 -0.12 189 190 189
-0.712 0.04 -0.12 189 190 189
-0.72 0.048 -0.12 181 190 189
-0.72 0.056 -0.12 181 190 181
-0.728 0 -0.112 165 158 148
-0.736 0.008 -0.112 181 194 189
-0.728 0.008 -0.112 181 194 189
-0.728 0.016 -0.112 181 194 189
-0.72 0.016 -0.112 181 194 189
-0.728 0.024 -0.112 189 190 189
-0.72 0.024 -0.112 189 190 189
-0.728 0.032 -0.112 189 190 189
-0.72 0.032 -0.112 189 190 189
-0.728 0.04 -0.112 181 190 189
-0.72 0.04 -0.112 181 190 189
-0.728 0.048 -0.112 181 190 181
-0.72 0.048 -0.112 181 190 189
-0.728 0.056 -0.112 189 190 189
-0.72 0.056 -0.112 181 190 181
-0.728 0 -0.104 165 150 140
-0.72 0 -0.104 156 138 115
-0.736 0.008 -0.104 189 198 197
-0.728 0.008 -0.104 189 198 189
-0.736 0.016 -0.104 189 194 189
-0.728 0.016 -0.104 189 194 189
-0.736 0.024 -0.104 189 194 189
-0.728 0.024 -0.104 189 194 189
-0.728 0.032 -0.104 181 194 189
-0.728 0.04 -0.104 189 194 189
-0.72 0.04 -0.104 189 194 189
-0.728 0.048 -0.104 189 190 189
-0.72 0.048 -0.104 181 190 189
-0.728 0.056 -0.104 189 190 189
-0.728 0 -0.096 165 154 148
-0.736 0.008 -0.096 189 194 189
-0.736 0.016 -0.096 181 194 189
-0.736 0.024 -0.096 181 194 189
-0.736 0.032 -0.096 189 194 189
-0.728 0.032 -0.096 189 194 189
-0.736 0.04 -0.096 181 194 189
-0.728 0.04 -0.096 189 190 189
-0.736 0.048 -0.096 181 194 189
-0.728 0.048 -0.096 189 190 189
-0.736 0.056 -0.096 181 190 189
-0.728 0.056 -0.096 181 190 189
-0.736 0 -0.088 165 154 140
-0.728 0 -0.088 173 170 156
-0.744 0.008 -0.088 189 194 189
-0.736 0.008 -0.088 189 194 189
-0.744 0.016 -0.088 189 194 189
-0.736 0.016 -0.088 189 194 189
-0.744 0.024 -0.088 189 194 189
-0.736 0.024 -0.088 181 194 189
-0.744 0.032 -0.088 181 194 189
-0.736 0.032 -0.088 181 194 189
-0.736 0.04 -0.088 189 194 189
-0.736 0.048 -0.088 189 194 189
-0.736 0.056 -0.088 189 190 189
-0.736 0 -0.08 189 198 189
-0.744 0.008 -0.08 189 194 189
-0.736 0.008 -0.08 189 194 189
-0.744 0.016 -0.08 189 194 189
-0.736 0.016 -0.08 189 194 189
-0.744 0.024 -0.08 189 194 189
-0.744 0.032 -0.08 181 194 189
-0.736 0.032 -0.08 181 194 189
-0.744 0.04 -0.08 181 190 189
-0.736 0.04 -0.08 181 190 189
-0.744 0.048 -0.08 181 190 189
-0.736 0.048 -0.08 181 190 189
-0.744 0.056 -0.08 181 190 189
-0.736 0.056 -0.08 181 190 189
-0.736 0 -0.072 189 198 197
-0.752 0.008 -0.072 189 194 189
-0.744 0.008 -0.072 189 194 189
-0.752 0.016 -0.072 181 194 189
-0.744 0.016 -0.072 189 194 189
-0.752 0.024 -0.072 181 190 189
-0.744 0.024 -0.072 181 190 189
-0.752 0.032 -0.072 181 190 189
-0.744 0.032 -0.072 181 190 189
-0.752 0.04 -0.072 189 190 189
-0.744 0.04 -0.072 189 190 189
-0.752 0.048 -0.072 181 190 189
-0.744 0.048 -0.072 189 190 189
-0.752 0.056 -0.072 181 190 189
-0.744 0.056 -0.072 181 190 189
-0.904 0 0.096 197 210 206
-0.912 0 0.104 197 210 214
-0.912 0.008 0.104 197 202 197
-0.904 0.008 0.104 197 202 197
-0.904 0.016 0.104 197 202 197
-0.92 0 0.112 197 210 206
-0.92 0.008 0.112 189 202 197
-0.912 0.008 0.112 181 194 189
-0.912 0.016 0.112 189 198 197
-0.912 0.024 0.112 189 198 197
-0.904 0.024 0.112 189 198 197
-0.904 0.032 0.112 197 202 197
-0.904 0.04 0.112 197 202 197
-0.936 0 0.12 197 202 197
-0.928 0.008 0.12 189 198 197
-0.928 0.016 0.12 197 202 197
-0.92 0.016 0.12 197 202 197
-0.92 0.024 0.12 197 206 206
-0.912 0.032 0.12 197 206 206
-0.912 0.04 0.12 197 206 197
-0.904 0.04 0.12 197 210 206
-0.904 0.048 0.12 197 202 197
-0.904 0.056 0.12 197 202 197
-0.872 0 0.064 197 202 197
-0.864 0 0.064 197 202 197
-0.864 0.008 0.064 181 194 189
-0.856 0.008 0.064 181 194 189
-0.856 0.016 0.064 165 178 173
-0.856 0.024 0.064 156 170 173
-0.856 0.032 0.064 173 182 181
-0.848 0.032 0.064 189 190 189
-0.848 0.04 0.064 197 202 206
-0.848 0.048 0.064 197 206 206
-0.84 0.048 0.064 197 206 206
-0.848 0.056 0.064 197 206 197
-0.84 0.056 0.064 206 206 206
-0.872 0 0.072 181 190 189
-0.872 0.008 0.072 156 170 165
-0.872 0.016 0.072 165 174 173
-0.864 0.016 0.072 165 174 173
-0.864 0.024 0.072 173 186 173
-0.856 0.024 0.072 173 182 181
-0.856 0.032 0.072 189 194 189
-0.856 0.04 0.072 197 210 206
-0.856 0.048 0.072 197 202 197
-0.848 0.048 0.072 197 202 197
-0.856 0.056 0.072 197 202 206
-0.848 0.056 0.072 197 202 197
-0.888 0 0.08 173 182 181
-0.88 0 0.08 173 182 181
-0.88 0.008 0.08 173 178 181
-0.88 0.016 0.08 181 190 181
-0.872 0.016 0.08 206 210 214
-0.872 0.024 0.08 206 210 206
-0.864 0.024 0.08 206 210 206
-0.872 0.032 0.08 197 210 206
-0.864 0.032 0.08 197 210 206
-0.864 0.04 0.08 197 210 206
-0.856 0.04 0.08 197 210 206
-0.864 0.048 0.08 197 210 206
-0.856 0.048 0.08 206 210 206
-0.856 0.056 0.08 197 206 197
-0.896 0 0.088 189 198 197
-0.888 0 0.088 189 198 197
-0.888 0.008 0.088 197 210 206
-0.88 0.008 0.088 206 210 206
-0.888 0.016 0.088 206 210 214
-0.88 0.016 0.088 206 210 214
-0.88 0.024 0.088 197 210 214
-0.872 0.024 0.088 197 210 206
-0.88 0.032 0.088 197 210 206
-0.872 0.032 0.088 197 210 206
-0.872 0.04 0.088 206 210 206
-0.872 0.048 0.088 197 210 206
-0.864 0.048 0.088 197 206 206
-0.864 0.056 0.088 189 202 197
-0.896 0 0.096 197 210 214
-0.896 0.008 0.096 206 210 206
-0.896 0.016 0.096 197 206 206
-0.888 0.016 0.096 197 206 206
-0.888 0.024 0.096 197 206 206
-0.88 0.024 0.096 197 206 206
-0.88 0.032 0.096 197 206 197
-0.88 0.04 0.096 197 206 197
-0.88 0.048 0.096 189 198 197
-0.872 0.048 0.096 189 198 197
-0.88 0.056 0.096 189 198 197
-0.872 0.056 0.096 197 198 197
-0.896 0.016 0.104 197 198 197
-0.896 0.024 0.104 197 198 197
-0.896 0.032 0.104 197 202 197
-0.888 0.032 0.104 197 206 197
-0.888 0.04 0.104 197 206 197
-0.888 0.048 0.104 197 206 197
-0.888 0.056 0.104 197 206 197
-0.88 0.056 0.104 197 202 197
-0.896 0.04 0.112 197 206 197
-0.896 0.048 0.112 197 206 206
-0.888 0.048 0.112 197 206 206
-0.896 0.056 0.112 189 198 197
-0.888 0.056 0.112 189 198 197
-0.896 0.056 0.12 197 206 197
-0.448 -0.024 -0.28 148 138 132
-0.44 -0.024 -0.28 148 130 123
-0.432 -0.024 -0.28 156 154 148
-0.424 -0.024 -0.28 173 166 173
-0.416 -0.024 -0.28 173 166 173
-0.408 -0.024 -0.28 165 166 165
-0.4 -0.024 -0.28 173 162 173
-0.392 -0.024 -0.28 173 158 173
-0.44 -0.016 -0.28 173 166 173
-0.432 -0.016 -0.28 173 162 173
-0.424 -0.016 -0.28 165 162 165
-0.416 -0.016 -0.28 181 166 181
-0.408 -0.016 -0.28 173 166 173
-0.4 -0.016 -0.28 165 166 165
-0.392 -0.016 -0.28 165 162 165
-0.44 -0.008 -0.28 181 178 181
-0.432 -0.008 -0.28 181 178 181
-0.424 -0.008 -0.28 189 186 189
-0.416 -0.008 -0.28 165 166 165
-0.408 -0.008 -0.28 165 162 165
-0.4 -0.008 -0.28 173 166 173
-0.392 -0.008 -0.28 173 178 173
-0.416 -0.032 -0.272 99 65 66
-0.408 -0.032 -0.272 132 105 107
-0.4 -0.032 -0.272 156 138 140
-0.392 -0.032 -0.272 156 138 140
-0.432 -0.032 -0.264 115 73 49
-0.4 -0.032 -0.264 107 57 49
-0.448 -0.024 -0.264 123 73 49
-0.44 -0.024 -0.264 123 73 49
-0.328 -0.016 -0.32 214 215 214
-0.336 -0.008 -0.32 214 215 214
-0.328 -0.008 -0.32 214 215 214
-0.328 -0.024 -0.312 214 215 214
-0.336 -0.016 -0.312 214 215 222
-0.328 -0.016 -0.312 214 215 222
-0.336 -0.008 -0.312 230 219 230
-0.328 -0.008 -0.312 214 210 214
-0.328 -0.04 -0.304 222 223 222
-0.328 -0.032 -0.304 214 210 214
-0.336 -0.024 -0.304 214 215 214
-0.328 -0.024 -0.304 222 215 222
-0.344 -0.016 -0.304 214 210 214
-0.336 -0.016 -0.304 214 215 214
-0.328 -0.016 -0.304 214 215 214
-0.352 -0.008 -0.304 214 215 214
-0.344 -0.008 -0.304 214 215 214
-0.336 -0.008 -0.304 214 219 214
-0.328 -0.048 -0.296 206 202 206
-0.336 -0.04 -0.296 214 210 214
-0.328 -0.04 -0.296 214 215 222
-0.344 -0.032 -0.296 214 215 214
-0.336 -0.032 -0.296 222 219 222
-0.328 -0.032 -0.296 214 219 214
-0.344 -0.024 -0.296 222 215 222
-0.336 -0.024 -0.296 222 219 222
-0.352 -0.016 -0.296 214 210 214
-0.344 -0.016 -0.296 206 206 206
-0.336 -0.016 -0.296 214 210 214
-0.36 -0.008 -0.296 214 219 214
-0.352 -0.008 -0.296 214 210 214
-0.344 -0.008 -0.296 222 215 222
-0.328 -0.056 -0.288 214 215 214
-0.336 -0.048 -0.288 214 210 214
-0.328 -0.048 -0.288 214 206 214
-0.344 -0.04 -0.288 214 215 214
-0.336 -0.04 -0.288 214 215 214
-0.328 -0.04 -0.288 214 210 214
-0.352 -0.032 -0.288 214 210 214
-0.344 -0.032 -0.288 206 210 206
-0.336 -0.032 -0.288 214 215 214
-0.36 -0.024 -0.288 214 210 214
-0.352 -0.024 -0.288 206 206 206
-0.344 -0.024 -0.288 214 210 214
-0.368 -0.016 -0.288 214 210 214
-0.36 -0.016 -0.288 222 215 222
-0.352 -0.016 -0.288 214 215 214
-0.384 -0.008 -0.288 206 198 206
-0.376 -0.008 -0.288 206 206 206
-0.368 -0.008 -0.288 214 210 214
-0.36 -0.008 -0.288 214 210 214
-0.336 -0.064 -0.28 214 210 222
-0.328 -0.064 -0.28 214 215 214
-0.336 -0.056 -0.28 214 210 214
-0.328 -0.056 -0.28 214 210 214
-0.344 -0.048 -0.28 206 206 206
-0.336 -0.048 -0.28 206 206 206
-0.36 -0.04 -0.28 197 194 197
-0.352 -0.04 -0.28 206 202 206
-0.344 -0.04 -0.28 206 206 206
-0.336 -0.04 -0.28 214 210 214
-0.384 -0.032 -0.28 148 146 148
-0.376 -0.032 -0.28 165 166 173
-0.368 -0.032 -0.28 189 182 189
-0.36 -0.032 -0.28 197 202 197
-0.352 -0.032 -0.28 214 215 222
-0.384 -0.024 -0.28 173 162 165
-0.376 -0.024 -0.28 197 186 197
-0.368 -0.024 -0.28 206 202 206
-0.36 -0.024 -0.28 214 210 214
-0.384 -0.016 -0.28 189 182 189
-0.376 -0.016 -0.28 197 198 197
-0.368 -0.016 -0.28 206 202 206
-0.384 -0.008 -0.28 189 186 189
-0.376 -0.008 -0.28 197 198 197
-0.336 -0.064 -0.272 173 178 173
-0.328 -0.064 -0.272 214 210 214
-0.352 -0.056 -0.272 123 89 82
-0.344 -0.056 -0.272 156 170 156
-0.336 -0.056 -0.272 197 202 206
-0.36 -0.048 -0.272 123 81 74
-0.352 -0.048 -0.272 165 158 148
-0.344 -0.048 -0.272 189 194 197
-0.368 -0.04 -0.272 123 93 99
-0.36 -0.04 -0.272 165 154 156
-0.352 -0.04 -0.272 181 190 181
-0.344 -0.064 -0.264 107 49 33
-0.336 -0.064 -0.264 132 85 82
-0.352 -0.056 -0.264 123 57 25
-0.344 -0.056 -0.264 115 73 66
-0.36 -0.048 -0.264 99 49 33
-0.352 -0.048 -0.264 99 65 58
-0.368 -0.04 -0.264 115 65 66
-0.328 -0.008 -0.328 222 215 214
-0.384 -0.384 -0.088 140 146 148
-0.384 -0.384 -0.08 148 154 156
-0.384 -0.376 -0.08 156 158 165
-0.384 -0.376 -0.072 181 182 181
-0.376 -0.376 -0.072 173 174 173
-0.384 -0.368 -0.072 165 166 181
-0.312 -0.016 -0.344 181 182 189
-0.32 -0.008 -0.344 173 178 181
-0.312 -0.008 -0.344 197 194 197
-0.304 -0.008 -0.344 189 190 189
-0.304 -0.032 -0.336 181 178 181
-0.296 -0.032 -0.336 165 158 165
-0.312 -0.024 -0.336 189 178 181
-0.304 -0.024 -0.336 156 162 156
-0.296 -0.024 -0.336 189 186 197
-0.312 -0.016 -0.336 148 158 156
-0.304 -0.016 -0.336 181 186 189
-0.296 -0.016 -0.336 189 194 197
-0.32 -0.008 -0.336 165 166 173
-0.312 -0.008 -0.336 173 178 181
-0.296 -0.008 -0.336 189 186 189
-0.288 -0.064 -0.328 206 206 206
-0.296 -0.056 -0.328 214 215 214
-0.288 -0.056 -0.328 206 206 206
-0.296 -0.048 -0.328 206 210 206
-0.288 -0.048 -0.328 206 206 214
-0.304 -0.04 -0.328 206 210 214
-0.296 -0.04 -0.328 206 210 214
-0.288 -0.04 -0.328 181 174 181
-0.28 -0.04 -0.328 156 162 165
-0.312 -0.032 -0.328 206 206 206
-0.304 -0.032 -0.328 206 210 214
-0.296 -0.032 -0.328 173 178 173
-0.288 -0.032 -0.328 165 170 173
-0.312 -0.024 -0.328 197 202 197
-0.304 -0.024 -0.328 181 186 181
-0.28 -0.024 -0.328 189 190 189
-0.32 -0.016 -0.328 214 215 214
-0.312 -0.016 -0.328 181 190 181
-0.28 -0.016 -0.328 189 190 189
-0.32 -0.008 -0.328 181 190 189
-0.28 -0.008 -0.328 189 186 189
-0.296 -0.064 -0.32 214 219 214
-0.288 -0.064 -0.32 214 215 214
-0.28 -0.064 -0.32 206 210 214
-0.272 -0.064 -0.32 206 206 206
-0.296 -0.056 -0.32 214 215 214
-0.288 -0.056 -0.32 214 210 214
-0.272 -0.056 -0.32 214 215 214
-0.304 -0.048 -0.32 214 210 222
-0.296 -0.048 -0.32 206 206 214
-0.272 -0.048 -0.32 165 186 173
-0.312 -0.04 -0.32 214 215 214
-0.304 -0.04 -0.32 206 210 214
-0.296 -0.04 -0.32 214 210 214
-0.272 -0.04 -0.32 165 166 165
-0.312 -0.032 -0.32 206 210 214
-0.304 -0.032 -0.32 206 210 214
-0.272 -0.032 -0.32 189 186 197
-0.32 -0.024 -0.32 206 206 206
-0.312 -0.024 -0.32 214 210 214
-0.272 -0.024 -0.32 189 190 197
-0.32 -0.016 -0.32 206 206 206
-0.32 -0.008 -0.32 214 210 214
-0.296 -0.064 -0.312 222 223 222
-0.288 -0.064 -0.312 214 215 214
-0.264 -0.064 -0.312 206 206 206
-0.304 -0.056 -0.312 222 219 222
-0.296 -0.056 -0.312 214 215 214
-0.264 -0.056 -0.312 214 210 214
-0.312 -0.048 -0.312 214 215 214
-0.304 -0.048 -0.312 214 210 222
-0.296 -0.048 -0.312 222 215 222
-0.264 -0.048 -0.312 173 178 173
-0.32 -0.04 -0.312 214 215 222
-0.312 -0.04 -0.312 214 206 214
-0.304 -0.04 -0.312 214 215 222
-0.264 -0.04 -0.312 156 162 165
-0.32 -0.032 -0.312 222 219 222
-0.312 -0.032 -0.312 222 219 222
-0.32 -0.024 -0.312 214 215 222
-0.32 -0.016 -0.312 214 210 214
-0.304 -0.064 -0.304 214 210 214
-0.296 -0.064 -0.304 214 219 214
-0.312 -0.056 -0.304 214 210 214
-0.304 -0.056 -0.304 222 219 222
-0.296 -0.056 -0.304 222 219 222
-0.32 -0.048 -0.304 214 215 214
-0.312 -0.048 -0.304 214 219 222
-0.304 -0.048 -0.304 222 210 222
-0.32 -0.04 -0.304 214 219 222
-0.312 -0.04 -0.304 214 210 214
-0.32 -0.032 -0.304 222 215 222
-0.32 -0.024 -0.304 222 219 222
-0.312 -0.064 -0.296 222 215 222
-0.304 -0.064 -0.296 214 215 214
-0.32 -0.056 -0.296 206 215 214
-0.312 -0.056 -0.296 222 215 222
-0.304 -0.056 -0.296 206 210 214
-0.32 -0.048 -0.296 206 202 206
-0.312 -0.048 -0.296 214 215 214
-0.32 -0.04 -0.296 214 215 214
-0.32 -0.064 -0.288 214 215 214
-0.312 -0.064 -0.288 222 219 222
-0.32 -0.056 -0.288 214 210 214
-0.32 -0.048 -0.288 206 206 206
-0.32 -0.064 -0.28 214 215 214
-0.384 -0.232 -0.128 132 113 99
-0.36 -0.216 -0.128 132 69 25
-0.352 -0.208 -0.128 165 97 74
-0.352 -0.2 -0.128 181 178 181
-0.384 -0.232 -0.12 132 89 66
-0.376 -0.224 -0.12 123 65 33
-0.36 -0.216 -0.12 132 69 16
-0.36 -0.208 -0.12 156 117 99
-0.352 -0.208 -0.12 123 61 16
-0.352 -0.2 -0.12 181 174 181
-0.376 -0.224 -0.112 140 77 33
-0.368 -0.216 -0.112 123 65 16
-0.36 -0.208 -0.112 156 113 90
-0.352 -0.2 -0.112 173 174 181
-0.376 -0.224 -0.104 148 81 16
-0.368 -0.216 -0.104 140 73 16
-0.36 -0.208 -0.104 165 134 99
-0.36 -0.2 -0.104 140 154 148
-0.352 -0.2 -0.104 181 170 173
-0.376 -0.224 -0.096 148 81 25
-0.368 -0.216 -0.096 140 73 16
-0.36 -0.208 -0.096 165 130 99
-0.36 -0.2 -0.096 148 158 156
-0.376 -0.224 -0.088 148 85 16
-0.368 -0.216 -0.088 148 73 16
-0.368 -0.208 -0.088 173 154 132
-0.36 -0.208 -0.088 165 121 90
-0.36 -0.2 -0.088 156 162 173
-0.376 -0.224 -0.08 148 81 16
-0.376 -0.216 -0.08 156 93 49
-0.368 -0.216 -0.08 140 73 8
-0.368 -0.208 -0.08 173 146 123
-0.368 -0.2 -0.08 132 142 132
-0.36 -0.2 -0.08 156 162 156
-0.384 -0.224 -0.072 148 77 0
-0.376 -0.216 -0.072 140 69 0
-0.368 -0.208 -0.072 165 109 74
-0.368 -0.2 -0.072 74 85 82
-0.712 0.048 -0.152 173 186 181
-0.712 0.056 -0.152 173 186 181
-0.712 0 -0.144 189 194 189
-0.712 0.008 -0.144 173 190 181
-0.712 0.024 -0.144 165 178 173
-0.712 0.032 -0.144 173 174 173
-0.712 0.04 -0.144 165 178 173
-0.712 0.048 -0.144 173 178 173
-0.712 0.056 -0.144 173 178 173
-0.712 0 -0.136 197 202 197
-0.72 0.008 -0.136 189 198 197
-0.712 0.008 -0.136 189 194 189
-0.712 0.016 -0.136 181 190 189
-0.712 0.024 -0.136 181 190 189
-0.712 0.032 -0.136 173 182 181
-0.712 0.04 -0.136 173 182 173
-0.72 0.048 -0.136 173 178 173
-0.712 0.048 -0.136 173 178 173
-0.72 0.056 -0.136 173 178 173
-0.712 0.056 -0.136 173 182 181
-0.32 0.024 -0.36 165 166 173
-0.32 0.032 -0.36 165 162 173
-0.32 0.04 -0.36 156 162 165
-0.32 0.048 -0.36 140 142 140
-0.32 0 -0.352 197 190 197
-0.32 0.008 -0.352 173 178 173
-0.312 0.008 -0.352 173 170 173
-0.312 0.016 -0.352 173 170 173
-0.312 0.024 -0.352 165 166 165
-0.304 0.024 -0.352 165 162 165
-0.304 0.032 -0.352 165 162 173
-0.312 0.04 -0.352 156 162 165
-0.32 0 -0.344 189 190 197
-0.304 0 -0.344 173 174 181
-0.304 0.008 -0.344 173 170 173
-0.296 0.008 -0.344 173 170 181
-0.296 0.016 -0.344 165 166 173
-0.32 0 -0.336 173 178 181
-0.288 0 -0.336 173 170 173
-0.288 0.008 -0.336 173 170 173
-0.248 -0.144 -0.296 222 219 222
-0.256 -0.136 -0.296 214 206 214
-0.248 -0.136 -0.296 206 206 206
-0.24 -0.16 -0.288 214 215 214
-0.24 -0.152 -0.288 214 206 214
-0.248 -0.144 -0.288 206 210 206
-0.24 -0.144 -0.288 222 219 222
-0.256 -0.136 -0.288 222 219 222
-0.248 -0.136 -0.288 214 215 214
-0.24 -0.136 -0.288 214 206 214
-0.232 -0.136 -0.288 214 215 214
-0.232 -0.176 -0.28 206 210 214
-0.232 -0.168 -0.28 214 215 214
-0.24 -0.16 -0.28 214 215 214
-0.232 -0.16 -0.28 214 210 214
-0.224 -0.16 -0.28 214 219 222
-0.248 -0.152 -0.28 214 215 214
-0.24 -0.152 -0.28 214 210 214
-0.232 -0.152 -0.28 214 210 214
-0.224 -0.152 -0.28 206 210 206
-0.256 -0.144 -0.28 214 210 214
-0.248 -0.144 -0.28 214 215 214
-0.24 -0.144 -0.28 206 210 206
-0.224 -0.144 -0.28 214 215 214
-0.256 -0.136 -0.28 206 206 206
-0.248 -0.136 -0.28 214 210 214
-0.224 -0.136 -0.28 214 215 214
-0.224 -0.192 -0.272 214 206 214
-0.216 -0.192 -0.272 214 210 214
-0.232 -0.184 -0.272 214 210 214
-0.224 -0.184 -0.272 206 206 206
-0.216 -0.184 -0.272 214 215 214
-0.232 -0.176 -0.272 206 215 206
-0.224 -0.176 -0.272 214 215 214
-0.216 -0.176 -0.272 214 219 222
-0.24 -0.168 -0.272 206 210 206
-0.232 -0.168 -0.272 214 215 222
-0.224 -0.168 -0.272 214 215 214
-0.216 -0.168 -0.272 214 219 222
-0.248 -0.16 -0.272 214 219 214
-0.24 -0.16 -0.272 214 219 214
-0.232 -0.16 -0.272 214 215 214
-0.216 -0.16 -0.272 214 215 214
-0.256 -0.152 -0.272 214 210 214
-0.248 -0.152 -0.272 206 206 206
-0.24 -0.152 -0.272 214 215 222
-0.216 -0.152 -0.272 206 210 214
-0.208 -0.152 -0.272 214 219 222
-0.256 -0.144 -0.272 214 206 214
-0.248 -0.144 -0.272 214 215 222
-0.256 -0.136 -0.272 206 206 206
-0.232 -0.192 -0.264 222 215 222
-0.224 -0.192 -0.264 206 210 206
-0.216 -0.192 -0.264 214 210 214
-0.208 -0.192 -0.264 206 210 206
-0.2 -0.192 -0.264 222 215 222
-0.24 -0.184 -0.264 214 210 214
-0.232 -0.184 -0.264 214 215 214
-0.224 -0.184 -0.264 214 210 214
-0.208 -0.184 -0.264 206 210 214
-0.2 -0.184 -0.264 222 219 222
-0.24 -0.176 -0.264 214 210 214
-0.232 -0.176 -0.264 214 215 214
-0.224 -0.176 -0.264 214 210 214
-0.248 -0.168 -0.264 214 210 214
-0.24 -0.168 -0.264 214 206 214
-0.232 -0.168 -0.264 197 206 206
-0.208 -0.168 -0.264 214 215 214
-0.2 -0.168 -0.264 214 215 214
-0.256 -0.16 -0.264 206 210 206
-0.248 -0.16 -0.264 214 215 214
-0.24 -0.16 -0.264 214 215 214
-0.256 -0.152 -0.264 214 210 214
-0.248 -0.152 -0.264 214 210 214
-0.2 -0.152 -0.264 214 215 222
-0.256 -0.144 -0.264 222 210 222
-0.648 0.04 -0.24 165 162 165
-0.656 0.048 -0.24 82 81 82
-0.648 0.048 -0.24 107 117 115
-0.664 0.056 -0.24 99 113 107
-0.656 0.056 -0.24 66 73 66
-0.648 0.056 -0.24 82 85 82
-0.656 0 -0.232 181 190 189
-0.648 0 -0.232 181 186 189
-0.648 0.008 -0.232 165 170 173
-0.648 0.016 -0.232 132 134 123
-0.656 0.024 -0.232 74 85 82
-0.648 0.024 -0.232 82 97 90
-0.656 0.032 -0.232 66 77 74
-0.648 0.032 -0.232 66 73 66
-0.664 0.04 -0.232 115 130 115
-0.656 0.04 -0.232 74 81 74
-0.648 0.04 -0.232 74 81 82
-0.664 0.048 -0.232 140 146 148
-0.656 0.048 -0.232 123 138 132
-0.664 0.056 -0.232 148 158 156
-0.656 0.056 -0.232 132 142 140
-0.664 0 -0.224 107 117 115
-0.656 0 -0.224 66 73 66
-0.664 0.008 -0.224 123 138 140
-0.656 0.008 -0.224 90 101 99
-0.648 0.008 -0.224 107 117 107
-0.664 0.016 -0.224 140 146 140
-0.656 0.016 -0.224 132 138 140
-0.664 0.024 -0.224 140 154 148
-0.656 0.024 -0.224 140 154 148
-0.664 0.032 -0.224 148 162 156
-0.656 0.032 -0.224 140 154 148
-0.664 0.04 -0.224 148 166 156
-0.656 0.04 -0.224 140 158 148
-0.672 0.048 -0.224 148 166 156
-0.664 0.048 -0.224 148 158 156
-0.672 0.056 -0.224 156 166 165
-0.664 0.056 -0.224 156 166 165
-0.672 0 -0.216 148 158 148
-0.664 0 -0.216 148 158 156
-0.672 0.008 -0.216 173 186 181
-0.664 0.008 -0.216 156 174 165
-0.656 0.008 -0.216 140 150 148
-0.672 0.016 -0.216 165 178 181
-0.664 0.016 -0.216 148 162 165
-0.672 0.024 -0.216 156 166 165
-0.664 0.024 -0.216 148 166 156
-0.672 0.032 -0.216 148 162 156
-0.664 0.032 -0.216 148 158 156
-0.672 0.04 -0.216 148 166 156
-0.664 0.04 -0.216 148 166 156
-0.672 0.048 -0.216 148 158 148
-0.664 0.048 -0.216 156 170 165
-0.68 0.056 -0.216 148 166 156
-0.672 0.056 -0.216 156 166 156
-0.688 0 -0.208 156 170 165
-0.68 0 -0.208 156 162 156
-0.672 0 -0.208 156 162 156
-0.672 0.008 -0.208 148 158 156
-0.664 0.008 -0.208 165 174 165
-0.672 0.016 -0.208 173 186 181
-0.664 0.016 -0.208 181 194 189
-0.68 0.024 -0.208 173 182 181
-0.672 0.024 -0.208 181 194 189
-0.68 0.032 -0.208 181 190 189
-0.672 0.032 -0.208 173 190 189
-0.672 0.04 -0.208 165 178 173
-0.68 0.048 -0.208 156 170 165
-0.672 0.048 -0.208 156 166 156
-0.68 0.056 -0.208 156 166 165
-0.672 0.056 -0.208 156 162 156
-0.688 0 -0.2 173 186 181
-0.68 0 -0.2 165 178 181
-0.68 0.008 -0.2 148 166 156
-0.672 0.008 -0.2 148 162 156
-0.68 0.016 -0.2 148 166 156
-0.672 0.016 -0.2 148 162 156
-0.688 0.024 -0.2 148 162 156
-0.68 0.024 -0.2 148 158 156
-0.68 0.032 -0.2 156 166 156
-0.672 0.032 -0.2 165 178 165
-0.68 0.04 -0.2 173 190 181
-0.672 0.04 -0.2 189 198 197
-0.68 0.048 -0.2 181 198 189
-0.688 0.056 -0.2 189 202 197
-0.68 0.056 -0.2 173 190 181
-0.688 0 -0.192 181 190 189
-0.68 0 -0.192 181 186 189
-0.68 0.008 -0.192 165 182 173
-0.688 0.016 -0.192 173 182 173
-0.68 0.016 -0.192 165 174 165
-0.688 0.024 -0.192 165 174 173
-0.68 0.024 -0.192 156 174 165
-0.688 0.032 -0.192 156 166 156
-0.68 0.032 -0.192 148 162 156
-0.688 0.04 -0.192 148 162 156
-0.68 0.04 -0.192 156 158 156
-0.688 0.048 -0.192 156 170 165
-0.68 0.048 -0.192 173 182 181
-0.688 0.056 -0.192 165 182 173
-0.68 0.056 -0.192 173 190 181
-0.688 0 -0.184 189 198 197
-0.688 0.008 -0.184 181 194 189
-0.68 0.008 -0.184 181 194 189
-0.688 0.016 -0.184 181 190 189
-0.68 0.016 -0.184 181 190 189
-0.688 0.024 -0.184 173 186 181
-0.688 0.032 -0.184 173 178 173
-0.688 0.04 -0.184 165 170 165
-0.68 0.04 -0.184 156 170 165
-0.688 0.048 -0.184 156 166 156
-0.696 0.056 -0.184 148 158 148
-0.688 0.056 -0.184 148 158 156
-0.696 0.008 -0.176 189 198 197
-0.688 0.008 -0.176 189 198 197
-0.68 0.008 -0.176 189 198 197
-0.688 0.016 -0.176 189 194 197
-0.696 0.024 -0.176 181 194 197
-0.688 0.024 -0.176 181 190 189
-0.696 0.032 -0.176 181 190 189
-0.688 0.032 -0.176 181 190 189
-0.696 0.04 -0.176 173 182 181
-0.688 0.04 -0.176 173 186 181
-0.696 0.048 -0.176 165 178 173
-0.688 0.048 -0.176 165 174 165
-0.696 0.056 -0.176 165 174 165
-0.688 0.056 -0.176 156 166 165
-0.696 0 -0.168 173 182 181
-0.696 0.008 -0.168 173 186 181
-0.688 0.008 -0.168 181 190 189
-0.696 0.016 -0.168 181 194 189
-0.688 0.016 -0.168 181 190 189
-0.696 0.024 -0.168 181 194 189
-0.696 0.032 -0.168 189 194 197
-0.696 0.04 -0.168 189 194 197
-0.688 0.04 -0.168 181 190 189
-0.704 0.048 -0.168 181 190 189
-0.696 0.048 -0.168 181 190 189
-0.704 0.056 -0.168 173 186 181
-0.696 0.056 -0.168 173 182 173
-0.704 0 -0.16 173 174 165
-0.696 0 -0.16 165 174 173
-0.704 0.008 -0.16 165 174 173
-0.696 0.008 -0.16 173 178 181
-0.696 0.016 -0.16 165 178 173
-0.704 0.024 -0.16 173 178 173
-0.696 0.024 -0.16 173 182 181
-0.704 0.032 -0.16 173 182 181
-0.696 0.032 -0.16 181 190 181
-0.704 0.04 -0.16 181 190 189
-0.696 0.04 -0.16 181 194 189
-0.704 0.048 -0.16 181 194 189
-0.696 0.048 -0.16 181 194 189
-0.704 0.056 -0.16 181 194 189
-0.704 0 -0.152 173 182 181
-0.704 0.008 -0.152 165 174 173
-0.696 0.008 -0.152 165 174 173
-0.704 0.016 -0.152 165 174 165
-0.696 0.016 -0.152 165 174 165
-0.704 0.024 -0.152 165 174 173
-0.704 0.032 -0.152 165 178 173
-0.704 0.04 -0.152 173 182 181
-0.704 0.048 -0.152 173 186 181
-0.704 0.056 -0.152 181 190 189
-0.704 0 -0.144 173 174 165
-0.704 0.008 -0.144 173 190 181
-0.704 0.016 -0.144 173 182 173
-0.704 0.024 -0.144 165 178 173
-0.704 0.032 -0.144 165 174 173
-0.704 0.04 -0.144 165 178 173
-0.704 0.048 -0.144 173 178 173
-0.704 0 -0.136 173 166 148
-0.704 0.016 -0.136 181 190 189
-0.704 0.024 -0.136 181 186 181
-0.6 0 -0.256 197 198 197
-0.592 0 -0.256 197 202 206
-0.584 0 -0.256 197 198 197
-0.6 0.008 -0.256 197 198 197
-0.592 0.008 -0.256 197 198 197
-0.584 0.008 -0.256 197 198 197
-0.608 0.016 -0.256 197 198 206
-0.6 0.016 -0.256 206 202 206
-0.592 0.016 -0.256 197 198 197
-0.608 0.024 -0.256 206 206 206
-0.6 0.024 -0.256 206 202 206
-0.616 0.032 -0.256 206 202 206
-0.608 0.032 -0.256 206 202 206
-0.6 0.032 -0.256 206 202 206
-0.616 0.04 -0.256 206 206 206
-0.608 0.04 -0.256 206 206 206
-0.624 0.048 -0.256 206 206 206
-0.616 0.048 -0.256 206 206 206
-0.608 0.048 -0.256 206 202 206
-0.624 0.056 -0.256 206 206 206
-0.616 0.056 -0.256 206 206 206
-0.608 0 -0.248 197 198 206
-0.6 0 -0.248 197 198 206
-0.616 0.008 -0.248 206 202 206
-0.608 0.008 -0.248 206 202 206
-0.6 0.008 -0.248 197 202 197
-0.624 0.016 -0.248 206 206 206
-0.616 0.016 -0.248 206 206 206
-0.608 0.016 -0.248 206 202 206
-0.624 0.024 -0.248 206 206 206
-0.616 0.024 -0.248 206 206 206
-0.624 0.032 -0.248 206 202 206
-0.616 0.032 -0.248 206 202 206
-0.632 0.04 -0.248 206 202 206
-0.624 0.04 -0.248 206 202 206
-0.616 0.04 -0.248 206 206 206
-0.64 0.048 -0.248 206 202 206
-0.632 0.048 -0.248 206 202 206
-0.624 0.048 -0.248 206 202 206
-0.64 0.056 -0.248 197 202 206
-0.632 0.056 -0.248 206 202 206
-0.624 0.056 -0.248 206 202 206
-0.632 0 -0.24 197 202 206
-0.624 0 -0.24 206 202 206
-0.616 0 -0.24 206 202 206
-0.608 0 -0.24 197 202 206
-0.624 0.008 -0.24 197 202 206
-0.616 0.008 -0.24 206 206 206
-0.632 0.016 -0.24 206 202 206
-0.624 0.016 -0.24 197 202 206
-0.64 0.024 -0.24 189 194 197
-0.632 0.024 -0.24 206 202 206
-0.624 0.024 -0.24 197 202 206
-0.64 0.032 -0.24 189 194 197
-0.632 0.032 -0.24 206 202 206
-0.64 0.04 -0.24 189 190 189
-0.632 0.04 -0.24 197 198 197
-0.64 0.048 -0.24 156 158 156
-0.64 0 -0.232 189 190 197
-0.632 0 -0.232 197 198 206
-0.64 0.008 -0.232 189 190 189
-0.632 0.008 -0.232 189 194 197
-0.64 0.016 -0.232 173 178 181
-0.632 0.016 -0.232 189 190 197
-0.232 -0.376 -0.064 173 170 173
-0.232 -0.368 -0.064 173 170 173
-0.256 -0.344 -0.008 41 40 33
-0.248 -0.336 -0.008 41 40 33
-0.712 0.088 -0.168 156 162 156
-0.712 0.072 -0.16 173 182 173
-0.712 0.08 -0.16 181 182 181
-0.712 0.088 -0.16 165 178 173
-0.712 0.096 -0.16 165 170 165
-0.712 0.104 -0.16 156 166 165
-0.712 0.064 -0.152 181 194 189
-0.712 0.072 -0.152 181 186 181
-0.712 0.08 -0.152 181 186 181
-0.712 0.088 -0.152 173 186 181
-0.712 0.096 -0.152 173 178 173
-0.712 0.104 -0.152 165 178 173
-0.712 0.112 -0.152 165 170 173
-0.712 0.12 -0.152 165 166 165
-0.712 0.064 -0.144 173 186 181
-0.72 0.072 -0.144 181 182 181
-0.712 0.072 -0.144 181 182 181
-0.72 0.08 -0.144 181 186 181
-0.712 0.08 -0.144 181 186 181
-0.72 0.088 -0.144 181 186 181
-0.712 0.088 -0.144 181 182 181
-0.72 0.096 -0.144 173 186 181
-0.712 0.096 -0.144 173 186 181
-0.712 0.104 -0.144 173 182 173
-0.712 0.112 -0.144 173 178 181
-0.712 0.12 -0.144 173 178 173
-0.72 0.064 -0.136 173 182 173
-0.712 0.064 -0.136 173 178 181
-0.72 0.072 -0.136 173 178 173
-0.712 0.072 -0.136 173 182 173
-0.72 0.08 -0.136 173 178 181
-0.712 0.08 -0.136 173 182 173
-0.72 0.088 -0.136 181 182 181
-0.712 0.088 -0.136 173 182 181
-0.72 0.096 -0.136 181 186 181
-0.712 0.096 -0.136 173 182 181
-0.72 0.104 -0.136 181 186 181
-0.712 0.104 -0.136 181 182 181
-0.712 0.112 -0.136 173 182 181
-0.712 0.12 -0.136 181 182 181
-0.576 -0.488 0 206 202 206
-0.568 -0.48 0 206 202 206
-0.552 -0.472 0 156 154 156
-0.568 -0.464 0 197 198 197
-0.576 -0.456 0 197 198 206
-0.552 -0.456 0 197 198 197
-0.688 0.064 -0.192 181 194 189
-0.696 0.072 -0.192 189 202 197
-0.688 0.072 -0.192 189 202 197
-0.696 0.08 -0.192 181 194 189
-0.688 0.08 -0.192 181 194 181
-0.696 0.088 -0.192 181 190 189
-0.696 0.096 -0.192 181 194 189
-0.696 0.104 -0.192 173 182 181
-0.696 0.112 -0.192 156 170 156
-0.696 0.12 -0.192 148 162 156
-0.696 0.064 -0.184 156 166 165
-0.688 0.064 -0.184 165 170 165
-0.696 0.072 -0.184 165 174 173
-0.688 0.072 -0.184 173 182 181
-0.696 0.08 -0.184 181 186 181
-0.704 0.088 -0.184 181 186 189
-0.696 0.088 -0.184 189 198 197
-0.704 0.096 -0.184 189 198 197
-0.696 0.096 -0.184 189 194 197
-0.704 0.104 -0.184 181 194 189
-0.696 0.104 -0.184 181 194 189
-0.704 0.112 -0.184 173 190 181
-0.696 0.112 -0.184 173 186 189
-0.704 0.12 -0.184 173 182 181
-0.696 0.12 -0.184 156 170 165
-0.696 0.064 -0.176 156 162 156
-0.704 0.072 -0.176 156 162 156
-0.696 0.072 -0.176 156 162 156
-0.704 0.08 -0.176 156 162 156
-0.696 0.08 -0.176 156 166 165
-0.704 0.088 -0.176 156 166 165
-0.696 0.088 -0.176 165 174 165
-0.704 0.096 -0.176 165 170 173
-0.696 0.096 -0.176 173 178 181
-0.704 0.104 -0.176 173 182 181
-0.696 0.104 -0.176 181 186 189
-0.704 0.112 -0.176 189 194 189
-0.696 0.112 -0.176 189 194 189
-0.704 0.12 -0.176 181 190 189
-0.696 0.12 -0.176 181 190 189
-0.704 0.064 -0.168 173 178 173
-0.696 0.064 -0.168 165 174 173
-0.704 0.072 -0.168 165 170 165
-0.696 0.072 -0.168 165 170 165
-0.704 0.08 -0.168 156 166 165
-0.704 0.088 -0.168 156 162 156
-0.704 0.096 -0.168 148 162 156
-0.704 0.104 -0.168 165 170 165
-0.696 0.104 -0.168 165 170 165
-0.704 0.112 -0.168 173 178 173
-0.696 0.112 -0.168 173 178 173
-0.704 0.12 -0.168 173 182 181
-0.696 0.12 -0.168 173 182 181
-0.704 0.064 -0.16 181 190 181
-0.704 0.072 -0.16 181 182 181
-0.704 0.08 -0.16 173 178 181
-0.704 0.088 -0.16 156 174 165
-0.704 0.096 -0.16 156 166 156
-0.704 0.104 -0.16 148 162 156
-0.704 0.112 -0.16 156 162 156
-0.704 0.12 -0.16 165 170 165
-0.704 0.064 -0.152 181 194 189
-0.704 0.072 -0.152 181 186 189
-0.704 0.08 -0.152 181 186 181
-0.704 0.096 -0.152 165 174 173
-0.704 0.104 -0.152 165 170 165
-0.704 0.112 -0.152 165 166 165
-0.704 0.12 -0.152 156 166 156
-0.704 0.104 -0.144 173 182 181
-0.704 0.112 -0.144 173 178 173
-0.704 0.12 -0.144 165 174 173
-0.392 0.056 -0.328 214 210 214
-0.648 0.096 -0.256 197 190 197
-0.648 0.104 -0.256 189 182 189
-0.656 0.112 -0.256 107 105 107
-0.648 0.112 -0.256 123 121 123
-0.656 0.12 -0.256 74 77 74
-0.648 0.12 -0.256 140 138 140
-0.648 0.064 -0.248 189 194 189
-0.656 0.072 -0.248 173 178 173
-0.648 0.072 -0.248 181 186 181
-0.656 0.08 -0.248 115 121 115
-0.648 0.08 -0.248 165 166 165
-0.664 0.088 -0.248 90 97 90
-0.656 0.088 -0.248 107 105 107
-0.648 0.088 -0.248 123 130 123
-0.664 0.096 -0.248 123 138 123
-0.656 0.096 -0.248 74 81 74
-0.648 0.096 -0.248 82 85 74
-0.664 0.104 -0.248 140 146 140
-0.656 0.104 -0.248 99 117 107
-0.664 0.112 -0.248 132 134 132
-0.656 0.112 -0.248 132 138 140
-0.672 0.12 -0.248 148 154 148
-0.664 0.12 -0.248 140 150 140
-0.664 0.064 -0.24 123 121 132
-0.656 0.064 -0.24 90 97 90
-0.648 0.064 -0.24 123 134 123
-0.664 0.072 -0.24 123 138 132
-0.656 0.072 -0.24 115 125 115
-0.672 0.08 -0.24 140 150 140
-0.664 0.08 -0.24 140 150 148
-0.672 0.088 -0.24 148 158 156
-0.664 0.088 -0.24 148 158 156
-0.672 0.096 -0.24 148 162 156
-0.664 0.096 -0.24 156 162 156
-0.672 0.104 -0.24 165 166 165
-0.664 0.104 -0.24 156 162 156
-0.672 0.112 -0.24 156 166 165
-0.664 0.112 -0.24 148 162 156
-0.68 0.12 -0.24 156 170 165
-0.672 0.12 -0.24 156 166 165
-0.672 0.064 -0.232 148 166 156
-0.664 0.064 -0.232 148 162 148
-0.672 0.072 -0.232 148 166 156
-0.664 0.072 -0.232 148 162 156
-0.672 0.08 -0.232 156 170 165
-0.68 0.088 -0.232 156 170 165
-0.672 0.088 -0.232 156 166 165
-0.68 0.096 -0.232 156 166 165
-0.672 0.096 -0.232 148 162 156
-0.68 0.104 -0.232 165 162 156
-0.672 0.104 -0.232 148 162 156
-0.68 0.112 -0.232 148 162 156
-0.672 0.112 -0.232 156 162 156
-0.68 0.12 -0.232 148 158 156
-0.672 0.12 -0.232 148 162 156
-0.672 0.064 -0.224 156 170 165
-0.68 0.072 -0.224 165 170 165
-0.672 0.072 -0.224 156 170 165
-0.68 0.08 -0.224 165 174 173
-0.672 0.08 -0.224 165 174 173
-0.68 0.088 -0.224 165 178 173
-0.672 0.088 -0.224 165 178 173
-0.68 0.096 -0.224 165 182 173
-0.672 0.096 -0.224 165 178 173
-0.68 0.104 -0.224 156 174 165
-0.688 0.112 -0.224 173 178 173
-0.68 0.112 -0.224 156 166 156
-0.688 0.12 -0.224 165 174 173
-0.68 0.12 -0.224 156 162 156
-0.68 0.064 -0.216 165 170 165
-0.672 0.064 -0.216 156 170 165
-0.68 0.072 -0.216 165 174 173
-0.672 0.072 -0.216 165 174 173
-0.688 0.08 -0.216 173 178 173
-0.68 0.08 -0.216 165 178 173
-0.688 0.088 -0.216 165 174 173
-0.68 0.088 -0.216 156 170 165
-0.688 0.096 -0.216 165 174 165
-0.68 0.096 -0.216 165 174 173
-0.688 0.104 -0.216 165 174 165
-0.68 0.104 -0.216 173 178 173
-0.688 0.112 -0.216 165 174 173
-0.68 0.112 -0.216 173 178 173
-0.688 0.12 -0.216 173 178 173
-0.68 0.12 -0.216 173 178 181
-0.68 0.064 -0.208 148 158 148
-0.688 0.072 -0.208 148 158 148
-0.68 0.072 -0.208 156 158 156
-0.688 0.08 -0.208 156 158 156
-0.68 0.08 -0.208 156 166 165
-0.688 0.088 -0.208 156 166 156
-0.68 0.088 -0.208 165 178 173
-0.688 0.096 -0.208 156 166 165
-0.688 0.104 -0.208 165 170 165
-0.696 0.112 -0.208 165 174 165
-0.688 0.112 -0.208 165 174 165
-0.696 0.12 -0.208 165 170 165
-0.688 0.12 -0.208 165 170 165
-0.688 0.064 -0.2 173 190 181
-0.68 0.064 -0.2 165 174 173
-0.688 0.072 -0.2 165 178 173
-0.696 0.08 -0.2 165 170 165
-0.688 0.08 -0.2 165 170 165
-0.696 0.088 -0.2 165 166 165
-0.688 0.088 -0.2 156 162 156
-0.696 0.096 -0.2 156 162 156
-0.688 0.096 -0.2 148 158 156
-0.696 0.104 -0.2 148 158 148
-0.688 0.104 -0.2 156 162 156
-0.696 0.112 -0.2 148 158 156
-0.688 0.112 -0.2 156 166 165
-0.696 0.12 -0.2 148 162 156
-0.688 0.12 -0.2 156 166 156
-0.584 0.096 -0.288 197 194 197
-0.584 0.104 -0.288 197 194 197
-0.592 0.112 -0.288 197 198 197
-0.584 0.112 -0.288 197 198 197
-0.592 0.12 -0.288 197 198 197
-0.584 0.12 -0.288 197 198 197
-0.584 0.064 -0.28 189 194 189
-0.592 0.072 -0.28 197 194 197
-0.584 0.072 -0.28 197 194 197
-0.592 0.08 -0.28 197 194 197
-0.584 0.08 -0.28 197 198 197
-0.6 0.088 -0.28 197 198 197
-0.592 0.088 -0.28 197 198 197
-0.584 0.088 -0.28 197 198 197
-0.6 0.096 -0.28 197 202 197
-0.592 0.096 -0.28 197 198 197
-0.584 0.096 -0.28 197 198 197
-0.6 0.104 -0.28 197 198 197
-0.592 0.104 -0.28 206 202 206
-0.608 0.112 -0.28 206 202 206
-0.6 0.112 -0.28 206 202 206
-0.592 0.112 -0.28 197 202 197
-0.616 0.12 -0.28 206 202 206
-0.608 0.12 -0.28 197 198 197
-0.6 0.12 -0.28 206 202 206
-0.6 0.064 -0.272 197 202 206
-0.592 0.064 -0.272 197 198 206
-0.584 0.064 -0.272 197 194 197
-0.608 0.072 -0.272 206 202 206
-0.6 0.072 -0.272 197 198 197
-0.608 0.08 -0.272 197 198 197
-0.6 0.08 -0.272 197 198 197
-0.592 0.08 -0.272 197 198 197
-0.616 0.088 -0.272 206 202 206
-0.608 0.088 -0.272 197 202 197
-0.6 0.088 -0.272 197 198 197
-0.616 0.096 -0.272 206 202 206
-0.608 0.096 -0.272 197 202 206
-0.6 0.096 -0.272 197 198 197
-0.616 0.104 -0.272 197 198 197
-0.608 0.104 -0.272 206 202 206
-0.624 0.112 -0.272 206 202 206
-0.616 0.112 -0.272 206 206 206
-0.608 0.112 -0.272 197 202 206
-0.624 0.12 -0.272 197 202 206
-0.616 0.12 -0.272 197 198 206
-0.616 0.064 -0.264 206 202 206
-0.608 0.064 -0.264 206 202 206
-0.624 0.072 -0.264 206 202 206
-0.616 0.072 -0.264 197 206 206
-0.608 0.072 -0.264 197 206 206
-0.624 0.08 -0.264 206 206 206
-0.616 0.08 -0.264 206 206 206
-0.608 0.08 -0.264 206 206 206
-0.624 0.088 -0.264 197 202 197
-0.616 0.088 -0.264 197 202 197
-0.632 0.096 -0.264 206 202 206
-0.624 0.096 -0.264 206 206 214
-0.616 0.096 -0.264 206 206 206
-0.632 0.104 -0.264 197 198 206
-0.624 0.104 -0.264 197 202 206
-0.616 0.104 -0.264 206 206 214
-0.632 0.112 -0.264 206 202 206
-0.624 0.112 -0.264 206 202 206
-0.64 0.12 -0.264 197 198 197
-0.632 0.12 -0.264 197 198 206
-0.624 0.12 -0.264 206 202 206
-0.352 0.048 -0.384 165 162 165
-0.36 0.056 -0.384 165 162 173
-0.352 0.056 -0.384 148 158 165
-0.344 0.032 -0.376 173 166 173
-0.352 0.04 -0.376 165 166 165
-0.344 0.04 -0.376 165 166 173
-0.36 0.048 -0.376 165 166 165
-0.352 0.048 -0.376 156 162 165
-0.344 0.048 -0.376 156 158 165
-0.36 0.056 -0.376 165 162 165
-0.344 0.056 -0.376 148 150 148
-0.336 0.024 -0.368 173 170 173
-0.344 0.032 -0.368 165 170 173
-0.336 0.032 -0.368 165 162 173
-0.352 0.04 -0.368 173 170 173
-0.36 0.048 -0.368 165 166 173
-0.352 0.048 -0.368 156 162 165
-0.328 0.048 -0.368 156 158 156
-0.368 0.056 -0.368 165 162 165
-0.36 0.056 -0.368 165 162 165
-0.328 0.056 -0.368 115 121 123
-0.328 0.008 -0.36 181 182 181
-0.336 0.016 -0.36 181 182 181
-0.328 0.016 -0.36 173 178 173
-0.344 0.024 -0.36 173 174 181
-0.336 0.024 -0.36 165 166 173
-0.352 0.032 -0.36 173 174 181
-0.344 0.032 -0.36 173 170 173
-0.36 0.04 -0.36 165 166 173
-0.352 0.04 -0.36 165 170 173
-0.368 0.048 -0.36 173 170 173
-0.36 0.048 -0.36 173 170 173
-0.376 0.056 -0.36 173 170 173
-0.368 0.056 -0.36 165 166 165
-0.328 0.008 -0.352 189 186 189
-0.336 0.016 -0.352 173 178 181
-0.344 0.024 -0.352 173 174 181
-0.352 0.032 -0.352 181 174 181
-0.36 0.04 -0.352 165 170 165
-0.368 0.048 -0.352 165 170 173
-0.36 0.048 -0.352 165 166 173
-0.376 0.056 -0.352 173 170 181
-0.368 0.056 -0.352 165 166 165
-0.328 0 -0.344 181 174 181
-0.328 0.008 -0.344 189 190 197
-0.336 0.016 -0.344 181 182 189
-0.344 0.024 -0.344 173 174 181
-0.352 0.032 -0.344 173 166 181
-0.36 0.04 -0.344 156 162 165
-0.376 0.048 -0.344 140 146 156
-0.368 0.048 -0.344 165 166 173
-0.384 0.056 -0.344 132 142 140
-0.376 0.056 -0.344 165 166 173
-0.328 0 -0.336 181 174 181
-0.336 0.008 -0.336 173 170 181
-0.328 0.008 -0.336 173 178 181
-0.344 0.016 -0.336 173 174 173
-0.336 0.016 -0.336 156 162 165
-0.352 0.024 -0.336 165 174 165
-0.344 0.024 -0.336 156 158 165
-0.36 0.032 -0.336 165 170 173
-0.352 0.032 -0.336 156 154 156
-0.368 0.04 -0.336 173 166 173
-0.36 0.04 -0.336 148 142 156
-0.376 0.048 -0.336 165 166 173
-0.368 0.048 -0.336 140 146 148
-0.384 0.056 -0.336 173 186 173
-0.376 0.056 -0.336 140 142 140
-0.336 0 -0.328 214 215 214
-0.328 0 -0.328 189 194 189
-0.344 0.008 -0.328 214 215 214
-0.336 0.008 -0.328 181 190 181
-0.344 0.016 -0.328 189 194 189
-0.336 0.016 -0.328 165 158 165
-0.352 0.024 -0.328 181 198 189
-0.344 0.024 -0.328 165 166 165
-0.36 0.032 -0.328 189 194 189
-0.376 0.04 -0.328 214 210 214
-0.368 0.04 -0.328 197 202 197
-0.384 0.048 -0.328 206 210 206
-0.376 0.048 -0.328 189 198 189
-0.384 0.056 -0.328 197 198 197
-0.632 0.064 -0.256 206 206 206
-0.624 0.064 -0.256 206 206 206
-0.616 0.064 -0.256 206 206 206
-0.632 0.072 -0.256 206 206 214
-0.624 0.072 -0.256 206 206 206
-0.64 0.08 -0.256 197 202 197
-0.632 0.08 -0.256 206 206 206
-0.624 0.08 -0.256 206 206 206
-0.64 0.088 -0.256 197 198 206
-0.632 0.088 -0.256 206 202 206
-0.624 0.088 -0.256 206 206 206
-0.64 0.096 -0.256 206 202 206
-0.632 0.096 -0.256 206 202 206
-0.64 0.104 -0.256 181 182 181
-0.632 0.104 -0.256 197 202 206
-0.64 0.112 -0.256 197 198 197
-0.64 0.064 -0.248 197 194 197
-0.632 0.064 -0.248 206 202 206
-0.64 0.072 -0.248 197 198 197
-0.64 0.08 -0.248 189 186 189
-0.336 0 -0.32 214 210 214
-0.328 0 -0.32 214 210 214
-0.344 0.008 -0.32 214 215 214
-0.336 0.008 -0.32 206 210 206
-0.352 0.016 -0.32 206 210 206
-0.344 0.016 -0.32 214 215 214
-0.36 0.024 -0.32 214 206 214
-0.352 0.024 -0.32 214 215 214
-0.368 0.032 -0.32 214 210 214
-0.36 0.032 -0.32 214 210 214
-0.376 0.04 -0.32 206 206 206
-0.368 0.04 -0.32 214 215 214
-0.384 0.048 -0.32 206 206 206
-0.344 0 -0.312 206 206 206
-0.336 0 -0.312 206 206 206
-0.352 0.008 -0.312 214 210 214
-0.344 0.008 -0.312 206 210 206
-0.36 0.016 -0.312 214 215 214
-0.352 0.016 -0.312 214 215 214
-0.368 0.024 -0.312 214 210 214
-0.36 0.024 -0.312 214 210 214
-0.376 0.032 -0.312 222 215 222
-0.368 0.032 -0.312 214 210 214
-0.384 0.04 -0.312 214 215 214
-0.376 0.04 -0.312 222 215 222
-0.384 0.048 -0.312 214 215 214
-0.352 0 -0.304 214 215 214
-0.344 0 -0.304 222 219 222
-0.36 0.008 -0.304 222 219 222
-0.352 0.008 -0.304 222 219 222
-0.368 0.016 -0.304 214 215 214
-0.36 0.016 -0.304 214 210 214
-0.384 0.024 -0.304 222 215 222
-0.376 0.024 -0.304 214 210 214
-0.368 0.024 -0.304 206 210 214
-0.384 0.032 -0.304 214 210 214
-0.376 0.032 -0.304 214 210 214
-0.384 0.04 -0.304 214 210 214
-0.368 0 -0.296 214 206 214
-0.36 0 -0.296 206 210 206
-0.352 0 -0.296 222 215 222
-0.376 0.008 -0.296 214 210 214
-0.368 0.008 -0.296 222 215 222
-0.36 0.008 -0.296 214 215 214
-0.384 0.016 -0.296 214 215 214
-0.376 0.016 -0.296 214 210 214
-0.368 0.016 -0.296 214 210 222
-0.384 0.024 -0.296 214 210 214
-0.376 0.024 -0.296 206 210 206
-0.384 0 -0.288 206 210 206
-0.376 0 -0.288 206 206 206
-0.368 0 -0.288 214 210 214
-0.384 0.008 -0.288 206 206 206
-0.376 0.008 -0.288 214 210 214
-0.384 0.016 -0.288 214 210 214
-0.36 0.064 -0.384 156 162 165
-0.352 0.064 -0.384 123 130 123
-0.344 0.064 -0.384 115 117 115
-0.368 0.064 -0.376 156 162 165
-0.36 0.064 -0.376 148 154 156
-0.352 0.064 -0.376 140 146 148
-0.344 0.064 -0.376 115 125 123
-0.376 0.064 -0.368 165 162 165
-0.368 0.064 -0.368 156 162 156
-0.36 0.064 -0.368 156 154 156
-0.352 0.064 -0.368 148 154 156
-0.376 0.064 -0.36 156 158 156
-0.368 0.064 -0.36 165 162 165
-0.352 0.064 -0.36 156 158 156
-0.328 0.064 -0.36 123 117 123
-0.36 0.072 -0.36 156 154 156
-0.384 0.064 -0.352 156 162 165
-0.376 0.064 -0.352 156 162 165
-0.376 0.072 -0.352 148 154 156
-0.368 0.072 -0.352 148 154 148
-0.36 0.072 -0.352 156 154 156
-0.352 0.072 -0.352 156 154 156
-0.384 0.064 -0.344 148 154 156
-0.384 0.072 -0.344 165 162 165
-0.376 0.072 -0.344 156 154 156
-0.368 0.072 -0.344 148 154 156
-0.36 0.072 -0.344 148 154 148
-0.352 0.072 -0.344 156 158 165
-0.384 0.064 -0.336 140 150 148
-0.384 0.072 -0.336 148 150 148
-0.376 0.072 -0.336 156 158 156
-0.368 0.072 -0.336 156 158 156
-0.36 0.072 -0.336 148 146 148
-0.384 0.072 -0.328 132 138 140
-0.36 0.072 -0.328 156 158 156
-0.392 0.064 -0.344 123 134 140
-0.392 0.072 -0.344 148 154 156
-0.392 0.064 -0.336 165 174 165
-0.4 0.072 -0.336 173 174 173
-0.392 0.072 -0.336 148 146 148
-0.4 0.064 -0.328 214 206 214
-0.392 0.064 -0.328 206 202 206
-0.408 0.072 -0.328 214 210 214
-0.4 0.072 -0.328 197 198 197
-0.392 0.072 -0.328 165 182 173
-0.952 0 0.128 197 206 197
-0.944 0 0.128 197 206 197
-0.944 0.008 0.128 197 202 197
-0.936 0.008 0.128 197 206 206
-0.936 0.016 0.128 197 210 206
-0.928 0.024 0.128 197 210 206
-0.928 0.032 0.128 197 206 206
-0.92 0.032 0.128 197 206 206
-0.92 0.04 0.128 197 206 206
-0.92 0.048 0.128 197 206 197
-0.912 0.048 0.128 197 206 197
-0.912 0.056 0.128 197 206 197
-0.904 0.056 0.128 197 206 197
-0.96 0 0.136 197 206 206
-0.952 0.008 0.136 197 210 206
-0.952 0.016 0.136 197 210 206
-0.944 0.016 0.136 197 210 206
-0.944 0.024 0.136 206 210 206
-0.936 0.024 0.136 197 206 206
-0.936 0.032 0.136 197 206 206
-0.936 0.04 0.136 197 206 197
-0.928 0.04 0.136 197 206 197
-0.928 0.048 0.136 197 206 197
-0.92 0.048 0.136 197 206 197
-0.92 0.056 0.136 197 206 206
-0.96 0.008 0.144 197 206 206
-0.96 0.016 0.144 197 210 206
-0.96 0.024 0.144 197 206 206
-0.952 0.024 0.144 197 210 206
-0.952 0.032 0.144 197 206 197
-0.944 0.032 0.144 197 206 197
-0.944 0.04 0.144 197 206 206
-0.936 0.048 0.144 197 206 206
-0.936 0.056 0.144 197 206 206
-0.928 0.056 0.144 197 206 206
-0.96 0.024 0.152 197 210 206
-0.96 0.032 0.152 197 206 206
-0.96 0.04 0.152 197 206 206
-0.952 0.048 0.152 197 210 206
-0.944 0.048 0.152 197 206 197
-0.944 0.056 0.152 197 206 197
-0.96 0.04 0.16 197 210 206
-0.96 0.048 0.16 197 210 206
-0.96 0.056 0.16 197 210 206
-0.952 0.056 0.16 197 206 206
-0.408 0.064 -0.32 214 210 214
-0.4 0.064 -0.32 214 210 214
-0.416 0.072 -0.32 206 210 206
-0.408 0.072 -0.32 214 210 214
-0.408 0.08 -0.32 206 206 206
-0.392 0.08 -0.32 197 202 197
-0.416 0.064 -0.312 206 202 206
-0.408 0.064 -0.312 214 215 214
-0.424 0.072 -0.312 214 210 214
-0.416 0.072 -0.312 222 215 222
-0.408 0.072 -0.312 206 206 206
-0.424 0.08 -0.312 214 206 214
-0.416 0.08 -0.312 206 210 206
-0.408 0.08 -0.312 214 206 214
-0.4 0.08 -0.312 206 206 206
-0.432 0.064 -0.304 214 206 214
-0.424 0.064 -0.304 206 210 206
-0.416 0.064 -0.304 206 210 206
-0.44 0.072 -0.304 206 206 206
-0.432 0.072 -0.304 206 206 206
-0.424 0.072 -0.304 206 206 206
-0.416 0.072 -0.304 214 215 214
-0.448 0.08 -0.304 206 202 206
-0.44 0.08 -0.304 206 206 206
-0.432 0.08 -0.304 206 206 206
-0.424 0.08 -0.304 214 210 214
-0.416 0.08 -0.304 206 206 206
-0.408 0.08 -0.304 206 206 206
-0.4 0.08 -0.304 206 206 206
-0.392 0.08 -0.304 206 206 206
-0.448 0.064 -0.296 197 194 189
-0.44 0.064 -0.296 189 194 189
-0.432 0.064 -0.296 197 198 197
-0.416 0.08 -0.296 214 210 214
-0.408 0.08 -0.296 206 210 206
-0.4 0.08 -0.296 206 206 206
-0.392 0.08 -0.296 206 206 206
-0.448 0.088 -0.296 206 202 206
-0.44 0.088 -0.296 206 206 206
-0.432 0.088 -0.296 214 206 214
-0.424 0.088 -0.288 214 206 214
-0.448 0.096 -0.288 206 198 206
-0.616 0.128 -0.28 206 202 206
-0.608 0.128 -0.28 206 202 206
-0.6 0.128 -0.28 197 198 206
-0.592 0.128 -0.28 197 198 197
-0.584 0.128 -0.28 197 198 197
-0.632 0.128 -0.272 197 202 206
-0.624 0.128 -0.272 206 202 206
-0.616 0.128 -0.272 206 202 214
-0.608 0.128 -0.272 197 202 197
-0.64 0.128 -0.264 197 198 197
-0.632 0.128 -0.264 206 202 206
-0.624 0.128 -0.264 197 198 206
-0.64 0.136 -0.264 197 198 197
-0.632 0.136 -0.264 197 198 206
-0.624 0.136 -0.264 197 198 206
-0.616 0.136 -0.264 197 202 197
-0.608 0.136 -0.264 197 202 206
-0.6 0.136 -0.264 206 202 206
-0.592 0.136 -0.264 197 198 197
-0.584 0.136 -0.264 206 202 206
-0.648 0.128 -0.264 189 194 197
-0.656 0.136 -0.264 123 125 123
-0.648 0.136 -0.264 189 186 189
-0.664 0.128 -0.256 123 121 123
-0.656 0.128 -0.256 115 125 123
-0.664 0.136 -0.256 123 134 132
-0.656 0.136 -0.256 132 138 132
-0.664 0.144 -0.256 140 146 140
-0.656 0.144 -0.256 123 125 115
-0.648 0.144 -0.256 82 101 90
-0.672 0.128 -0.248 148 154 148
-0.664 0.128 -0.248 140 150 148
-0.68 0.136 -0.248 156 158 156
-0.672 0.136 -0.248 140 154 148
-0.664 0.136 -0.248 148 154 148
-0.68 0.144 -0.248 156 162 156
-0.672 0.144 -0.248 148 158 148
-0.664 0.144 -0.248 140 154 148
-0.656 0.144 -0.248 140 154 148
-0.648 0.144 -0.248 140 154 148
-0.68 0.128 -0.24 156 166 156
-0.672 0.128 -0.24 156 166 165
-0.68 0.136 -0.24 156 166 156
-0.672 0.136 -0.24 148 166 165
-0.688 0.144 -0.24 148 162 156
-0.68 0.144 -0.24 156 162 156
-0.672 0.144 -0.24 148 162 165
-0.656 0.152 -0.24 140 158 148
-0.648 0.152 -0.24 140 158 148
-0.688 0.128 -0.232 148 158 156
-0.68 0.128 -0.232 156 162 156
-0.688 0.136 -0.232 156 162 156
-0.68 0.136 -0.232 156 166 165
-0.688 0.144 -0.232 156 162 156
-0.68 0.144 -0.232 156 162 156
-0.68 0.152 -0.232 148 162 156
-0.672 0.152 -0.232 148 158 148
-0.664 0.152 -0.232 148 158 148
-0.656 0.152 -0.232 148 158 148
-0.648 0.152 -0.232 148 158 148
-0.688 0.128 -0.224 156 170 165
-0.68 0.128 -0.224 156 158 148
-0.688 0.136 -0.224 148 162 156
-0.696 0.144 -0.224 156 162 156
-0.688 0.144 -0.224 148 158 148
-0.688 0.152 -0.224 148 158 148
-0.68 0.152 -0.224 148 158 156
-0.672 0.152 -0.224 148 158 148
-0.664 0.152 -0.224 148 158 148
-0.656 0.152 -0.224 148 158 156
-0.648 0.152 -0.224 148 158 156
-0.688 0.128 -0.216 173 178 173
-0.696 0.136 -0.216 173 178 181
-0.688 0.136 -0.216 173 178 181
-0.696 0.144 -0.216 165 174 173
-0.688 0.144 -0.216 165 174 165
-0.688 0.152 -0.216 156 166 156
-0.68 0.152 -0.216 148 154 148
-0.672 0.152 -0.216 148 154 148
-0.664 0.152 -0.216 148 158 156
-0.656 0.152 -0.216 148 158 148
-0.696 0.128 -0.208 156 170 165
-0.688 0.128 -0.208 156 170 165
-0.696 0.136 -0.208 165 170 165
-0.696 0.144 -0.208 165 170 173
-0.696 0.152 -0.208 156 174 165
-0.688 0.152 -0.208 156 174 165
-0.68 0.152 -0.208 156 170 165
-0.672 0.152 -0.208 156 162 156
-0.664 0.152 -0.208 148 158 156
-0.696 0.128 -0.2 165 166 165
-0.704 0.136 -0.2 156 166 165
-0.696 0.136 -0.2 165 170 165
-0.704 0.144 -0.2 156 166 165
-0.696 0.144 -0.2 156 166 165
-0.696 0.152 -0.2 156 166 156
-0.688 0.152 -0.2 156 170 165
-0.68 0.152 -0.2 156 170 165
-0.672 0.152 -0.2 156 170 165
-0.6 0.136 -0.256 206 202 206
-0.592 0.136 -0.256 197 202 206
-0.64 0.144 -0.256 66 69 66
-0.608 0.144 -0.256 197 198 197
-0.632 0.144 -0.248 115 130 123
-0.624 0.144 -0.248 82 89 82
-0.616 0.144 -0.248 58 61 58
-0.64 0.152 -0.24 148 158 156
